{
    "dataset": {
        "name": "CIL",
        "label_name": "neuron",
        "indices": [
            53,
            15,
            88,
            30
        ]
    },
    "individual": {
        "sequence": "[[0, 0, 0, 0, 0], [0, 0, 0, 0, 0], [19, 0, 0, 6, 82], [29, 1, 1, 149, 157], [22, 2, 2, 168, 124], [3, 2, 0, 15, 128], [9, 3, 2, 74, 209], [40, 1, 0, 253, 27], [10, 1, 6, 1, 6], [10, 6, 2, 125, 67], [12, 0, 7, 200, 61], [15, 0, 7, 222, 242], [11, 11, 10, 228, 228], [15, 9, 11, 22, 111], [26, 7, 1, 28, 221], [7, 6, 7, 143, 82], [1, 13, 14, 147, 116], [6, 5, 13, 171, 136], [17, 0, 14, 176, 21], [11, 17, 12, 209, 204], [12, 12, 17, 192, 231], [3, 5, 7, 122, 46], [31, 12, 11, 120, 204], [7, 14, 22, 236, 155], [13, 10, 6, 175, 213], [38, 12, 7, 90, 194], [18, 16, 14, 90, 188], [11, 21, 26, 99, 226], [21, 3, 6, 50, 39], [3, 11, 7, 119, 170], [24, 17, 9, 49, 23], [36, 16, 12, 99, 106], [0, 27, 0, 0, 0], [0, 26, 0, 0, 0]]",
        "fitness": {
            "fitness": 0.1207236796617508,
            "time": 0.026729464530944824
        }
    },
    "decoding": {
        "metadata": {
            "rows": 1,
            "columns": 30,
            "n_in": 2,
            "n_out": 2,
            "n_para": 2,
            "n_conn": 2
        },
        "functions": [
            "max",
            "min",
            "mean",
            "add",
            "subtract",
            "bitwise_not",
            "bitwise_or",
            "bitwise_and",
            "bitwise_and_mask",
            "bitwise_xor",
            "sqrt",
            "pow2",
            "exp",
            "log",
            "median_blur",
            "gaussian_blur",
            "laplacian",
            "sobel",
            "robert_cross",
            "canny",
            "sharpen",
            "gabor",
            "abs_diff",
            "abs_diff2",
            "fluo_tophat",
            "rel_diff",
            "erode",
            "dilate",
            "open",
            "close",
            "morph_gradient",
            "morph_tophat",
            "morph_blackhat",
            "fill_holes",
            "remove_small_objects",
            "remove_small_holes",
            "threshold",
            "threshold_at_1",
            "distance_transform",
            "distance_transform_and_thresh",
            "inrange_bin",
            "inrange"
        ],
        "endpoint": {
            "name": "W",
            "abbv": "WSHD",
            "arity": 2,
            "p": 0,
            "kwargs": {
                "use_dt": false,
                "markers_distance": 21,
                "markers_area": null
            }
        },
        "mode": "default"
    }
}