{
    "dataset": {
        "name": "CIL",
        "label_name": "neuron",
        "indices": [
            14,
            24,
            17,
            79,
            75,
            80,
            66,
            37,
            69,
            56,
            16,
            3,
            84,
            50,
            43,
            0,
            82,
            2,
            52,
            19,
            34,
            31,
            26,
            40,
            88,
            85,
            51,
            46,
            21,
            78
        ]
    },
    "individual": {
        "sequence": "[[0, 0, 0, 0, 0], [0, 0, 0, 0, 0], [0, 1, 1, 197, 22], [19, 0, 2, 163, 193], [10, 0, 3, 70, 159], [0, 3, 4, 141, 12], [9, 3, 4, 218, 94], [14, 1, 0, 2, 93], [14, 3, 0, 60, 175], [2, 1, 5, 116, 168], [34, 7, 8, 117, 127], [24, 9, 10, 30, 180], [0, 3, 11, 16, 21], [40, 7, 4, 53, 180], [25, 5, 0, 238, 185], [33, 14, 13, 14, 81], [33, 4, 12, 58, 161], [11, 11, 11, 140, 242], [18, 4, 13, 154, 7], [1, 8, 1, 102, 223], [32, 18, 6, 142, 196], [35, 3, 19, 50, 109], [22, 9, 18, 227, 136], [4, 22, 17, 76, 109], [35, 20, 17, 14, 225], [18, 22, 5, 15, 2], [18, 19, 23, 176, 52], [22, 21, 26, 129, 146], [15, 12, 15, 185, 105], [10, 23, 18, 172, 79], [32, 15, 13, 24, 170], [26, 22, 15, 91, 219], [0, 17, 0, 0, 0], [0, 13, 0, 0, 0]]",
        "fitness": {
            "fitness": 0.12742761969566346,
            "time": 0.04545523325602214
        }
    },
    "decoding": {
        "metadata": {
            "rows": 1,
            "columns": 30,
            "n_in": 2,
            "n_out": 2,
            "n_para": 2,
            "n_conn": 2
        },
        "functions": [
            "max",
            "min",
            "mean",
            "add",
            "subtract",
            "bitwise_not",
            "bitwise_or",
            "bitwise_and",
            "bitwise_and_mask",
            "bitwise_xor",
            "sqrt",
            "pow2",
            "exp",
            "log",
            "median_blur",
            "gaussian_blur",
            "laplacian",
            "sobel",
            "robert_cross",
            "canny",
            "sharpen",
            "gabor",
            "abs_diff",
            "abs_diff2",
            "fluo_tophat",
            "rel_diff",
            "erode",
            "dilate",
            "open",
            "close",
            "morph_gradient",
            "morph_tophat",
            "morph_blackhat",
            "fill_holes",
            "remove_small_objects",
            "remove_small_holes",
            "threshold",
            "threshold_at_1",
            "distance_transform",
            "distance_transform_and_thresh",
            "inrange_bin",
            "inrange"
        ],
        "endpoint": {
            "name": "Marker-Based Watershed",
            "abbv": "WSHD",
            "arity": 2,
            "args": 0,
            "kwargs": {
                "use_dt": false,
                "markers_distance": 21,
                "markers_area": null
            }
        },
        "mode": "default"
    }
}