{
    "dataset": {
        "name": "CIL",
        "label_name": "neuron",
        "indices": [
            21,
            69
        ]
    },
    "individual": {
        "sequence": "[[0, 0, 0, 0, 0], [0, 0, 0, 0, 0], [40, 1, 0, 45, 202], [13, 0, 1, 165, 140], [11, 0, 3, 77, 99], [20, 3, 4, 24, 92], [6, 1, 0, 17, 147], [2, 5, 6, 62, 125], [16, 1, 0, 102, 254], [6, 2, 4, 186, 98], [10, 6, 0, 108, 45], [0, 9, 10, 69, 87], [13, 6, 9, 246, 142], [36, 3, 10, 144, 200], [24, 2, 6, 188, 182], [34, 2, 3, 27, 197], [3, 8, 4, 188, 126], [15, 5, 6, 33, 69], [41, 5, 14, 87, 154], [4, 18, 0, 108, 109], [37, 15, 2, 232, 65], [25, 14, 15, 138, 40], [25, 2, 10, 245, 206], [24, 5, 3, 57, 221], [4, 13, 22, 91, 4], [1, 19, 23, 29, 171], [15, 15, 2, 128, 74], [23, 9, 15, 93, 251], [0, 11, 24, 89, 234], [38, 24, 22, 88, 163], [20, 13, 12, 36, 206], [8, 2, 3, 230, 54], [0, 9, 0, 0, 0], [0, 15, 0, 0, 0]]",
        "fitness": {
            "fitness": 0.03535354137420654,
            "time": 0.028309941291809082
        }
    },
    "decoding": {
        "metadata": {
            "rows": 1,
            "columns": 30,
            "n_in": 2,
            "n_out": 2,
            "n_para": 2,
            "n_conn": 2
        },
        "functions": [
            "max",
            "min",
            "mean",
            "add",
            "subtract",
            "bitwise_not",
            "bitwise_or",
            "bitwise_and",
            "bitwise_and_mask",
            "bitwise_xor",
            "sqrt",
            "pow2",
            "exp",
            "log",
            "median_blur",
            "gaussian_blur",
            "laplacian",
            "sobel",
            "robert_cross",
            "canny",
            "sharpen",
            "gabor",
            "abs_diff",
            "abs_diff2",
            "fluo_tophat",
            "rel_diff",
            "erode",
            "dilate",
            "open",
            "close",
            "morph_gradient",
            "morph_tophat",
            "morph_blackhat",
            "fill_holes",
            "remove_small_objects",
            "remove_small_holes",
            "threshold",
            "threshold_at_1",
            "distance_transform",
            "distance_transform_and_thresh",
            "inrange_bin",
            "inrange"
        ],
        "endpoint": {
            "name": "W",
            "abbv": "WSHD",
            "arity": 2,
            "p": 0,
            "kwargs": {
                "use_dt": false,
                "markers_distance": 21,
                "markers_area": null
            }
        },
        "mode": "default"
    }
}