{
    "dataset": {
        "name": "CIL",
        "label_name": "neuron",
        "indices": [
            24,
            79,
            10,
            63,
            46,
            82,
            44,
            32,
            36,
            65,
            29,
            31
        ]
    },
    "individual": {
        "sequence": "[[0, 0, 0, 0, 0], [0, 0, 0, 0, 0], [41, 1, 0, 244, 25], [25, 0, 2, 156, 116], [2, 3, 3, 255, 77], [30, 1, 3, 252, 94], [0, 2, 2, 215, 51], [1, 0, 3, 230, 75], [22, 7, 6, 47, 150], [13, 7, 8, 116, 195], [27, 3, 3, 205, 96], [14, 0, 2, 3, 79], [14, 1, 11, 153, 170], [21, 4, 9, 58, 7], [31, 8, 0, 206, 36], [21, 3, 8, 30, 107], [41, 11, 11, 226, 34], [1, 11, 3, 102, 184], [31, 14, 3, 250, 174], [24, 3, 12, 7, 233], [28, 2, 9, 9, 124], [21, 6, 9, 114, 113], [12, 9, 8, 242, 156], [36, 0, 2, 19, 162], [9, 18, 16, 88, 68], [34, 23, 5, 187, 57], [28, 10, 17, 62, 14], [22, 10, 11, 196, 74], [21, 17, 18, 15, 4], [5, 6, 22, 149, 176], [20, 14, 2, 53, 222], [34, 21, 17, 48, 11], [0, 22, 0, 0, 0], [0, 20, 0, 0, 0]]",
        "fitness": {
            "fitness": 0.1339087982972463,
            "time": 0.03569547335306803
        }
    },
    "decoding": {
        "metadata": {
            "rows": 1,
            "columns": 30,
            "n_in": 2,
            "n_out": 2,
            "n_para": 2,
            "n_conn": 2
        },
        "functions": [
            "max",
            "min",
            "mean",
            "add",
            "subtract",
            "bitwise_not",
            "bitwise_or",
            "bitwise_and",
            "bitwise_and_mask",
            "bitwise_xor",
            "sqrt",
            "pow2",
            "exp",
            "log",
            "median_blur",
            "gaussian_blur",
            "laplacian",
            "sobel",
            "robert_cross",
            "canny",
            "sharpen",
            "gabor",
            "abs_diff",
            "abs_diff2",
            "fluo_tophat",
            "rel_diff",
            "erode",
            "dilate",
            "open",
            "close",
            "morph_gradient",
            "morph_tophat",
            "morph_blackhat",
            "fill_holes",
            "remove_small_objects",
            "remove_small_holes",
            "threshold",
            "threshold_at_1",
            "distance_transform",
            "distance_transform_and_thresh",
            "inrange_bin",
            "inrange"
        ],
        "endpoint": {
            "name": "Marker-Based Watershed",
            "abbv": "WSHD",
            "arity": 2,
            "p": 0,
            "kwargs": {
                "use_dt": false,
                "markers_distance": 21,
                "markers_area": null
            }
        },
        "mode": "default"
    }
}