{
    "dataset": {
        "name": "CIL",
        "label_name": "neuron",
        "indices": [
            16,
            78,
            12,
            30,
            56,
            63,
            24,
            84,
            20,
            79,
            2,
            9,
            13,
            19,
            87,
            75,
            80,
            66,
            65,
            4,
            31,
            76,
            8,
            32,
            85,
            59,
            27,
            55,
            45,
            46,
            53,
            67,
            15,
            72,
            49,
            3,
            35,
            23,
            69,
            64
        ]
    },
    "individual": {
        "sequence": "[[0, 0, 0, 0, 0], [0, 0, 0, 0, 0], [4, 1, 0, 31, 166], [31, 0, 0, 169, 63], [19, 2, 0, 6, 53], [36, 1, 4, 66, 39], [0, 0, 2, 104, 217], [24, 2, 3, 176, 254], [10, 7, 2, 144, 37], [38, 7, 6, 3, 68], [12, 9, 8, 159, 63], [11, 1, 6, 53, 248], [20, 8, 11, 59, 145], [31, 6, 12, 25, 124], [21, 11, 4, 0, 66], [2, 3, 4, 229, 214], [40, 12, 1, 96, 125], [34, 5, 3, 24, 208], [39, 3, 11, 167, 221], [14, 0, 3, 156, 57], [13, 15, 0, 120, 143], [26, 5, 4, 249, 20], [34, 3, 9, 5, 82], [4, 4, 4, 86, 89], [11, 2, 5, 27, 112], [29, 6, 9, 108, 166], [15, 9, 18, 61, 31], [21, 8, 5, 114, 68], [20, 19, 2, 218, 182], [5, 22, 14, 224, 241], [21, 5, 20, 22, 80], [41, 9, 3, 60, 31], [0, 15, 0, 0, 0], [0, 17, 0, 0, 0]]",
        "fitness": {
            "fitness": 0.14227075576782228,
            "time": 0.03812920451164246
        }
    },
    "decoding": {
        "metadata": {
            "rows": 1,
            "columns": 30,
            "n_in": 2,
            "n_out": 2,
            "n_para": 2,
            "n_conn": 2
        },
        "functions": [
            "max",
            "min",
            "mean",
            "add",
            "subtract",
            "bitwise_not",
            "bitwise_or",
            "bitwise_and",
            "bitwise_and_mask",
            "bitwise_xor",
            "sqrt",
            "pow2",
            "exp",
            "log",
            "median_blur",
            "gaussian_blur",
            "laplacian",
            "sobel",
            "robert_cross",
            "canny",
            "sharpen",
            "gabor",
            "abs_diff",
            "abs_diff2",
            "fluo_tophat",
            "rel_diff",
            "erode",
            "dilate",
            "open",
            "close",
            "morph_gradient",
            "morph_tophat",
            "morph_blackhat",
            "fill_holes",
            "remove_small_objects",
            "remove_small_holes",
            "threshold",
            "threshold_at_1",
            "distance_transform",
            "distance_transform_and_thresh",
            "inrange_bin",
            "inrange"
        ],
        "endpoint": {
            "name": "Marker-Based Watershed",
            "abbv": "WSHD",
            "arity": 2,
            "args": 0,
            "kwargs": {
                "use_dt": false,
                "markers_distance": 21,
                "markers_area": null
            }
        },
        "mode": "default"
    }
}