{
    "dataset": {
        "name": "CIL",
        "label_name": "neuron",
        "indices": [
            86,
            54,
            73,
            28,
            30,
            1,
            56,
            29,
            53,
            11,
            12,
            47,
            45,
            40,
            78,
            22,
            34,
            24,
            55,
            85
        ]
    },
    "individual": {
        "sequence": "[[0, 0, 0, 0, 0], [0, 0, 0, 0, 0], [20, 0, 0, 248, 193], [11, 2, 1, 112, 6], [28, 0, 1, 45, 97], [28, 1, 2, 6, 0], [41, 1, 1, 40, 158], [9, 3, 6, 232, 207], [36, 5, 3, 28, 99], [34, 6, 5, 12, 47], [4, 1, 7, 255, 146], [13, 4, 2, 65, 223], [39, 3, 11, 127, 103], [15, 3, 0, 23, 74], [34, 7, 13, 146, 253], [5, 3, 6, 182, 92], [23, 9, 15, 34, 146], [33, 7, 10, 130, 255], [18, 4, 8, 133, 7], [33, 13, 17, 213, 205], [34, 6, 10, 49, 147], [32, 20, 19, 7, 116], [36, 8, 10, 70, 108], [34, 22, 14, 95, 154], [23, 3, 9, 130, 101], [35, 22, 12, 159, 158], [1, 6, 10, 134, 184], [27, 10, 12, 181, 20], [39, 7, 9, 26, 182], [2, 7, 11, 207, 153], [27, 24, 27, 178, 62], [4, 22, 14, 210, 183], [0, 29, 0, 0, 0], [0, 9, 0, 0, 0]]",
        "fitness": {
            "fitness": 0.13544338941574097,
            "time": 0.037663960456848146
        }
    },
    "decoding": {
        "metadata": {
            "rows": 1,
            "columns": 30,
            "n_in": 2,
            "n_out": 2,
            "n_para": 2,
            "n_conn": 2
        },
        "functions": [
            "max",
            "min",
            "mean",
            "add",
            "subtract",
            "bitwise_not",
            "bitwise_or",
            "bitwise_and",
            "bitwise_and_mask",
            "bitwise_xor",
            "sqrt",
            "pow2",
            "exp",
            "log",
            "median_blur",
            "gaussian_blur",
            "laplacian",
            "sobel",
            "robert_cross",
            "canny",
            "sharpen",
            "gabor",
            "abs_diff",
            "abs_diff2",
            "fluo_tophat",
            "rel_diff",
            "erode",
            "dilate",
            "open",
            "close",
            "morph_gradient",
            "morph_tophat",
            "morph_blackhat",
            "fill_holes",
            "remove_small_objects",
            "remove_small_holes",
            "threshold",
            "threshold_at_1",
            "distance_transform",
            "distance_transform_and_thresh",
            "inrange_bin",
            "inrange"
        ],
        "endpoint": {
            "name": "W",
            "abbv": "WSHD",
            "arity": 2,
            "p": 0,
            "kwargs": {
                "use_dt": false,
                "markers_distance": 21,
                "markers_area": null
            }
        },
        "mode": "default"
    }
}