{
    "dataset": {
        "name": "CIL",
        "label_name": "neuron",
        "indices": [
            24,
            41
        ]
    },
    "individual": {
        "sequence": "[[0, 0, 0, 0, 0], [0, 0, 0, 0, 0], [20, 1, 0, 74, 185], [16, 0, 2, 118, 55], [8, 1, 2, 254, 48], [15, 4, 4, 7, 25], [28, 0, 4, 149, 108], [8, 5, 2, 253, 102], [40, 6, 2, 154, 215], [11, 4, 5, 191, 45], [41, 7, 5, 26, 189], [25, 10, 8, 64, 57], [12, 2, 0, 178, 212], [31, 9, 10, 33, 111], [21, 2, 6, 44, 39], [11, 7, 11, 222, 114], [34, 15, 7, 85, 129], [38, 10, 15, 157, 172], [9, 14, 1, 11, 154], [3, 9, 12, 4, 68], [40, 1, 0, 104, 50], [10, 0, 10, 41, 8], [16, 5, 10, 165, 48], [21, 5, 7, 78, 92], [7, 10, 16, 162, 85], [31, 10, 14, 93, 25], [39, 15, 7, 130, 191], [22, 2, 3, 221, 54], [35, 18, 0, 150, 149], [3, 9, 3, 135, 115], [21, 10, 18, 157, 223], [36, 21, 25, 181, 57], [0, 31, 0, 0, 0], [0, 15, 0, 0, 0]]",
        "fitness": {
            "fitness": 0.12913602590560913,
            "time": 0.028105735778808594
        }
    },
    "decoding": {
        "metadata": {
            "rows": 1,
            "columns": 30,
            "n_in": 2,
            "n_out": 2,
            "n_para": 2,
            "n_conn": 2
        },
        "functions": [
            "max",
            "min",
            "mean",
            "add",
            "subtract",
            "bitwise_not",
            "bitwise_or",
            "bitwise_and",
            "bitwise_and_mask",
            "bitwise_xor",
            "sqrt",
            "pow2",
            "exp",
            "log",
            "median_blur",
            "gaussian_blur",
            "laplacian",
            "sobel",
            "robert_cross",
            "canny",
            "sharpen",
            "gabor",
            "abs_diff",
            "abs_diff2",
            "fluo_tophat",
            "rel_diff",
            "erode",
            "dilate",
            "open",
            "close",
            "morph_gradient",
            "morph_tophat",
            "morph_blackhat",
            "fill_holes",
            "remove_small_objects",
            "remove_small_holes",
            "threshold",
            "threshold_at_1",
            "distance_transform",
            "distance_transform_and_thresh",
            "inrange_bin",
            "inrange"
        ],
        "endpoint": {
            "name": "W",
            "abbv": "WSHD",
            "arity": 2,
            "p": 0,
            "kwargs": {
                "use_dt": false,
                "markers_distance": 21,
                "markers_area": null
            }
        },
        "mode": "default"
    }
}