{
    "dataset": {
        "name": "CIL",
        "label_name": "neuron",
        "indices": [
            66,
            49,
            6,
            57,
            42,
            44,
            45,
            59,
            1,
            50,
            47,
            54,
            79,
            28,
            12,
            7,
            40,
            52,
            85,
            3,
            0,
            5,
            60,
            80,
            13
        ]
    },
    "individual": {
        "sequence": "[[0, 0, 0, 0, 0], [0, 0, 0, 0, 0], [1, 1, 1, 105, 50], [20, 1, 2, 182, 26], [36, 0, 2, 164, 7], [19, 3, 3, 26, 119], [25, 4, 1, 179, 234], [2, 4, 5, 2, 146], [13, 6, 0, 251, 52], [6, 4, 3, 165, 194], [28, 5, 6, 63, 255], [28, 1, 4, 19, 232], [9, 5, 5, 212, 7], [12, 0, 12, 168, 120], [40, 11, 2, 39, 233], [12, 13, 5, 47, 33], [28, 9, 7, 181, 248], [14, 4, 2, 129, 126], [29, 7, 17, 1, 110], [16, 4, 17, 200, 221], [9, 12, 5, 222, 163], [2, 0, 7, 20, 59], [1, 17, 14, 190, 183], [37, 18, 15, 194, 58], [20, 5, 2, 190, 104], [19, 19, 12, 5, 74], [26, 20, 25, 46, 102], [24, 25, 7, 14, 145], [11, 17, 16, 181, 96], [7, 15, 1, 132, 243], [24, 14, 10, 243, 61], [36, 5, 30, 93, 2], [0, 23, 0, 0, 0], [0, 22, 0, 0, 0]]",
        "fitness": {
            "fitness": 0.13574678897857667,
            "time": 0.03647461891174317
        }
    },
    "decoding": {
        "metadata": {
            "rows": 1,
            "columns": 30,
            "n_in": 2,
            "n_out": 2,
            "n_para": 2,
            "n_conn": 2
        },
        "functions": [
            "max",
            "min",
            "mean",
            "add",
            "subtract",
            "bitwise_not",
            "bitwise_or",
            "bitwise_and",
            "bitwise_and_mask",
            "bitwise_xor",
            "sqrt",
            "pow2",
            "exp",
            "log",
            "median_blur",
            "gaussian_blur",
            "laplacian",
            "sobel",
            "robert_cross",
            "canny",
            "sharpen",
            "gabor",
            "abs_diff",
            "abs_diff2",
            "fluo_tophat",
            "rel_diff",
            "erode",
            "dilate",
            "open",
            "close",
            "morph_gradient",
            "morph_tophat",
            "morph_blackhat",
            "fill_holes",
            "remove_small_objects",
            "remove_small_holes",
            "threshold",
            "threshold_at_1",
            "distance_transform",
            "distance_transform_and_thresh",
            "inrange_bin",
            "inrange"
        ],
        "endpoint": {
            "name": "W",
            "abbv": "WSHD",
            "arity": 2,
            "p": 0,
            "kwargs": {
                "use_dt": false,
                "markers_distance": 21,
                "markers_area": null
            }
        },
        "mode": "default"
    }
}