{
    "dataset": {
        "name": "CIL",
        "label_name": "neuron",
        "indices": [
            19,
            3,
            51,
            69,
            6,
            20,
            55,
            40,
            52,
            35,
            76,
            75,
            70,
            1,
            29,
            68,
            21,
            38,
            84,
            81,
            44,
            53,
            10,
            34,
            17,
            42,
            59,
            5,
            24,
            7,
            4,
            83,
            85,
            78,
            49,
            0,
            66,
            22,
            54,
            27,
            23,
            18,
            32,
            80,
            39,
            33,
            9,
            87,
            50,
            16
        ]
    },
    "individual": {
        "sequence": "[[0, 0, 0, 0, 0], [0, 0, 0, 0, 0], [3, 0, 0, 141, 121], [28, 1, 1, 12, 146], [10, 3, 2, 65, 241], [33, 3, 1, 36, 212], [28, 2, 4, 200, 113], [8, 4, 3, 88, 175], [20, 1, 3, 224, 61], [19, 8, 7, 67, 251], [41, 9, 9, 30, 39], [5, 2, 3, 70, 35], [38, 6, 1, 92, 122], [39, 2, 9, 221, 254], [33, 9, 9, 233, 176], [37, 4, 8, 81, 202], [2, 14, 6, 237, 233], [24, 2, 10, 128, 124], [40, 4, 15, 107, 219], [23, 17, 2, 13, 39], [6, 18, 5, 212, 11], [27, 12, 13, 169, 83], [13, 10, 9, 108, 114], [6, 17, 16, 210, 138], [16, 16, 11, 120, 22], [16, 4, 24, 180, 215], [11, 23, 11, 152, 176], [10, 25, 13, 168, 50], [24, 7, 20, 27, 237], [16, 5, 10, 68, 89], [23, 2, 8, 26, 77], [11, 9, 3, 65, 250], [0, 26, 0, 0, 0], [0, 18, 0, 0, 0]]",
        "fitness": {
            "fitness": 0.1206737232208252,
            "time": 0.06794169425964355
        }
    },
    "decoding": {
        "metadata": {
            "rows": 1,
            "columns": 30,
            "n_in": 2,
            "n_out": 2,
            "n_para": 2,
            "n_conn": 2
        },
        "functions": [
            "max",
            "min",
            "mean",
            "add",
            "subtract",
            "bitwise_not",
            "bitwise_or",
            "bitwise_and",
            "bitwise_and_mask",
            "bitwise_xor",
            "sqrt",
            "pow2",
            "exp",
            "log",
            "median_blur",
            "gaussian_blur",
            "laplacian",
            "sobel",
            "robert_cross",
            "canny",
            "sharpen",
            "gabor",
            "abs_diff",
            "abs_diff2",
            "fluo_tophat",
            "rel_diff",
            "erode",
            "dilate",
            "open",
            "close",
            "morph_gradient",
            "morph_tophat",
            "morph_blackhat",
            "fill_holes",
            "remove_small_objects",
            "remove_small_holes",
            "threshold",
            "threshold_at_1",
            "distance_transform",
            "distance_transform_and_thresh",
            "inrange_bin",
            "inrange"
        ],
        "endpoint": {
            "name": "W",
            "abbv": "WSHD",
            "arity": 2,
            "p": 0,
            "kwargs": {
                "use_dt": false,
                "markers_distance": 21,
                "markers_area": null
            }
        },
        "mode": "default"
    }
}