{
    "dataset": {
        "name": "Tumor",
        "label_name": "tumor",
        "indices": null
    },
    "individual": {
        "sequence": "[[0, 0, 0, 0, 0], [0, 0, 0, 0, 0], [0, 0, 0, 0, 0], [28, 0, 0, 89, 190], [3, 2, 3, 97, 182], [14, 0, 3, 150, 232], [29, 1, 2, 22, 36], [21, 4, 2, 45, 7], [34, 6, 5, 137, 160], [24, 6, 0, 228, 207], [9, 6, 0, 166, 110], [14, 8, 8, 4, 58], [41, 2, 9, 184, 161], [19, 1, 6, 39, 234], [6, 12, 5, 251, 95], [13, 10, 11, 39, 47], [34, 5, 6, 233, 180], [14, 9, 0, 94, 172], [21, 0, 8, 23, 107], [4, 17, 3, 136, 55], [34, 15, 1, 16, 116], [29, 12, 20, 231, 182], [2, 19, 12, 153, 1], [2, 1, 19, 255, 35], [11, 11, 13, 143, 142], [7, 15, 14, 146, 19], [25, 3, 23, 166, 137], [28, 18, 22, 238, 160], [28, 16, 11, 114, 250], [1, 5, 19, 192, 203], [1, 4, 28, 113, 235], [14, 22, 22, 103, 100], [22, 12, 4, 239, 97], [0, 31, 0, 0, 0]]",
        "fitness": {
            "fitness": 0.11804440440282675,
            "time": 0.12099327643712361
        }
    },
    "decoding": {
        "metadata": {
            "rows": 1,
            "columns": 30,
            "n_in": 3,
            "n_out": 1,
            "n_para": 2,
            "n_conn": 2
        },
        "functions": [
            "max",
            "min",
            "mean",
            "add",
            "subtract",
            "bitwise_not",
            "bitwise_or",
            "bitwise_and",
            "bitwise_and_mask",
            "bitwise_xor",
            "sqrt",
            "pow2",
            "exp",
            "log",
            "median_blur",
            "gaussian_blur",
            "laplacian",
            "sobel",
            "robert_cross",
            "canny",
            "sharpen",
            "gabor",
            "abs_diff",
            "abs_diff2",
            "fluo_tophat",
            "rel_diff",
            "erode",
            "dilate",
            "open",
            "close",
            "morph_gradient",
            "morph_tophat",
            "morph_blackhat",
            "fill_holes",
            "remove_small_objects",
            "remove_small_holes",
            "threshold",
            "threshold_at_1",
            "distance_transform",
            "distance_transform_and_thresh",
            "inrange_bin",
            "inrange"
        ],
        "endpoint": {
            "name": "Threshold (t=4)",
            "abbv": "TRSH",
            "arity": 1,
            "p": 0,
            "kwargs": {
                "threshold": 4
            }
        },
        "mode": "default"
    }
}