{
    "dataset": {
        "name": "CIL",
        "label_name": "neuron",
        "indices": [
            54,
            46,
            60,
            71,
            7,
            63,
            70,
            68,
            56,
            40,
            33,
            37,
            8,
            39,
            31,
            2,
            11,
            48,
            10,
            38,
            84,
            87,
            77,
            0,
            62,
            27,
            22,
            21,
            41,
            5,
            64,
            30,
            36,
            44,
            6,
            43,
            19,
            45,
            9,
            14,
            88,
            25,
            28,
            75,
            86,
            26,
            65,
            53,
            12,
            79,
            73,
            78,
            49,
            61,
            35,
            81,
            29,
            17,
            66,
            82,
            72,
            47,
            34,
            3,
            67,
            50,
            55,
            85,
            23,
            58
        ]
    },
    "individual": {
        "sequence": "[[0, 0, 0, 0, 0], [0, 0, 0, 0, 0], [13, 0, 1, 56, 142], [28, 1, 2, 11, 41], [31, 0, 2, 206, 5], [36, 3, 0, 88, 38], [6, 2, 2, 130, 102], [0, 3, 3, 253, 39], [12, 4, 1, 198, 34], [21, 3, 6, 105, 218], [12, 2, 3, 75, 191], [8, 8, 4, 114, 38], [18, 2, 0, 35, 86], [21, 7, 3, 179, 123], [40, 4, 8, 212, 85], [34, 12, 14, 167, 18], [8, 10, 11, 216, 77], [24, 14, 4, 238, 148], [14, 10, 13, 249, 149], [37, 17, 9, 1, 141], [2, 15, 13, 200, 70], [38, 17, 8, 40, 223], [10, 8, 7, 237, 111], [1, 2, 16, 188, 20], [7, 13, 8, 19, 241], [11, 8, 5, 33, 111], [26, 11, 0, 75, 176], [0, 20, 0, 50, 140], [29, 13, 25, 229, 162], [23, 23, 20, 106, 131], [29, 24, 16, 208, 204], [32, 25, 8, 127, 18], [0, 23, 0, 0, 0], [0, 5, 0, 0, 0]]",
        "fitness": {
            "fitness": 0.15031880310603551,
            "time": 0.03818995612008231
        }
    },
    "decoding": {
        "metadata": {
            "rows": 1,
            "columns": 30,
            "n_in": 2,
            "n_out": 2,
            "n_para": 2,
            "n_conn": 2
        },
        "functions": [
            "max",
            "min",
            "mean",
            "add",
            "subtract",
            "bitwise_not",
            "bitwise_or",
            "bitwise_and",
            "bitwise_and_mask",
            "bitwise_xor",
            "sqrt",
            "pow2",
            "exp",
            "log",
            "median_blur",
            "gaussian_blur",
            "laplacian",
            "sobel",
            "robert_cross",
            "canny",
            "sharpen",
            "gabor",
            "abs_diff",
            "abs_diff2",
            "fluo_tophat",
            "rel_diff",
            "erode",
            "dilate",
            "open",
            "close",
            "morph_gradient",
            "morph_tophat",
            "morph_blackhat",
            "fill_holes",
            "remove_small_objects",
            "remove_small_holes",
            "threshold",
            "threshold_at_1",
            "distance_transform",
            "distance_transform_and_thresh",
            "inrange_bin",
            "inrange"
        ],
        "endpoint": {
            "name": "Marker-Based Watershed",
            "abbv": "WSHD",
            "arity": 2,
            "args": 0,
            "kwargs": {
                "use_dt": false,
                "markers_distance": 21,
                "markers_area": null
            }
        },
        "mode": "default"
    }
}