{
    "dataset": {
        "name": "CIL",
        "label_name": "neuron",
        "indices": [
            72,
            77,
            12,
            16,
            37,
            45,
            17,
            58,
            75,
            11,
            23,
            3,
            57,
            63,
            83,
            39,
            24,
            49,
            51,
            42,
            67,
            13,
            19,
            30,
            40,
            6,
            26,
            64,
            22,
            43,
            36,
            88,
            29,
            71,
            32,
            80,
            60,
            82,
            5,
            1,
            44,
            50,
            59,
            25,
            85,
            18,
            2,
            35,
            38,
            79
        ]
    },
    "individual": {
        "sequence": "[[0, 0, 0, 0, 0], [0, 0, 0, 0, 0], [19, 1, 1, 22, 152], [6, 1, 2, 60, 98], [13, 0, 0, 7, 28], [12, 4, 1, 206, 128], [33, 2, 3, 25, 65], [9, 2, 2, 95, 165], [22, 4, 1, 37, 121], [6, 3, 4, 62, 128], [19, 1, 3, 38, 226], [28, 3, 6, 202, 128], [13, 7, 10, 91, 84], [14, 11, 11, 112, 84], [5, 3, 10, 22, 169], [35, 6, 13, 185, 103], [0, 4, 1, 173, 237], [18, 15, 16, 6, 146], [7, 8, 7, 164, 217], [27, 15, 12, 187, 249], [36, 19, 12, 54, 132], [16, 14, 2, 117, 110], [30, 7, 11, 80, 47], [40, 20, 2, 220, 238], [9, 23, 23, 39, 53], [27, 5, 11, 179, 153], [38, 0, 9, 137, 92], [1, 17, 25, 119, 136], [27, 25, 6, 117, 84], [40, 7, 18, 28, 85], [8, 0, 5, 124, 188], [27, 2, 14, 0, 126], [0, 30, 0, 0, 0], [0, 27, 0, 0, 0]]",
        "fitness": {
            "fitness": 0.14577549457550049,
            "time": 0.05888896465301514
        }
    },
    "decoding": {
        "metadata": {
            "rows": 1,
            "columns": 30,
            "n_in": 2,
            "n_out": 2,
            "n_para": 2,
            "n_conn": 2
        },
        "functions": [
            "max",
            "min",
            "mean",
            "add",
            "subtract",
            "bitwise_not",
            "bitwise_or",
            "bitwise_and",
            "bitwise_and_mask",
            "bitwise_xor",
            "sqrt",
            "pow2",
            "exp",
            "log",
            "median_blur",
            "gaussian_blur",
            "laplacian",
            "sobel",
            "robert_cross",
            "canny",
            "sharpen",
            "gabor",
            "abs_diff",
            "abs_diff2",
            "fluo_tophat",
            "rel_diff",
            "erode",
            "dilate",
            "open",
            "close",
            "morph_gradient",
            "morph_tophat",
            "morph_blackhat",
            "fill_holes",
            "remove_small_objects",
            "remove_small_holes",
            "threshold",
            "threshold_at_1",
            "distance_transform",
            "distance_transform_and_thresh",
            "inrange_bin",
            "inrange"
        ],
        "endpoint": {
            "name": "W",
            "abbv": "WSHD",
            "arity": 2,
            "p": 0,
            "kwargs": {
                "use_dt": false,
                "markers_distance": 21,
                "markers_area": null
            }
        },
        "mode": "default"
    }
}