{
    "dataset": {
        "name": "CIL",
        "label_name": "neuron",
        "indices": [
            81,
            43,
            74,
            44,
            61,
            0,
            48,
            71,
            28,
            40,
            73,
            83,
            49,
            51,
            46,
            31,
            69,
            65,
            33,
            7,
            82,
            64,
            4,
            35,
            15,
            16,
            21,
            9,
            3,
            2,
            20,
            59,
            36,
            45,
            14,
            22,
            87,
            17,
            6,
            41,
            76,
            26,
            67,
            42,
            23,
            70,
            24,
            32,
            79,
            72,
            12,
            88,
            37,
            60,
            34,
            68,
            5,
            38,
            58,
            84,
            75,
            50,
            62,
            11,
            55,
            86,
            27,
            78,
            56,
            54
        ]
    },
    "individual": {
        "sequence": "[[0, 0, 0, 0, 0], [0, 0, 0, 0, 0], [6, 1, 1, 27, 121], [19, 2, 1, 125, 8], [16, 3, 1, 36, 216], [38, 2, 4, 249, 252], [41, 2, 4, 174, 132], [5, 1, 0, 56, 146], [41, 0, 6, 212, 9], [0, 4, 8, 229, 72], [18, 3, 8, 5, 7], [35, 10, 9, 138, 48], [7, 7, 11, 230, 249], [5, 10, 1, 209, 91], [31, 1, 5, 65, 161], [41, 12, 11, 219, 220], [35, 10, 9, 100, 90], [11, 9, 15, 224, 81], [10, 15, 12, 58, 106], [21, 8, 2, 17, 134], [40, 17, 5, 3, 145], [35, 14, 16, 126, 45], [39, 9, 2, 4, 110], [7, 10, 13, 53, 12], [14, 12, 0, 35, 67], [20, 22, 5, 235, 144], [24, 15, 16, 119, 229], [34, 11, 22, 24, 223], [34, 7, 17, 182, 219], [1, 0, 22, 251, 42], [29, 20, 25, 190, 173], [11, 26, 30, 206, 249], [0, 29, 0, 0, 0], [0, 27, 0, 0, 0]]",
        "fitness": {
            "fitness": 0.1406474300793239,
            "time": 0.03965226241520473
        }
    },
    "decoding": {
        "metadata": {
            "rows": 1,
            "columns": 30,
            "n_in": 2,
            "n_out": 2,
            "n_para": 2,
            "n_conn": 2
        },
        "functions": [
            "max",
            "min",
            "mean",
            "add",
            "subtract",
            "bitwise_not",
            "bitwise_or",
            "bitwise_and",
            "bitwise_and_mask",
            "bitwise_xor",
            "sqrt",
            "pow2",
            "exp",
            "log",
            "median_blur",
            "gaussian_blur",
            "laplacian",
            "sobel",
            "robert_cross",
            "canny",
            "sharpen",
            "gabor",
            "abs_diff",
            "abs_diff2",
            "fluo_tophat",
            "rel_diff",
            "erode",
            "dilate",
            "open",
            "close",
            "morph_gradient",
            "morph_tophat",
            "morph_blackhat",
            "fill_holes",
            "remove_small_objects",
            "remove_small_holes",
            "threshold",
            "threshold_at_1",
            "distance_transform",
            "distance_transform_and_thresh",
            "inrange_bin",
            "inrange"
        ],
        "endpoint": {
            "name": "Marker-Based Watershed",
            "abbv": "WSHD",
            "arity": 2,
            "args": 0,
            "kwargs": {
                "use_dt": false,
                "markers_distance": 21,
                "markers_area": null
            }
        },
        "mode": "default"
    }
}