{
    "dataset": {
        "name": "CIL",
        "label_name": "neuron",
        "indices": [
            82,
            60,
            30,
            61,
            75,
            7,
            64,
            25,
            2,
            0,
            9,
            23,
            57,
            56,
            16,
            83,
            3,
            84,
            24,
            66,
            67,
            35,
            11,
            77,
            34,
            39,
            72,
            17,
            47,
            22,
            70,
            59,
            6,
            63,
            45,
            51,
            46,
            12,
            44,
            27,
            48,
            32,
            65,
            4,
            74,
            5,
            76,
            69,
            87,
            80
        ]
    },
    "individual": {
        "sequence": "[[0, 0, 0, 0, 0], [0, 0, 0, 0, 0], [5, 1, 0, 32, 5], [8, 2, 2, 131, 204], [12, 0, 1, 116, 26], [15, 3, 0, 75, 61], [21, 5, 3, 43, 153], [8, 1, 0, 246, 0], [41, 0, 1, 22, 235], [15, 6, 5, 25, 101], [15, 8, 6, 46, 36], [33, 0, 2, 121, 20], [13, 4, 1, 76, 62], [9, 11, 10, 179, 241], [1, 8, 7, 152, 96], [39, 5, 11, 111, 254], [33, 12, 12, 46, 146], [11, 4, 8, 167, 92], [29, 13, 10, 135, 30], [41, 6, 12, 74, 55], [13, 9, 9, 13, 5], [15, 5, 6, 63, 177], [6, 20, 19, 243, 229], [11, 16, 8, 156, 157], [25, 22, 7, 42, 99], [21, 13, 3, 169, 40], [2, 14, 12, 20, 207], [35, 18, 17, 195, 183], [27, 2, 19, 120, 117], [27, 25, 20, 235, 215], [34, 19, 29, 4, 226], [14, 3, 4, 198, 26], [0, 26, 0, 0, 0], [0, 22, 0, 0, 0]]",
        "fitness": {
            "fitness": 0.1866596007347107,
            "time": 0.04680448055267334
        }
    },
    "decoding": {
        "metadata": {
            "rows": 1,
            "columns": 30,
            "n_in": 2,
            "n_out": 2,
            "n_para": 2,
            "n_conn": 2
        },
        "functions": [
            "max",
            "min",
            "mean",
            "add",
            "subtract",
            "bitwise_not",
            "bitwise_or",
            "bitwise_and",
            "bitwise_and_mask",
            "bitwise_xor",
            "sqrt",
            "pow2",
            "exp",
            "log",
            "median_blur",
            "gaussian_blur",
            "laplacian",
            "sobel",
            "robert_cross",
            "canny",
            "sharpen",
            "gabor",
            "abs_diff",
            "abs_diff2",
            "fluo_tophat",
            "rel_diff",
            "erode",
            "dilate",
            "open",
            "close",
            "morph_gradient",
            "morph_tophat",
            "morph_blackhat",
            "fill_holes",
            "remove_small_objects",
            "remove_small_holes",
            "threshold",
            "threshold_at_1",
            "distance_transform",
            "distance_transform_and_thresh",
            "inrange_bin",
            "inrange"
        ],
        "endpoint": {
            "name": "W",
            "abbv": "WSHD",
            "arity": 2,
            "p": 0,
            "kwargs": {
                "use_dt": false,
                "markers_distance": 21,
                "markers_area": null
            }
        },
        "mode": "default"
    }
}