{
    "dataset": {
        "name": "CIL",
        "label_name": "neuron",
        "indices": [
            28,
            60,
            44,
            71,
            30,
            46,
            74,
            22,
            57,
            69,
            24,
            6,
            26,
            39,
            16,
            23,
            21,
            72,
            12,
            34,
            59,
            10,
            9,
            86,
            61,
            70,
            75,
            65,
            53,
            43,
            47,
            1,
            3,
            40,
            88,
            4,
            45,
            15,
            82,
            18,
            0,
            37,
            17,
            77,
            19,
            20,
            54,
            67,
            78,
            87
        ]
    },
    "individual": {
        "sequence": "[[0, 0, 0, 0, 0], [0, 0, 0, 0, 0], [31, 0, 0, 230, 55], [41, 1, 1, 37, 242], [19, 1, 1, 88, 70], [4, 3, 4, 42, 148], [19, 1, 5, 107, 18], [18, 3, 5, 2, 56], [41, 5, 1, 140, 218], [33, 6, 7, 83, 75], [3, 6, 2, 135, 169], [2, 10, 9, 6, 91], [28, 2, 0, 6, 77], [14, 5, 6, 17, 55], [23, 2, 6, 74, 133], [14, 8, 7, 234, 121], [4, 7, 13, 32, 9], [20, 11, 7, 177, 129], [23, 14, 7, 190, 199], [28, 13, 13, 2, 124], [10, 9, 16, 184, 59], [41, 6, 8, 167, 146], [32, 11, 1, 216, 35], [35, 16, 6, 242, 226], [13, 11, 18, 247, 48], [17, 17, 22, 186, 24], [11, 24, 19, 83, 133], [27, 3, 23, 2, 205], [33, 22, 18, 83, 40], [8, 3, 7, 27, 208], [20, 12, 17, 77, 198], [16, 25, 18, 169, 249], [0, 24, 0, 0, 0], [0, 19, 0, 0, 0]]",
        "fitness": {
            "fitness": 0.13116644978523254,
            "time": 0.04432993412017822
        }
    },
    "decoding": {
        "metadata": {
            "rows": 1,
            "columns": 30,
            "n_in": 2,
            "n_out": 2,
            "n_para": 2,
            "n_conn": 2
        },
        "functions": [
            "max",
            "min",
            "mean",
            "add",
            "subtract",
            "bitwise_not",
            "bitwise_or",
            "bitwise_and",
            "bitwise_and_mask",
            "bitwise_xor",
            "sqrt",
            "pow2",
            "exp",
            "log",
            "median_blur",
            "gaussian_blur",
            "laplacian",
            "sobel",
            "robert_cross",
            "canny",
            "sharpen",
            "gabor",
            "abs_diff",
            "abs_diff2",
            "fluo_tophat",
            "rel_diff",
            "erode",
            "dilate",
            "open",
            "close",
            "morph_gradient",
            "morph_tophat",
            "morph_blackhat",
            "fill_holes",
            "remove_small_objects",
            "remove_small_holes",
            "threshold",
            "threshold_at_1",
            "distance_transform",
            "distance_transform_and_thresh",
            "inrange_bin",
            "inrange"
        ],
        "endpoint": {
            "name": "W",
            "abbv": "WSHD",
            "arity": 2,
            "p": 0,
            "kwargs": {
                "use_dt": false,
                "markers_distance": 21,
                "markers_area": null
            }
        },
        "mode": "default"
    }
}