{
    "dataset": {
        "name": "CIL",
        "label_name": "neuron",
        "indices": [
            44,
            37,
            18,
            88,
            33,
            81,
            75,
            82,
            15,
            64
        ]
    },
    "individual": {
        "sequence": "[[0, 0, 0, 0, 0], [0, 0, 0, 0, 0], [11, 0, 1, 216, 248], [28, 1, 0, 9, 58], [40, 3, 2, 38, 242], [20, 0, 3, 19, 127], [11, 3, 4, 50, 123], [20, 6, 0, 51, 49], [22, 4, 1, 84, 192], [13, 7, 6, 175, 198], [11, 5, 8, 75, 227], [40, 6, 7, 217, 7], [13, 5, 4, 9, 78], [39, 10, 6, 228, 8], [2, 10, 12, 30, 168], [20, 9, 6, 107, 183], [2, 9, 15, 243, 28], [26, 16, 12, 131, 107], [1, 9, 4, 172, 198], [14, 8, 5, 251, 36], [8, 10, 8, 150, 30], [12, 3, 6, 167, 45], [15, 3, 2, 101, 14], [38, 14, 19, 180, 141], [37, 10, 13, 46, 102], [7, 20, 19, 247, 209], [14, 24, 19, 107, 228], [8, 8, 8, 92, 169], [16, 5, 9, 162, 134], [41, 21, 3, 157, 18], [35, 8, 16, 130, 151], [9, 27, 9, 124, 88], [0, 23, 0, 0, 0], [0, 18, 0, 0, 0]]",
        "fitness": {
            "fitness": 0.1214576780796051,
            "time": 0.03953852653503418
        }
    },
    "decoding": {
        "metadata": {
            "rows": 1,
            "columns": 30,
            "n_in": 2,
            "n_out": 2,
            "n_para": 2,
            "n_conn": 2
        },
        "functions": [
            "max",
            "min",
            "mean",
            "add",
            "subtract",
            "bitwise_not",
            "bitwise_or",
            "bitwise_and",
            "bitwise_and_mask",
            "bitwise_xor",
            "sqrt",
            "pow2",
            "exp",
            "log",
            "median_blur",
            "gaussian_blur",
            "laplacian",
            "sobel",
            "robert_cross",
            "canny",
            "sharpen",
            "gabor",
            "abs_diff",
            "abs_diff2",
            "fluo_tophat",
            "rel_diff",
            "erode",
            "dilate",
            "open",
            "close",
            "morph_gradient",
            "morph_tophat",
            "morph_blackhat",
            "fill_holes",
            "remove_small_objects",
            "remove_small_holes",
            "threshold",
            "threshold_at_1",
            "distance_transform",
            "distance_transform_and_thresh",
            "inrange_bin",
            "inrange"
        ],
        "endpoint": {
            "name": "W",
            "abbv": "WSHD",
            "arity": 2,
            "p": 0,
            "kwargs": {
                "use_dt": false,
                "markers_distance": 21,
                "markers_area": null
            }
        },
        "mode": "default"
    }
}