{
    "dataset": {
        "name": "CIL",
        "label_name": "neuron",
        "indices": [
            62,
            40,
            7,
            66,
            60,
            56,
            84,
            87,
            46,
            10,
            12
        ]
    },
    "individual": {
        "sequence": "[[0, 0, 0, 0, 0], [0, 0, 0, 0, 0], [22, 1, 1, 113, 80], [24, 1, 2, 16, 76], [1, 2, 0, 78, 100], [31, 4, 3, 138, 9], [3, 5, 3, 57, 91], [21, 3, 1, 70, 33], [28, 3, 1, 28, 142], [40, 4, 5, 39, 227], [20, 6, 5, 24, 225], [34, 4, 5, 56, 88], [36, 8, 4, 51, 33], [8, 12, 10, 199, 120], [2, 12, 5, 39, 159], [37, 11, 14, 66, 3], [31, 15, 13, 138, 106], [7, 13, 10, 32, 229], [22, 9, 5, 75, 125], [7, 17, 11, 114, 62], [21, 7, 1, 209, 249], [33, 20, 9, 94, 235], [30, 19, 17, 42, 194], [1, 6, 22, 57, 252], [29, 23, 12, 11, 183], [35, 18, 5, 211, 106], [39, 5, 8, 83, 146], [18, 11, 23, 138, 57], [19, 27, 7, 78, 135], [9, 7, 7, 190, 193], [28, 6, 6, 78, 90], [27, 19, 26, 77, 231], [0, 14, 0, 0, 0], [0, 13, 0, 0, 0]]",
        "fitness": {
            "fitness": 0.15462431582537564,
            "time": 0.06207026134837757
        }
    },
    "decoding": {
        "metadata": {
            "rows": 1,
            "columns": 30,
            "n_in": 2,
            "n_out": 2,
            "n_para": 2,
            "n_conn": 2
        },
        "functions": [
            "max",
            "min",
            "mean",
            "add",
            "subtract",
            "bitwise_not",
            "bitwise_or",
            "bitwise_and",
            "bitwise_and_mask",
            "bitwise_xor",
            "sqrt",
            "pow2",
            "exp",
            "log",
            "median_blur",
            "gaussian_blur",
            "laplacian",
            "sobel",
            "robert_cross",
            "canny",
            "sharpen",
            "gabor",
            "abs_diff",
            "abs_diff2",
            "fluo_tophat",
            "rel_diff",
            "erode",
            "dilate",
            "open",
            "close",
            "morph_gradient",
            "morph_tophat",
            "morph_blackhat",
            "fill_holes",
            "remove_small_objects",
            "remove_small_holes",
            "threshold",
            "threshold_at_1",
            "distance_transform",
            "distance_transform_and_thresh",
            "inrange_bin",
            "inrange"
        ],
        "endpoint": {
            "name": "Marker-Based Watershed",
            "abbv": "WSHD",
            "arity": 2,
            "p": 0,
            "kwargs": {
                "use_dt": false,
                "markers_distance": 21,
                "markers_area": null
            }
        },
        "mode": "default"
    }
}