{
    "dataset": {
        "name": "CIL",
        "label_name": "neuron",
        "indices": [
            64,
            13,
            32,
            66,
            45,
            7,
            88,
            33,
            84,
            73,
            24,
            80,
            6,
            59,
            39,
            11,
            26,
            87,
            8,
            78,
            83,
            43,
            12,
            22,
            5,
            15,
            44,
            16,
            76,
            52,
            20,
            72,
            41,
            48,
            10,
            54,
            17,
            28,
            34,
            36,
            1,
            21,
            9,
            29,
            51,
            38,
            4,
            37,
            61,
            82,
            35,
            19,
            60,
            57,
            42,
            77,
            71,
            18,
            0,
            65
        ]
    },
    "individual": {
        "sequence": "[[0, 0, 0, 0, 0], [0, 0, 0, 0, 0], [3, 0, 0, 155, 249], [20, 1, 2, 242, 53], [7, 3, 3, 91, 200], [4, 4, 1, 186, 131], [29, 2, 3, 150, 132], [40, 3, 5, 43, 236], [39, 6, 6, 52, 196], [2, 8, 0, 238, 8], [11, 2, 0, 147, 149], [23, 5, 9, 13, 85], [34, 2, 0, 67, 60], [1, 7, 2, 173, 148], [24, 10, 13, 6, 190], [39, 12, 10, 167, 60], [1, 10, 7, 19, 139], [37, 1, 12, 72, 45], [5, 3, 17, 76, 43], [0, 4, 18, 244, 253], [34, 16, 14, 16, 199], [34, 8, 10, 225, 104], [37, 7, 1, 169, 218], [40, 4, 19, 19, 125], [38, 15, 6, 222, 218], [8, 22, 20, 109, 195], [16, 16, 13, 1, 233], [26, 11, 3, 49, 157], [37, 19, 16, 145, 240], [32, 13, 21, 206, 15], [6, 20, 0, 187, 108], [21, 15, 7, 167, 211], [0, 14, 0, 0, 0], [0, 20, 0, 0, 0]]",
        "fitness": {
            "fitness": 0.1476108178496361,
            "time": 0.049130336443583174
        }
    },
    "decoding": {
        "metadata": {
            "rows": 1,
            "columns": 30,
            "n_in": 2,
            "n_out": 2,
            "n_para": 2,
            "n_conn": 2
        },
        "functions": [
            "max",
            "min",
            "mean",
            "add",
            "subtract",
            "bitwise_not",
            "bitwise_or",
            "bitwise_and",
            "bitwise_and_mask",
            "bitwise_xor",
            "sqrt",
            "pow2",
            "exp",
            "log",
            "median_blur",
            "gaussian_blur",
            "laplacian",
            "sobel",
            "robert_cross",
            "canny",
            "sharpen",
            "gabor",
            "abs_diff",
            "abs_diff2",
            "fluo_tophat",
            "rel_diff",
            "erode",
            "dilate",
            "open",
            "close",
            "morph_gradient",
            "morph_tophat",
            "morph_blackhat",
            "fill_holes",
            "remove_small_objects",
            "remove_small_holes",
            "threshold",
            "threshold_at_1",
            "distance_transform",
            "distance_transform_and_thresh",
            "inrange_bin",
            "inrange"
        ],
        "endpoint": {
            "name": "Marker-Based Watershed",
            "abbv": "WSHD",
            "arity": 2,
            "args": 0,
            "kwargs": {
                "use_dt": false,
                "markers_distance": 21,
                "markers_area": null
            }
        },
        "mode": "default"
    }
}