{
    "dataset": {
        "name": "CIL",
        "label_name": "neuron",
        "indices": [
            46,
            2,
            74,
            85,
            38,
            33,
            32,
            27,
            41,
            62,
            87,
            8,
            61,
            83,
            36,
            24,
            45,
            54,
            77,
            25
        ]
    },
    "individual": {
        "sequence": "[[0, 0, 0, 0, 0], [0, 0, 0, 0, 0], [19, 1, 1, 151, 25], [13, 0, 0, 196, 133], [11, 0, 2, 10, 202], [2, 3, 4, 144, 100], [32, 3, 1, 39, 240], [0, 2, 5, 184, 208], [36, 7, 7, 218, 127], [22, 6, 4, 2, 134], [5, 0, 4, 150, 127], [8, 0, 5, 79, 73], [15, 1, 9, 169, 135], [36, 5, 0, 41, 31], [36, 8, 0, 88, 135], [19, 13, 1, 201, 213], [0, 10, 12, 175, 211], [33, 6, 6, 75, 244], [30, 15, 1, 84, 187], [12, 0, 11, 167, 7], [39, 16, 8, 240, 60], [2, 17, 12, 156, 29], [20, 17, 11, 21, 154], [29, 3, 5, 245, 129], [28, 14, 3, 2, 182], [35, 3, 9, 148, 198], [38, 7, 0, 17, 93], [28, 10, 2, 209, 147], [35, 8, 22, 250, 217], [18, 28, 28, 255, 224], [4, 1, 6, 171, 42], [29, 12, 14, 99, 130], [0, 11, 0, 0, 0], [0, 29, 0, 0, 0]]",
        "fitness": {
            "fitness": 0.12771928310394287,
            "time": 0.05092712640762329
        }
    },
    "decoding": {
        "metadata": {
            "rows": 1,
            "columns": 30,
            "n_in": 2,
            "n_out": 2,
            "n_para": 2,
            "n_conn": 2
        },
        "functions": [
            "max",
            "min",
            "mean",
            "add",
            "subtract",
            "bitwise_not",
            "bitwise_or",
            "bitwise_and",
            "bitwise_and_mask",
            "bitwise_xor",
            "sqrt",
            "pow2",
            "exp",
            "log",
            "median_blur",
            "gaussian_blur",
            "laplacian",
            "sobel",
            "robert_cross",
            "canny",
            "sharpen",
            "gabor",
            "abs_diff",
            "abs_diff2",
            "fluo_tophat",
            "rel_diff",
            "erode",
            "dilate",
            "open",
            "close",
            "morph_gradient",
            "morph_tophat",
            "morph_blackhat",
            "fill_holes",
            "remove_small_objects",
            "remove_small_holes",
            "threshold",
            "threshold_at_1",
            "distance_transform",
            "distance_transform_and_thresh",
            "inrange_bin",
            "inrange"
        ],
        "endpoint": {
            "name": "W",
            "abbv": "WSHD",
            "arity": 2,
            "p": 0,
            "kwargs": {
                "use_dt": false,
                "markers_distance": 21,
                "markers_area": null
            }
        },
        "mode": "default"
    }
}