{
    "dataset": {
        "name": "CIL",
        "label_name": "neuron",
        "indices": [
            82,
            38,
            0,
            17,
            61,
            59,
            2,
            44,
            76,
            8,
            58,
            11,
            72,
            16,
            83,
            26,
            45,
            10,
            36,
            21,
            5,
            1,
            63,
            30,
            15,
            79,
            56,
            84,
            74,
            85,
            78,
            75,
            47,
            60,
            81,
            86,
            50,
            34,
            57,
            12,
            32,
            70,
            64,
            28,
            7,
            14,
            43,
            54,
            53,
            18,
            23,
            49,
            25,
            13,
            31,
            80,
            24,
            20,
            29,
            69,
            73,
            9,
            88,
            51,
            52,
            22,
            77,
            27,
            87,
            42
        ]
    },
    "individual": {
        "sequence": "[[0, 0, 0, 0, 0], [0, 0, 0, 0, 0], [12, 0, 0, 51, 101], [22, 0, 1, 251, 4], [24, 2, 3, 147, 22], [11, 4, 4, 115, 5], [28, 1, 0, 248, 161], [6, 0, 6, 254, 27], [24, 0, 4, 52, 26], [34, 8, 8, 218, 18], [16, 6, 7, 244, 236], [19, 1, 5, 164, 13], [24, 5, 10, 132, 202], [14, 10, 5, 214, 57], [7, 9, 11, 186, 205], [8, 9, 11, 149, 228], [19, 2, 5, 159, 177], [34, 7, 2, 17, 107], [8, 10, 16, 158, 249], [8, 15, 4, 87, 227], [16, 14, 5, 156, 3], [39, 16, 3, 169, 158], [3, 6, 6, 100, 22], [6, 20, 5, 232, 6], [38, 21, 22, 56, 127], [31, 0, 7, 159, 56], [2, 0, 7, 251, 210], [16, 14, 11, 136, 121], [10, 3, 13, 24, 154], [40, 7, 7, 78, 140], [39, 26, 26, 107, 158], [22, 16, 11, 65, 23], [0, 23, 0, 0, 0], [0, 27, 0, 0, 0]]",
        "fitness": {
            "fitness": 0.1640155783721379,
            "time": 0.11402060985565185
        }
    },
    "decoding": {
        "metadata": {
            "rows": 1,
            "columns": 30,
            "n_in": 2,
            "n_out": 2,
            "n_para": 2,
            "n_conn": 2
        },
        "functions": [
            "max",
            "min",
            "mean",
            "add",
            "subtract",
            "bitwise_not",
            "bitwise_or",
            "bitwise_and",
            "bitwise_and_mask",
            "bitwise_xor",
            "sqrt",
            "pow2",
            "exp",
            "log",
            "median_blur",
            "gaussian_blur",
            "laplacian",
            "sobel",
            "robert_cross",
            "canny",
            "sharpen",
            "gabor",
            "abs_diff",
            "abs_diff2",
            "fluo_tophat",
            "rel_diff",
            "erode",
            "dilate",
            "open",
            "close",
            "morph_gradient",
            "morph_tophat",
            "morph_blackhat",
            "fill_holes",
            "remove_small_objects",
            "remove_small_holes",
            "threshold",
            "threshold_at_1",
            "distance_transform",
            "distance_transform_and_thresh",
            "inrange_bin",
            "inrange"
        ],
        "endpoint": {
            "name": "Marker-Based Watershed",
            "abbv": "WSHD",
            "arity": 2,
            "args": 0,
            "kwargs": {
                "use_dt": false,
                "markers_distance": 21,
                "markers_area": null
            }
        },
        "mode": "default"
    }
}