{
    "dataset": {
        "name": "CIL",
        "label_name": "neuron",
        "indices": [
            6,
            47,
            0,
            16,
            27,
            3,
            62,
            71,
            75,
            23,
            74
        ]
    },
    "individual": {
        "sequence": "[[0, 0, 0, 0, 0], [0, 0, 0, 0, 0], [26, 1, 1, 3, 17], [10, 0, 2, 25, 165], [24, 2, 2, 0, 5], [11, 4, 0, 79, 13], [8, 2, 3, 138, 51], [40, 2, 4, 47, 159], [7, 4, 6, 153, 11], [7, 7, 5, 132, 201], [21, 5, 0, 157, 219], [24, 3, 4, 211, 189], [2, 4, 11, 206, 37], [14, 9, 8, 195, 49], [19, 2, 0, 250, 178], [17, 1, 0, 209, 78], [16, 15, 12, 118, 29], [19, 9, 11, 118, 64], [34, 13, 11, 210, 239], [39, 17, 10, 237, 61], [31, 4, 2, 210, 23], [27, 14, 20, 126, 87], [16, 9, 9, 12, 164], [19, 15, 13, 218, 206], [29, 21, 19, 190, 54], [11, 12, 24, 134, 217], [13, 11, 5, 105, 209], [28, 26, 2, 218, 196], [16, 27, 18, 91, 15], [38, 25, 23, 207, 96], [3, 11, 0, 86, 21], [18, 4, 29, 200, 178], [0, 25, 0, 0, 0], [0, 22, 0, 0, 0]]",
        "fitness": {
            "fitness": 0.08068143237720836,
            "time": 0.07308411598205566
        }
    },
    "decoding": {
        "metadata": {
            "rows": 1,
            "columns": 30,
            "n_in": 2,
            "n_out": 2,
            "n_para": 2,
            "n_conn": 2
        },
        "functions": [
            "max",
            "min",
            "mean",
            "add",
            "subtract",
            "bitwise_not",
            "bitwise_or",
            "bitwise_and",
            "bitwise_and_mask",
            "bitwise_xor",
            "sqrt",
            "pow2",
            "exp",
            "log",
            "median_blur",
            "gaussian_blur",
            "laplacian",
            "sobel",
            "robert_cross",
            "canny",
            "sharpen",
            "gabor",
            "abs_diff",
            "abs_diff2",
            "fluo_tophat",
            "rel_diff",
            "erode",
            "dilate",
            "open",
            "close",
            "morph_gradient",
            "morph_tophat",
            "morph_blackhat",
            "fill_holes",
            "remove_small_objects",
            "remove_small_holes",
            "threshold",
            "threshold_at_1",
            "distance_transform",
            "distance_transform_and_thresh",
            "inrange_bin",
            "inrange"
        ],
        "endpoint": {
            "name": "Marker-Based Watershed",
            "abbv": "WSHD",
            "arity": 2,
            "p": 0,
            "kwargs": {
                "use_dt": false,
                "markers_distance": 21,
                "markers_area": null
            }
        },
        "mode": "default"
    }
}