{
    "dataset": {
        "name": "CIL",
        "label_name": "neuron",
        "indices": [
            57,
            34,
            51,
            82,
            16,
            3,
            86,
            15,
            80,
            13,
            72,
            73,
            76,
            43,
            20,
            0,
            58,
            81,
            56,
            25,
            22,
            66,
            85,
            37,
            83,
            9,
            79,
            46,
            44,
            63,
            48,
            87,
            38,
            45,
            60,
            54,
            8,
            36,
            75,
            35,
            68,
            6,
            1,
            31,
            30,
            39,
            32,
            69,
            42,
            53
        ]
    },
    "individual": {
        "sequence": "[[0, 0, 0, 0, 0], [0, 0, 0, 0, 0], [41, 0, 1, 9, 246], [36, 1, 2, 16, 38], [28, 3, 1, 17, 159], [23, 4, 3, 255, 150], [16, 3, 5, 192, 57], [28, 2, 0, 223, 33], [24, 2, 4, 32, 149], [9, 6, 1, 95, 253], [5, 4, 0, 238, 253], [8, 1, 8, 154, 252], [1, 11, 5, 171, 105], [11, 3, 3, 29, 24], [29, 10, 9, 176, 23], [6, 8, 12, 2, 40], [1, 2, 7, 136, 217], [41, 15, 16, 220, 28], [13, 12, 1, 176, 80], [31, 13, 11, 103, 242], [25, 1, 15, 136, 70], [37, 4, 17, 246, 107], [19, 6, 4, 182, 192], [2, 12, 5, 162, 155], [22, 4, 12, 195, 252], [15, 14, 20, 105, 56], [39, 24, 15, 165, 234], [10, 23, 18, 78, 59], [29, 22, 3, 179, 223], [12, 13, 15, 117, 35], [31, 22, 14, 7, 238], [9, 15, 12, 213, 187], [0, 15, 0, 0, 0], [0, 4, 0, 0, 0]]",
        "fitness": {
            "fitness": 0.13121852278709412,
            "time": 0.04192182540893555
        }
    },
    "decoding": {
        "metadata": {
            "rows": 1,
            "columns": 30,
            "n_in": 2,
            "n_out": 2,
            "n_para": 2,
            "n_conn": 2
        },
        "functions": [
            "max",
            "min",
            "mean",
            "add",
            "subtract",
            "bitwise_not",
            "bitwise_or",
            "bitwise_and",
            "bitwise_and_mask",
            "bitwise_xor",
            "sqrt",
            "pow2",
            "exp",
            "log",
            "median_blur",
            "gaussian_blur",
            "laplacian",
            "sobel",
            "robert_cross",
            "canny",
            "sharpen",
            "gabor",
            "abs_diff",
            "abs_diff2",
            "fluo_tophat",
            "rel_diff",
            "erode",
            "dilate",
            "open",
            "close",
            "morph_gradient",
            "morph_tophat",
            "morph_blackhat",
            "fill_holes",
            "remove_small_objects",
            "remove_small_holes",
            "threshold",
            "threshold_at_1",
            "distance_transform",
            "distance_transform_and_thresh",
            "inrange_bin",
            "inrange"
        ],
        "endpoint": {
            "name": "W",
            "abbv": "WSHD",
            "arity": 2,
            "p": 0,
            "kwargs": {
                "use_dt": false,
                "markers_distance": 21,
                "markers_area": null
            }
        },
        "mode": "default"
    }
}