{
    "dataset": {
        "name": "CIL",
        "label_name": "neuron",
        "indices": [
            22,
            0,
            54,
            39,
            78,
            64,
            30,
            37,
            77,
            7,
            73,
            50,
            23,
            55,
            59
        ]
    },
    "individual": {
        "sequence": "[[0, 0, 0, 0, 0], [0, 0, 0, 0, 0], [11, 0, 0, 227, 216], [8, 1, 2, 47, 139], [3, 1, 3, 233, 190], [34, 2, 2, 109, 118], [35, 5, 5, 71, 72], [15, 3, 4, 20, 122], [14, 5, 6, 254, 104], [14, 1, 3, 13, 104], [5, 9, 1, 91, 85], [30, 5, 9, 213, 148], [40, 9, 9, 122, 249], [20, 2, 6, 235, 9], [31, 3, 4, 203, 187], [34, 9, 8, 76, 73], [19, 4, 5, 247, 172], [16, 10, 10, 109, 29], [32, 4, 6, 175, 6], [9, 8, 12, 52, 146], [20, 19, 8, 109, 180], [27, 12, 7, 208, 219], [22, 20, 0, 17, 246], [25, 7, 17, 152, 86], [37, 2, 22, 36, 151], [35, 16, 19, 215, 15], [41, 10, 2, 207, 57], [39, 18, 7, 151, 85], [32, 25, 21, 30, 253], [31, 10, 21, 57, 142], [40, 24, 5, 207, 74], [7, 1, 28, 195, 93], [0, 7, 0, 0, 0], [0, 26, 0, 0, 0]]",
        "fitness": {
            "fitness": 0.1948530634244283,
            "time": 0.0270139217376709
        }
    },
    "decoding": {
        "metadata": {
            "rows": 1,
            "columns": 30,
            "n_in": 2,
            "n_out": 2,
            "n_para": 2,
            "n_conn": 2
        },
        "functions": [
            "max",
            "min",
            "mean",
            "add",
            "subtract",
            "bitwise_not",
            "bitwise_or",
            "bitwise_and",
            "bitwise_and_mask",
            "bitwise_xor",
            "sqrt",
            "pow2",
            "exp",
            "log",
            "median_blur",
            "gaussian_blur",
            "laplacian",
            "sobel",
            "robert_cross",
            "canny",
            "sharpen",
            "gabor",
            "abs_diff",
            "abs_diff2",
            "fluo_tophat",
            "rel_diff",
            "erode",
            "dilate",
            "open",
            "close",
            "morph_gradient",
            "morph_tophat",
            "morph_blackhat",
            "fill_holes",
            "remove_small_objects",
            "remove_small_holes",
            "threshold",
            "threshold_at_1",
            "distance_transform",
            "distance_transform_and_thresh",
            "inrange_bin",
            "inrange"
        ],
        "endpoint": {
            "name": "W",
            "abbv": "WSHD",
            "arity": 2,
            "p": 0,
            "kwargs": {
                "use_dt": false,
                "markers_distance": 21,
                "markers_area": null
            }
        },
        "mode": "default"
    }
}