{
    "dataset": {
        "name": "CIL",
        "label_name": "neuron",
        "indices": [
            71,
            57,
            45,
            66,
            82,
            34,
            60,
            28,
            77,
            46,
            68,
            72,
            69,
            14,
            25,
            70,
            52,
            16,
            40,
            75,
            88,
            81,
            4,
            74,
            49,
            31,
            54,
            32,
            36,
            8,
            53,
            11,
            15,
            51,
            37,
            39,
            80,
            33,
            2,
            21,
            1,
            87,
            9,
            38,
            67,
            30,
            55,
            61,
            29,
            7
        ]
    },
    "individual": {
        "sequence": "[[0, 0, 0, 0, 0], [0, 0, 0, 0, 0], [3, 0, 0, 185, 132], [28, 1, 1, 22, 195], [36, 3, 3, 9, 36], [35, 0, 2, 130, 226], [7, 5, 0, 8, 135], [0, 6, 3, 245, 120], [2, 2, 7, 214, 85], [15, 6, 6, 21, 239], [4, 8, 9, 244, 80], [11, 1, 2, 38, 214], [24, 10, 2, 238, 152], [11, 12, 8, 170, 14], [22, 8, 6, 17, 29], [36, 4, 13, 125, 75], [4, 15, 0, 16, 231], [7, 1, 2, 52, 72], [23, 5, 7, 218, 92], [39, 4, 16, 178, 214], [1, 7, 11, 191, 17], [3, 8, 8, 117, 244], [12, 2, 2, 87, 23], [19, 11, 16, 75, 16], [9, 9, 2, 11, 135], [28, 1, 23, 11, 95], [10, 3, 1, 227, 171], [17, 18, 3, 253, 95], [4, 4, 14, 173, 41], [5, 23, 10, 27, 154], [3, 21, 3, 234, 15], [27, 9, 1, 9, 107], [0, 13, 0, 0, 0], [0, 16, 0, 0, 0]]",
        "fitness": {
            "fitness": 0.14069122433662415,
            "time": 0.04790596008300781
        }
    },
    "decoding": {
        "metadata": {
            "rows": 1,
            "columns": 30,
            "n_in": 2,
            "n_out": 2,
            "n_para": 2,
            "n_conn": 2
        },
        "functions": [
            "max",
            "min",
            "mean",
            "add",
            "subtract",
            "bitwise_not",
            "bitwise_or",
            "bitwise_and",
            "bitwise_and_mask",
            "bitwise_xor",
            "sqrt",
            "pow2",
            "exp",
            "log",
            "median_blur",
            "gaussian_blur",
            "laplacian",
            "sobel",
            "robert_cross",
            "canny",
            "sharpen",
            "gabor",
            "abs_diff",
            "abs_diff2",
            "fluo_tophat",
            "rel_diff",
            "erode",
            "dilate",
            "open",
            "close",
            "morph_gradient",
            "morph_tophat",
            "morph_blackhat",
            "fill_holes",
            "remove_small_objects",
            "remove_small_holes",
            "threshold",
            "threshold_at_1",
            "distance_transform",
            "distance_transform_and_thresh",
            "inrange_bin",
            "inrange"
        ],
        "endpoint": {
            "name": "W",
            "abbv": "WSHD",
            "arity": 2,
            "p": 0,
            "kwargs": {
                "use_dt": false,
                "markers_distance": 21,
                "markers_area": null
            }
        },
        "mode": "default"
    }
}