{
    "dataset": {
        "name": "CIL",
        "label_name": "neuron",
        "indices": [
            87,
            50,
            46,
            37,
            54,
            39,
            10,
            35,
            1,
            69,
            83,
            12,
            73,
            67,
            68,
            26,
            2,
            7,
            47,
            16
        ]
    },
    "individual": {
        "sequence": "[[0, 0, 0, 0, 0], [0, 0, 0, 0, 0], [28, 1, 1, 36, 84], [3, 0, 2, 194, 7], [12, 3, 3, 6, 42], [32, 0, 2, 90, 165], [9, 5, 5, 133, 191], [11, 6, 3, 43, 99], [35, 4, 0, 110, 67], [40, 2, 4, 34, 219], [24, 3, 4, 31, 19], [6, 4, 6, 135, 71], [37, 10, 11, 251, 187], [15, 7, 4, 123, 70], [10, 9, 9, 104, 93], [18, 12, 4, 205, 252], [12, 0, 5, 221, 211], [4, 11, 15, 138, 123], [3, 13, 16, 139, 74], [17, 0, 13, 117, 135], [23, 10, 1, 40, 1], [23, 1, 20, 218, 19], [41, 3, 19, 220, 127], [0, 18, 9, 147, 201], [3, 12, 16, 31, 31], [30, 9, 2, 85, 168], [31, 24, 7, 7, 7], [11, 24, 22, 33, 178], [0, 14, 10, 127, 201], [5, 4, 12, 116, 244], [21, 2, 3, 53, 49], [19, 7, 1, 229, 203], [0, 27, 0, 0, 0], [0, 9, 0, 0, 0]]",
        "fitness": {
            "fitness": 0.11513603627681732,
            "time": 0.04521487951278687
        }
    },
    "decoding": {
        "metadata": {
            "rows": 1,
            "columns": 30,
            "n_in": 2,
            "n_out": 2,
            "n_para": 2,
            "n_conn": 2
        },
        "functions": [
            "max",
            "min",
            "mean",
            "add",
            "subtract",
            "bitwise_not",
            "bitwise_or",
            "bitwise_and",
            "bitwise_and_mask",
            "bitwise_xor",
            "sqrt",
            "pow2",
            "exp",
            "log",
            "median_blur",
            "gaussian_blur",
            "laplacian",
            "sobel",
            "robert_cross",
            "canny",
            "sharpen",
            "gabor",
            "abs_diff",
            "abs_diff2",
            "fluo_tophat",
            "rel_diff",
            "erode",
            "dilate",
            "open",
            "close",
            "morph_gradient",
            "morph_tophat",
            "morph_blackhat",
            "fill_holes",
            "remove_small_objects",
            "remove_small_holes",
            "threshold",
            "threshold_at_1",
            "distance_transform",
            "distance_transform_and_thresh",
            "inrange_bin",
            "inrange"
        ],
        "endpoint": {
            "name": "W",
            "abbv": "WSHD",
            "arity": 2,
            "p": 0,
            "kwargs": {
                "use_dt": false,
                "markers_distance": 21,
                "markers_area": null
            }
        },
        "mode": "default"
    }
}