{
    "dataset": {
        "name": "CIL",
        "label_name": "neuron",
        "indices": [
            30,
            75,
            11,
            47,
            65,
            68,
            41,
            12,
            9,
            87,
            6,
            72
        ]
    },
    "individual": {
        "sequence": "[[0, 0, 0, 0, 0], [0, 0, 0, 0, 0], [4, 1, 0, 169, 228], [2, 1, 2, 188, 77], [19, 1, 3, 164, 11], [28, 1, 2, 8, 23], [0, 0, 5, 198, 108], [30, 5, 4, 232, 30], [40, 6, 1, 215, 39], [6, 5, 0, 76, 182], [4, 3, 9, 134, 84], [8, 0, 6, 165, 204], [20, 10, 0, 195, 216], [26, 5, 8, 215, 116], [34, 10, 3, 35, 124], [5, 2, 7, 225, 90], [23, 15, 3, 242, 100], [2, 0, 15, 8, 122], [41, 0, 9, 227, 11], [12, 2, 12, 252, 201], [16, 15, 4, 158, 77], [16, 14, 5, 176, 93], [17, 19, 9, 235, 42], [23, 2, 11, 227, 217], [10, 0, 9, 88, 9], [41, 8, 15, 95, 195], [31, 16, 25, 70, 173], [7, 2, 8, 157, 167], [36, 13, 22, 200, 68], [37, 28, 25, 240, 230], [16, 27, 26, 117, 16], [23, 4, 15, 116, 203], [0, 18, 0, 0, 0], [0, 30, 0, 0, 0]]",
        "fitness": {
            "fitness": 0.1560598909854889,
            "time": 0.03292196989059448
        }
    },
    "decoding": {
        "metadata": {
            "rows": 1,
            "columns": 30,
            "n_in": 2,
            "n_out": 2,
            "n_para": 2,
            "n_conn": 2
        },
        "functions": [
            "max",
            "min",
            "mean",
            "add",
            "subtract",
            "bitwise_not",
            "bitwise_or",
            "bitwise_and",
            "bitwise_and_mask",
            "bitwise_xor",
            "sqrt",
            "pow2",
            "exp",
            "log",
            "median_blur",
            "gaussian_blur",
            "laplacian",
            "sobel",
            "robert_cross",
            "canny",
            "sharpen",
            "gabor",
            "abs_diff",
            "abs_diff2",
            "fluo_tophat",
            "rel_diff",
            "erode",
            "dilate",
            "open",
            "close",
            "morph_gradient",
            "morph_tophat",
            "morph_blackhat",
            "fill_holes",
            "remove_small_objects",
            "remove_small_holes",
            "threshold",
            "threshold_at_1",
            "distance_transform",
            "distance_transform_and_thresh",
            "inrange_bin",
            "inrange"
        ],
        "endpoint": {
            "name": "Marker-Based Watershed",
            "abbv": "WSHD",
            "arity": 2,
            "p": 0,
            "kwargs": {
                "use_dt": false,
                "markers_distance": 21,
                "markers_area": null
            }
        },
        "mode": "default"
    }
}