{
    "dataset": {
        "name": "Tumor",
        "label_name": "tumor",
        "indices": null
    },
    "individual": {
        "sequence": "[[0, 0, 0, 0, 0], [0, 0, 0, 0, 0], [0, 0, 0, 0, 0], [11, 2, 0, 147, 91], [40, 0, 0, 52, 23], [24, 1, 1, 140, 249], [7, 5, 4, 195, 67], [19, 6, 0, 142, 185], [2, 5, 7, 208, 166], [40, 1, 4, 167, 46], [4, 9, 8, 75, 23], [31, 0, 0, 158, 87], [12, 0, 4, 228, 67], [28, 12, 3, 204, 151], [31, 0, 7, 214, 74], [7, 4, 0, 165, 128], [37, 11, 3, 64, 32], [34, 5, 1, 16, 157], [34, 1, 16, 245, 137], [3, 10, 18, 186, 86], [26, 19, 1, 156, 179], [4, 8, 12, 177, 203], [32, 10, 19, 233, 67], [7, 14, 12, 168, 131], [15, 3, 14, 54, 216], [3, 4, 17, 136, 140], [34, 0, 15, 73, 232], [14, 21, 0, 238, 179], [0, 24, 16, 155, 174], [8, 14, 21, 58, 116], [29, 21, 24, 204, 31], [31, 6, 5, 75, 251], [34, 30, 21, 163, 162], [0, 30, 0, 0, 0]]",
        "fitness": {
            "fitness": 0.12385815959094036,
            "time": 0.06082387765248617
        }
    },
    "decoding": {
        "metadata": {
            "rows": 1,
            "columns": 30,
            "n_in": 3,
            "n_out": 1,
            "n_para": 2,
            "n_conn": 2
        },
        "functions": [
            "max",
            "min",
            "mean",
            "add",
            "subtract",
            "bitwise_not",
            "bitwise_or",
            "bitwise_and",
            "bitwise_and_mask",
            "bitwise_xor",
            "sqrt",
            "pow2",
            "exp",
            "log",
            "median_blur",
            "gaussian_blur",
            "laplacian",
            "sobel",
            "robert_cross",
            "canny",
            "sharpen",
            "gabor",
            "abs_diff",
            "abs_diff2",
            "fluo_tophat",
            "rel_diff",
            "erode",
            "dilate",
            "open",
            "close",
            "morph_gradient",
            "morph_tophat",
            "morph_blackhat",
            "fill_holes",
            "remove_small_objects",
            "remove_small_holes",
            "threshold",
            "threshold_at_1",
            "distance_transform",
            "distance_transform_and_thresh",
            "inrange_bin",
            "inrange"
        ],
        "endpoint": {
            "name": "Threshold (t=4)",
            "abbv": "TRSH",
            "arity": 1,
            "p": 0,
            "kwargs": {
                "threshold": 4
            }
        },
        "mode": "default"
    }
}