{
    "dataset": {
        "name": "CIL",
        "label_name": "neuron",
        "indices": [
            52,
            10,
            60,
            14,
            63,
            16,
            11,
            30,
            5,
            45,
            68,
            74,
            47
        ]
    },
    "individual": {
        "sequence": "[[0, 0, 0, 0, 0], [0, 0, 0, 0, 0], [1, 1, 0, 11, 125], [4, 0, 1, 231, 8], [3, 2, 0, 110, 207], [11, 4, 0, 253, 239], [14, 3, 1, 144, 15], [14, 3, 2, 167, 120], [23, 1, 2, 236, 20], [18, 4, 5, 166, 0], [26, 5, 2, 241, 146], [15, 7, 5, 241, 74], [35, 5, 4, 224, 18], [37, 4, 12, 48, 150], [19, 1, 8, 54, 141], [0, 0, 14, 237, 85], [23, 4, 14, 230, 180], [31, 16, 15, 4, 240], [16, 14, 16, 173, 230], [38, 11, 16, 140, 80], [4, 1, 16, 59, 123], [8, 18, 3, 88, 167], [32, 12, 0, 34, 151], [9, 10, 5, 161, 205], [10, 14, 19, 202, 67], [34, 8, 12, 84, 30], [18, 14, 7, 154, 37], [30, 4, 18, 29, 138], [7, 2, 10, 110, 105], [31, 19, 13, 145, 124], [18, 25, 10, 176, 210], [19, 21, 5, 126, 63], [0, 5, 0, 0, 0], [0, 26, 0, 0, 0]]",
        "fitness": {
            "fitness": 0.16227582326302162,
            "time": 0.03143431590153621
        }
    },
    "decoding": {
        "metadata": {
            "rows": 1,
            "columns": 30,
            "n_in": 2,
            "n_out": 2,
            "n_para": 2,
            "n_conn": 2
        },
        "functions": [
            "max",
            "min",
            "mean",
            "add",
            "subtract",
            "bitwise_not",
            "bitwise_or",
            "bitwise_and",
            "bitwise_and_mask",
            "bitwise_xor",
            "sqrt",
            "pow2",
            "exp",
            "log",
            "median_blur",
            "gaussian_blur",
            "laplacian",
            "sobel",
            "robert_cross",
            "canny",
            "sharpen",
            "gabor",
            "abs_diff",
            "abs_diff2",
            "fluo_tophat",
            "rel_diff",
            "erode",
            "dilate",
            "open",
            "close",
            "morph_gradient",
            "morph_tophat",
            "morph_blackhat",
            "fill_holes",
            "remove_small_objects",
            "remove_small_holes",
            "threshold",
            "threshold_at_1",
            "distance_transform",
            "distance_transform_and_thresh",
            "inrange_bin",
            "inrange"
        ],
        "endpoint": {
            "name": "Marker-Based Watershed",
            "abbv": "WSHD",
            "arity": 2,
            "p": 0,
            "kwargs": {
                "use_dt": false,
                "markers_distance": 21,
                "markers_area": null
            }
        },
        "mode": "default"
    }
}