{
    "dataset": {
        "name": "CIL",
        "label_name": "neuron",
        "indices": [
            82,
            86,
            85,
            3,
            45,
            52,
            23,
            48,
            46,
            60,
            61,
            33,
            31,
            62,
            65,
            57,
            24,
            35,
            87,
            38,
            21,
            9,
            68,
            4,
            55
        ]
    },
    "individual": {
        "sequence": "[[0, 0, 0, 0, 0], [0, 0, 0, 0, 0], [19, 1, 1, 15, 145], [26, 1, 1, 48, 63], [37, 2, 2, 178, 244], [35, 1, 4, 60, 134], [19, 1, 4, 43, 220], [15, 3, 2, 1, 96], [31, 7, 0, 180, 137], [31, 0, 0, 188, 53], [25, 2, 9, 216, 35], [13, 8, 8, 178, 173], [39, 11, 4, 15, 80], [9, 12, 9, 249, 225], [41, 5, 5, 220, 11], [9, 5, 13, 238, 198], [25, 4, 8, 140, 18], [32, 11, 1, 98, 66], [25, 11, 10, 97, 142], [2, 13, 0, 38, 65], [11, 10, 7, 14, 117], [19, 20, 13, 76, 127], [11, 6, 12, 88, 88], [37, 11, 21, 210, 180], [13, 19, 20, 84, 112], [2, 19, 7, 76, 122], [6, 10, 21, 59, 207], [40, 24, 11, 74, 238], [5, 21, 26, 244, 68], [40, 10, 7, 1, 48], [9, 4, 2, 112, 43], [2, 24, 6, 166, 32], [0, 31, 0, 0, 0], [0, 23, 0, 0, 0]]",
        "fitness": {
            "fitness": 0.1465246272087097,
            "time": 0.05013907432556152
        }
    },
    "decoding": {
        "metadata": {
            "rows": 1,
            "columns": 30,
            "n_in": 2,
            "n_out": 2,
            "n_para": 2,
            "n_conn": 2
        },
        "functions": [
            "max",
            "min",
            "mean",
            "add",
            "subtract",
            "bitwise_not",
            "bitwise_or",
            "bitwise_and",
            "bitwise_and_mask",
            "bitwise_xor",
            "sqrt",
            "pow2",
            "exp",
            "log",
            "median_blur",
            "gaussian_blur",
            "laplacian",
            "sobel",
            "robert_cross",
            "canny",
            "sharpen",
            "gabor",
            "abs_diff",
            "abs_diff2",
            "fluo_tophat",
            "rel_diff",
            "erode",
            "dilate",
            "open",
            "close",
            "morph_gradient",
            "morph_tophat",
            "morph_blackhat",
            "fill_holes",
            "remove_small_objects",
            "remove_small_holes",
            "threshold",
            "threshold_at_1",
            "distance_transform",
            "distance_transform_and_thresh",
            "inrange_bin",
            "inrange"
        ],
        "endpoint": {
            "name": "W",
            "abbv": "WSHD",
            "arity": 2,
            "p": 0,
            "kwargs": {
                "use_dt": false,
                "markers_distance": 21,
                "markers_area": null
            }
        },
        "mode": "default"
    }
}