{
    "dataset": {
        "name": "CIL",
        "label_name": "neuron",
        "indices": [
            69,
            70,
            27,
            12
        ]
    },
    "individual": {
        "sequence": "[[0, 0, 0, 0, 0], [0, 0, 0, 0, 0], [19, 1, 0, 211, 12], [11, 1, 2, 17, 143], [16, 2, 1, 133, 127], [29, 4, 0, 141, 137], [12, 0, 5, 46, 68], [33, 2, 5, 132, 176], [4, 7, 1, 158, 40], [15, 3, 7, 88, 165], [29, 3, 8, 46, 93], [41, 6, 0, 7, 203], [3, 9, 0, 200, 201], [32, 4, 12, 108, 11], [23, 5, 13, 50, 0], [2, 11, 4, 12, 249], [24, 8, 6, 32, 243], [38, 2, 6, 28, 39], [29, 13, 10, 189, 150], [9, 2, 15, 53, 32], [18, 6, 0, 73, 88], [26, 16, 11, 124, 29], [24, 19, 16, 181, 79], [13, 12, 4, 185, 241], [11, 1, 4, 243, 255], [18, 16, 3, 242, 64], [4, 20, 21, 177, 117], [2, 5, 8, 129, 50], [40, 10, 25, 222, 157], [40, 17, 6, 80, 246], [24, 19, 20, 65, 2], [8, 28, 12, 232, 24], [0, 30, 0, 0, 0], [0, 25, 0, 0, 0]]",
        "fitness": {
            "fitness": 0.10412269830703735,
            "time": 0.06967520713806152
        }
    },
    "decoding": {
        "metadata": {
            "rows": 1,
            "columns": 30,
            "n_in": 2,
            "n_out": 2,
            "n_para": 2,
            "n_conn": 2
        },
        "functions": [
            "max",
            "min",
            "mean",
            "add",
            "subtract",
            "bitwise_not",
            "bitwise_or",
            "bitwise_and",
            "bitwise_and_mask",
            "bitwise_xor",
            "sqrt",
            "pow2",
            "exp",
            "log",
            "median_blur",
            "gaussian_blur",
            "laplacian",
            "sobel",
            "robert_cross",
            "canny",
            "sharpen",
            "gabor",
            "abs_diff",
            "abs_diff2",
            "fluo_tophat",
            "rel_diff",
            "erode",
            "dilate",
            "open",
            "close",
            "morph_gradient",
            "morph_tophat",
            "morph_blackhat",
            "fill_holes",
            "remove_small_objects",
            "remove_small_holes",
            "threshold",
            "threshold_at_1",
            "distance_transform",
            "distance_transform_and_thresh",
            "inrange_bin",
            "inrange"
        ],
        "endpoint": {
            "name": "W",
            "abbv": "WSHD",
            "arity": 2,
            "p": 0,
            "kwargs": {
                "use_dt": false,
                "markers_distance": 21,
                "markers_area": null
            }
        },
        "mode": "default"
    }
}