{
    "dataset": {
        "name": "CIL",
        "label_name": "neuron",
        "indices": [
            57,
            16,
            4,
            55,
            72,
            12,
            66,
            36,
            58,
            30,
            24,
            5,
            6,
            79,
            49,
            84,
            76,
            18,
            23,
            32,
            19,
            48,
            61,
            31,
            78,
            51,
            10,
            34,
            40,
            59,
            22,
            35,
            63,
            60,
            45,
            75,
            43,
            39,
            47,
            85
        ]
    },
    "individual": {
        "sequence": "[[0, 0, 0, 0, 0], [0, 0, 0, 0, 0], [19, 0, 1, 33, 237], [9, 2, 1, 106, 168], [30, 3, 0, 148, 117], [36, 0, 3, 130, 7], [7, 3, 1, 201, 102], [8, 3, 5, 153, 5], [2, 7, 5, 111, 30], [35, 6, 5, 102, 107], [36, 6, 7, 225, 40], [1, 5, 6, 13, 128], [12, 6, 1, 150, 227], [11, 2, 0, 72, 177], [41, 7, 2, 236, 255], [1, 6, 14, 118, 104], [11, 2, 11, 16, 83], [26, 14, 0, 34, 76], [33, 0, 10, 61, 13], [3, 6, 1, 24, 121], [15, 10, 15, 214, 24], [35, 2, 16, 230, 100], [14, 21, 13, 104, 175], [13, 1, 21, 133, 18], [39, 17, 16, 149, 69], [8, 5, 20, 25, 109], [3, 5, 10, 220, 151], [18, 20, 24, 68, 213], [30, 5, 9, 255, 30], [14, 10, 8, 21, 102], [13, 14, 6, 159, 106], [13, 14, 23, 216, 133], [0, 8, 0, 0, 0], [0, 29, 0, 0, 0]]",
        "fitness": {
            "fitness": 0.1337272122502327,
            "time": 0.03242429494857788
        }
    },
    "decoding": {
        "metadata": {
            "rows": 1,
            "columns": 30,
            "n_in": 2,
            "n_out": 2,
            "n_para": 2,
            "n_conn": 2
        },
        "functions": [
            "max",
            "min",
            "mean",
            "add",
            "subtract",
            "bitwise_not",
            "bitwise_or",
            "bitwise_and",
            "bitwise_and_mask",
            "bitwise_xor",
            "sqrt",
            "pow2",
            "exp",
            "log",
            "median_blur",
            "gaussian_blur",
            "laplacian",
            "sobel",
            "robert_cross",
            "canny",
            "sharpen",
            "gabor",
            "abs_diff",
            "abs_diff2",
            "fluo_tophat",
            "rel_diff",
            "erode",
            "dilate",
            "open",
            "close",
            "morph_gradient",
            "morph_tophat",
            "morph_blackhat",
            "fill_holes",
            "remove_small_objects",
            "remove_small_holes",
            "threshold",
            "threshold_at_1",
            "distance_transform",
            "distance_transform_and_thresh",
            "inrange_bin",
            "inrange"
        ],
        "endpoint": {
            "name": "Marker-Based Watershed",
            "abbv": "WSHD",
            "arity": 2,
            "args": 0,
            "kwargs": {
                "use_dt": false,
                "markers_distance": 21,
                "markers_area": null
            }
        },
        "mode": "default"
    }
}