{
    "dataset": {
        "name": "CIL",
        "label_name": "neuron",
        "indices": [
            12,
            71,
            47,
            85,
            61,
            15,
            57
        ]
    },
    "individual": {
        "sequence": "[[0, 0, 0, 0, 0], [0, 0, 0, 0, 0], [14, 0, 0, 70, 28], [27, 0, 0, 133, 206], [31, 0, 3, 201, 206], [7, 3, 3, 198, 139], [6, 5, 5, 193, 127], [2, 4, 2, 4, 220], [26, 3, 6, 123, 146], [13, 1, 2, 202, 252], [20, 4, 6, 177, 43], [26, 8, 0, 218, 30], [7, 0, 6, 95, 216], [0, 5, 9, 193, 131], [41, 1, 9, 33, 252], [33, 14, 7, 88, 250], [17, 15, 4, 199, 200], [32, 5, 9, 3, 195], [10, 0, 9, 196, 94], [41, 16, 11, 121, 22], [18, 15, 13, 86, 0], [28, 18, 18, 9, 121], [1, 4, 12, 42, 89], [8, 18, 1, 31, 76], [12, 18, 13, 78, 136], [2, 14, 10, 102, 45], [33, 13, 22, 119, 153], [39, 15, 18, 79, 188], [36, 26, 9, 70, 116], [36, 14, 24, 63, 151], [30, 11, 14, 242, 241], [38, 11, 23, 132, 41], [0, 25, 0, 0, 0], [0, 27, 0, 0, 0]]",
        "fitness": {
            "fitness": 0.12112277746200562,
            "time": 0.02810229573931013
        }
    },
    "decoding": {
        "metadata": {
            "rows": 1,
            "columns": 30,
            "n_in": 2,
            "n_out": 2,
            "n_para": 2,
            "n_conn": 2
        },
        "functions": [
            "max",
            "min",
            "mean",
            "add",
            "subtract",
            "bitwise_not",
            "bitwise_or",
            "bitwise_and",
            "bitwise_and_mask",
            "bitwise_xor",
            "sqrt",
            "pow2",
            "exp",
            "log",
            "median_blur",
            "gaussian_blur",
            "laplacian",
            "sobel",
            "robert_cross",
            "canny",
            "sharpen",
            "gabor",
            "abs_diff",
            "abs_diff2",
            "fluo_tophat",
            "rel_diff",
            "erode",
            "dilate",
            "open",
            "close",
            "morph_gradient",
            "morph_tophat",
            "morph_blackhat",
            "fill_holes",
            "remove_small_objects",
            "remove_small_holes",
            "threshold",
            "threshold_at_1",
            "distance_transform",
            "distance_transform_and_thresh",
            "inrange_bin",
            "inrange"
        ],
        "endpoint": {
            "name": "W",
            "abbv": "WSHD",
            "arity": 2,
            "p": 0,
            "kwargs": {
                "use_dt": false,
                "markers_distance": 21,
                "markers_area": null
            }
        },
        "mode": "default"
    }
}