{
    "dataset": {
        "name": "CIL",
        "label_name": "neuron",
        "indices": [
            65,
            59,
            69,
            46
        ]
    },
    "individual": {
        "sequence": "[[0, 0, 0, 0, 0], [0, 0, 0, 0, 0], [11, 0, 0, 92, 13], [11, 1, 1, 234, 77], [36, 1, 2, 4, 20], [27, 3, 4, 27, 54], [35, 3, 3, 12, 83], [20, 3, 5, 146, 145], [14, 7, 2, 39, 100], [1, 4, 1, 61, 169], [36, 4, 3, 220, 235], [37, 8, 4, 59, 77], [34, 2, 6, 109, 112], [23, 11, 10, 55, 239], [25, 10, 9, 3, 114], [7, 7, 11, 13, 142], [10, 4, 10, 165, 213], [39, 12, 0, 249, 62], [23, 7, 15, 73, 142], [24, 12, 11, 171, 196], [24, 8, 16, 76, 156], [26, 1, 9, 101, 203], [17, 15, 12, 60, 58], [18, 10, 0, 118, 111], [30, 8, 13, 22, 95], [2, 3, 16, 85, 16], [18, 12, 10, 148, 113], [0, 17, 17, 23, 22], [12, 14, 13, 144, 240], [26, 25, 0, 134, 174], [35, 11, 7, 183, 155], [6, 22, 2, 71, 252], [0, 31, 0, 0, 0], [0, 15, 0, 0, 0]]",
        "fitness": {
            "fitness": 0.20749720931053162,
            "time": 0.038896024227142334
        }
    },
    "decoding": {
        "metadata": {
            "rows": 1,
            "columns": 30,
            "n_in": 2,
            "n_out": 2,
            "n_para": 2,
            "n_conn": 2
        },
        "functions": [
            "max",
            "min",
            "mean",
            "add",
            "subtract",
            "bitwise_not",
            "bitwise_or",
            "bitwise_and",
            "bitwise_and_mask",
            "bitwise_xor",
            "sqrt",
            "pow2",
            "exp",
            "log",
            "median_blur",
            "gaussian_blur",
            "laplacian",
            "sobel",
            "robert_cross",
            "canny",
            "sharpen",
            "gabor",
            "abs_diff",
            "abs_diff2",
            "fluo_tophat",
            "rel_diff",
            "erode",
            "dilate",
            "open",
            "close",
            "morph_gradient",
            "morph_tophat",
            "morph_blackhat",
            "fill_holes",
            "remove_small_objects",
            "remove_small_holes",
            "threshold",
            "threshold_at_1",
            "distance_transform",
            "distance_transform_and_thresh",
            "inrange_bin",
            "inrange"
        ],
        "endpoint": {
            "name": "W",
            "abbv": "WSHD",
            "arity": 2,
            "p": 0,
            "kwargs": {
                "use_dt": false,
                "markers_distance": 21,
                "markers_area": null
            }
        },
        "mode": "default"
    }
}