{
    "dataset": {
        "name": "CIL",
        "label_name": "neuron",
        "indices": [
            70,
            14,
            7,
            73,
            6,
            45,
            62,
            38,
            71,
            81,
            41,
            61,
            31,
            67,
            13,
            30,
            42,
            74,
            37,
            9,
            60,
            25,
            11,
            56,
            16,
            22,
            52,
            43,
            15,
            78,
            40,
            79,
            32,
            34,
            17,
            5,
            69,
            48,
            53,
            75
        ]
    },
    "individual": {
        "sequence": "[[0, 0, 0, 0, 0], [0, 0, 0, 0, 0], [3, 0, 0, 5, 81], [11, 2, 1, 117, 18], [16, 2, 2, 95, 228], [20, 1, 1, 202, 214], [18, 3, 5, 73, 214], [39, 0, 2, 51, 238], [41, 5, 2, 252, 39], [11, 8, 2, 217, 164], [36, 0, 5, 241, 6], [33, 0, 8, 100, 27], [15, 6, 6, 143, 62], [15, 9, 11, 97, 149], [41, 12, 1, 242, 29], [25, 14, 12, 177, 80], [3, 8, 0, 11, 33], [1, 12, 8, 95, 208], [9, 4, 8, 235, 172], [35, 14, 3, 117, 88], [3, 16, 10, 28, 149], [40, 18, 19, 252, 191], [13, 19, 10, 214, 31], [16, 15, 16, 123, 181], [4, 14, 23, 211, 255], [9, 16, 4, 188, 234], [0, 21, 3, 218, 180], [18, 11, 7, 228, 76], [34, 8, 24, 28, 153], [19, 21, 3, 10, 92], [30, 8, 3, 69, 179], [16, 30, 6, 132, 99], [0, 26, 0, 0, 0], [0, 28, 0, 0, 0]]",
        "fitness": {
            "fitness": 0.1317026510834694,
            "time": 0.037440329790115356
        }
    },
    "decoding": {
        "metadata": {
            "rows": 1,
            "columns": 30,
            "n_in": 2,
            "n_out": 2,
            "n_para": 2,
            "n_conn": 2
        },
        "functions": [
            "max",
            "min",
            "mean",
            "add",
            "subtract",
            "bitwise_not",
            "bitwise_or",
            "bitwise_and",
            "bitwise_and_mask",
            "bitwise_xor",
            "sqrt",
            "pow2",
            "exp",
            "log",
            "median_blur",
            "gaussian_blur",
            "laplacian",
            "sobel",
            "robert_cross",
            "canny",
            "sharpen",
            "gabor",
            "abs_diff",
            "abs_diff2",
            "fluo_tophat",
            "rel_diff",
            "erode",
            "dilate",
            "open",
            "close",
            "morph_gradient",
            "morph_tophat",
            "morph_blackhat",
            "fill_holes",
            "remove_small_objects",
            "remove_small_holes",
            "threshold",
            "threshold_at_1",
            "distance_transform",
            "distance_transform_and_thresh",
            "inrange_bin",
            "inrange"
        ],
        "endpoint": {
            "name": "Marker-Based Watershed",
            "abbv": "WSHD",
            "arity": 2,
            "args": 0,
            "kwargs": {
                "use_dt": false,
                "markers_distance": 21,
                "markers_area": null
            }
        },
        "mode": "default"
    }
}