{
    "dataset": {
        "name": "CIL",
        "label_name": "neuron",
        "indices": [
            51,
            14,
            86,
            16,
            19,
            50,
            31,
            78,
            75,
            28,
            5,
            47
        ]
    },
    "individual": {
        "sequence": "[[0, 0, 0, 0, 0], [0, 0, 0, 0, 0], [3, 0, 1, 8, 219], [10, 2, 1, 65, 4], [18, 0, 2, 83, 136], [24, 3, 1, 32, 11], [40, 1, 0, 40, 193], [1, 2, 1, 236, 107], [12, 0, 7, 163, 248], [3, 5, 4, 231, 39], [1, 4, 0, 139, 242], [15, 6, 4, 136, 243], [23, 8, 7, 141, 221], [16, 10, 11, 117, 46], [32, 0, 6, 27, 142], [38, 3, 2, 140, 89], [9, 1, 6, 168, 122], [11, 9, 15, 151, 149], [23, 13, 0, 56, 245], [3, 17, 6, 59, 2], [41, 10, 11, 60, 242], [33, 8, 6, 162, 215], [17, 2, 11, 34, 4], [13, 14, 21, 241, 53], [12, 13, 2, 159, 208], [5, 5, 11, 188, 216], [40, 17, 0, 33, 173], [11, 4, 0, 209, 114], [7, 10, 11, 236, 114], [34, 6, 22, 8, 159], [0, 27, 2, 60, 186], [31, 26, 24, 51, 206], [0, 19, 0, 0, 0], [0, 29, 0, 0, 0]]",
        "fitness": {
            "fitness": 0.09943435589472453,
            "time": 0.04979060093561808
        }
    },
    "decoding": {
        "metadata": {
            "rows": 1,
            "columns": 30,
            "n_in": 2,
            "n_out": 2,
            "n_para": 2,
            "n_conn": 2
        },
        "functions": [
            "max",
            "min",
            "mean",
            "add",
            "subtract",
            "bitwise_not",
            "bitwise_or",
            "bitwise_and",
            "bitwise_and_mask",
            "bitwise_xor",
            "sqrt",
            "pow2",
            "exp",
            "log",
            "median_blur",
            "gaussian_blur",
            "laplacian",
            "sobel",
            "robert_cross",
            "canny",
            "sharpen",
            "gabor",
            "abs_diff",
            "abs_diff2",
            "fluo_tophat",
            "rel_diff",
            "erode",
            "dilate",
            "open",
            "close",
            "morph_gradient",
            "morph_tophat",
            "morph_blackhat",
            "fill_holes",
            "remove_small_objects",
            "remove_small_holes",
            "threshold",
            "threshold_at_1",
            "distance_transform",
            "distance_transform_and_thresh",
            "inrange_bin",
            "inrange"
        ],
        "endpoint": {
            "name": "Marker-Based Watershed",
            "abbv": "WSHD",
            "arity": 2,
            "p": 0,
            "kwargs": {
                "use_dt": false,
                "markers_distance": 21,
                "markers_area": null
            }
        },
        "mode": "default"
    }
}