{
    "dataset": {
        "name": "CIL",
        "label_name": "neuron",
        "indices": [
            80
        ]
    },
    "individual": {
        "sequence": "[[0, 0, 0, 0, 0], [0, 0, 0, 0, 0], [27, 0, 1, 240, 155], [9, 2, 1, 101, 177], [29, 3, 3, 97, 35], [27, 4, 4, 130, 82], [8, 0, 3, 9, 62], [21, 2, 3, 152, 181], [32, 1, 4, 47, 13], [33, 2, 7, 60, 62], [28, 0, 4, 215, 154], [40, 6, 6, 207, 12], [39, 2, 0, 7, 211], [28, 11, 4, 36, 222], [9, 3, 6, 221, 245], [37, 5, 7, 92, 183], [1, 4, 2, 119, 50], [12, 4, 14, 46, 143], [40, 5, 16, 236, 98], [6, 12, 11, 14, 233], [33, 2, 8, 226, 161], [4, 16, 14, 105, 222], [27, 16, 11, 213, 187], [6, 14, 14, 250, 92], [12, 1, 23, 96, 64], [12, 4, 21, 98, 233], [23, 2, 7, 250, 210], [36, 8, 6, 194, 213], [1, 25, 14, 208, 50], [33, 19, 4, 195, 194], [39, 12, 19, 215, 29], [12, 27, 13, 238, 89], [0, 13, 0, 0, 0], [0, 13, 0, 0, 0]]",
        "fitness": {
            "fitness": 0.29411762952804565,
            "time": 0.008436441421508789
        }
    },
    "decoding": {
        "metadata": {
            "rows": 1,
            "columns": 30,
            "n_in": 2,
            "n_out": 2,
            "n_para": 2,
            "n_conn": 2
        },
        "functions": [
            "max",
            "min",
            "mean",
            "add",
            "subtract",
            "bitwise_not",
            "bitwise_or",
            "bitwise_and",
            "bitwise_and_mask",
            "bitwise_xor",
            "sqrt",
            "pow2",
            "exp",
            "log",
            "median_blur",
            "gaussian_blur",
            "laplacian",
            "sobel",
            "robert_cross",
            "canny",
            "sharpen",
            "gabor",
            "abs_diff",
            "abs_diff2",
            "fluo_tophat",
            "rel_diff",
            "erode",
            "dilate",
            "open",
            "close",
            "morph_gradient",
            "morph_tophat",
            "morph_blackhat",
            "fill_holes",
            "remove_small_objects",
            "remove_small_holes",
            "threshold",
            "threshold_at_1",
            "distance_transform",
            "distance_transform_and_thresh",
            "inrange_bin",
            "inrange"
        ],
        "endpoint": {
            "name": "W",
            "abbv": "WSHD",
            "arity": 2,
            "p": 0,
            "kwargs": {
                "use_dt": false,
                "markers_distance": 21,
                "markers_area": null
            }
        },
        "mode": "default"
    }
}