{
    "dataset": {
        "name": "CIL",
        "label_name": "neuron",
        "indices": [
            54,
            50,
            14,
            51,
            58,
            55,
            3,
            18,
            72,
            41,
            66,
            71,
            0,
            73,
            44,
            69,
            68,
            20,
            6,
            16,
            37,
            40,
            65,
            36,
            8
        ]
    },
    "individual": {
        "sequence": "[[0, 0, 0, 0, 0], [0, 0, 0, 0, 0], [11, 1, 0, 56, 217], [13, 2, 1, 134, 49], [28, 0, 0, 1, 28], [33, 4, 4, 229, 81], [31, 2, 0, 214, 71], [31, 4, 6, 252, 75], [2, 2, 3, 206, 124], [34, 7, 5, 177, 0], [33, 4, 7, 203, 173], [2, 6, 7, 80, 105], [37, 11, 5, 186, 179], [5, 10, 7, 207, 219], [10, 9, 1, 46, 104], [37, 3, 7, 4, 190], [34, 7, 8, 192, 24], [24, 11, 14, 129, 170], [14, 17, 8, 115, 147], [36, 4, 16, 97, 60], [19, 0, 0, 193, 204], [39, 8, 15, 198, 180], [32, 16, 20, 187, 238], [3, 1, 21, 193, 121], [29, 13, 0, 107, 207], [10, 12, 6, 166, 167], [4, 8, 17, 31, 202], [21, 26, 8, 244, 41], [19, 18, 18, 88, 6], [30, 1, 25, 63, 5], [2, 14, 28, 103, 64], [14, 11, 11, 216, 162], [0, 12, 0, 0, 0], [0, 15, 0, 0, 0]]",
        "fitness": {
            "fitness": 0.2008867657184601,
            "time": 0.05008686065673828
        }
    },
    "decoding": {
        "metadata": {
            "rows": 1,
            "columns": 30,
            "n_in": 2,
            "n_out": 2,
            "n_para": 2,
            "n_conn": 2
        },
        "functions": [
            "max",
            "min",
            "mean",
            "add",
            "subtract",
            "bitwise_not",
            "bitwise_or",
            "bitwise_and",
            "bitwise_and_mask",
            "bitwise_xor",
            "sqrt",
            "pow2",
            "exp",
            "log",
            "median_blur",
            "gaussian_blur",
            "laplacian",
            "sobel",
            "robert_cross",
            "canny",
            "sharpen",
            "gabor",
            "abs_diff",
            "abs_diff2",
            "fluo_tophat",
            "rel_diff",
            "erode",
            "dilate",
            "open",
            "close",
            "morph_gradient",
            "morph_tophat",
            "morph_blackhat",
            "fill_holes",
            "remove_small_objects",
            "remove_small_holes",
            "threshold",
            "threshold_at_1",
            "distance_transform",
            "distance_transform_and_thresh",
            "inrange_bin",
            "inrange"
        ],
        "endpoint": {
            "name": "W",
            "abbv": "WSHD",
            "arity": 2,
            "p": 0,
            "kwargs": {
                "use_dt": false,
                "markers_distance": 21,
                "markers_area": null
            }
        },
        "mode": "default"
    }
}