{
    "dataset": {
        "name": "CIL",
        "label_name": "neuron",
        "indices": [
            67,
            47,
            37,
            24,
            1,
            52,
            50,
            69,
            25,
            57,
            85,
            39,
            23,
            70
        ]
    },
    "individual": {
        "sequence": "[[0, 0, 0, 0, 0], [0, 0, 0, 0, 0], [20, 1, 0, 164, 182], [7, 1, 2, 1, 87], [40, 1, 0, 41, 251], [24, 1, 1, 5, 16], [3, 5, 3, 194, 98], [1, 6, 2, 141, 92], [17, 3, 4, 52, 178], [13, 0, 1, 64, 43], [34, 4, 0, 232, 184], [1, 4, 8, 175, 183], [31, 1, 9, 153, 255], [39, 11, 10, 91, 60], [24, 2, 2, 34, 22], [14, 8, 0, 226, 210], [20, 6, 13, 139, 202], [27, 1, 4, 223, 8], [17, 9, 17, 22, 43], [41, 9, 0, 44, 2], [9, 12, 2, 20, 246], [31, 9, 1, 238, 156], [10, 7, 9, 25, 83], [3, 13, 22, 102, 121], [24, 7, 13, 188, 4], [1, 9, 22, 5, 192], [34, 4, 19, 7, 39], [35, 8, 4, 74, 140], [37, 9, 14, 80, 24], [8, 16, 26, 193, 89], [19, 29, 10, 137, 33], [38, 3, 2, 213, 72], [0, 19, 0, 0, 0], [0, 29, 0, 0, 0]]",
        "fitness": {
            "fitness": 0.12282254014696393,
            "time": 0.04597910812922886
        }
    },
    "decoding": {
        "metadata": {
            "rows": 1,
            "columns": 30,
            "n_in": 2,
            "n_out": 2,
            "n_para": 2,
            "n_conn": 2
        },
        "functions": [
            "max",
            "min",
            "mean",
            "add",
            "subtract",
            "bitwise_not",
            "bitwise_or",
            "bitwise_and",
            "bitwise_and_mask",
            "bitwise_xor",
            "sqrt",
            "pow2",
            "exp",
            "log",
            "median_blur",
            "gaussian_blur",
            "laplacian",
            "sobel",
            "robert_cross",
            "canny",
            "sharpen",
            "gabor",
            "abs_diff",
            "abs_diff2",
            "fluo_tophat",
            "rel_diff",
            "erode",
            "dilate",
            "open",
            "close",
            "morph_gradient",
            "morph_tophat",
            "morph_blackhat",
            "fill_holes",
            "remove_small_objects",
            "remove_small_holes",
            "threshold",
            "threshold_at_1",
            "distance_transform",
            "distance_transform_and_thresh",
            "inrange_bin",
            "inrange"
        ],
        "endpoint": {
            "name": "Marker-Based Watershed",
            "abbv": "WSHD",
            "arity": 2,
            "p": 0,
            "kwargs": {
                "use_dt": false,
                "markers_distance": 21,
                "markers_area": null
            }
        },
        "mode": "default"
    }
}