{
    "dataset": {
        "name": "CIL",
        "label_name": "neuron",
        "indices": [
            46,
            30,
            64,
            31,
            33,
            48,
            67,
            71,
            16,
            74,
            20,
            1,
            19,
            82,
            26,
            73,
            15,
            44,
            51,
            66
        ]
    },
    "individual": {
        "sequence": "[[0, 0, 0, 0, 0], [0, 0, 0, 0, 0], [13, 0, 0, 173, 253], [3, 1, 2, 116, 7], [19, 0, 2, 58, 202], [20, 1, 3, 88, 210], [24, 0, 4, 28, 147], [24, 4, 5, 221, 15], [28, 1, 3, 11, 33], [16, 7, 5, 204, 177], [26, 3, 6, 4, 107], [9, 10, 8, 45, 68], [41, 1, 4, 223, 64], [13, 6, 1, 171, 110], [15, 7, 8, 239, 102], [17, 3, 12, 246, 151], [30, 1, 3, 99, 121], [10, 13, 15, 202, 22], [38, 4, 8, 127, 77], [37, 13, 8, 208, 255], [19, 4, 10, 140, 7], [4, 13, 6, 202, 60], [22, 12, 13, 221, 246], [41, 8, 1, 42, 243], [13, 5, 14, 212, 143], [32, 3, 24, 20, 97], [40, 24, 21, 7, 171], [18, 12, 4, 212, 239], [41, 9, 17, 59, 132], [40, 6, 17, 196, 85], [6, 11, 15, 212, 10], [14, 27, 24, 247, 108], [0, 19, 0, 0, 0], [0, 23, 0, 0, 0]]",
        "fitness": {
            "fitness": 0.15395305752754213,
            "time": 0.043967711925506595
        }
    },
    "decoding": {
        "metadata": {
            "rows": 1,
            "columns": 30,
            "n_in": 2,
            "n_out": 2,
            "n_para": 2,
            "n_conn": 2
        },
        "functions": [
            "max",
            "min",
            "mean",
            "add",
            "subtract",
            "bitwise_not",
            "bitwise_or",
            "bitwise_and",
            "bitwise_and_mask",
            "bitwise_xor",
            "sqrt",
            "pow2",
            "exp",
            "log",
            "median_blur",
            "gaussian_blur",
            "laplacian",
            "sobel",
            "robert_cross",
            "canny",
            "sharpen",
            "gabor",
            "abs_diff",
            "abs_diff2",
            "fluo_tophat",
            "rel_diff",
            "erode",
            "dilate",
            "open",
            "close",
            "morph_gradient",
            "morph_tophat",
            "morph_blackhat",
            "fill_holes",
            "remove_small_objects",
            "remove_small_holes",
            "threshold",
            "threshold_at_1",
            "distance_transform",
            "distance_transform_and_thresh",
            "inrange_bin",
            "inrange"
        ],
        "endpoint": {
            "name": "W",
            "abbv": "WSHD",
            "arity": 2,
            "p": 0,
            "kwargs": {
                "use_dt": false,
                "markers_distance": 21,
                "markers_area": null
            }
        },
        "mode": "default"
    }
}