{
    "dataset": {
        "name": "CIL",
        "label_name": "neuron",
        "indices": [
            9,
            26,
            55,
            74,
            12,
            21,
            34,
            17,
            37,
            63,
            82,
            85
        ]
    },
    "individual": {
        "sequence": "[[0, 0, 0, 0, 0], [0, 0, 0, 0, 0], [41, 1, 0, 60, 244], [12, 0, 1, 148, 153], [16, 0, 0, 74, 175], [10, 3, 0, 46, 248], [13, 2, 3, 200, 78], [24, 3, 5, 130, 237], [11, 3, 6, 143, 163], [5, 4, 5, 18, 212], [19, 2, 5, 154, 11], [2, 10, 5, 27, 211], [8, 10, 9, 73, 16], [33, 3, 9, 8, 89], [2, 6, 4, 140, 63], [18, 5, 5, 121, 115], [33, 9, 11, 9, 105], [20, 10, 16, 19, 201], [21, 9, 14, 66, 141], [2, 8, 6, 226, 117], [16, 12, 11, 95, 6], [34, 8, 17, 172, 10], [33, 17, 15, 244, 162], [9, 0, 0, 152, 173], [11, 7, 12, 233, 245], [10, 15, 19, 88, 171], [2, 19, 2, 60, 132], [39, 7, 23, 67, 147], [5, 11, 18, 244, 67], [19, 10, 13, 239, 216], [18, 23, 19, 75, 155], [4, 17, 17, 114, 253], [0, 24, 0, 0, 0], [0, 20, 0, 0, 0]]",
        "fitness": {
            "fitness": 0.10376955568790436,
            "time": 0.04555271069208781
        }
    },
    "decoding": {
        "metadata": {
            "rows": 1,
            "columns": 30,
            "n_in": 2,
            "n_out": 2,
            "n_para": 2,
            "n_conn": 2
        },
        "functions": [
            "max",
            "min",
            "mean",
            "add",
            "subtract",
            "bitwise_not",
            "bitwise_or",
            "bitwise_and",
            "bitwise_and_mask",
            "bitwise_xor",
            "sqrt",
            "pow2",
            "exp",
            "log",
            "median_blur",
            "gaussian_blur",
            "laplacian",
            "sobel",
            "robert_cross",
            "canny",
            "sharpen",
            "gabor",
            "abs_diff",
            "abs_diff2",
            "fluo_tophat",
            "rel_diff",
            "erode",
            "dilate",
            "open",
            "close",
            "morph_gradient",
            "morph_tophat",
            "morph_blackhat",
            "fill_holes",
            "remove_small_objects",
            "remove_small_holes",
            "threshold",
            "threshold_at_1",
            "distance_transform",
            "distance_transform_and_thresh",
            "inrange_bin",
            "inrange"
        ],
        "endpoint": {
            "name": "Marker-Based Watershed",
            "abbv": "WSHD",
            "arity": 2,
            "p": 0,
            "kwargs": {
                "use_dt": false,
                "markers_distance": 21,
                "markers_area": null
            }
        },
        "mode": "default"
    }
}