{
    "dataset": {
        "name": "CIL",
        "label_name": "neuron",
        "indices": [
            5,
            11
        ]
    },
    "individual": {
        "sequence": "[[0, 0, 0, 0, 0], [0, 0, 0, 0, 0], [24, 0, 0, 154, 243], [36, 2, 1, 207, 18], [33, 0, 2, 113, 40], [1, 3, 1, 133, 97], [37, 2, 1, 117, 217], [13, 1, 5, 113, 165], [7, 2, 4, 129, 143], [18, 4, 5, 194, 73], [15, 7, 1, 9, 210], [40, 0, 4, 46, 126], [3, 5, 11, 121, 107], [16, 12, 5, 29, 221], [40, 10, 10, 228, 4], [21, 10, 13, 39, 21], [22, 12, 8, 203, 11], [38, 9, 5, 165, 67], [39, 13, 7, 54, 29], [25, 3, 3, 178, 234], [6, 15, 6, 38, 60], [13, 3, 17, 91, 230], [3, 15, 21, 36, 4], [4, 10, 2, 16, 50], [36, 3, 1, 109, 189], [41, 16, 19, 147, 119], [16, 11, 9, 151, 134], [5, 1, 17, 135, 70], [15, 11, 15, 139, 188], [32, 14, 10, 43, 235], [5, 11, 16, 115, 186], [21, 27, 16, 213, 53], [0, 12, 0, 0, 0], [0, 14, 0, 0, 0]]",
        "fitness": {
            "fitness": 0.09067550301551819,
            "time": 0.06020033359527588
        }
    },
    "decoding": {
        "metadata": {
            "rows": 1,
            "columns": 30,
            "n_in": 2,
            "n_out": 2,
            "n_para": 2,
            "n_conn": 2
        },
        "functions": [
            "max",
            "min",
            "mean",
            "add",
            "subtract",
            "bitwise_not",
            "bitwise_or",
            "bitwise_and",
            "bitwise_and_mask",
            "bitwise_xor",
            "sqrt",
            "pow2",
            "exp",
            "log",
            "median_blur",
            "gaussian_blur",
            "laplacian",
            "sobel",
            "robert_cross",
            "canny",
            "sharpen",
            "gabor",
            "abs_diff",
            "abs_diff2",
            "fluo_tophat",
            "rel_diff",
            "erode",
            "dilate",
            "open",
            "close",
            "morph_gradient",
            "morph_tophat",
            "morph_blackhat",
            "fill_holes",
            "remove_small_objects",
            "remove_small_holes",
            "threshold",
            "threshold_at_1",
            "distance_transform",
            "distance_transform_and_thresh",
            "inrange_bin",
            "inrange"
        ],
        "endpoint": {
            "name": "W",
            "abbv": "WSHD",
            "arity": 2,
            "p": 0,
            "kwargs": {
                "use_dt": false,
                "markers_distance": 21,
                "markers_area": null
            }
        },
        "mode": "default"
    }
}