{
    "dataset": {
        "name": "CIL",
        "label_name": "neuron",
        "indices": [
            40
        ]
    },
    "individual": {
        "sequence": "[[0, 0, 0, 0, 0], [0, 0, 0, 0, 0], [39, 0, 1, 92, 207], [4, 1, 0, 17, 11], [36, 1, 0, 124, 15], [36, 0, 1, 245, 11], [0, 3, 1, 222, 64], [30, 4, 2, 252, 72], [3, 2, 0, 64, 160], [30, 5, 5, 120, 3], [5, 5, 4, 186, 158], [40, 3, 0, 191, 10], [19, 10, 3, 163, 163], [41, 6, 8, 132, 91], [29, 12, 13, 84, 151], [4, 9, 10, 60, 48], [26, 3, 14, 232, 103], [39, 4, 4, 123, 204], [37, 11, 11, 161, 98], [11, 3, 11, 228, 250], [41, 0, 8, 109, 14], [21, 13, 3, 198, 46], [18, 18, 7, 130, 76], [15, 19, 1, 67, 220], [8, 23, 15, 159, 207], [41, 6, 12, 162, 169], [3, 4, 20, 215, 167], [1, 16, 10, 18, 11], [6, 12, 8, 31, 153], [28, 21, 10, 127, 89], [41, 6, 24, 59, 161], [30, 5, 30, 94, 240], [0, 26, 0, 0, 0], [0, 11, 0, 0, 0]]",
        "fitness": {
            "fitness": 0.05769228935241699,
            "time": 0.022005081176757812
        }
    },
    "decoding": {
        "metadata": {
            "rows": 1,
            "columns": 30,
            "n_in": 2,
            "n_out": 2,
            "n_para": 2,
            "n_conn": 2
        },
        "functions": [
            "max",
            "min",
            "mean",
            "add",
            "subtract",
            "bitwise_not",
            "bitwise_or",
            "bitwise_and",
            "bitwise_and_mask",
            "bitwise_xor",
            "sqrt",
            "pow2",
            "exp",
            "log",
            "median_blur",
            "gaussian_blur",
            "laplacian",
            "sobel",
            "robert_cross",
            "canny",
            "sharpen",
            "gabor",
            "abs_diff",
            "abs_diff2",
            "fluo_tophat",
            "rel_diff",
            "erode",
            "dilate",
            "open",
            "close",
            "morph_gradient",
            "morph_tophat",
            "morph_blackhat",
            "fill_holes",
            "remove_small_objects",
            "remove_small_holes",
            "threshold",
            "threshold_at_1",
            "distance_transform",
            "distance_transform_and_thresh",
            "inrange_bin",
            "inrange"
        ],
        "endpoint": {
            "name": "W",
            "abbv": "WSHD",
            "arity": 2,
            "p": 0,
            "kwargs": {
                "use_dt": false,
                "markers_distance": 21,
                "markers_area": null
            }
        },
        "mode": "default"
    }
}