{
    "dataset": {
        "name": "CIL",
        "label_name": "neuron",
        "indices": [
            25,
            65,
            59,
            45
        ]
    },
    "individual": {
        "sequence": "[[0, 0, 0, 0, 0], [0, 0, 0, 0, 0], [41, 1, 1, 56, 213], [35, 2, 1, 235, 182], [12, 3, 1, 211, 146], [36, 0, 0, 132, 11], [40, 2, 1, 216, 151], [20, 5, 2, 131, 36], [18, 2, 6, 214, 44], [20, 1, 7, 41, 17], [22, 9, 6, 73, 203], [33, 9, 8, 179, 92], [22, 5, 0, 99, 43], [34, 4, 1, 8, 37], [13, 12, 0, 0, 219], [3, 5, 2, 20, 237], [7, 8, 14, 145, 87], [4, 5, 10, 164, 32], [40, 2, 10, 49, 22], [36, 10, 5, 110, 146], [13, 7, 1, 241, 187], [11, 5, 9, 132, 227], [5, 4, 6, 64, 107], [33, 6, 6, 33, 18], [3, 3, 9, 154, 255], [7, 24, 24, 98, 210], [27, 17, 7, 33, 231], [39, 20, 14, 121, 74], [27, 27, 8, 42, 173], [23, 3, 5, 156, 37], [18, 16, 14, 226, 195], [15, 28, 5, 130, 5], [0, 15, 0, 0, 0], [0, 30, 0, 0, 0]]",
        "fitness": {
            "fitness": 0.15371061861515045,
            "time": 0.032750606536865234
        }
    },
    "decoding": {
        "metadata": {
            "rows": 1,
            "columns": 30,
            "n_in": 2,
            "n_out": 2,
            "n_para": 2,
            "n_conn": 2
        },
        "functions": [
            "max",
            "min",
            "mean",
            "add",
            "subtract",
            "bitwise_not",
            "bitwise_or",
            "bitwise_and",
            "bitwise_and_mask",
            "bitwise_xor",
            "sqrt",
            "pow2",
            "exp",
            "log",
            "median_blur",
            "gaussian_blur",
            "laplacian",
            "sobel",
            "robert_cross",
            "canny",
            "sharpen",
            "gabor",
            "abs_diff",
            "abs_diff2",
            "fluo_tophat",
            "rel_diff",
            "erode",
            "dilate",
            "open",
            "close",
            "morph_gradient",
            "morph_tophat",
            "morph_blackhat",
            "fill_holes",
            "remove_small_objects",
            "remove_small_holes",
            "threshold",
            "threshold_at_1",
            "distance_transform",
            "distance_transform_and_thresh",
            "inrange_bin",
            "inrange"
        ],
        "endpoint": {
            "name": "W",
            "abbv": "WSHD",
            "arity": 2,
            "p": 0,
            "kwargs": {
                "use_dt": false,
                "markers_distance": 21,
                "markers_area": null
            }
        },
        "mode": "default"
    }
}