{
    "dataset": {
        "name": "CIL",
        "label_name": "neuron",
        "indices": [
            67,
            55,
            77,
            29,
            42
        ]
    },
    "individual": {
        "sequence": "[[0, 0, 0, 0, 0], [0, 0, 0, 0, 0], [41, 0, 0, 19, 233], [13, 0, 0, 120, 23], [2, 2, 3, 166, 170], [31, 1, 3, 137, 166], [32, 4, 5, 27, 101], [20, 6, 0, 173, 45], [1, 1, 4, 11, 123], [27, 2, 4, 155, 236], [41, 1, 8, 42, 169], [1, 0, 8, 191, 227], [14, 5, 9, 81, 255], [1, 12, 9, 66, 226], [24, 9, 12, 123, 137], [40, 11, 13, 1, 95], [2, 14, 6, 77, 48], [41, 12, 13, 67, 14], [8, 10, 9, 1, 235], [25, 4, 18, 183, 66], [12, 18, 9, 87, 226], [4, 18, 13, 138, 181], [19, 21, 16, 15, 7], [20, 21, 14, 7, 216], [40, 11, 23, 103, 135], [35, 2, 5, 129, 215], [15, 12, 3, 92, 122], [8, 1, 15, 96, 142], [23, 21, 15, 38, 63], [1, 2, 9, 11, 251], [23, 16, 5, 39, 227], [9, 18, 28, 148, 97], [0, 8, 0, 0, 0], [0, 23, 0, 0, 0]]",
        "fitness": {
            "fitness": 0.08460296392440796,
            "time": 0.10622167587280273
        }
    },
    "decoding": {
        "metadata": {
            "rows": 1,
            "columns": 30,
            "n_in": 2,
            "n_out": 2,
            "n_para": 2,
            "n_conn": 2
        },
        "functions": [
            "max",
            "min",
            "mean",
            "add",
            "subtract",
            "bitwise_not",
            "bitwise_or",
            "bitwise_and",
            "bitwise_and_mask",
            "bitwise_xor",
            "sqrt",
            "pow2",
            "exp",
            "log",
            "median_blur",
            "gaussian_blur",
            "laplacian",
            "sobel",
            "robert_cross",
            "canny",
            "sharpen",
            "gabor",
            "abs_diff",
            "abs_diff2",
            "fluo_tophat",
            "rel_diff",
            "erode",
            "dilate",
            "open",
            "close",
            "morph_gradient",
            "morph_tophat",
            "morph_blackhat",
            "fill_holes",
            "remove_small_objects",
            "remove_small_holes",
            "threshold",
            "threshold_at_1",
            "distance_transform",
            "distance_transform_and_thresh",
            "inrange_bin",
            "inrange"
        ],
        "endpoint": {
            "name": "W",
            "abbv": "WSHD",
            "arity": 2,
            "p": 0,
            "kwargs": {
                "use_dt": false,
                "markers_distance": 21,
                "markers_area": null
            }
        },
        "mode": "default"
    }
}