{
    "dataset": {
        "name": "CIL",
        "label_name": "neuron",
        "indices": [
            14,
            1,
            5,
            72,
            65,
            22,
            44,
            37,
            57,
            43,
            68,
            18,
            39,
            7,
            77
        ]
    },
    "individual": {
        "sequence": "[[0, 0, 0, 0, 0], [0, 0, 0, 0, 0], [40, 1, 0, 188, 203], [16, 2, 0, 123, 204], [2, 0, 0, 170, 199], [19, 1, 4, 49, 131], [2, 2, 0, 163, 23], [26, 1, 3, 252, 207], [23, 6, 3, 182, 181], [1, 3, 1, 119, 248], [4, 7, 5, 48, 30], [34, 8, 9, 61, 9], [19, 8, 7, 238, 103], [33, 11, 7, 208, 177], [2, 10, 0, 48, 41], [38, 8, 11, 6, 65], [25, 14, 2, 245, 101], [28, 0, 12, 121, 62], [36, 12, 7, 199, 16], [23, 10, 6, 72, 188], [10, 13, 6, 94, 111], [28, 14, 9, 253, 216], [31, 14, 3, 255, 50], [5, 11, 12, 231, 222], [18, 5, 8, 52, 211], [27, 7, 15, 182, 155], [21, 9, 13, 168, 125], [36, 1, 7, 21, 129], [24, 8, 23, 224, 64], [17, 26, 4, 62, 202], [39, 10, 28, 219, 245], [2, 22, 5, 203, 34], [0, 31, 0, 0, 0], [0, 24, 0, 0, 0]]",
        "fitness": {
            "fitness": 0.18379920323689777,
            "time": 0.04575141270955404
        }
    },
    "decoding": {
        "metadata": {
            "rows": 1,
            "columns": 30,
            "n_in": 2,
            "n_out": 2,
            "n_para": 2,
            "n_conn": 2
        },
        "functions": [
            "max",
            "min",
            "mean",
            "add",
            "subtract",
            "bitwise_not",
            "bitwise_or",
            "bitwise_and",
            "bitwise_and_mask",
            "bitwise_xor",
            "sqrt",
            "pow2",
            "exp",
            "log",
            "median_blur",
            "gaussian_blur",
            "laplacian",
            "sobel",
            "robert_cross",
            "canny",
            "sharpen",
            "gabor",
            "abs_diff",
            "abs_diff2",
            "fluo_tophat",
            "rel_diff",
            "erode",
            "dilate",
            "open",
            "close",
            "morph_gradient",
            "morph_tophat",
            "morph_blackhat",
            "fill_holes",
            "remove_small_objects",
            "remove_small_holes",
            "threshold",
            "threshold_at_1",
            "distance_transform",
            "distance_transform_and_thresh",
            "inrange_bin",
            "inrange"
        ],
        "endpoint": {
            "name": "W",
            "abbv": "WSHD",
            "arity": 2,
            "p": 0,
            "kwargs": {
                "use_dt": false,
                "markers_distance": 21,
                "markers_area": null
            }
        },
        "mode": "default"
    }
}