{
    "dataset": {
        "name": "CIL",
        "label_name": "neuron",
        "indices": [
            65,
            27,
            31,
            3,
            46,
            57,
            87,
            24,
            62,
            20,
            61,
            25,
            59,
            35,
            18,
            21,
            73,
            55,
            69,
            78,
            17,
            30,
            51,
            84,
            12,
            16,
            45,
            50,
            58,
            80,
            13,
            37,
            15,
            60,
            0,
            11,
            70,
            38,
            40,
            10,
            67,
            47,
            34,
            79,
            86,
            4,
            44,
            74,
            42,
            39,
            66,
            2,
            33,
            41,
            88,
            53,
            75,
            5,
            68,
            28
        ]
    },
    "individual": {
        "sequence": "[[0, 0, 0, 0, 0], [0, 0, 0, 0, 0], [11, 0, 0, 89, 117], [41, 1, 2, 231, 49], [16, 3, 1, 153, 93], [9, 2, 4, 234, 65], [24, 2, 2, 226, 205], [1, 1, 5, 5, 46], [20, 3, 3, 20, 45], [16, 5, 0, 214, 71], [34, 3, 8, 15, 14], [3, 6, 7, 53, 254], [20, 2, 1, 141, 70], [13, 4, 11, 120, 207], [31, 12, 3, 239, 141], [2, 0, 8, 92, 151], [21, 13, 1, 193, 155], [0, 5, 14, 228, 65], [5, 2, 14, 181, 129], [23, 7, 4, 17, 124], [23, 11, 5, 43, 233], [3, 9, 11, 177, 209], [6, 1, 15, 57, 46], [12, 4, 11, 37, 194], [26, 23, 10, 250, 222], [22, 11, 0, 156, 122], [7, 22, 9, 210, 214], [4, 21, 18, 163, 27], [5, 5, 10, 142, 38], [8, 12, 10, 0, 9], [10, 4, 25, 179, 215], [11, 27, 17, 146, 178], [0, 21, 0, 0, 0], [0, 10, 0, 0, 0]]",
        "fitness": {
            "fitness": 0.15895978113015494,
            "time": 0.046760714054107665
        }
    },
    "decoding": {
        "metadata": {
            "rows": 1,
            "columns": 30,
            "n_in": 2,
            "n_out": 2,
            "n_para": 2,
            "n_conn": 2
        },
        "functions": [
            "max",
            "min",
            "mean",
            "add",
            "subtract",
            "bitwise_not",
            "bitwise_or",
            "bitwise_and",
            "bitwise_and_mask",
            "bitwise_xor",
            "sqrt",
            "pow2",
            "exp",
            "log",
            "median_blur",
            "gaussian_blur",
            "laplacian",
            "sobel",
            "robert_cross",
            "canny",
            "sharpen",
            "gabor",
            "abs_diff",
            "abs_diff2",
            "fluo_tophat",
            "rel_diff",
            "erode",
            "dilate",
            "open",
            "close",
            "morph_gradient",
            "morph_tophat",
            "morph_blackhat",
            "fill_holes",
            "remove_small_objects",
            "remove_small_holes",
            "threshold",
            "threshold_at_1",
            "distance_transform",
            "distance_transform_and_thresh",
            "inrange_bin",
            "inrange"
        ],
        "endpoint": {
            "name": "Marker-Based Watershed",
            "abbv": "WSHD",
            "arity": 2,
            "args": 0,
            "kwargs": {
                "use_dt": false,
                "markers_distance": 21,
                "markers_area": null
            }
        },
        "mode": "default"
    }
}