{
    "dataset": {
        "name": "CIL",
        "label_name": "neuron",
        "indices": [
            50,
            69,
            7,
            67,
            1,
            28,
            64,
            49,
            88,
            84,
            51,
            75,
            18,
            37,
            81,
            21,
            24,
            0,
            48,
            57,
            38,
            27,
            22,
            14,
            43,
            15,
            68,
            41,
            74,
            77,
            8,
            40,
            63,
            20,
            45,
            86,
            36,
            5,
            47,
            9
        ]
    },
    "individual": {
        "sequence": "[[0, 0, 0, 0, 0], [0, 0, 0, 0, 0], [1, 0, 1, 115, 188], [34, 0, 2, 183, 66], [24, 0, 2, 183, 141], [16, 0, 1, 162, 184], [3, 2, 4, 119, 80], [10, 4, 1, 212, 161], [32, 2, 5, 230, 77], [19, 1, 5, 129, 17], [35, 2, 1, 155, 220], [6, 3, 2, 253, 207], [30, 4, 8, 204, 190], [18, 3, 12, 73, 121], [7, 5, 9, 208, 113], [14, 12, 0, 34, 213], [2, 1, 3, 148, 16], [10, 4, 4, 205, 246], [35, 9, 10, 246, 173], [20, 10, 11, 162, 87], [35, 3, 16, 202, 99], [9, 0, 17, 82, 183], [18, 10, 5, 145, 123], [24, 10, 4, 182, 173], [39, 23, 9, 176, 194], [40, 9, 20, 34, 221], [18, 18, 17, 55, 210], [36, 12, 12, 22, 76], [11, 6, 10, 187, 235], [6, 4, 21, 204, 7], [26, 27, 16, 78, 148], [8, 25, 5, 70, 66], [0, 28, 0, 0, 0], [0, 26, 0, 0, 0]]",
        "fitness": {
            "fitness": 0.14756608307361602,
            "time": 0.05391713380813599
        }
    },
    "decoding": {
        "metadata": {
            "rows": 1,
            "columns": 30,
            "n_in": 2,
            "n_out": 2,
            "n_para": 2,
            "n_conn": 2
        },
        "functions": [
            "max",
            "min",
            "mean",
            "add",
            "subtract",
            "bitwise_not",
            "bitwise_or",
            "bitwise_and",
            "bitwise_and_mask",
            "bitwise_xor",
            "sqrt",
            "pow2",
            "exp",
            "log",
            "median_blur",
            "gaussian_blur",
            "laplacian",
            "sobel",
            "robert_cross",
            "canny",
            "sharpen",
            "gabor",
            "abs_diff",
            "abs_diff2",
            "fluo_tophat",
            "rel_diff",
            "erode",
            "dilate",
            "open",
            "close",
            "morph_gradient",
            "morph_tophat",
            "morph_blackhat",
            "fill_holes",
            "remove_small_objects",
            "remove_small_holes",
            "threshold",
            "threshold_at_1",
            "distance_transform",
            "distance_transform_and_thresh",
            "inrange_bin",
            "inrange"
        ],
        "endpoint": {
            "name": "Marker-Based Watershed",
            "abbv": "WSHD",
            "arity": 2,
            "args": 0,
            "kwargs": {
                "use_dt": false,
                "markers_distance": 21,
                "markers_area": null
            }
        },
        "mode": "default"
    }
}