{
    "dataset": {
        "name": "CIL",
        "label_name": "neuron",
        "indices": [
            15,
            35,
            14,
            56,
            37,
            34,
            83,
            18,
            5,
            22,
            57,
            21,
            29,
            40,
            69,
            82,
            70,
            16,
            19,
            38,
            25,
            46,
            9,
            45,
            55,
            68,
            32,
            75,
            24,
            64,
            23,
            48,
            7,
            28,
            85,
            81,
            36,
            0,
            77,
            79,
            87,
            43,
            86,
            51,
            72,
            80,
            74,
            71,
            10,
            3,
            17,
            63,
            27,
            54,
            44,
            53,
            42,
            49,
            13,
            60,
            4,
            33,
            76,
            11,
            58,
            88,
            78,
            39,
            50,
            20,
            65,
            84,
            12,
            1,
            52,
            26,
            8,
            73,
            62,
            59
        ]
    },
    "individual": {
        "sequence": "[[0, 0, 0, 0, 0], [0, 0, 0, 0, 0], [3, 0, 1, 204, 195], [28, 1, 0, 22, 86], [3, 2, 2, 76, 148], [33, 2, 1, 152, 53], [24, 4, 1, 45, 175], [15, 0, 2, 141, 191], [12, 0, 3, 97, 143], [1, 6, 3, 8, 255], [27, 9, 0, 69, 87], [24, 4, 3, 180, 157], [13, 6, 11, 71, 24], [16, 12, 2, 163, 207], [19, 0, 11, 123, 141], [36, 9, 1, 15, 43], [11, 6, 15, 177, 237], [23, 6, 1, 153, 145], [11, 10, 2, 206, 227], [14, 2, 12, 197, 171], [34, 19, 7, 198, 148], [32, 6, 16, 224, 10], [11, 14, 13, 70, 107], [36, 16, 11, 56, 153], [2, 17, 9, 147, 52], [6, 24, 5, 209, 92], [32, 9, 14, 23, 41], [22, 18, 17, 95, 211], [35, 18, 10, 240, 133], [40, 28, 24, 155, 118], [32, 8, 12, 231, 121], [31, 6, 22, 189, 105], [0, 16, 0, 0, 0], [0, 15, 0, 0, 0]]",
        "fitness": {
            "fitness": 0.13180374801158906,
            "time": 0.057454895973205564
        }
    },
    "decoding": {
        "metadata": {
            "rows": 1,
            "columns": 30,
            "n_in": 2,
            "n_out": 2,
            "n_para": 2,
            "n_conn": 2
        },
        "functions": [
            "max",
            "min",
            "mean",
            "add",
            "subtract",
            "bitwise_not",
            "bitwise_or",
            "bitwise_and",
            "bitwise_and_mask",
            "bitwise_xor",
            "sqrt",
            "pow2",
            "exp",
            "log",
            "median_blur",
            "gaussian_blur",
            "laplacian",
            "sobel",
            "robert_cross",
            "canny",
            "sharpen",
            "gabor",
            "abs_diff",
            "abs_diff2",
            "fluo_tophat",
            "rel_diff",
            "erode",
            "dilate",
            "open",
            "close",
            "morph_gradient",
            "morph_tophat",
            "morph_blackhat",
            "fill_holes",
            "remove_small_objects",
            "remove_small_holes",
            "threshold",
            "threshold_at_1",
            "distance_transform",
            "distance_transform_and_thresh",
            "inrange_bin",
            "inrange"
        ],
        "endpoint": {
            "name": "Marker-Based Watershed",
            "abbv": "WSHD",
            "arity": 2,
            "args": 0,
            "kwargs": {
                "use_dt": false,
                "markers_distance": 21,
                "markers_area": null
            }
        },
        "mode": "default"
    }
}