{
    "dataset": {
        "name": "CIL",
        "label_name": "neuron",
        "indices": [
            25,
            75,
            4,
            44,
            66,
            46,
            42,
            24,
            54,
            33,
            71,
            81
        ]
    },
    "individual": {
        "sequence": "[[0, 0, 0, 0, 0], [0, 0, 0, 0, 0], [11, 0, 1, 145, 27], [23, 0, 2, 119, 5], [23, 0, 3, 20, 153], [15, 1, 3, 5, 141], [4, 1, 0, 135, 1], [18, 6, 3, 120, 152], [33, 1, 5, 247, 54], [9, 4, 5, 96, 116], [8, 7, 1, 15, 61], [19, 1, 2, 231, 131], [16, 3, 0, 154, 181], [23, 11, 7, 36, 115], [41, 5, 12, 171, 50], [3, 7, 4, 201, 133], [26, 10, 1, 196, 6], [41, 9, 9, 53, 131], [35, 15, 1, 159, 157], [7, 12, 18, 81, 250], [36, 16, 3, 45, 195], [14, 18, 8, 150, 207], [28, 2, 21, 65, 39], [15, 5, 4, 250, 171], [9, 17, 17, 191, 96], [5, 14, 7, 171, 153], [16, 4, 8, 97, 142], [41, 23, 23, 158, 236], [0, 25, 1, 153, 117], [30, 4, 22, 227, 154], [11, 15, 8, 44, 86], [21, 27, 11, 0, 44], [0, 30, 0, 0, 0], [0, 14, 0, 0, 0]]",
        "fitness": {
            "fitness": 0.11685421566168468,
            "time": 0.029530763626098633
        }
    },
    "decoding": {
        "metadata": {
            "rows": 1,
            "columns": 30,
            "n_in": 2,
            "n_out": 2,
            "n_para": 2,
            "n_conn": 2
        },
        "functions": [
            "max",
            "min",
            "mean",
            "add",
            "subtract",
            "bitwise_not",
            "bitwise_or",
            "bitwise_and",
            "bitwise_and_mask",
            "bitwise_xor",
            "sqrt",
            "pow2",
            "exp",
            "log",
            "median_blur",
            "gaussian_blur",
            "laplacian",
            "sobel",
            "robert_cross",
            "canny",
            "sharpen",
            "gabor",
            "abs_diff",
            "abs_diff2",
            "fluo_tophat",
            "rel_diff",
            "erode",
            "dilate",
            "open",
            "close",
            "morph_gradient",
            "morph_tophat",
            "morph_blackhat",
            "fill_holes",
            "remove_small_objects",
            "remove_small_holes",
            "threshold",
            "threshold_at_1",
            "distance_transform",
            "distance_transform_and_thresh",
            "inrange_bin",
            "inrange"
        ],
        "endpoint": {
            "name": "Marker-Based Watershed",
            "abbv": "WSHD",
            "arity": 2,
            "p": 0,
            "kwargs": {
                "use_dt": false,
                "markers_distance": 21,
                "markers_area": null
            }
        },
        "mode": "default"
    }
}