{
    "dataset": {
        "name": "CIL",
        "label_name": "neuron",
        "indices": [
            26,
            50,
            14,
            77,
            37,
            76,
            34,
            49,
            16,
            60
        ]
    },
    "individual": {
        "sequence": "[[0, 0, 0, 0, 0], [0, 0, 0, 0, 0], [13, 0, 1, 67, 98], [4, 1, 2, 6, 183], [38, 0, 3, 132, 58], [39, 4, 2, 179, 24], [31, 5, 1, 87, 50], [20, 0, 2, 153, 224], [4, 5, 5, 234, 241], [14, 0, 8, 235, 163], [4, 0, 2, 226, 118], [13, 1, 0, 172, 188], [8, 11, 7, 182, 230], [3, 1, 5, 104, 150], [10, 5, 9, 153, 44], [22, 11, 7, 178, 115], [12, 2, 2, 155, 209], [40, 1, 9, 42, 244], [2, 8, 1, 88, 223], [4, 13, 6, 100, 163], [39, 16, 13, 161, 135], [18, 7, 9, 85, 108], [15, 5, 21, 22, 172], [31, 7, 12, 107, 121], [27, 11, 1, 232, 135], [28, 17, 4, 2, 251], [34, 6, 5, 126, 130], [38, 1, 3, 216, 149], [29, 14, 5, 118, 104], [15, 3, 18, 106, 242], [36, 0, 9, 21, 214], [27, 18, 16, 170, 137], [0, 16, 0, 0, 0], [0, 25, 0, 0, 0]]",
        "fitness": {
            "fitness": 0.11515584588050842,
            "time": 0.03086073398590088
        }
    },
    "decoding": {
        "metadata": {
            "rows": 1,
            "columns": 30,
            "n_in": 2,
            "n_out": 2,
            "n_para": 2,
            "n_conn": 2
        },
        "functions": [
            "max",
            "min",
            "mean",
            "add",
            "subtract",
            "bitwise_not",
            "bitwise_or",
            "bitwise_and",
            "bitwise_and_mask",
            "bitwise_xor",
            "sqrt",
            "pow2",
            "exp",
            "log",
            "median_blur",
            "gaussian_blur",
            "laplacian",
            "sobel",
            "robert_cross",
            "canny",
            "sharpen",
            "gabor",
            "abs_diff",
            "abs_diff2",
            "fluo_tophat",
            "rel_diff",
            "erode",
            "dilate",
            "open",
            "close",
            "morph_gradient",
            "morph_tophat",
            "morph_blackhat",
            "fill_holes",
            "remove_small_objects",
            "remove_small_holes",
            "threshold",
            "threshold_at_1",
            "distance_transform",
            "distance_transform_and_thresh",
            "inrange_bin",
            "inrange"
        ],
        "endpoint": {
            "name": "W",
            "abbv": "WSHD",
            "arity": 2,
            "p": 0,
            "kwargs": {
                "use_dt": false,
                "markers_distance": 21,
                "markers_area": null
            }
        },
        "mode": "default"
    }
}