{
    "dataset": {
        "name": "CIL",
        "label_name": "neuron",
        "indices": [
            12,
            6,
            27,
            53,
            22,
            43,
            86
        ]
    },
    "individual": {
        "sequence": "[[0, 0, 0, 0, 0], [0, 0, 0, 0, 0], [24, 0, 1, 30, 229], [41, 1, 1, 231, 37], [33, 2, 1, 213, 151], [40, 1, 3, 198, 36], [11, 2, 2, 108, 183], [8, 6, 3, 7, 235], [25, 0, 4, 121, 188], [39, 8, 8, 143, 182], [41, 6, 4, 129, 220], [27, 5, 1, 39, 45], [36, 2, 6, 231, 150], [16, 6, 10, 49, 52], [34, 6, 10, 242, 48], [8, 2, 5, 59, 82], [21, 6, 9, 33, 30], [10, 9, 2, 0, 54], [32, 6, 5, 31, 63], [3, 6, 11, 203, 184], [9, 19, 3, 112, 46], [3, 11, 7, 248, 208], [22, 19, 21, 163, 47], [13, 10, 12, 244, 238], [4, 14, 7, 90, 139], [3, 19, 5, 158, 134], [14, 7, 17, 12, 203], [26, 14, 5, 70, 196], [9, 14, 24, 108, 135], [40, 22, 25, 239, 234], [28, 17, 17, 51, 151], [36, 15, 5, 238, 132], [0, 25, 0, 0, 0], [0, 26, 0, 0, 0]]",
        "fitness": {
            "fitness": 0.059647193976811,
            "time": 0.05528293337140765
        }
    },
    "decoding": {
        "metadata": {
            "rows": 1,
            "columns": 30,
            "n_in": 2,
            "n_out": 2,
            "n_para": 2,
            "n_conn": 2
        },
        "functions": [
            "max",
            "min",
            "mean",
            "add",
            "subtract",
            "bitwise_not",
            "bitwise_or",
            "bitwise_and",
            "bitwise_and_mask",
            "bitwise_xor",
            "sqrt",
            "pow2",
            "exp",
            "log",
            "median_blur",
            "gaussian_blur",
            "laplacian",
            "sobel",
            "robert_cross",
            "canny",
            "sharpen",
            "gabor",
            "abs_diff",
            "abs_diff2",
            "fluo_tophat",
            "rel_diff",
            "erode",
            "dilate",
            "open",
            "close",
            "morph_gradient",
            "morph_tophat",
            "morph_blackhat",
            "fill_holes",
            "remove_small_objects",
            "remove_small_holes",
            "threshold",
            "threshold_at_1",
            "distance_transform",
            "distance_transform_and_thresh",
            "inrange_bin",
            "inrange"
        ],
        "endpoint": {
            "name": "W",
            "abbv": "WSHD",
            "arity": 2,
            "p": 0,
            "kwargs": {
                "use_dt": false,
                "markers_distance": 21,
                "markers_area": null
            }
        },
        "mode": "default"
    }
}