{
    "dataset": {
        "name": "Tumor",
        "label_name": "tumor",
        "indices": null
    },
    "individual": {
        "sequence": "[[0, 0, 0, 0, 0], [0, 0, 0, 0, 0], [0, 0, 0, 0, 0], [40, 0, 1, 123, 50], [2, 1, 3, 250, 14], [26, 0, 2, 24, 117], [35, 0, 5, 63, 83], [23, 2, 1, 45, 5], [29, 7, 4, 228, 229], [6, 7, 6, 236, 240], [20, 9, 9, 249, 173], [4, 10, 3, 194, 245], [5, 10, 2, 36, 30], [3, 9, 11, 241, 166], [32, 12, 1, 114, 118], [11, 11, 0, 231, 211], [9, 14, 3, 96, 105], [25, 13, 12, 255, 200], [13, 1, 3, 226, 241], [31, 16, 4, 7, 151], [19, 2, 15, 247, 83], [14, 11, 9, 128, 48], [2, 12, 3, 214, 80], [11, 21, 11, 238, 244], [28, 14, 7, 5, 235], [34, 12, 19, 114, 180], [41, 25, 11, 58, 39], [6, 22, 15, 230, 110], [40, 22, 4, 172, 69], [36, 1, 10, 247, 214], [31, 17, 1, 143, 205], [25, 29, 12, 223, 244], [27, 4, 1, 185, 96], [0, 23, 0, 0, 0]]",
        "fitness": {
            "fitness": 0.13678814401418868,
            "time": 0.021038273970286053
        }
    },
    "decoding": {
        "metadata": {
            "rows": 1,
            "columns": 30,
            "n_in": 3,
            "n_out": 1,
            "n_para": 2,
            "n_conn": 2
        },
        "functions": [
            "max",
            "min",
            "mean",
            "add",
            "subtract",
            "bitwise_not",
            "bitwise_or",
            "bitwise_and",
            "bitwise_and_mask",
            "bitwise_xor",
            "sqrt",
            "pow2",
            "exp",
            "log",
            "median_blur",
            "gaussian_blur",
            "laplacian",
            "sobel",
            "robert_cross",
            "canny",
            "sharpen",
            "gabor",
            "abs_diff",
            "abs_diff2",
            "fluo_tophat",
            "rel_diff",
            "erode",
            "dilate",
            "open",
            "close",
            "morph_gradient",
            "morph_tophat",
            "morph_blackhat",
            "fill_holes",
            "remove_small_objects",
            "remove_small_holes",
            "threshold",
            "threshold_at_1",
            "distance_transform",
            "distance_transform_and_thresh",
            "inrange_bin",
            "inrange"
        ],
        "endpoint": {
            "name": "Threshold (t=4)",
            "abbv": "TRSH",
            "arity": 1,
            "p": 0,
            "kwargs": {
                "threshold": 4
            }
        },
        "mode": "default"
    }
}