{
    "dataset": {
        "name": "CIL",
        "label_name": "neuron",
        "indices": [
            7,
            24,
            37,
            36,
            33,
            82,
            48,
            38,
            8,
            27,
            43,
            57,
            12,
            83,
            22,
            88,
            9,
            35,
            21,
            74,
            63,
            40,
            84,
            15,
            55,
            61,
            13,
            20,
            56,
            0
        ]
    },
    "individual": {
        "sequence": "[[0, 0, 0, 0, 0], [0, 0, 0, 0, 0], [26, 0, 1, 236, 208], [2, 0, 2, 220, 146], [11, 3, 2, 227, 84], [31, 3, 2, 253, 243], [38, 5, 1, 163, 84], [25, 3, 6, 154, 177], [6, 3, 0, 4, 53], [3, 4, 6, 218, 11], [36, 5, 2, 196, 134], [30, 1, 2, 248, 239], [8, 8, 9, 222, 78], [31, 12, 8, 115, 107], [22, 0, 1, 110, 4], [19, 1, 14, 13, 108], [36, 9, 14, 179, 207], [29, 8, 4, 206, 43], [16, 15, 10, 50, 168], [29, 5, 15, 110, 158], [2, 5, 18, 78, 58], [18, 1, 19, 26, 32], [24, 14, 21, 234, 107], [34, 20, 3, 53, 188], [33, 18, 19, 49, 220], [9, 24, 3, 147, 156], [0, 24, 14, 63, 165], [35, 11, 3, 172, 208], [24, 2, 12, 69, 118], [2, 20, 10, 17, 96], [7, 23, 26, 205, 241], [18, 23, 22, 52, 30], [0, 29, 0, 0, 0], [0, 24, 0, 0, 0]]",
        "fitness": {
            "fitness": 0.1382889539003372,
            "time": 0.03318452835083008
        }
    },
    "decoding": {
        "metadata": {
            "rows": 1,
            "columns": 30,
            "n_in": 2,
            "n_out": 2,
            "n_para": 2,
            "n_conn": 2
        },
        "functions": [
            "max",
            "min",
            "mean",
            "add",
            "subtract",
            "bitwise_not",
            "bitwise_or",
            "bitwise_and",
            "bitwise_and_mask",
            "bitwise_xor",
            "sqrt",
            "pow2",
            "exp",
            "log",
            "median_blur",
            "gaussian_blur",
            "laplacian",
            "sobel",
            "robert_cross",
            "canny",
            "sharpen",
            "gabor",
            "abs_diff",
            "abs_diff2",
            "fluo_tophat",
            "rel_diff",
            "erode",
            "dilate",
            "open",
            "close",
            "morph_gradient",
            "morph_tophat",
            "morph_blackhat",
            "fill_holes",
            "remove_small_objects",
            "remove_small_holes",
            "threshold",
            "threshold_at_1",
            "distance_transform",
            "distance_transform_and_thresh",
            "inrange_bin",
            "inrange"
        ],
        "endpoint": {
            "name": "Marker-Based Watershed",
            "abbv": "WSHD",
            "arity": 2,
            "args": 0,
            "kwargs": {
                "use_dt": false,
                "markers_distance": 21,
                "markers_area": null
            }
        },
        "mode": "default"
    }
}