{
    "dataset": {
        "name": "CIL",
        "label_name": "neuron",
        "indices": [
            73,
            9,
            21,
            39,
            53,
            74,
            7,
            10,
            19,
            38,
            8,
            61,
            70,
            66,
            87,
            43,
            0,
            57,
            56,
            25,
            30,
            41,
            35,
            58,
            44,
            80,
            83,
            85,
            64,
            33,
            82,
            52,
            60,
            17,
            67,
            11,
            16,
            78,
            12,
            29,
            71,
            36,
            13,
            81,
            34,
            42,
            48,
            88,
            32,
            26,
            23,
            76,
            72,
            1,
            14,
            62,
            65,
            31,
            6,
            45,
            28,
            5,
            3,
            46,
            27,
            55,
            54,
            63,
            79,
            68
        ]
    },
    "individual": {
        "sequence": "[[0, 0, 0, 0, 0], [0, 0, 0, 0, 0], [19, 1, 1, 13, 140], [24, 0, 1, 253, 193], [11, 3, 2, 112, 177], [18, 2, 2, 89, 172], [24, 4, 2, 15, 236], [35, 5, 6, 217, 243], [31, 0, 5, 23, 55], [2, 8, 7, 144, 248], [19, 8, 9, 75, 63], [4, 5, 10, 113, 65], [6, 4, 5, 188, 171], [3, 9, 7, 192, 106], [34, 9, 7, 182, 75], [18, 12, 13, 73, 144], [23, 5, 9, 181, 239], [34, 4, 16, 120, 252], [30, 15, 11, 164, 143], [15, 10, 13, 44, 223], [34, 13, 12, 13, 149], [8, 0, 10, 135, 15], [4, 11, 19, 249, 49], [0, 13, 6, 130, 174], [10, 1, 18, 66, 49], [41, 1, 22, 102, 58], [11, 9, 6, 0, 21], [16, 20, 22, 232, 48], [16, 24, 25, 43, 125], [19, 8, 13, 57, 166], [26, 17, 0, 129, 210], [23, 7, 24, 104, 215], [0, 23, 0, 0, 0], [0, 7, 0, 0, 0]]",
        "fitness": {
            "fitness": 0.15842097571917943,
            "time": 0.06805930478232247
        }
    },
    "decoding": {
        "metadata": {
            "rows": 1,
            "columns": 30,
            "n_in": 2,
            "n_out": 2,
            "n_para": 2,
            "n_conn": 2
        },
        "functions": [
            "max",
            "min",
            "mean",
            "add",
            "subtract",
            "bitwise_not",
            "bitwise_or",
            "bitwise_and",
            "bitwise_and_mask",
            "bitwise_xor",
            "sqrt",
            "pow2",
            "exp",
            "log",
            "median_blur",
            "gaussian_blur",
            "laplacian",
            "sobel",
            "robert_cross",
            "canny",
            "sharpen",
            "gabor",
            "abs_diff",
            "abs_diff2",
            "fluo_tophat",
            "rel_diff",
            "erode",
            "dilate",
            "open",
            "close",
            "morph_gradient",
            "morph_tophat",
            "morph_blackhat",
            "fill_holes",
            "remove_small_objects",
            "remove_small_holes",
            "threshold",
            "threshold_at_1",
            "distance_transform",
            "distance_transform_and_thresh",
            "inrange_bin",
            "inrange"
        ],
        "endpoint": {
            "name": "Marker-Based Watershed",
            "abbv": "WSHD",
            "arity": 2,
            "args": 0,
            "kwargs": {
                "use_dt": false,
                "markers_distance": 21,
                "markers_area": null
            }
        },
        "mode": "default"
    }
}