{
    "dataset": {
        "name": "CIL",
        "label_name": "neuron",
        "indices": [
            44,
            17,
            11,
            83,
            54,
            85,
            37,
            23,
            28,
            80,
            56,
            69,
            10,
            25,
            24,
            75,
            82,
            34,
            42,
            88,
            43,
            61,
            58,
            6,
            52,
            55,
            1,
            87,
            81,
            12
        ]
    },
    "individual": {
        "sequence": "[[0, 0, 0, 0, 0], [0, 0, 0, 0, 0], [36, 1, 0, 83, 40], [23, 2, 1, 39, 8], [41, 0, 1, 227, 8], [3, 3, 2, 59, 55], [31, 2, 2, 216, 38], [9, 4, 3, 34, 95], [35, 6, 6, 82, 180], [10, 8, 1, 80, 76], [10, 2, 1, 77, 252], [39, 8, 8, 66, 183], [28, 3, 4, 117, 216], [27, 2, 1, 15, 31], [3, 13, 4, 180, 207], [22, 7, 12, 122, 153], [5, 12, 10, 225, 114], [35, 8, 15, 237, 209], [19, 5, 9, 91, 107], [24, 14, 14, 234, 179], [6, 5, 1, 122, 43], [2, 15, 11, 19, 186], [25, 16, 18, 198, 67], [23, 11, 14, 59, 93], [15, 11, 14, 226, 151], [35, 9, 15, 69, 115], [10, 0, 23, 147, 40], [35, 12, 5, 152, 30], [18, 24, 19, 102, 134], [36, 2, 27, 68, 175], [31, 3, 14, 61, 212], [24, 15, 16, 192, 232], [0, 14, 0, 0, 0], [0, 11, 0, 0, 0]]",
        "fitness": {
            "fitness": 0.1159303347269694,
            "time": 0.03664565086364746
        }
    },
    "decoding": {
        "metadata": {
            "rows": 1,
            "columns": 30,
            "n_in": 2,
            "n_out": 2,
            "n_para": 2,
            "n_conn": 2
        },
        "functions": [
            "max",
            "min",
            "mean",
            "add",
            "subtract",
            "bitwise_not",
            "bitwise_or",
            "bitwise_and",
            "bitwise_and_mask",
            "bitwise_xor",
            "sqrt",
            "pow2",
            "exp",
            "log",
            "median_blur",
            "gaussian_blur",
            "laplacian",
            "sobel",
            "robert_cross",
            "canny",
            "sharpen",
            "gabor",
            "abs_diff",
            "abs_diff2",
            "fluo_tophat",
            "rel_diff",
            "erode",
            "dilate",
            "open",
            "close",
            "morph_gradient",
            "morph_tophat",
            "morph_blackhat",
            "fill_holes",
            "remove_small_objects",
            "remove_small_holes",
            "threshold",
            "threshold_at_1",
            "distance_transform",
            "distance_transform_and_thresh",
            "inrange_bin",
            "inrange"
        ],
        "endpoint": {
            "name": "Marker-Based Watershed",
            "abbv": "WSHD",
            "arity": 2,
            "args": 0,
            "kwargs": {
                "use_dt": false,
                "markers_distance": 21,
                "markers_area": null
            }
        },
        "mode": "default"
    }
}