{
    "dataset": {
        "name": "CIL",
        "label_name": "neuron",
        "indices": [
            13,
            83,
            76,
            58,
            27,
            80,
            45,
            36,
            9,
            60,
            16,
            59,
            14
        ]
    },
    "individual": {
        "sequence": "[[0, 0, 0, 0, 0], [0, 0, 0, 0, 0], [24, 0, 1, 70, 224], [11, 2, 0, 225, 45], [36, 1, 2, 147, 35], [16, 4, 1, 176, 246], [19, 5, 3, 24, 134], [29, 3, 0, 75, 158], [39, 3, 6, 78, 71], [8, 5, 7, 53, 118], [41, 2, 5, 225, 100], [8, 0, 6, 175, 193], [27, 3, 6, 188, 79], [29, 4, 2, 26, 75], [6, 3, 9, 177, 67], [36, 9, 7, 177, 145], [7, 13, 15, 82, 45], [26, 1, 15, 252, 25], [36, 10, 12, 51, 18], [7, 12, 6, 135, 153], [41, 2, 10, 116, 135], [24, 0, 17, 182, 221], [28, 5, 11, 124, 206], [18, 15, 9, 146, 11], [1, 17, 19, 228, 190], [23, 21, 19, 5, 199], [30, 7, 7, 134, 252], [41, 26, 25, 99, 68], [9, 20, 10, 101, 231], [19, 14, 21, 233, 69], [36, 25, 17, 218, 191], [12, 6, 3, 202, 189], [0, 14, 0, 0, 0], [0, 23, 0, 0, 0]]",
        "fitness": {
            "fitness": 0.12479738547251774,
            "time": 0.060390747510469876
        }
    },
    "decoding": {
        "metadata": {
            "rows": 1,
            "columns": 30,
            "n_in": 2,
            "n_out": 2,
            "n_para": 2,
            "n_conn": 2
        },
        "functions": [
            "max",
            "min",
            "mean",
            "add",
            "subtract",
            "bitwise_not",
            "bitwise_or",
            "bitwise_and",
            "bitwise_and_mask",
            "bitwise_xor",
            "sqrt",
            "pow2",
            "exp",
            "log",
            "median_blur",
            "gaussian_blur",
            "laplacian",
            "sobel",
            "robert_cross",
            "canny",
            "sharpen",
            "gabor",
            "abs_diff",
            "abs_diff2",
            "fluo_tophat",
            "rel_diff",
            "erode",
            "dilate",
            "open",
            "close",
            "morph_gradient",
            "morph_tophat",
            "morph_blackhat",
            "fill_holes",
            "remove_small_objects",
            "remove_small_holes",
            "threshold",
            "threshold_at_1",
            "distance_transform",
            "distance_transform_and_thresh",
            "inrange_bin",
            "inrange"
        ],
        "endpoint": {
            "name": "Marker-Based Watershed",
            "abbv": "WSHD",
            "arity": 2,
            "p": 0,
            "kwargs": {
                "use_dt": false,
                "markers_distance": 21,
                "markers_area": null
            }
        },
        "mode": "default"
    }
}