{
    "dataset": {
        "name": "CIL",
        "label_name": "neuron",
        "indices": [
            74,
            48,
            65,
            2,
            7,
            82,
            34,
            19,
            54,
            57,
            22,
            28,
            75,
            70,
            83,
            64,
            81,
            86,
            62,
            56,
            79,
            25,
            88,
            9,
            8,
            40,
            3,
            11,
            85,
            59,
            0,
            12,
            78,
            42,
            17,
            20,
            31,
            58,
            37,
            35
        ]
    },
    "individual": {
        "sequence": "[[0, 0, 0, 0, 0], [0, 0, 0, 0, 0], [41, 0, 0, 11, 211], [1, 2, 0, 161, 141], [24, 3, 3, 71, 19], [5, 3, 2, 230, 99], [2, 4, 5, 145, 165], [27, 3, 4, 176, 99], [16, 1, 3, 154, 93], [31, 1, 0, 244, 146], [18, 9, 8, 175, 143], [10, 10, 7, 131, 240], [19, 9, 3, 15, 160], [31, 5, 8, 208, 227], [9, 3, 8, 248, 84], [1, 1, 9, 239, 215], [16, 13, 10, 176, 55], [6, 1, 2, 182, 106], [33, 9, 11, 91, 216], [10, 9, 4, 174, 251], [18, 12, 6, 118, 229], [22, 10, 11, 144, 221], [35, 7, 1, 10, 228], [28, 9, 21, 243, 243], [1, 9, 0, 122, 233], [35, 20, 1, 184, 35], [26, 8, 13, 61, 185], [35, 10, 7, 248, 126], [20, 27, 10, 226, 94], [15, 15, 12, 76, 32], [2, 1, 20, 41, 187], [36, 8, 28, 214, 143], [0, 4, 0, 0, 0], [0, 25, 0, 0, 0]]",
        "fitness": {
            "fitness": 0.14511354714632035,
            "time": 0.05640381574630737
        }
    },
    "decoding": {
        "metadata": {
            "rows": 1,
            "columns": 30,
            "n_in": 2,
            "n_out": 2,
            "n_para": 2,
            "n_conn": 2
        },
        "functions": [
            "max",
            "min",
            "mean",
            "add",
            "subtract",
            "bitwise_not",
            "bitwise_or",
            "bitwise_and",
            "bitwise_and_mask",
            "bitwise_xor",
            "sqrt",
            "pow2",
            "exp",
            "log",
            "median_blur",
            "gaussian_blur",
            "laplacian",
            "sobel",
            "robert_cross",
            "canny",
            "sharpen",
            "gabor",
            "abs_diff",
            "abs_diff2",
            "fluo_tophat",
            "rel_diff",
            "erode",
            "dilate",
            "open",
            "close",
            "morph_gradient",
            "morph_tophat",
            "morph_blackhat",
            "fill_holes",
            "remove_small_objects",
            "remove_small_holes",
            "threshold",
            "threshold_at_1",
            "distance_transform",
            "distance_transform_and_thresh",
            "inrange_bin",
            "inrange"
        ],
        "endpoint": {
            "name": "Marker-Based Watershed",
            "abbv": "WSHD",
            "arity": 2,
            "args": 0,
            "kwargs": {
                "use_dt": false,
                "markers_distance": 21,
                "markers_area": null
            }
        },
        "mode": "default"
    }
}