{
    "dataset": {
        "name": "CIL",
        "label_name": "neuron",
        "indices": [
            12,
            3,
            32,
            79
        ]
    },
    "individual": {
        "sequence": "[[0, 0, 0, 0, 0], [0, 0, 0, 0, 0], [11, 1, 0, 196, 137], [25, 1, 0, 215, 175], [9, 0, 2, 49, 99], [33, 2, 2, 6, 248], [26, 5, 0, 212, 38], [11, 0, 3, 242, 118], [25, 6, 6, 167, 62], [3, 5, 7, 138, 160], [4, 2, 7, 95, 158], [24, 9, 8, 62, 182], [8, 3, 2, 127, 85], [19, 5, 1, 158, 146], [4, 10, 1, 219, 2], [37, 8, 4, 14, 23], [14, 10, 9, 15, 15], [31, 4, 5, 229, 176], [19, 14, 15, 250, 156], [40, 9, 8, 98, 244], [3, 9, 12, 217, 113], [23, 2, 19, 255, 19], [17, 21, 9, 86, 47], [12, 20, 7, 37, 23], [12, 5, 19, 197, 80], [7, 7, 6, 153, 26], [21, 18, 11, 138, 73], [28, 5, 18, 246, 69], [5, 5, 0, 2, 255], [5, 9, 2, 216, 168], [12, 15, 24, 104, 44], [2, 14, 8, 147, 254], [0, 11, 0, 0, 0], [0, 16, 0, 0, 0]]",
        "fitness": {
            "fitness": 0.13623782992362976,
            "time": 0.0491718053817749
        }
    },
    "decoding": {
        "metadata": {
            "rows": 1,
            "columns": 30,
            "n_in": 2,
            "n_out": 2,
            "n_para": 2,
            "n_conn": 2
        },
        "functions": [
            "max",
            "min",
            "mean",
            "add",
            "subtract",
            "bitwise_not",
            "bitwise_or",
            "bitwise_and",
            "bitwise_and_mask",
            "bitwise_xor",
            "sqrt",
            "pow2",
            "exp",
            "log",
            "median_blur",
            "gaussian_blur",
            "laplacian",
            "sobel",
            "robert_cross",
            "canny",
            "sharpen",
            "gabor",
            "abs_diff",
            "abs_diff2",
            "fluo_tophat",
            "rel_diff",
            "erode",
            "dilate",
            "open",
            "close",
            "morph_gradient",
            "morph_tophat",
            "morph_blackhat",
            "fill_holes",
            "remove_small_objects",
            "remove_small_holes",
            "threshold",
            "threshold_at_1",
            "distance_transform",
            "distance_transform_and_thresh",
            "inrange_bin",
            "inrange"
        ],
        "endpoint": {
            "name": "W",
            "abbv": "WSHD",
            "arity": 2,
            "p": 0,
            "kwargs": {
                "use_dt": false,
                "markers_distance": 21,
                "markers_area": null
            }
        },
        "mode": "default"
    }
}