{
    "dataset": {
        "name": "CIL",
        "label_name": "neuron",
        "indices": [
            69,
            27,
            57,
            78,
            3,
            74,
            81,
            20,
            34,
            85,
            23,
            67,
            79,
            36,
            32,
            1,
            17,
            44,
            64,
            38,
            29,
            5,
            8,
            76,
            21,
            33,
            59,
            46,
            9,
            0
        ]
    },
    "individual": {
        "sequence": "[[0, 0, 0, 0, 0], [0, 0, 0, 0, 0], [11, 0, 0, 251, 189], [14, 1, 2, 1, 215], [2, 1, 3, 52, 62], [6, 2, 3, 210, 198], [31, 0, 3, 175, 98], [41, 2, 2, 15, 182], [4, 1, 2, 171, 65], [8, 3, 5, 168, 210], [40, 3, 3, 190, 52], [26, 7, 7, 34, 120], [29, 3, 3, 226, 135], [9, 12, 3, 222, 236], [23, 2, 10, 98, 210], [10, 10, 1, 31, 32], [27, 4, 6, 182, 62], [14, 14, 13, 110, 191], [2, 16, 6, 14, 24], [3, 8, 7, 81, 137], [9, 9, 10, 191, 3], [26, 11, 4, 117, 75], [13, 6, 6, 17, 135], [24, 7, 0, 224, 164], [39, 20, 21, 181, 79], [10, 8, 18, 113, 167], [14, 14, 25, 5, 84], [22, 23, 24, 30, 70], [20, 23, 27, 140, 230], [3, 19, 17, 250, 207], [23, 26, 22, 135, 126], [25, 14, 11, 188, 126], [0, 30, 0, 0, 0], [0, 10, 0, 0, 0]]",
        "fitness": {
            "fitness": 0.16211927731831868,
            "time": 0.04278336366017659
        }
    },
    "decoding": {
        "metadata": {
            "rows": 1,
            "columns": 30,
            "n_in": 2,
            "n_out": 2,
            "n_para": 2,
            "n_conn": 2
        },
        "functions": [
            "max",
            "min",
            "mean",
            "add",
            "subtract",
            "bitwise_not",
            "bitwise_or",
            "bitwise_and",
            "bitwise_and_mask",
            "bitwise_xor",
            "sqrt",
            "pow2",
            "exp",
            "log",
            "median_blur",
            "gaussian_blur",
            "laplacian",
            "sobel",
            "robert_cross",
            "canny",
            "sharpen",
            "gabor",
            "abs_diff",
            "abs_diff2",
            "fluo_tophat",
            "rel_diff",
            "erode",
            "dilate",
            "open",
            "close",
            "morph_gradient",
            "morph_tophat",
            "morph_blackhat",
            "fill_holes",
            "remove_small_objects",
            "remove_small_holes",
            "threshold",
            "threshold_at_1",
            "distance_transform",
            "distance_transform_and_thresh",
            "inrange_bin",
            "inrange"
        ],
        "endpoint": {
            "name": "Marker-Based Watershed",
            "abbv": "WSHD",
            "arity": 2,
            "args": 0,
            "kwargs": {
                "use_dt": false,
                "markers_distance": 21,
                "markers_area": null
            }
        },
        "mode": "default"
    }
}