{
    "dataset": {
        "name": "Melanoma",
        "label_name": "melanoma",
        "indices": null
    },
    "individual": {
        "sequence": "[[0, 0, 0, 0, 0], [0, 0, 0, 0, 0], [0, 0, 0, 0, 0], [0, 1, 0, 72, 237], [3, 0, 1, 135, 254], [12, 2, 0, 158, 211], [14, 5, 2, 92, 160], [27, 1, 2, 220, 44], [10, 3, 5, 169, 190], [9, 8, 2, 20, 24], [25, 4, 6, 56, 46], [1, 1, 10, 176, 54], [24, 2, 6, 105, 122], [41, 11, 11, 187, 104], [38, 1, 2, 22, 147], [24, 11, 6, 196, 134], [13, 6, 2, 101, 230], [4, 2, 8, 66, 160], [8, 16, 6, 81, 64], [40, 17, 7, 159, 22], [0, 15, 1, 154, 141], [41, 18, 18, 56, 23], [39, 19, 14, 123, 42], [16, 10, 6, 217, 194], [31, 10, 3, 17, 253], [39, 21, 19, 200, 218], [7, 25, 17, 127, 225], [31, 24, 19, 71, 30], [38, 18, 14, 20, 94], [30, 22, 13, 11, 0], [8, 0, 24, 19, 184], [26, 20, 7, 22, 67], [25, 7, 31, 193, 43], [0, 19, 0, 0, 0], [0, 29, 0, 0, 0]]",
        "fitness": {
            "fitness": 0.18068025012811026,
            "time": 0.008265515168507894
        }
    },
    "decoding": {
        "metadata": {
            "rows": 1,
            "columns": 30,
            "n_in": 3,
            "n_out": 2,
            "n_para": 2,
            "n_conn": 2
        },
        "functions": [
            "max",
            "min",
            "mean",
            "add",
            "subtract",
            "bitwise_not",
            "bitwise_or",
            "bitwise_and",
            "bitwise_and_mask",
            "bitwise_xor",
            "sqrt",
            "pow2",
            "exp",
            "log",
            "median_blur",
            "gaussian_blur",
            "laplacian",
            "sobel",
            "robert_cross",
            "canny",
            "sharpen",
            "gabor",
            "abs_diff",
            "abs_diff2",
            "fluo_tophat",
            "rel_diff",
            "erode",
            "dilate",
            "open",
            "close",
            "morph_gradient",
            "morph_tophat",
            "morph_blackhat",
            "fill_holes",
            "remove_small_objects",
            "remove_small_holes",
            "threshold",
            "threshold_at_1",
            "distance_transform",
            "distance_transform_and_thresh",
            "inrange_bin",
            "inrange"
        ],
        "endpoint": {
            "name": "Marker-Based Watershed",
            "abbv": "WSHD",
            "arity": 2,
            "args": 0,
            "kwargs": {
                "use_dt": false,
                "markers_distance": 21,
                "markers_area": null
            }
        },
        "mode": "default"
    }
}