{
    "dataset": {
        "name": "CIL",
        "label_name": "neuron",
        "indices": [
            61,
            47,
            78,
            81,
            64,
            27,
            65,
            55,
            12,
            26,
            10,
            75,
            9,
            2,
            16,
            5,
            1,
            73,
            20,
            41
        ]
    },
    "individual": {
        "sequence": "[[0, 0, 0, 0, 0], [0, 0, 0, 0, 0], [31, 0, 0, 234, 27], [17, 0, 2, 132, 47], [41, 2, 0, 116, 21], [28, 1, 0, 16, 143], [26, 4, 1, 184, 32], [15, 1, 5, 14, 144], [40, 5, 3, 40, 211], [13, 5, 8, 73, 57], [15, 8, 6, 151, 37], [16, 5, 2, 161, 73], [11, 1, 9, 102, 119], [38, 7, 8, 32, 11], [0, 8, 2, 113, 153], [1, 1, 5, 188, 82], [22, 0, 0, 188, 88], [27, 13, 12, 26, 120], [4, 15, 3, 193, 90], [40, 8, 16, 61, 12], [7, 1, 12, 216, 14], [2, 8, 14, 252, 81], [34, 18, 21, 214, 119], [26, 10, 3, 203, 195], [6, 21, 4, 36, 233], [23, 4, 11, 116, 82], [37, 24, 18, 249, 36], [4, 10, 1, 85, 1], [28, 12, 10, 23, 183], [12, 7, 8, 55, 28], [27, 19, 21, 33, 180], [30, 25, 20, 100, 236], [0, 26, 0, 0, 0], [0, 8, 0, 0, 0]]",
        "fitness": {
            "fitness": 0.1455138474702835,
            "time": 0.03887771368026734
        }
    },
    "decoding": {
        "metadata": {
            "rows": 1,
            "columns": 30,
            "n_in": 2,
            "n_out": 2,
            "n_para": 2,
            "n_conn": 2
        },
        "functions": [
            "max",
            "min",
            "mean",
            "add",
            "subtract",
            "bitwise_not",
            "bitwise_or",
            "bitwise_and",
            "bitwise_and_mask",
            "bitwise_xor",
            "sqrt",
            "pow2",
            "exp",
            "log",
            "median_blur",
            "gaussian_blur",
            "laplacian",
            "sobel",
            "robert_cross",
            "canny",
            "sharpen",
            "gabor",
            "abs_diff",
            "abs_diff2",
            "fluo_tophat",
            "rel_diff",
            "erode",
            "dilate",
            "open",
            "close",
            "morph_gradient",
            "morph_tophat",
            "morph_blackhat",
            "fill_holes",
            "remove_small_objects",
            "remove_small_holes",
            "threshold",
            "threshold_at_1",
            "distance_transform",
            "distance_transform_and_thresh",
            "inrange_bin",
            "inrange"
        ],
        "endpoint": {
            "name": "W",
            "abbv": "WSHD",
            "arity": 2,
            "p": 0,
            "kwargs": {
                "use_dt": false,
                "markers_distance": 21,
                "markers_area": null
            }
        },
        "mode": "default"
    }
}