{
    "dataset": {
        "name": "Tumor",
        "label_name": "tumor",
        "indices": null
    },
    "individual": {
        "sequence": "[[0, 0, 0, 0, 0], [0, 0, 0, 0, 0], [0, 0, 0, 0, 0], [23, 1, 2, 51, 221], [29, 0, 0, 173, 119], [15, 3, 2, 248, 173], [38, 5, 3, 47, 177], [15, 0, 2, 125, 200], [40, 0, 6, 251, 109], [8, 3, 4, 247, 87], [35, 4, 7, 128, 52], [17, 9, 0, 17, 231], [11, 5, 3, 129, 114], [24, 11, 6, 60, 38], [19, 4, 1, 158, 141], [28, 9, 12, 70, 122], [14, 7, 14, 253, 140], [20, 9, 16, 105, 121], [4, 15, 16, 97, 126], [26, 2, 6, 254, 121], [37, 11, 6, 51, 220], [25, 17, 12, 238, 212], [32, 2, 13, 201, 69], [0, 1, 16, 15, 164], [24, 19, 4, 93, 202], [41, 4, 1, 171, 219], [2, 18, 25, 168, 61], [3, 20, 3, 29, 152], [39, 27, 22, 11, 86], [20, 20, 6, 242, 234], [10, 21, 28, 213, 67], [20, 28, 9, 189, 81], [37, 11, 13, 148, 130], [0, 26, 0, 0, 0]]",
        "fitness": {
            "fitness": 0.15167766277412062,
            "time": 0.03833472728729248
        }
    },
    "decoding": {
        "metadata": {
            "rows": 1,
            "columns": 30,
            "n_in": 3,
            "n_out": 1,
            "n_para": 2,
            "n_conn": 2
        },
        "functions": [
            "max",
            "min",
            "mean",
            "add",
            "subtract",
            "bitwise_not",
            "bitwise_or",
            "bitwise_and",
            "bitwise_and_mask",
            "bitwise_xor",
            "sqrt",
            "pow2",
            "exp",
            "log",
            "median_blur",
            "gaussian_blur",
            "laplacian",
            "sobel",
            "robert_cross",
            "canny",
            "sharpen",
            "gabor",
            "abs_diff",
            "abs_diff2",
            "fluo_tophat",
            "rel_diff",
            "erode",
            "dilate",
            "open",
            "close",
            "morph_gradient",
            "morph_tophat",
            "morph_blackhat",
            "fill_holes",
            "remove_small_objects",
            "remove_small_holes",
            "threshold",
            "threshold_at_1",
            "distance_transform",
            "distance_transform_and_thresh",
            "inrange_bin",
            "inrange"
        ],
        "endpoint": {
            "name": "Threshold (t=4)",
            "abbv": "TRSH",
            "arity": 1,
            "p": 0,
            "kwargs": {
                "threshold": 4
            }
        },
        "mode": "default"
    }
}