{
    "dataset": {
        "name": "CIL",
        "label_name": "neuron",
        "indices": [
            44,
            53,
            67,
            64,
            13,
            33,
            35,
            48,
            7,
            83,
            78,
            32,
            5,
            11,
            49,
            82,
            22,
            42,
            80,
            63,
            29,
            52,
            84,
            56,
            0,
            14,
            37,
            70,
            47,
            62
        ]
    },
    "individual": {
        "sequence": "[[0, 0, 0, 0, 0], [0, 0, 0, 0, 0], [31, 1, 0, 142, 234], [20, 1, 0, 118, 143], [36, 3, 1, 127, 32], [6, 0, 2, 27, 59], [41, 5, 4, 8, 205], [41, 0, 3, 222, 237], [29, 1, 3, 37, 160], [37, 4, 5, 247, 249], [0, 6, 4, 16, 248], [40, 10, 10, 95, 106], [17, 8, 5, 98, 230], [29, 7, 4, 238, 60], [32, 4, 4, 122, 141], [16, 10, 11, 148, 77], [28, 13, 3, 106, 24], [37, 10, 11, 46, 119], [3, 5, 11, 239, 172], [37, 4, 13, 99, 81], [37, 19, 1, 240, 56], [29, 8, 7, 113, 51], [28, 13, 6, 188, 225], [34, 9, 17, 23, 180], [31, 18, 1, 238, 126], [27, 4, 10, 34, 166], [12, 21, 21, 154, 243], [9, 1, 6, 195, 203], [30, 25, 9, 89, 94], [27, 25, 7, 58, 217], [30, 1, 28, 119, 22], [27, 23, 14, 249, 62], [0, 10, 0, 0, 0], [0, 23, 0, 0, 0]]",
        "fitness": {
            "fitness": 0.10905264019966125,
            "time": 0.03207430044809977
        }
    },
    "decoding": {
        "metadata": {
            "rows": 1,
            "columns": 30,
            "n_in": 2,
            "n_out": 2,
            "n_para": 2,
            "n_conn": 2
        },
        "functions": [
            "max",
            "min",
            "mean",
            "add",
            "subtract",
            "bitwise_not",
            "bitwise_or",
            "bitwise_and",
            "bitwise_and_mask",
            "bitwise_xor",
            "sqrt",
            "pow2",
            "exp",
            "log",
            "median_blur",
            "gaussian_blur",
            "laplacian",
            "sobel",
            "robert_cross",
            "canny",
            "sharpen",
            "gabor",
            "abs_diff",
            "abs_diff2",
            "fluo_tophat",
            "rel_diff",
            "erode",
            "dilate",
            "open",
            "close",
            "morph_gradient",
            "morph_tophat",
            "morph_blackhat",
            "fill_holes",
            "remove_small_objects",
            "remove_small_holes",
            "threshold",
            "threshold_at_1",
            "distance_transform",
            "distance_transform_and_thresh",
            "inrange_bin",
            "inrange"
        ],
        "endpoint": {
            "name": "Marker-Based Watershed",
            "abbv": "WSHD",
            "arity": 2,
            "args": 0,
            "kwargs": {
                "use_dt": false,
                "markers_distance": 21,
                "markers_area": null
            }
        },
        "mode": "default"
    }
}