{
    "dataset": {
        "name": "CIL",
        "label_name": "neuron",
        "indices": [
            10,
            66,
            40,
            60,
            7,
            35,
            51,
            43,
            73,
            72,
            25,
            64,
            20,
            24,
            16,
            42,
            22,
            37,
            33,
            59,
            41,
            13,
            80,
            50,
            38,
            26,
            29,
            79,
            74,
            55,
            12,
            70,
            46,
            57,
            47,
            84,
            78,
            18,
            61,
            11,
            6,
            63,
            75,
            45,
            52,
            77,
            62,
            9,
            53,
            34,
            56,
            0,
            48,
            31,
            17,
            54,
            82,
            69,
            85,
            8,
            65,
            76,
            83,
            58,
            1,
            49,
            44,
            68,
            3,
            14
        ]
    },
    "individual": {
        "sequence": "[[0, 0, 0, 0, 0], [0, 0, 0, 0, 0], [11, 1, 1, 250, 199], [10, 1, 1, 138, 107], [25, 1, 3, 189, 26], [11, 0, 4, 79, 62], [5, 3, 0, 56, 157], [19, 0, 4, 106, 213], [10, 5, 2, 86, 168], [36, 5, 1, 229, 85], [6, 7, 7, 100, 177], [9, 1, 4, 17, 153], [11, 6, 2, 157, 184], [31, 0, 9, 188, 227], [19, 12, 10, 251, 75], [22, 13, 12, 123, 230], [7, 0, 13, 220, 173], [7, 0, 13, 52, 122], [26, 0, 15, 211, 145], [2, 17, 8, 10, 173], [14, 5, 16, 23, 22], [39, 11, 15, 233, 183], [22, 10, 0, 242, 194], [16, 21, 16, 131, 182], [10, 6, 2, 62, 66], [18, 24, 4, 159, 59], [24, 16, 7, 119, 45], [14, 0, 3, 46, 4], [17, 21, 20, 13, 22], [30, 19, 3, 51, 245], [35, 6, 17, 77, 35], [15, 23, 19, 246, 183], [0, 19, 0, 0, 0], [0, 14, 0, 0, 0]]",
        "fitness": {
            "fitness": 0.22251894388880047,
            "time": 0.031249959128243583
        }
    },
    "decoding": {
        "metadata": {
            "rows": 1,
            "columns": 30,
            "n_in": 2,
            "n_out": 2,
            "n_para": 2,
            "n_conn": 2
        },
        "functions": [
            "max",
            "min",
            "mean",
            "add",
            "subtract",
            "bitwise_not",
            "bitwise_or",
            "bitwise_and",
            "bitwise_and_mask",
            "bitwise_xor",
            "sqrt",
            "pow2",
            "exp",
            "log",
            "median_blur",
            "gaussian_blur",
            "laplacian",
            "sobel",
            "robert_cross",
            "canny",
            "sharpen",
            "gabor",
            "abs_diff",
            "abs_diff2",
            "fluo_tophat",
            "rel_diff",
            "erode",
            "dilate",
            "open",
            "close",
            "morph_gradient",
            "morph_tophat",
            "morph_blackhat",
            "fill_holes",
            "remove_small_objects",
            "remove_small_holes",
            "threshold",
            "threshold_at_1",
            "distance_transform",
            "distance_transform_and_thresh",
            "inrange_bin",
            "inrange"
        ],
        "endpoint": {
            "name": "Marker-Based Watershed",
            "abbv": "WSHD",
            "arity": 2,
            "args": 0,
            "kwargs": {
                "use_dt": false,
                "markers_distance": 21,
                "markers_area": null
            }
        },
        "mode": "default"
    }
}