{
    "dataset": {
        "name": "CIL",
        "label_name": "neuron",
        "indices": [
            64,
            54,
            77,
            78,
            39,
            58,
            79,
            34,
            18,
            8,
            87,
            9,
            50,
            61
        ]
    },
    "individual": {
        "sequence": "[[0, 0, 0, 0, 0], [0, 0, 0, 0, 0], [20, 0, 0, 53, 103], [1, 1, 1, 140, 168], [28, 1, 0, 21, 235], [23, 3, 3, 245, 233], [13, 2, 3, 167, 214], [11, 1, 1, 89, 163], [41, 4, 5, 82, 139], [29, 5, 8, 71, 93], [40, 4, 9, 204, 38], [2, 6, 10, 185, 80], [20, 6, 9, 202, 126], [30, 3, 5, 237, 26], [31, 9, 7, 199, 139], [38, 11, 3, 235, 79], [20, 10, 2, 172, 202], [9, 1, 6, 66, 12], [13, 15, 14, 15, 31], [9, 4, 3, 200, 183], [34, 13, 14, 12, 13], [6, 0, 15, 229, 43], [33, 0, 4, 213, 192], [25, 20, 3, 25, 147], [36, 1, 13, 85, 161], [19, 0, 23, 238, 94], [33, 9, 7, 170, 7], [5, 23, 20, 177, 125], [18, 8, 22, 188, 4], [38, 20, 5, 29, 253], [0, 18, 25, 143, 236], [1, 14, 14, 227, 3], [0, 30, 0, 0, 0], [0, 10, 0, 0, 0]]",
        "fitness": {
            "fitness": 0.1286214930670602,
            "time": 0.036734393664768765
        }
    },
    "decoding": {
        "metadata": {
            "rows": 1,
            "columns": 30,
            "n_in": 2,
            "n_out": 2,
            "n_para": 2,
            "n_conn": 2
        },
        "functions": [
            "max",
            "min",
            "mean",
            "add",
            "subtract",
            "bitwise_not",
            "bitwise_or",
            "bitwise_and",
            "bitwise_and_mask",
            "bitwise_xor",
            "sqrt",
            "pow2",
            "exp",
            "log",
            "median_blur",
            "gaussian_blur",
            "laplacian",
            "sobel",
            "robert_cross",
            "canny",
            "sharpen",
            "gabor",
            "abs_diff",
            "abs_diff2",
            "fluo_tophat",
            "rel_diff",
            "erode",
            "dilate",
            "open",
            "close",
            "morph_gradient",
            "morph_tophat",
            "morph_blackhat",
            "fill_holes",
            "remove_small_objects",
            "remove_small_holes",
            "threshold",
            "threshold_at_1",
            "distance_transform",
            "distance_transform_and_thresh",
            "inrange_bin",
            "inrange"
        ],
        "endpoint": {
            "name": "Marker-Based Watershed",
            "abbv": "WSHD",
            "arity": 2,
            "p": 0,
            "kwargs": {
                "use_dt": false,
                "markers_distance": 21,
                "markers_area": null
            }
        },
        "mode": "default"
    }
}