{
    "dataset": {
        "name": "Tumor",
        "label_name": "tumor",
        "indices": null
    },
    "individual": {
        "sequence": "[[0, 0, 0, 0, 0], [0, 0, 0, 0, 0], [0, 0, 0, 0, 0], [29, 1, 0, 122, 181], [14, 1, 2, 128, 33], [23, 4, 0, 162, 106], [14, 2, 2, 126, 222], [41, 0, 1, 23, 4], [14, 1, 3, 58, 233], [22, 6, 2, 124, 106], [21, 5, 4, 72, 92], [3, 10, 2, 192, 32], [32, 5, 7, 181, 160], [39, 12, 7, 81, 67], [40, 2, 6, 117, 213], [17, 11, 1, 151, 112], [24, 10, 5, 3, 42], [15, 7, 2, 117, 142], [13, 16, 6, 154, 87], [0, 17, 14, 28, 16], [0, 11, 1, 249, 3], [11, 9, 18, 132, 199], [41, 0, 10, 19, 83], [16, 11, 10, 110, 174], [28, 19, 14, 170, 83], [1, 4, 24, 15, 59], [25, 5, 6, 167, 246], [6, 24, 11, 231, 122], [32, 3, 21, 113, 67], [7, 17, 23, 39, 215], [17, 28, 24, 22, 128], [31, 13, 14, 189, 39], [29, 31, 27, 47, 150], [0, 25, 0, 0, 0]]",
        "fitness": {
            "fitness": 0.15084588006740446,
            "time": 0.032449563344319664
        }
    },
    "decoding": {
        "metadata": {
            "rows": 1,
            "columns": 30,
            "n_in": 3,
            "n_out": 1,
            "n_para": 2,
            "n_conn": 2
        },
        "functions": [
            "max",
            "min",
            "mean",
            "add",
            "subtract",
            "bitwise_not",
            "bitwise_or",
            "bitwise_and",
            "bitwise_and_mask",
            "bitwise_xor",
            "sqrt",
            "pow2",
            "exp",
            "log",
            "median_blur",
            "gaussian_blur",
            "laplacian",
            "sobel",
            "robert_cross",
            "canny",
            "sharpen",
            "gabor",
            "abs_diff",
            "abs_diff2",
            "fluo_tophat",
            "rel_diff",
            "erode",
            "dilate",
            "open",
            "close",
            "morph_gradient",
            "morph_tophat",
            "morph_blackhat",
            "fill_holes",
            "remove_small_objects",
            "remove_small_holes",
            "threshold",
            "threshold_at_1",
            "distance_transform",
            "distance_transform_and_thresh",
            "inrange_bin",
            "inrange"
        ],
        "endpoint": {
            "name": "Threshold (t=4)",
            "abbv": "TRSH",
            "arity": 1,
            "p": 0,
            "kwargs": {
                "threshold": 4
            }
        },
        "mode": "default"
    }
}