{
    "dataset": {
        "name": "CIL",
        "label_name": "neuron",
        "indices": [
            59,
            62,
            13,
            38,
            42,
            28,
            88,
            63,
            48,
            20,
            72,
            31,
            84,
            82,
            6,
            56,
            47,
            52,
            54,
            7,
            85,
            0,
            44,
            76,
            43,
            50,
            18,
            83,
            80,
            41,
            9,
            30,
            23,
            35,
            68,
            65,
            29,
            15,
            36,
            21,
            66,
            25,
            81,
            22,
            61,
            77,
            1,
            86,
            74,
            32,
            14,
            79,
            40,
            2,
            60,
            26,
            5,
            16,
            75,
            53,
            45,
            78,
            33,
            49,
            8,
            37,
            17,
            19,
            12,
            4,
            34,
            24,
            69,
            67,
            87,
            55,
            51,
            73,
            3,
            10
        ]
    },
    "individual": {
        "sequence": "[[0, 0, 0, 0, 0], [0, 0, 0, 0, 0], [41, 1, 0, 38, 254], [12, 1, 1, 156, 168], [20, 2, 0, 46, 179], [23, 2, 1, 81, 108], [36, 0, 4, 130, 9], [19, 1, 0, 25, 102], [25, 4, 3, 87, 241], [38, 3, 8, 207, 141], [26, 8, 7, 200, 214], [11, 4, 9, 36, 231], [33, 6, 1, 127, 116], [25, 11, 8, 129, 88], [28, 13, 12, 12, 121], [40, 11, 7, 242, 150], [24, 10, 12, 87, 31], [6, 7, 6, 245, 30], [16, 0, 0, 172, 220], [33, 6, 6, 46, 42], [33, 11, 0, 193, 251], [0, 13, 11, 184, 229], [29, 6, 1, 67, 64], [40, 22, 11, 107, 200], [28, 5, 16, 39, 166], [2, 0, 12, 30, 183], [27, 12, 2, 192, 34], [5, 0, 20, 139, 168], [1, 19, 25, 247, 142], [8, 18, 28, 235, 215], [21, 9, 21, 139, 128], [33, 12, 10, 177, 19], [0, 17, 0, 0, 0], [0, 14, 0, 0, 0]]",
        "fitness": {
            "fitness": 0.13481493592262267,
            "time": 0.034088581800460815
        }
    },
    "decoding": {
        "metadata": {
            "rows": 1,
            "columns": 30,
            "n_in": 2,
            "n_out": 2,
            "n_para": 2,
            "n_conn": 2
        },
        "functions": [
            "max",
            "min",
            "mean",
            "add",
            "subtract",
            "bitwise_not",
            "bitwise_or",
            "bitwise_and",
            "bitwise_and_mask",
            "bitwise_xor",
            "sqrt",
            "pow2",
            "exp",
            "log",
            "median_blur",
            "gaussian_blur",
            "laplacian",
            "sobel",
            "robert_cross",
            "canny",
            "sharpen",
            "gabor",
            "abs_diff",
            "abs_diff2",
            "fluo_tophat",
            "rel_diff",
            "erode",
            "dilate",
            "open",
            "close",
            "morph_gradient",
            "morph_tophat",
            "morph_blackhat",
            "fill_holes",
            "remove_small_objects",
            "remove_small_holes",
            "threshold",
            "threshold_at_1",
            "distance_transform",
            "distance_transform_and_thresh",
            "inrange_bin",
            "inrange"
        ],
        "endpoint": {
            "name": "Marker-Based Watershed",
            "abbv": "WSHD",
            "arity": 2,
            "args": 0,
            "kwargs": {
                "use_dt": false,
                "markers_distance": 21,
                "markers_area": null
            }
        },
        "mode": "default"
    }
}