{
    "dataset": {
        "name": "Tumor",
        "label_name": "tumor",
        "indices": null
    },
    "individual": {
        "sequence": "[[0, 0, 0, 0, 0], [0, 0, 0, 0, 0], [0, 0, 0, 0, 0], [4, 1, 0, 7, 9], [2, 1, 0, 198, 108], [34, 0, 4, 94, 59], [17, 5, 1, 248, 163], [30, 2, 6, 116, 242], [16, 1, 7, 47, 157], [0, 2, 6, 150, 71], [29, 3, 9, 143, 54], [27, 9, 0, 90, 164], [21, 7, 11, 36, 101], [16, 10, 9, 26, 54], [3, 2, 5, 85, 43], [20, 8, 9, 196, 239], [18, 15, 7, 205, 42], [38, 4, 0, 240, 131], [8, 8, 13, 59, 22], [34, 18, 10, 250, 80], [29, 2, 19, 5, 29], [3, 0, 13, 10, 131], [16, 2, 8, 98, 13], [33, 19, 19, 158, 187], [26, 20, 2, 249, 224], [29, 19, 9, 138, 64], [4, 23, 20, 136, 162], [12, 5, 25, 7, 66], [15, 25, 21, 231, 225], [20, 19, 27, 223, 164], [41, 25, 11, 25, 245], [7, 13, 25, 62, 208], [28, 26, 26, 65, 61], [0, 32, 0, 0, 0]]",
        "fitness": {
            "fitness": 0.11354556467102006,
            "time": 0.031674464543660484
        }
    },
    "decoding": {
        "metadata": {
            "rows": 1,
            "columns": 30,
            "n_in": 3,
            "n_out": 1,
            "n_para": 2,
            "n_conn": 2
        },
        "functions": [
            "max",
            "min",
            "mean",
            "add",
            "subtract",
            "bitwise_not",
            "bitwise_or",
            "bitwise_and",
            "bitwise_and_mask",
            "bitwise_xor",
            "sqrt",
            "pow2",
            "exp",
            "log",
            "median_blur",
            "gaussian_blur",
            "laplacian",
            "sobel",
            "robert_cross",
            "canny",
            "sharpen",
            "gabor",
            "abs_diff",
            "abs_diff2",
            "fluo_tophat",
            "rel_diff",
            "erode",
            "dilate",
            "open",
            "close",
            "morph_gradient",
            "morph_tophat",
            "morph_blackhat",
            "fill_holes",
            "remove_small_objects",
            "remove_small_holes",
            "threshold",
            "threshold_at_1",
            "distance_transform",
            "distance_transform_and_thresh",
            "inrange_bin",
            "inrange"
        ],
        "endpoint": {
            "name": "Threshold (t=4)",
            "abbv": "TRSH",
            "arity": 1,
            "p": 0,
            "kwargs": {
                "threshold": 4
            }
        },
        "mode": "default"
    }
}