{
    "dataset": {
        "name": "CIL",
        "label_name": "neuron",
        "indices": [
            19,
            29,
            2,
            75,
            54,
            15,
            58,
            12,
            64,
            9,
            37,
            45,
            14,
            66,
            33,
            88,
            50,
            80,
            46,
            41,
            0,
            79,
            6,
            32,
            76,
            20,
            85,
            22,
            5,
            34,
            52,
            42,
            63,
            71,
            18,
            59,
            57,
            69,
            65,
            28,
            26,
            83,
            70,
            11,
            84,
            13,
            39,
            16,
            72,
            77,
            47,
            81,
            10,
            49,
            56,
            24,
            4,
            61,
            51,
            62,
            53,
            3,
            55,
            36,
            35,
            1,
            21,
            25,
            73,
            60,
            17,
            27,
            43,
            38,
            67,
            40,
            87,
            30,
            23,
            8
        ]
    },
    "individual": {
        "sequence": "[[0, 0, 0, 0, 0], [0, 0, 0, 0, 0], [31, 1, 0, 129, 10], [3, 2, 0, 209, 96], [40, 3, 1, 95, 216], [24, 3, 4, 83, 89], [6, 0, 0, 81, 129], [12, 3, 2, 118, 124], [36, 1, 3, 150, 40], [36, 5, 4, 35, 19], [28, 0, 8, 171, 160], [4, 9, 0, 187, 24], [24, 10, 5, 2, 44], [14, 12, 6, 32, 119], [39, 4, 8, 90, 179], [7, 2, 11, 205, 49], [25, 5, 13, 241, 37], [39, 6, 12, 151, 186], [3, 5, 7, 177, 227], [12, 17, 11, 140, 253], [28, 8, 0, 11, 160], [9, 12, 5, 101, 228], [13, 4, 3, 143, 118], [13, 19, 1, 237, 234], [10, 2, 23, 244, 105], [25, 14, 22, 133, 43], [30, 9, 17, 164, 74], [23, 25, 21, 191, 67], [10, 5, 17, 82, 95], [3, 9, 27, 247, 99], [7, 27, 5, 3, 169], [11, 18, 3, 109, 112], [0, 31, 0, 0, 0], [0, 20, 0, 0, 0]]",
        "fitness": {
            "fitness": 0.13500633910298349,
            "time": 0.05564652979373932
        }
    },
    "decoding": {
        "metadata": {
            "rows": 1,
            "columns": 30,
            "n_in": 2,
            "n_out": 2,
            "n_para": 2,
            "n_conn": 2
        },
        "functions": [
            "max",
            "min",
            "mean",
            "add",
            "subtract",
            "bitwise_not",
            "bitwise_or",
            "bitwise_and",
            "bitwise_and_mask",
            "bitwise_xor",
            "sqrt",
            "pow2",
            "exp",
            "log",
            "median_blur",
            "gaussian_blur",
            "laplacian",
            "sobel",
            "robert_cross",
            "canny",
            "sharpen",
            "gabor",
            "abs_diff",
            "abs_diff2",
            "fluo_tophat",
            "rel_diff",
            "erode",
            "dilate",
            "open",
            "close",
            "morph_gradient",
            "morph_tophat",
            "morph_blackhat",
            "fill_holes",
            "remove_small_objects",
            "remove_small_holes",
            "threshold",
            "threshold_at_1",
            "distance_transform",
            "distance_transform_and_thresh",
            "inrange_bin",
            "inrange"
        ],
        "endpoint": {
            "name": "Marker-Based Watershed",
            "abbv": "WSHD",
            "arity": 2,
            "args": 0,
            "kwargs": {
                "use_dt": false,
                "markers_distance": 21,
                "markers_area": null
            }
        },
        "mode": "default"
    }
}