{
    "dataset": {
        "name": "CIL",
        "label_name": "neuron",
        "indices": [
            55,
            76,
            4,
            0,
            84,
            22,
            12,
            70,
            3,
            45
        ]
    },
    "individual": {
        "sequence": "[[0, 0, 0, 0, 0], [0, 0, 0, 0, 0], [31, 0, 1, 215, 199], [36, 1, 2, 93, 32], [14, 3, 3, 20, 24], [3, 2, 3, 219, 223], [4, 3, 3, 153, 35], [7, 3, 4, 48, 165], [37, 3, 4, 69, 31], [0, 0, 1, 139, 194], [21, 2, 8, 95, 113], [4, 5, 10, 103, 147], [18, 2, 3, 77, 161], [24, 5, 12, 35, 30], [2, 3, 9, 162, 219], [36, 5, 4, 225, 178], [2, 3, 5, 135, 76], [11, 10, 4, 253, 5], [24, 8, 7, 91, 67], [9, 4, 11, 154, 247], [2, 2, 8, 69, 32], [40, 6, 1, 159, 23], [33, 7, 15, 225, 81], [2, 8, 16, 230, 176], [14, 14, 9, 187, 131], [7, 4, 6, 141, 219], [16, 8, 7, 212, 124], [39, 6, 10, 130, 56], [9, 22, 23, 221, 118], [29, 1, 13, 236, 20], [16, 5, 26, 88, 78], [18, 8, 26, 33, 201], [0, 23, 0, 0, 0], [0, 7, 0, 0, 0]]",
        "fitness": {
            "fitness": 0.060204362869262694,
            "time": 0.033290314674377444
        }
    },
    "decoding": {
        "metadata": {
            "rows": 1,
            "columns": 30,
            "n_in": 2,
            "n_out": 2,
            "n_para": 2,
            "n_conn": 2
        },
        "functions": [
            "max",
            "min",
            "mean",
            "add",
            "subtract",
            "bitwise_not",
            "bitwise_or",
            "bitwise_and",
            "bitwise_and_mask",
            "bitwise_xor",
            "sqrt",
            "pow2",
            "exp",
            "log",
            "median_blur",
            "gaussian_blur",
            "laplacian",
            "sobel",
            "robert_cross",
            "canny",
            "sharpen",
            "gabor",
            "abs_diff",
            "abs_diff2",
            "fluo_tophat",
            "rel_diff",
            "erode",
            "dilate",
            "open",
            "close",
            "morph_gradient",
            "morph_tophat",
            "morph_blackhat",
            "fill_holes",
            "remove_small_objects",
            "remove_small_holes",
            "threshold",
            "threshold_at_1",
            "distance_transform",
            "distance_transform_and_thresh",
            "inrange_bin",
            "inrange"
        ],
        "endpoint": {
            "name": "W",
            "abbv": "WSHD",
            "arity": 2,
            "p": 0,
            "kwargs": {
                "use_dt": false,
                "markers_distance": 21,
                "markers_area": null
            }
        },
        "mode": "default"
    }
}