{
    "dataset": {
        "name": "Tumor",
        "label_name": "tumor",
        "indices": null
    },
    "individual": {
        "sequence": "[[0, 0, 0, 0, 0], [0, 0, 0, 0, 0], [0, 0, 0, 0, 0], [20, 1, 1, 77, 176], [4, 3, 0, 198, 205], [29, 4, 4, 55, 147], [10, 4, 1, 67, 144], [8, 3, 0, 53, 59], [10, 5, 1, 66, 45], [32, 8, 1, 149, 181], [19, 2, 8, 202, 79], [35, 4, 5, 105, 131], [30, 4, 2, 28, 46], [5, 9, 9, 233, 169], [18, 7, 2, 109, 52], [27, 9, 13, 34, 49], [4, 6, 12, 121, 63], [36, 9, 14, 3, 203], [33, 12, 14, 140, 22], [9, 2, 18, 149, 184], [28, 9, 13, 251, 191], [6, 19, 5, 72, 102], [8, 21, 18, 111, 69], [35, 19, 5, 73, 42], [10, 3, 19, 59, 108], [38, 22, 23, 21, 199], [19, 0, 17, 85, 243], [28, 22, 7, 132, 8], [14, 15, 2, 25, 212], [13, 7, 22, 130, 164], [13, 28, 16, 81, 197], [41, 27, 29, 206, 97], [4, 0, 19, 78, 131], [0, 27, 0, 0, 0]]",
        "fitness": {
            "fitness": 0.1162093836168856,
            "time": 0.01714239517847697
        }
    },
    "decoding": {
        "metadata": {
            "rows": 1,
            "columns": 30,
            "n_in": 3,
            "n_out": 1,
            "n_para": 2,
            "n_conn": 2
        },
        "functions": [
            "max",
            "min",
            "mean",
            "add",
            "subtract",
            "bitwise_not",
            "bitwise_or",
            "bitwise_and",
            "bitwise_and_mask",
            "bitwise_xor",
            "sqrt",
            "pow2",
            "exp",
            "log",
            "median_blur",
            "gaussian_blur",
            "laplacian",
            "sobel",
            "robert_cross",
            "canny",
            "sharpen",
            "gabor",
            "abs_diff",
            "abs_diff2",
            "fluo_tophat",
            "rel_diff",
            "erode",
            "dilate",
            "open",
            "close",
            "morph_gradient",
            "morph_tophat",
            "morph_blackhat",
            "fill_holes",
            "remove_small_objects",
            "remove_small_holes",
            "threshold",
            "threshold_at_1",
            "distance_transform",
            "distance_transform_and_thresh",
            "inrange_bin",
            "inrange"
        ],
        "endpoint": {
            "name": "Threshold (t=4)",
            "abbv": "TRSH",
            "arity": 1,
            "p": 0,
            "kwargs": {
                "threshold": 4
            }
        },
        "mode": "default"
    }
}