{
    "dataset": {
        "name": "CIL",
        "label_name": "neuron",
        "indices": [
            81,
            23,
            8,
            17,
            34,
            3,
            18,
            62,
            49,
            57,
            50,
            1,
            53,
            42,
            65,
            10,
            6,
            25,
            32,
            14,
            7,
            59,
            84,
            15,
            78,
            27,
            20,
            82,
            21,
            11,
            72,
            0,
            19,
            71,
            76,
            30,
            86,
            43,
            33,
            52,
            70,
            9,
            74,
            41,
            55,
            46,
            37,
            73,
            67,
            75,
            48,
            26,
            83,
            54,
            64,
            77,
            58,
            12,
            88,
            66
        ]
    },
    "individual": {
        "sequence": "[[0, 0, 0, 0, 0], [0, 0, 0, 0, 0], [11, 0, 0, 48, 8], [37, 1, 1, 55, 254], [41, 1, 0, 196, 236], [36, 1, 1, 69, 40], [35, 5, 4, 154, 24], [13, 5, 4, 16, 221], [10, 3, 1, 81, 195], [28, 6, 3, 5, 164], [3, 7, 7, 128, 8], [6, 10, 2, 163, 77], [26, 1, 3, 117, 246], [33, 7, 11, 125, 113], [4, 7, 11, 194, 43], [36, 2, 2, 207, 175], [12, 4, 1, 168, 104], [19, 2, 2, 169, 223], [31, 9, 9, 94, 1], [25, 6, 4, 114, 179], [15, 7, 1, 71, 37], [38, 20, 17, 200, 255], [8, 8, 6, 173, 55], [8, 6, 8, 115, 229], [13, 1, 9, 125, 5], [35, 11, 22, 188, 107], [3, 1, 0, 160, 23], [3, 13, 11, 192, 9], [27, 11, 13, 0, 248], [41, 0, 1, 27, 7], [11, 17, 15, 120, 242], [40, 25, 15, 161, 128], [0, 28, 0, 0, 0], [0, 9, 0, 0, 0]]",
        "fitness": {
            "fitness": 0.16548461169004441,
            "time": 0.036432536443074544
        }
    },
    "decoding": {
        "metadata": {
            "rows": 1,
            "columns": 30,
            "n_in": 2,
            "n_out": 2,
            "n_para": 2,
            "n_conn": 2
        },
        "functions": [
            "max",
            "min",
            "mean",
            "add",
            "subtract",
            "bitwise_not",
            "bitwise_or",
            "bitwise_and",
            "bitwise_and_mask",
            "bitwise_xor",
            "sqrt",
            "pow2",
            "exp",
            "log",
            "median_blur",
            "gaussian_blur",
            "laplacian",
            "sobel",
            "robert_cross",
            "canny",
            "sharpen",
            "gabor",
            "abs_diff",
            "abs_diff2",
            "fluo_tophat",
            "rel_diff",
            "erode",
            "dilate",
            "open",
            "close",
            "morph_gradient",
            "morph_tophat",
            "morph_blackhat",
            "fill_holes",
            "remove_small_objects",
            "remove_small_holes",
            "threshold",
            "threshold_at_1",
            "distance_transform",
            "distance_transform_and_thresh",
            "inrange_bin",
            "inrange"
        ],
        "endpoint": {
            "name": "Marker-Based Watershed",
            "abbv": "WSHD",
            "arity": 2,
            "args": 0,
            "kwargs": {
                "use_dt": false,
                "markers_distance": 21,
                "markers_area": null
            }
        },
        "mode": "default"
    }
}