{
    "dataset": {
        "name": "CIL",
        "label_name": "neuron",
        "indices": [
            30,
            5,
            62,
            81,
            64,
            22,
            26,
            29,
            23,
            83
        ]
    },
    "individual": {
        "sequence": "[[0, 0, 0, 0, 0], [0, 0, 0, 0, 0], [31, 0, 1, 138, 34], [40, 1, 1, 126, 29], [0, 3, 2, 231, 119], [36, 4, 2, 152, 223], [33, 1, 1, 201, 158], [14, 0, 6, 36, 94], [28, 1, 0, 2, 245], [5, 4, 3, 239, 161], [1, 8, 8, 177, 139], [31, 1, 2, 35, 224], [35, 0, 10, 217, 135], [13, 4, 9, 36, 193], [23, 9, 0, 162, 89], [3, 6, 2, 182, 182], [40, 12, 4, 161, 220], [16, 1, 10, 202, 13], [35, 8, 13, 247, 219], [24, 10, 16, 82, 78], [4, 4, 5, 232, 45], [8, 10, 13, 7, 178], [28, 9, 18, 78, 206], [22, 2, 19, 32, 32], [1, 4, 16, 33, 238], [38, 12, 12, 234, 153], [29, 4, 21, 84, 116], [36, 8, 12, 36, 41], [19, 27, 17, 216, 127], [34, 9, 13, 36, 86], [34, 23, 2, 154, 68], [26, 24, 26, 164, 185], [0, 13, 0, 0, 0], [0, 27, 0, 0, 0]]",
        "fitness": {
            "fitness": 0.1447918474674225,
            "time": 0.03395888805389404
        }
    },
    "decoding": {
        "metadata": {
            "rows": 1,
            "columns": 30,
            "n_in": 2,
            "n_out": 2,
            "n_para": 2,
            "n_conn": 2
        },
        "functions": [
            "max",
            "min",
            "mean",
            "add",
            "subtract",
            "bitwise_not",
            "bitwise_or",
            "bitwise_and",
            "bitwise_and_mask",
            "bitwise_xor",
            "sqrt",
            "pow2",
            "exp",
            "log",
            "median_blur",
            "gaussian_blur",
            "laplacian",
            "sobel",
            "robert_cross",
            "canny",
            "sharpen",
            "gabor",
            "abs_diff",
            "abs_diff2",
            "fluo_tophat",
            "rel_diff",
            "erode",
            "dilate",
            "open",
            "close",
            "morph_gradient",
            "morph_tophat",
            "morph_blackhat",
            "fill_holes",
            "remove_small_objects",
            "remove_small_holes",
            "threshold",
            "threshold_at_1",
            "distance_transform",
            "distance_transform_and_thresh",
            "inrange_bin",
            "inrange"
        ],
        "endpoint": {
            "name": "W",
            "abbv": "WSHD",
            "arity": 2,
            "p": 0,
            "kwargs": {
                "use_dt": false,
                "markers_distance": 21,
                "markers_area": null
            }
        },
        "mode": "default"
    }
}