{
    "dataset": {
        "name": "CIL",
        "label_name": "neuron",
        "indices": [
            5,
            84,
            36,
            25
        ]
    },
    "individual": {
        "sequence": "[[0, 0, 0, 0, 0], [0, 0, 0, 0, 0], [40, 1, 0, 35, 182], [24, 0, 2, 112, 248], [11, 2, 3, 244, 54], [2, 0, 3, 125, 151], [32, 2, 2, 35, 83], [6, 3, 3, 247, 45], [14, 2, 6, 22, 145], [29, 5, 8, 19, 160], [33, 3, 2, 225, 159], [20, 7, 9, 250, 231], [30, 4, 0, 223, 162], [0, 11, 2, 193, 215], [5, 9, 12, 198, 46], [11, 9, 4, 194, 225], [28, 14, 10, 122, 99], [0, 11, 4, 205, 246], [40, 7, 12, 129, 6], [2, 10, 15, 179, 45], [11, 14, 6, 50, 77], [37, 16, 12, 235, 140], [6, 7, 18, 5, 247], [16, 5, 13, 159, 103], [33, 23, 18, 188, 156], [20, 8, 19, 231, 2], [32, 11, 25, 116, 151], [12, 16, 19, 241, 221], [8, 8, 2, 214, 234], [32, 22, 11, 109, 251], [32, 19, 9, 25, 54], [11, 13, 28, 36, 133], [0, 31, 0, 0, 0], [0, 28, 0, 0, 0]]",
        "fitness": {
            "fitness": 0.04149481654167175,
            "time": 0.0398600697517395
        }
    },
    "decoding": {
        "metadata": {
            "rows": 1,
            "columns": 30,
            "n_in": 2,
            "n_out": 2,
            "n_para": 2,
            "n_conn": 2
        },
        "functions": [
            "max",
            "min",
            "mean",
            "add",
            "subtract",
            "bitwise_not",
            "bitwise_or",
            "bitwise_and",
            "bitwise_and_mask",
            "bitwise_xor",
            "sqrt",
            "pow2",
            "exp",
            "log",
            "median_blur",
            "gaussian_blur",
            "laplacian",
            "sobel",
            "robert_cross",
            "canny",
            "sharpen",
            "gabor",
            "abs_diff",
            "abs_diff2",
            "fluo_tophat",
            "rel_diff",
            "erode",
            "dilate",
            "open",
            "close",
            "morph_gradient",
            "morph_tophat",
            "morph_blackhat",
            "fill_holes",
            "remove_small_objects",
            "remove_small_holes",
            "threshold",
            "threshold_at_1",
            "distance_transform",
            "distance_transform_and_thresh",
            "inrange_bin",
            "inrange"
        ],
        "endpoint": {
            "name": "W",
            "abbv": "WSHD",
            "arity": 2,
            "p": 0,
            "kwargs": {
                "use_dt": false,
                "markers_distance": 21,
                "markers_area": null
            }
        },
        "mode": "default"
    }
}