{
    "dataset": {
        "name": "CIL",
        "label_name": "neuron",
        "indices": [
            38,
            53,
            2,
            31,
            8,
            49,
            60,
            65,
            46,
            21,
            6,
            69,
            79,
            45
        ]
    },
    "individual": {
        "sequence": "[[0, 0, 0, 0, 0], [0, 0, 0, 0, 0], [41, 1, 0, 158, 37], [4, 2, 0, 149, 179], [38, 3, 3, 217, 29], [28, 3, 4, 31, 60], [3, 4, 2, 202, 69], [30, 5, 1, 2, 206], [31, 0, 6, 210, 151], [37, 8, 0, 169, 57], [36, 1, 6, 167, 46], [38, 8, 10, 103, 227], [38, 3, 0, 149, 173], [25, 6, 12, 20, 72], [2, 10, 12, 91, 36], [21, 11, 12, 133, 155], [31, 4, 0, 242, 27], [34, 14, 10, 13, 252], [10, 4, 6, 192, 54], [25, 7, 14, 197, 120], [21, 9, 6, 182, 37], [27, 10, 13, 144, 18], [35, 3, 17, 148, 56], [18, 14, 1, 159, 38], [7, 22, 23, 52, 33], [38, 6, 19, 101, 197], [3, 9, 23, 250, 191], [32, 19, 8, 225, 131], [25, 27, 27, 90, 157], [37, 9, 8, 175, 14], [2, 1, 7, 45, 228], [0, 24, 5, 73, 87], [0, 26, 0, 0, 0], [0, 17, 0, 0, 0]]",
        "fitness": {
            "fitness": 0.11824718969208854,
            "time": 0.03645329816000802
        }
    },
    "decoding": {
        "metadata": {
            "rows": 1,
            "columns": 30,
            "n_in": 2,
            "n_out": 2,
            "n_para": 2,
            "n_conn": 2
        },
        "functions": [
            "max",
            "min",
            "mean",
            "add",
            "subtract",
            "bitwise_not",
            "bitwise_or",
            "bitwise_and",
            "bitwise_and_mask",
            "bitwise_xor",
            "sqrt",
            "pow2",
            "exp",
            "log",
            "median_blur",
            "gaussian_blur",
            "laplacian",
            "sobel",
            "robert_cross",
            "canny",
            "sharpen",
            "gabor",
            "abs_diff",
            "abs_diff2",
            "fluo_tophat",
            "rel_diff",
            "erode",
            "dilate",
            "open",
            "close",
            "morph_gradient",
            "morph_tophat",
            "morph_blackhat",
            "fill_holes",
            "remove_small_objects",
            "remove_small_holes",
            "threshold",
            "threshold_at_1",
            "distance_transform",
            "distance_transform_and_thresh",
            "inrange_bin",
            "inrange"
        ],
        "endpoint": {
            "name": "Marker-Based Watershed",
            "abbv": "WSHD",
            "arity": 2,
            "p": 0,
            "kwargs": {
                "use_dt": false,
                "markers_distance": 21,
                "markers_area": null
            }
        },
        "mode": "default"
    }
}