{
    "dataset": {
        "name": "CIL",
        "label_name": "neuron",
        "indices": [
            12,
            75,
            30,
            86,
            34,
            19,
            82,
            3,
            78,
            6,
            29,
            57,
            35,
            31,
            71,
            87,
            37,
            74,
            36,
            83,
            4,
            10,
            81,
            16,
            84,
            42,
            48,
            43,
            33,
            38,
            72,
            80,
            11,
            28,
            68,
            52,
            2,
            88,
            21,
            9,
            13,
            73,
            65,
            79,
            59,
            41,
            58,
            61,
            47,
            54,
            26,
            5,
            70,
            40,
            66,
            69,
            55,
            64,
            25,
            67
        ]
    },
    "individual": {
        "sequence": "[[0, 0, 0, 0, 0], [0, 0, 0, 0, 0], [2, 1, 0, 194, 43], [31, 1, 2, 174, 32], [19, 2, 0, 208, 187], [25, 2, 0, 137, 67], [5, 1, 2, 152, 113], [30, 3, 0, 238, 160], [24, 2, 1, 32, 227], [24, 0, 7, 36, 91], [23, 5, 2, 62, 102], [11, 8, 5, 61, 81], [37, 1, 2, 168, 237], [8, 11, 7, 100, 49], [30, 4, 5, 77, 83], [5, 3, 3, 229, 254], [9, 7, 1, 128, 215], [2, 10, 2, 71, 146], [11, 3, 10, 230, 107], [26, 18, 16, 57, 43], [39, 2, 8, 48, 110], [35, 18, 20, 161, 235], [13, 21, 12, 153, 27], [3, 13, 9, 201, 144], [17, 21, 5, 130, 230], [6, 13, 19, 175, 13], [12, 9, 11, 28, 112], [34, 9, 25, 90, 191], [2, 3, 24, 164, 60], [16, 8, 4, 197, 158], [39, 5, 9, 217, 57], [2, 1, 9, 80, 225], [0, 11, 0, 0, 0], [0, 19, 0, 0, 0]]",
        "fitness": {
            "fitness": 0.1770364890495936,
            "time": 0.04009326299031576
        }
    },
    "decoding": {
        "metadata": {
            "rows": 1,
            "columns": 30,
            "n_in": 2,
            "n_out": 2,
            "n_para": 2,
            "n_conn": 2
        },
        "functions": [
            "max",
            "min",
            "mean",
            "add",
            "subtract",
            "bitwise_not",
            "bitwise_or",
            "bitwise_and",
            "bitwise_and_mask",
            "bitwise_xor",
            "sqrt",
            "pow2",
            "exp",
            "log",
            "median_blur",
            "gaussian_blur",
            "laplacian",
            "sobel",
            "robert_cross",
            "canny",
            "sharpen",
            "gabor",
            "abs_diff",
            "abs_diff2",
            "fluo_tophat",
            "rel_diff",
            "erode",
            "dilate",
            "open",
            "close",
            "morph_gradient",
            "morph_tophat",
            "morph_blackhat",
            "fill_holes",
            "remove_small_objects",
            "remove_small_holes",
            "threshold",
            "threshold_at_1",
            "distance_transform",
            "distance_transform_and_thresh",
            "inrange_bin",
            "inrange"
        ],
        "endpoint": {
            "name": "Marker-Based Watershed",
            "abbv": "WSHD",
            "arity": 2,
            "args": 0,
            "kwargs": {
                "use_dt": false,
                "markers_distance": 21,
                "markers_area": null
            }
        },
        "mode": "default"
    }
}