{
    "dataset": {
        "name": "CIL",
        "label_name": "neuron",
        "indices": [
            79,
            31,
            22,
            44,
            82,
            32,
            37,
            26,
            33,
            24,
            34,
            67,
            18,
            16
        ]
    },
    "individual": {
        "sequence": "[[0, 0, 0, 0, 0], [0, 0, 0, 0, 0], [5, 1, 1, 161, 125], [2, 2, 0, 232, 46], [26, 0, 2, 230, 87], [4, 3, 1, 203, 102], [36, 5, 4, 87, 74], [35, 5, 0, 217, 154], [7, 6, 3, 85, 14], [30, 8, 5, 61, 222], [9, 3, 8, 198, 73], [32, 10, 8, 11, 246], [26, 9, 6, 255, 45], [7, 0, 7, 50, 153], [12, 6, 1, 166, 213], [37, 13, 1, 7, 131], [18, 1, 2, 7, 187], [4, 12, 1, 152, 240], [23, 9, 0, 220, 61], [26, 0, 0, 80, 138], [34, 8, 2, 48, 184], [33, 4, 8, 43, 96], [18, 20, 0, 154, 20], [2, 0, 7, 252, 15], [41, 14, 22, 135, 107], [12, 6, 20, 63, 66], [24, 5, 2, 150, 171], [31, 23, 0, 168, 191], [27, 7, 13, 4, 221], [39, 10, 9, 39, 1], [8, 26, 6, 247, 154], [37, 2, 0, 82, 177], [0, 27, 0, 0, 0], [0, 22, 0, 0, 0]]",
        "fitness": {
            "fitness": 0.14239263534545898,
            "time": 0.039782745497567315
        }
    },
    "decoding": {
        "metadata": {
            "rows": 1,
            "columns": 30,
            "n_in": 2,
            "n_out": 2,
            "n_para": 2,
            "n_conn": 2
        },
        "functions": [
            "max",
            "min",
            "mean",
            "add",
            "subtract",
            "bitwise_not",
            "bitwise_or",
            "bitwise_and",
            "bitwise_and_mask",
            "bitwise_xor",
            "sqrt",
            "pow2",
            "exp",
            "log",
            "median_blur",
            "gaussian_blur",
            "laplacian",
            "sobel",
            "robert_cross",
            "canny",
            "sharpen",
            "gabor",
            "abs_diff",
            "abs_diff2",
            "fluo_tophat",
            "rel_diff",
            "erode",
            "dilate",
            "open",
            "close",
            "morph_gradient",
            "morph_tophat",
            "morph_blackhat",
            "fill_holes",
            "remove_small_objects",
            "remove_small_holes",
            "threshold",
            "threshold_at_1",
            "distance_transform",
            "distance_transform_and_thresh",
            "inrange_bin",
            "inrange"
        ],
        "endpoint": {
            "name": "Marker-Based Watershed",
            "abbv": "WSHD",
            "arity": 2,
            "p": 0,
            "kwargs": {
                "use_dt": false,
                "markers_distance": 21,
                "markers_area": null
            }
        },
        "mode": "default"
    }
}