{
    "dataset": {
        "name": "CIL",
        "label_name": "neuron",
        "indices": [
            35,
            53,
            9,
            0,
            11,
            39,
            82,
            15,
            74,
            19,
            32,
            47,
            37,
            29
        ]
    },
    "individual": {
        "sequence": "[[0, 0, 0, 0, 0], [0, 0, 0, 0, 0], [40, 1, 1, 237, 36], [31, 1, 1, 177, 157], [3, 0, 3, 177, 217], [14, 2, 4, 28, 174], [8, 2, 5, 244, 80], [12, 0, 1, 129, 173], [18, 1, 7, 100, 150], [29, 1, 2, 222, 72], [6, 4, 3, 8, 62], [3, 7, 10, 57, 148], [3, 3, 10, 16, 209], [15, 8, 5, 99, 150], [1, 10, 9, 173, 60], [15, 11, 3, 65, 188], [12, 3, 15, 159, 166], [25, 16, 7, 38, 232], [24, 6, 8, 79, 8], [23, 17, 3, 33, 135], [3, 7, 17, 211, 229], [40, 7, 2, 206, 103], [7, 13, 12, 118, 173], [19, 18, 4, 192, 169], [24, 15, 15, 174, 113], [11, 19, 0, 61, 48], [11, 11, 22, 181, 95], [1, 6, 10, 229, 45], [38, 10, 17, 66, 241], [38, 6, 10, 114, 149], [8, 22, 13, 82, 55], [37, 17, 11, 165, 196], [0, 26, 0, 0, 0], [0, 6, 0, 0, 0]]",
        "fitness": {
            "fitness": 0.1308530228478568,
            "time": 0.04213627747126988
        }
    },
    "decoding": {
        "metadata": {
            "rows": 1,
            "columns": 30,
            "n_in": 2,
            "n_out": 2,
            "n_para": 2,
            "n_conn": 2
        },
        "functions": [
            "max",
            "min",
            "mean",
            "add",
            "subtract",
            "bitwise_not",
            "bitwise_or",
            "bitwise_and",
            "bitwise_and_mask",
            "bitwise_xor",
            "sqrt",
            "pow2",
            "exp",
            "log",
            "median_blur",
            "gaussian_blur",
            "laplacian",
            "sobel",
            "robert_cross",
            "canny",
            "sharpen",
            "gabor",
            "abs_diff",
            "abs_diff2",
            "fluo_tophat",
            "rel_diff",
            "erode",
            "dilate",
            "open",
            "close",
            "morph_gradient",
            "morph_tophat",
            "morph_blackhat",
            "fill_holes",
            "remove_small_objects",
            "remove_small_holes",
            "threshold",
            "threshold_at_1",
            "distance_transform",
            "distance_transform_and_thresh",
            "inrange_bin",
            "inrange"
        ],
        "endpoint": {
            "name": "Marker-Based Watershed",
            "abbv": "WSHD",
            "arity": 2,
            "p": 0,
            "kwargs": {
                "use_dt": false,
                "markers_distance": 21,
                "markers_area": null
            }
        },
        "mode": "default"
    }
}