{
    "dataset": {
        "name": "CIL",
        "label_name": "neuron",
        "indices": [
            20,
            2,
            87,
            66,
            68,
            35,
            55,
            6,
            18,
            77,
            61,
            17,
            11,
            83,
            50
        ]
    },
    "individual": {
        "sequence": "[[0, 0, 0, 0, 0], [0, 0, 0, 0, 0], [41, 1, 1, 43, 253], [14, 2, 2, 109, 87], [15, 2, 0, 232, 225], [3, 4, 0, 180, 246], [13, 1, 0, 76, 200], [26, 4, 3, 190, 165], [11, 5, 5, 193, 165], [29, 1, 7, 128, 69], [10, 2, 5, 41, 36], [1, 1, 2, 95, 87], [11, 8, 4, 131, 139], [11, 4, 4, 3, 175], [7, 12, 6, 61, 228], [27, 12, 2, 151, 124], [15, 6, 10, 141, 146], [24, 12, 11, 68, 191], [39, 5, 4, 33, 13], [22, 16, 0, 208, 219], [39, 3, 14, 216, 225], [28, 7, 9, 34, 61], [12, 9, 18, 248, 100], [5, 13, 3, 201, 144], [31, 12, 7, 105, 106], [34, 2, 13, 9, 12], [36, 16, 20, 4, 205], [22, 16, 16, 138, 246], [17, 1, 5, 113, 103], [18, 9, 23, 110, 10], [33, 1, 10, 242, 115], [9, 17, 3, 147, 52], [0, 8, 0, 0, 0], [0, 25, 0, 0, 0]]",
        "fitness": {
            "fitness": 0.12741627295811972,
            "time": 0.031446250279744466
        }
    },
    "decoding": {
        "metadata": {
            "rows": 1,
            "columns": 30,
            "n_in": 2,
            "n_out": 2,
            "n_para": 2,
            "n_conn": 2
        },
        "functions": [
            "max",
            "min",
            "mean",
            "add",
            "subtract",
            "bitwise_not",
            "bitwise_or",
            "bitwise_and",
            "bitwise_and_mask",
            "bitwise_xor",
            "sqrt",
            "pow2",
            "exp",
            "log",
            "median_blur",
            "gaussian_blur",
            "laplacian",
            "sobel",
            "robert_cross",
            "canny",
            "sharpen",
            "gabor",
            "abs_diff",
            "abs_diff2",
            "fluo_tophat",
            "rel_diff",
            "erode",
            "dilate",
            "open",
            "close",
            "morph_gradient",
            "morph_tophat",
            "morph_blackhat",
            "fill_holes",
            "remove_small_objects",
            "remove_small_holes",
            "threshold",
            "threshold_at_1",
            "distance_transform",
            "distance_transform_and_thresh",
            "inrange_bin",
            "inrange"
        ],
        "endpoint": {
            "name": "W",
            "abbv": "WSHD",
            "arity": 2,
            "p": 0,
            "kwargs": {
                "use_dt": false,
                "markers_distance": 21,
                "markers_area": null
            }
        },
        "mode": "default"
    }
}