{
    "dataset": {
        "name": "CIL",
        "label_name": "neuron",
        "indices": [
            57,
            28,
            52,
            23,
            67,
            76,
            0,
            84,
            88,
            34,
            37,
            8,
            33,
            41,
            22,
            31,
            54,
            38,
            86,
            7,
            13,
            46,
            72,
            26,
            27,
            40,
            12,
            19,
            35,
            9,
            47,
            6,
            65,
            30,
            75,
            21,
            15,
            79,
            74,
            51,
            71,
            2,
            45,
            85,
            80,
            58,
            61,
            36,
            53,
            18
        ]
    },
    "individual": {
        "sequence": "[[0, 0, 0, 0, 0], [0, 0, 0, 0, 0], [3, 0, 0, 222, 112], [11, 2, 1, 136, 143], [22, 2, 2, 244, 52], [30, 4, 3, 59, 86], [36, 1, 4, 5, 40], [21, 4, 3, 147, 77], [34, 6, 4, 12, 223], [9, 0, 5, 248, 165], [20, 3, 5, 104, 45], [40, 6, 3, 23, 95], [30, 7, 4, 161, 34], [33, 9, 7, 93, 184], [9, 11, 0, 72, 215], [28, 0, 2, 24, 16], [16, 15, 13, 151, 179], [30, 16, 4, 35, 140], [39, 4, 14, 51, 130], [7, 3, 17, 182, 231], [18, 8, 18, 117, 233], [26, 12, 9, 41, 27], [26, 1, 16, 56, 172], [19, 4, 9, 121, 69], [26, 18, 12, 185, 184], [28, 1, 15, 102, 244], [14, 23, 2, 185, 247], [28, 21, 11, 200, 58], [19, 4, 18, 101, 80], [6, 24, 28, 254, 187], [30, 12, 7, 73, 63], [34, 18, 21, 79, 18], [0, 19, 0, 0, 0], [0, 8, 0, 0, 0]]",
        "fitness": {
            "fitness": 0.13710973739624024,
            "time": 0.033003253936767576
        }
    },
    "decoding": {
        "metadata": {
            "rows": 1,
            "columns": 30,
            "n_in": 2,
            "n_out": 2,
            "n_para": 2,
            "n_conn": 2
        },
        "functions": [
            "max",
            "min",
            "mean",
            "add",
            "subtract",
            "bitwise_not",
            "bitwise_or",
            "bitwise_and",
            "bitwise_and_mask",
            "bitwise_xor",
            "sqrt",
            "pow2",
            "exp",
            "log",
            "median_blur",
            "gaussian_blur",
            "laplacian",
            "sobel",
            "robert_cross",
            "canny",
            "sharpen",
            "gabor",
            "abs_diff",
            "abs_diff2",
            "fluo_tophat",
            "rel_diff",
            "erode",
            "dilate",
            "open",
            "close",
            "morph_gradient",
            "morph_tophat",
            "morph_blackhat",
            "fill_holes",
            "remove_small_objects",
            "remove_small_holes",
            "threshold",
            "threshold_at_1",
            "distance_transform",
            "distance_transform_and_thresh",
            "inrange_bin",
            "inrange"
        ],
        "endpoint": {
            "name": "W",
            "abbv": "WSHD",
            "arity": 2,
            "p": 0,
            "kwargs": {
                "use_dt": false,
                "markers_distance": 21,
                "markers_area": null
            }
        },
        "mode": "default"
    }
}