{
    "dataset": {
        "name": "CIL",
        "label_name": "neuron",
        "indices": [
            30,
            82,
            43,
            21,
            65,
            20,
            11,
            44,
            72,
            88,
            25,
            49,
            77,
            67,
            47,
            78,
            17,
            5,
            35,
            19,
            66,
            32,
            8,
            18,
            70,
            10,
            24,
            41,
            62,
            38,
            68,
            50,
            48,
            4,
            84,
            0,
            53,
            58,
            33,
            29,
            61,
            46,
            6,
            63,
            15,
            54,
            14,
            36,
            83,
            39
        ]
    },
    "individual": {
        "sequence": "[[0, 0, 0, 0, 0], [0, 0, 0, 0, 0], [19, 1, 1, 132, 40], [16, 2, 2, 244, 98], [29, 2, 1, 246, 74], [13, 3, 1, 80, 190], [6, 3, 2, 47, 175], [1, 1, 5, 173, 2], [14, 2, 1, 103, 104], [33, 2, 2, 99, 82], [1, 8, 8, 4, 192], [18, 9, 8, 163, 128], [39, 7, 3, 192, 140], [19, 11, 7, 157, 71], [25, 10, 11, 0, 214], [25, 2, 13, 126, 86], [6, 9, 10, 155, 87], [32, 8, 9, 73, 244], [10, 16, 2, 153, 43], [36, 0, 6, 128, 8], [29, 8, 11, 20, 106], [35, 13, 13, 58, 187], [13, 5, 8, 39, 33], [21, 21, 18, 148, 136], [28, 21, 10, 23, 169], [37, 0, 16, 172, 245], [8, 19, 11, 250, 143], [30, 0, 13, 236, 199], [4, 22, 16, 218, 207], [3, 7, 19, 87, 126], [24, 29, 23, 53, 182], [5, 8, 12, 84, 144], [0, 30, 0, 0, 0], [0, 26, 0, 0, 0]]",
        "fitness": {
            "fitness": 0.1666410207748413,
            "time": 0.059461541175842285
        }
    },
    "decoding": {
        "metadata": {
            "rows": 1,
            "columns": 30,
            "n_in": 2,
            "n_out": 2,
            "n_para": 2,
            "n_conn": 2
        },
        "functions": [
            "max",
            "min",
            "mean",
            "add",
            "subtract",
            "bitwise_not",
            "bitwise_or",
            "bitwise_and",
            "bitwise_and_mask",
            "bitwise_xor",
            "sqrt",
            "pow2",
            "exp",
            "log",
            "median_blur",
            "gaussian_blur",
            "laplacian",
            "sobel",
            "robert_cross",
            "canny",
            "sharpen",
            "gabor",
            "abs_diff",
            "abs_diff2",
            "fluo_tophat",
            "rel_diff",
            "erode",
            "dilate",
            "open",
            "close",
            "morph_gradient",
            "morph_tophat",
            "morph_blackhat",
            "fill_holes",
            "remove_small_objects",
            "remove_small_holes",
            "threshold",
            "threshold_at_1",
            "distance_transform",
            "distance_transform_and_thresh",
            "inrange_bin",
            "inrange"
        ],
        "endpoint": {
            "name": "W",
            "abbv": "WSHD",
            "arity": 2,
            "p": 0,
            "kwargs": {
                "use_dt": false,
                "markers_distance": 21,
                "markers_area": null
            }
        },
        "mode": "default"
    }
}