{
    "dataset": {
        "name": "CIL",
        "label_name": "neuron",
        "indices": [
            6,
            73,
            57,
            39,
            56,
            58,
            14,
            26,
            50,
            54,
            76,
            60,
            81,
            24,
            16,
            29,
            75,
            72,
            74,
            71,
            37,
            78,
            35,
            21,
            19,
            38,
            48,
            11,
            2,
            1,
            41,
            40,
            63,
            62,
            44,
            79,
            59,
            61,
            67,
            69
        ]
    },
    "individual": {
        "sequence": "[[0, 0, 0, 0, 0], [0, 0, 0, 0, 0], [9, 0, 1, 173, 183], [31, 0, 2, 239, 53], [41, 0, 2, 253, 10], [19, 2, 1, 75, 62], [19, 1, 4, 141, 8], [29, 6, 1, 69, 251], [2, 4, 5, 113, 46], [35, 6, 7, 227, 98], [35, 2, 0, 209, 53], [18, 9, 7, 209, 59], [29, 7, 5, 105, 11], [18, 7, 8, 197, 75], [29, 5, 6, 225, 42], [10, 2, 6, 214, 35], [5, 10, 0, 209, 214], [3, 8, 12, 25, 231], [29, 15, 4, 65, 230], [0, 6, 11, 2, 233], [12, 14, 15, 47, 171], [7, 19, 1, 111, 20], [20, 21, 9, 160, 176], [4, 17, 8, 107, 49], [1, 21, 15, 161, 21], [31, 9, 22, 233, 125], [40, 12, 6, 100, 20], [2, 5, 11, 190, 47], [19, 24, 21, 2, 228], [17, 7, 14, 70, 207], [17, 19, 3, 237, 39], [41, 8, 13, 215, 20], [0, 17, 0, 0, 0], [0, 11, 0, 0, 0]]",
        "fitness": {
            "fitness": 0.15689354836940766,
            "time": 0.03551378846168518
        }
    },
    "decoding": {
        "metadata": {
            "rows": 1,
            "columns": 30,
            "n_in": 2,
            "n_out": 2,
            "n_para": 2,
            "n_conn": 2
        },
        "functions": [
            "max",
            "min",
            "mean",
            "add",
            "subtract",
            "bitwise_not",
            "bitwise_or",
            "bitwise_and",
            "bitwise_and_mask",
            "bitwise_xor",
            "sqrt",
            "pow2",
            "exp",
            "log",
            "median_blur",
            "gaussian_blur",
            "laplacian",
            "sobel",
            "robert_cross",
            "canny",
            "sharpen",
            "gabor",
            "abs_diff",
            "abs_diff2",
            "fluo_tophat",
            "rel_diff",
            "erode",
            "dilate",
            "open",
            "close",
            "morph_gradient",
            "morph_tophat",
            "morph_blackhat",
            "fill_holes",
            "remove_small_objects",
            "remove_small_holes",
            "threshold",
            "threshold_at_1",
            "distance_transform",
            "distance_transform_and_thresh",
            "inrange_bin",
            "inrange"
        ],
        "endpoint": {
            "name": "Marker-Based Watershed",
            "abbv": "WSHD",
            "arity": 2,
            "args": 0,
            "kwargs": {
                "use_dt": false,
                "markers_distance": 21,
                "markers_area": null
            }
        },
        "mode": "default"
    }
}