{
    "dataset": {
        "name": "CIL",
        "label_name": "neuron",
        "indices": [
            53,
            11,
            87
        ]
    },
    "individual": {
        "sequence": "[[0, 0, 0, 0, 0], [0, 0, 0, 0, 0], [11, 0, 1, 106, 243], [31, 1, 0, 109, 147], [28, 1, 3, 4, 186], [19, 2, 1, 219, 39], [13, 4, 0, 63, 175], [2, 3, 0, 133, 49], [14, 3, 5, 161, 196], [41, 4, 7, 200, 46], [38, 3, 4, 195, 114], [36, 9, 1, 163, 27], [31, 0, 4, 228, 153], [41, 10, 10, 189, 59], [4, 4, 10, 30, 123], [14, 7, 8, 204, 63], [12, 10, 15, 251, 193], [24, 7, 14, 72, 225], [8, 6, 9, 221, 86], [0, 17, 3, 196, 233], [22, 2, 10, 112, 51], [14, 11, 1, 238, 235], [38, 7, 0, 36, 80], [4, 13, 14, 13, 212], [41, 12, 18, 188, 120], [9, 23, 8, 68, 250], [34, 5, 16, 158, 161], [25, 25, 24, 159, 209], [27, 21, 5, 41, 86], [28, 17, 16, 165, 105], [8, 8, 29, 219, 254], [11, 17, 15, 191, 219], [0, 31, 0, 0, 0], [0, 9, 0, 0, 0]]",
        "fitness": {
            "fitness": 0.04041584332784017,
            "time": 0.03177603085835775
        }
    },
    "decoding": {
        "metadata": {
            "rows": 1,
            "columns": 30,
            "n_in": 2,
            "n_out": 2,
            "n_para": 2,
            "n_conn": 2
        },
        "functions": [
            "max",
            "min",
            "mean",
            "add",
            "subtract",
            "bitwise_not",
            "bitwise_or",
            "bitwise_and",
            "bitwise_and_mask",
            "bitwise_xor",
            "sqrt",
            "pow2",
            "exp",
            "log",
            "median_blur",
            "gaussian_blur",
            "laplacian",
            "sobel",
            "robert_cross",
            "canny",
            "sharpen",
            "gabor",
            "abs_diff",
            "abs_diff2",
            "fluo_tophat",
            "rel_diff",
            "erode",
            "dilate",
            "open",
            "close",
            "morph_gradient",
            "morph_tophat",
            "morph_blackhat",
            "fill_holes",
            "remove_small_objects",
            "remove_small_holes",
            "threshold",
            "threshold_at_1",
            "distance_transform",
            "distance_transform_and_thresh",
            "inrange_bin",
            "inrange"
        ],
        "endpoint": {
            "name": "W",
            "abbv": "WSHD",
            "arity": 2,
            "p": 0,
            "kwargs": {
                "use_dt": false,
                "markers_distance": 21,
                "markers_area": null
            }
        },
        "mode": "default"
    }
}