{
    "dataset": {
        "name": "CIL",
        "label_name": "neuron",
        "indices": [
            66,
            7,
            28,
            59,
            37,
            3,
            63,
            1,
            79,
            86,
            84,
            49,
            61,
            13,
            65,
            81,
            42,
            19,
            11,
            54
        ]
    },
    "individual": {
        "sequence": "[[0, 0, 0, 0, 0], [0, 0, 0, 0, 0], [40, 1, 0, 46, 220], [7, 0, 1, 152, 206], [34, 2, 3, 18, 62], [18, 2, 2, 177, 241], [17, 2, 4, 199, 86], [36, 5, 2, 209, 254], [8, 1, 5, 33, 206], [41, 2, 6, 245, 157], [3, 0, 3, 13, 227], [41, 3, 7, 11, 53], [12, 6, 2, 85, 255], [11, 10, 3, 205, 180], [2, 2, 3, 188, 148], [28, 5, 2, 145, 118], [2, 12, 1, 35, 113], [6, 8, 11, 122, 143], [33, 16, 17, 105, 18], [1, 7, 11, 173, 137], [16, 10, 14, 10, 40], [25, 2, 4, 250, 102], [38, 19, 6, 240, 84], [12, 5, 10, 242, 204], [2, 15, 14, 56, 11], [20, 12, 14, 227, 95], [5, 11, 20, 5, 30], [13, 2, 14, 3, 94], [12, 20, 16, 131, 209], [4, 12, 18, 11, 210], [10, 3, 16, 197, 167], [25, 19, 6, 252, 169], [0, 13, 0, 0, 0], [0, 4, 0, 0, 0]]",
        "fitness": {
            "fitness": 0.12368883490562439,
            "time": 0.02537980079650879
        }
    },
    "decoding": {
        "metadata": {
            "rows": 1,
            "columns": 30,
            "n_in": 2,
            "n_out": 2,
            "n_para": 2,
            "n_conn": 2
        },
        "functions": [
            "max",
            "min",
            "mean",
            "add",
            "subtract",
            "bitwise_not",
            "bitwise_or",
            "bitwise_and",
            "bitwise_and_mask",
            "bitwise_xor",
            "sqrt",
            "pow2",
            "exp",
            "log",
            "median_blur",
            "gaussian_blur",
            "laplacian",
            "sobel",
            "robert_cross",
            "canny",
            "sharpen",
            "gabor",
            "abs_diff",
            "abs_diff2",
            "fluo_tophat",
            "rel_diff",
            "erode",
            "dilate",
            "open",
            "close",
            "morph_gradient",
            "morph_tophat",
            "morph_blackhat",
            "fill_holes",
            "remove_small_objects",
            "remove_small_holes",
            "threshold",
            "threshold_at_1",
            "distance_transform",
            "distance_transform_and_thresh",
            "inrange_bin",
            "inrange"
        ],
        "endpoint": {
            "name": "W",
            "abbv": "WSHD",
            "arity": 2,
            "p": 0,
            "kwargs": {
                "use_dt": false,
                "markers_distance": 21,
                "markers_area": null
            }
        },
        "mode": "default"
    }
}