{
    "dataset": {
        "name": "CIL",
        "label_name": "neuron",
        "indices": [
            12,
            68,
            39,
            0,
            55,
            43,
            21,
            15,
            9,
            18,
            7
        ]
    },
    "individual": {
        "sequence": "[[0, 0, 0, 0, 0], [0, 0, 0, 0, 0], [23, 1, 1, 136, 126], [33, 1, 1, 216, 252], [20, 0, 2, 249, 210], [8, 4, 1, 117, 122], [3, 0, 0, 201, 76], [20, 1, 1, 76, 206], [36, 1, 3, 88, 244], [6, 1, 4, 199, 233], [15, 1, 3, 254, 81], [30, 7, 4, 4, 236], [24, 0, 0, 54, 17], [24, 7, 6, 153, 143], [8, 9, 10, 121, 239], [1, 9, 13, 41, 250], [3, 9, 6, 106, 239], [34, 7, 13, 60, 176], [25, 0, 6, 169, 137], [21, 10, 7, 96, 47], [40, 0, 5, 90, 24], [36, 15, 2, 156, 43], [34, 21, 18, 7, 208], [12, 10, 0, 42, 22], [40, 7, 6, 196, 15], [18, 1, 3, 203, 193], [27, 5, 23, 215, 72], [0, 1, 17, 199, 94], [5, 25, 20, 36, 7], [28, 21, 8, 216, 229], [12, 2, 16, 213, 206], [11, 12, 3, 63, 39], [0, 31, 0, 0, 0], [0, 22, 0, 0, 0]]",
        "fitness": {
            "fitness": 0.14592501792040738,
            "time": 0.07811834595420143
        }
    },
    "decoding": {
        "metadata": {
            "rows": 1,
            "columns": 30,
            "n_in": 2,
            "n_out": 2,
            "n_para": 2,
            "n_conn": 2
        },
        "functions": [
            "max",
            "min",
            "mean",
            "add",
            "subtract",
            "bitwise_not",
            "bitwise_or",
            "bitwise_and",
            "bitwise_and_mask",
            "bitwise_xor",
            "sqrt",
            "pow2",
            "exp",
            "log",
            "median_blur",
            "gaussian_blur",
            "laplacian",
            "sobel",
            "robert_cross",
            "canny",
            "sharpen",
            "gabor",
            "abs_diff",
            "abs_diff2",
            "fluo_tophat",
            "rel_diff",
            "erode",
            "dilate",
            "open",
            "close",
            "morph_gradient",
            "morph_tophat",
            "morph_blackhat",
            "fill_holes",
            "remove_small_objects",
            "remove_small_holes",
            "threshold",
            "threshold_at_1",
            "distance_transform",
            "distance_transform_and_thresh",
            "inrange_bin",
            "inrange"
        ],
        "endpoint": {
            "name": "Marker-Based Watershed",
            "abbv": "WSHD",
            "arity": 2,
            "p": 0,
            "kwargs": {
                "use_dt": false,
                "markers_distance": 21,
                "markers_area": null
            }
        },
        "mode": "default"
    }
}