{
    "dataset": {
        "name": "CIL",
        "label_name": "neuron",
        "indices": [
            60,
            26,
            56,
            65,
            70,
            31,
            6,
            18,
            29,
            15,
            33,
            0,
            27,
            73,
            67,
            55,
            66,
            52,
            49,
            78
        ]
    },
    "individual": {
        "sequence": "[[0, 0, 0, 0, 0], [0, 0, 0, 0, 0], [41, 0, 0, 241, 90], [40, 1, 1, 216, 41], [31, 0, 0, 233, 177], [3, 3, 4, 232, 34], [1, 3, 1, 150, 189], [7, 2, 5, 243, 88], [2, 5, 3, 164, 152], [37, 8, 8, 169, 201], [8, 3, 1, 92, 182], [8, 10, 8, 110, 149], [15, 5, 4, 174, 63], [3, 11, 10, 147, 35], [11, 5, 4, 123, 123], [32, 11, 11, 85, 89], [34, 6, 5, 5, 191], [0, 7, 1, 23, 211], [23, 11, 7, 3, 49], [15, 15, 6, 95, 215], [30, 9, 15, 148, 125], [13, 16, 12, 14, 44], [37, 9, 17, 42, 137], [11, 7, 21, 196, 13], [8, 5, 8, 87, 8], [2, 15, 3, 25, 186], [6, 4, 3, 79, 209], [18, 18, 8, 106, 102], [5, 26, 7, 212, 7], [17, 10, 16, 251, 148], [28, 14, 7, 205, 65], [38, 20, 11, 21, 98], [0, 9, 0, 0, 0], [0, 16, 0, 0, 0]]",
        "fitness": {
            "fitness": 0.15518722236156463,
            "time": 0.02677232027053833
        }
    },
    "decoding": {
        "metadata": {
            "rows": 1,
            "columns": 30,
            "n_in": 2,
            "n_out": 2,
            "n_para": 2,
            "n_conn": 2
        },
        "functions": [
            "max",
            "min",
            "mean",
            "add",
            "subtract",
            "bitwise_not",
            "bitwise_or",
            "bitwise_and",
            "bitwise_and_mask",
            "bitwise_xor",
            "sqrt",
            "pow2",
            "exp",
            "log",
            "median_blur",
            "gaussian_blur",
            "laplacian",
            "sobel",
            "robert_cross",
            "canny",
            "sharpen",
            "gabor",
            "abs_diff",
            "abs_diff2",
            "fluo_tophat",
            "rel_diff",
            "erode",
            "dilate",
            "open",
            "close",
            "morph_gradient",
            "morph_tophat",
            "morph_blackhat",
            "fill_holes",
            "remove_small_objects",
            "remove_small_holes",
            "threshold",
            "threshold_at_1",
            "distance_transform",
            "distance_transform_and_thresh",
            "inrange_bin",
            "inrange"
        ],
        "endpoint": {
            "name": "W",
            "abbv": "WSHD",
            "arity": 2,
            "p": 0,
            "kwargs": {
                "use_dt": false,
                "markers_distance": 21,
                "markers_area": null
            }
        },
        "mode": "default"
    }
}