{
    "dataset": {
        "name": "CIL",
        "label_name": "neuron",
        "indices": [
            48,
            17,
            12,
            49,
            59,
            33,
            37,
            1,
            11,
            44,
            27,
            13,
            5,
            26,
            77,
            23,
            75,
            60,
            46,
            66
        ]
    },
    "individual": {
        "sequence": "[[0, 0, 0, 0, 0], [0, 0, 0, 0, 0], [22, 0, 0, 78, 113], [14, 1, 0, 1, 246], [6, 3, 0, 226, 18], [26, 4, 1, 89, 43], [31, 1, 3, 159, 157], [8, 3, 6, 201, 133], [6, 6, 0, 164, 142], [23, 3, 5, 155, 164], [34, 7, 1, 45, 6], [28, 10, 8, 224, 11], [0, 8, 9, 145, 33], [5, 1, 7, 103, 205], [25, 6, 10, 159, 53], [2, 8, 1, 74, 72], [36, 3, 11, 59, 34], [22, 7, 2, 210, 44], [15, 4, 2, 166, 102], [6, 17, 8, 213, 162], [37, 11, 1, 161, 59], [36, 8, 5, 163, 8], [9, 10, 19, 59, 72], [19, 11, 15, 139, 27], [35, 6, 14, 93, 150], [17, 20, 19, 14, 6], [35, 6, 22, 30, 225], [11, 24, 11, 30, 93], [28, 3, 15, 28, 186], [25, 2, 1, 87, 117], [39, 23, 6, 137, 37], [12, 22, 4, 65, 249], [0, 21, 0, 0, 0], [0, 16, 0, 0, 0]]",
        "fitness": {
            "fitness": 0.15368370413780214,
            "time": 0.031071460247039794
        }
    },
    "decoding": {
        "metadata": {
            "rows": 1,
            "columns": 30,
            "n_in": 2,
            "n_out": 2,
            "n_para": 2,
            "n_conn": 2
        },
        "functions": [
            "max",
            "min",
            "mean",
            "add",
            "subtract",
            "bitwise_not",
            "bitwise_or",
            "bitwise_and",
            "bitwise_and_mask",
            "bitwise_xor",
            "sqrt",
            "pow2",
            "exp",
            "log",
            "median_blur",
            "gaussian_blur",
            "laplacian",
            "sobel",
            "robert_cross",
            "canny",
            "sharpen",
            "gabor",
            "abs_diff",
            "abs_diff2",
            "fluo_tophat",
            "rel_diff",
            "erode",
            "dilate",
            "open",
            "close",
            "morph_gradient",
            "morph_tophat",
            "morph_blackhat",
            "fill_holes",
            "remove_small_objects",
            "remove_small_holes",
            "threshold",
            "threshold_at_1",
            "distance_transform",
            "distance_transform_and_thresh",
            "inrange_bin",
            "inrange"
        ],
        "endpoint": {
            "name": "W",
            "abbv": "WSHD",
            "arity": 2,
            "p": 0,
            "kwargs": {
                "use_dt": false,
                "markers_distance": 21,
                "markers_area": null
            }
        },
        "mode": "default"
    }
}