{
    "dataset": {
        "name": "CIL",
        "label_name": "neuron",
        "indices": [
            88,
            86,
            81,
            63,
            61,
            67,
            5,
            1,
            80,
            76,
            77,
            6,
            62,
            29,
            44
        ]
    },
    "individual": {
        "sequence": "[[0, 0, 0, 0, 0], [0, 0, 0, 0, 0], [19, 1, 1, 188, 4], [19, 2, 2, 38, 43], [26, 1, 2, 9, 243], [31, 0, 1, 29, 186], [20, 3, 3, 3, 3], [37, 1, 3, 133, 249], [41, 4, 2, 174, 37], [33, 2, 4, 156, 118], [2, 0, 5, 137, 113], [32, 5, 5, 51, 253], [29, 2, 9, 105, 186], [28, 6, 6, 46, 224], [20, 0, 11, 135, 159], [6, 1, 1, 156, 211], [32, 1, 8, 65, 60], [12, 8, 9, 138, 136], [7, 0, 8, 254, 110], [28, 1, 7, 235, 69], [24, 8, 6, 238, 248], [6, 10, 12, 53, 21], [36, 21, 7, 242, 4], [13, 15, 18, 65, 19], [21, 5, 9, 208, 26], [19, 4, 15, 96, 243], [30, 22, 22, 125, 53], [22, 21, 25, 207, 1], [13, 19, 9, 251, 226], [21, 22, 8, 9, 89], [38, 26, 11, 139, 72], [6, 6, 5, 132, 216], [0, 22, 0, 0, 0], [0, 8, 0, 0, 0]]",
        "fitness": {
            "fitness": 0.09287272294362386,
            "time": 0.02772351900736491
        }
    },
    "decoding": {
        "metadata": {
            "rows": 1,
            "columns": 30,
            "n_in": 2,
            "n_out": 2,
            "n_para": 2,
            "n_conn": 2
        },
        "functions": [
            "max",
            "min",
            "mean",
            "add",
            "subtract",
            "bitwise_not",
            "bitwise_or",
            "bitwise_and",
            "bitwise_and_mask",
            "bitwise_xor",
            "sqrt",
            "pow2",
            "exp",
            "log",
            "median_blur",
            "gaussian_blur",
            "laplacian",
            "sobel",
            "robert_cross",
            "canny",
            "sharpen",
            "gabor",
            "abs_diff",
            "abs_diff2",
            "fluo_tophat",
            "rel_diff",
            "erode",
            "dilate",
            "open",
            "close",
            "morph_gradient",
            "morph_tophat",
            "morph_blackhat",
            "fill_holes",
            "remove_small_objects",
            "remove_small_holes",
            "threshold",
            "threshold_at_1",
            "distance_transform",
            "distance_transform_and_thresh",
            "inrange_bin",
            "inrange"
        ],
        "endpoint": {
            "name": "W",
            "abbv": "WSHD",
            "arity": 2,
            "p": 0,
            "kwargs": {
                "use_dt": false,
                "markers_distance": 21,
                "markers_area": null
            }
        },
        "mode": "default"
    }
}