{
    "dataset": {
        "name": "CIL",
        "label_name": "neuron",
        "indices": [
            5,
            66,
            87,
            17,
            42,
            76,
            35,
            61,
            37,
            13,
            56,
            12,
            43,
            55
        ]
    },
    "individual": {
        "sequence": "[[0, 0, 0, 0, 0], [0, 0, 0, 0, 0], [31, 0, 1, 202, 217], [37, 0, 0, 159, 159], [19, 1, 3, 114, 0], [27, 4, 0, 12, 227], [22, 0, 3, 228, 47], [2, 2, 4, 160, 181], [13, 7, 5, 130, 253], [41, 3, 8, 70, 181], [4, 5, 9, 64, 173], [38, 1, 5, 13, 144], [15, 9, 10, 77, 110], [18, 4, 4, 23, 76], [4, 11, 12, 151, 17], [5, 1, 9, 9, 216], [33, 13, 4, 101, 81], [29, 0, 9, 3, 152], [25, 15, 6, 90, 157], [39, 3, 10, 7, 200], [9, 16, 2, 3, 166], [9, 12, 11, 151, 165], [30, 1, 14, 188, 230], [21, 15, 3, 223, 31], [35, 18, 20, 132, 184], [8, 19, 12, 90, 247], [22, 16, 7, 2, 175], [33, 5, 9, 171, 49], [34, 16, 10, 30, 24], [27, 4, 9, 25, 134], [39, 11, 14, 6, 102], [20, 2, 24, 130, 38], [0, 8, 0, 0, 0], [0, 28, 0, 0, 0]]",
        "fitness": {
            "fitness": 0.13723757437297276,
            "time": 0.04464331695011684
        }
    },
    "decoding": {
        "metadata": {
            "rows": 1,
            "columns": 30,
            "n_in": 2,
            "n_out": 2,
            "n_para": 2,
            "n_conn": 2
        },
        "functions": [
            "max",
            "min",
            "mean",
            "add",
            "subtract",
            "bitwise_not",
            "bitwise_or",
            "bitwise_and",
            "bitwise_and_mask",
            "bitwise_xor",
            "sqrt",
            "pow2",
            "exp",
            "log",
            "median_blur",
            "gaussian_blur",
            "laplacian",
            "sobel",
            "robert_cross",
            "canny",
            "sharpen",
            "gabor",
            "abs_diff",
            "abs_diff2",
            "fluo_tophat",
            "rel_diff",
            "erode",
            "dilate",
            "open",
            "close",
            "morph_gradient",
            "morph_tophat",
            "morph_blackhat",
            "fill_holes",
            "remove_small_objects",
            "remove_small_holes",
            "threshold",
            "threshold_at_1",
            "distance_transform",
            "distance_transform_and_thresh",
            "inrange_bin",
            "inrange"
        ],
        "endpoint": {
            "name": "Marker-Based Watershed",
            "abbv": "WSHD",
            "arity": 2,
            "p": 0,
            "kwargs": {
                "use_dt": false,
                "markers_distance": 21,
                "markers_area": null
            }
        },
        "mode": "default"
    }
}