{
    "dataset": {
        "name": "CIL",
        "label_name": "neuron",
        "indices": [
            82,
            24,
            69,
            44,
            85,
            39,
            81,
            56,
            53,
            32,
            4,
            60,
            20,
            25,
            68,
            47,
            36,
            61,
            37,
            2,
            73,
            59,
            70,
            8,
            42,
            51,
            76,
            65,
            10,
            58,
            84,
            46,
            62,
            18,
            15,
            5,
            28,
            40,
            12,
            66,
            38,
            79,
            54,
            11,
            75,
            21,
            43,
            86,
            29,
            9
        ]
    },
    "individual": {
        "sequence": "[[0, 0, 0, 0, 0], [0, 0, 0, 0, 0], [19, 1, 0, 22, 141], [9, 0, 1, 247, 130], [24, 0, 3, 25, 229], [1, 4, 0, 2, 46], [6, 0, 5, 26, 228], [35, 2, 5, 199, 100], [3, 5, 4, 133, 86], [39, 2, 3, 112, 10], [2, 4, 6, 181, 160], [18, 7, 9, 169, 128], [25, 6, 0, 37, 120], [24, 0, 7, 64, 243], [24, 3, 0, 90, 4], [11, 1, 12, 211, 142], [41, 2, 4, 161, 120], [11, 0, 1, 222, 88], [3, 5, 10, 172, 88], [10, 11, 1, 72, 25], [28, 2, 14, 226, 225], [36, 18, 1, 214, 15], [13, 6, 16, 38, 112], [15, 0, 20, 56, 191], [15, 16, 2, 159, 101], [38, 14, 12, 107, 165], [38, 2, 25, 34, 251], [6, 3, 26, 102, 49], [10, 12, 22, 20, 146], [18, 18, 2, 204, 22], [34, 10, 11, 87, 137], [19, 21, 1, 205, 204], [0, 21, 0, 0, 0], [0, 11, 0, 0, 0]]",
        "fitness": {
            "fitness": 0.17524975180625915,
            "time": 0.049058032035827634
        }
    },
    "decoding": {
        "metadata": {
            "rows": 1,
            "columns": 30,
            "n_in": 2,
            "n_out": 2,
            "n_para": 2,
            "n_conn": 2
        },
        "functions": [
            "max",
            "min",
            "mean",
            "add",
            "subtract",
            "bitwise_not",
            "bitwise_or",
            "bitwise_and",
            "bitwise_and_mask",
            "bitwise_xor",
            "sqrt",
            "pow2",
            "exp",
            "log",
            "median_blur",
            "gaussian_blur",
            "laplacian",
            "sobel",
            "robert_cross",
            "canny",
            "sharpen",
            "gabor",
            "abs_diff",
            "abs_diff2",
            "fluo_tophat",
            "rel_diff",
            "erode",
            "dilate",
            "open",
            "close",
            "morph_gradient",
            "morph_tophat",
            "morph_blackhat",
            "fill_holes",
            "remove_small_objects",
            "remove_small_holes",
            "threshold",
            "threshold_at_1",
            "distance_transform",
            "distance_transform_and_thresh",
            "inrange_bin",
            "inrange"
        ],
        "endpoint": {
            "name": "W",
            "abbv": "WSHD",
            "arity": 2,
            "p": 0,
            "kwargs": {
                "use_dt": false,
                "markers_distance": 21,
                "markers_area": null
            }
        },
        "mode": "default"
    }
}