{
    "dataset": {
        "name": "CIL",
        "label_name": "neuron",
        "indices": [
            33,
            57,
            9,
            68,
            11,
            37,
            47,
            58,
            79
        ]
    },
    "individual": {
        "sequence": "[[0, 0, 0, 0, 0], [0, 0, 0, 0, 0], [31, 0, 0, 151, 190], [2, 2, 1, 237, 102], [9, 1, 0, 44, 11], [28, 1, 1, 35, 161], [15, 3, 3, 2, 181], [0, 2, 4, 209, 198], [40, 0, 3, 11, 192], [22, 5, 7, 107, 105], [31, 4, 7, 151, 0], [23, 0, 8, 222, 37], [22, 2, 10, 72, 233], [24, 0, 2, 244, 161], [36, 5, 2, 94, 39], [3, 5, 11, 215, 77], [13, 14, 12, 89, 255], [13, 2, 8, 198, 120], [40, 6, 12, 157, 227], [2, 17, 8, 199, 63], [17, 5, 11, 178, 115], [18, 18, 14, 7, 119], [32, 6, 11, 60, 185], [29, 20, 9, 227, 129], [8, 10, 14, 233, 23], [34, 8, 1, 252, 134], [29, 2, 13, 194, 178], [20, 5, 18, 102, 169], [15, 20, 22, 210, 3], [3, 20, 10, 141, 14], [39, 23, 0, 5, 146], [17, 5, 21, 183, 234], [0, 19, 0, 0, 0], [0, 14, 0, 0, 0]]",
        "fitness": {
            "fitness": 0.16724242766698202,
            "time": 0.028635554843478732
        }
    },
    "decoding": {
        "metadata": {
            "rows": 1,
            "columns": 30,
            "n_in": 2,
            "n_out": 2,
            "n_para": 2,
            "n_conn": 2
        },
        "functions": [
            "max",
            "min",
            "mean",
            "add",
            "subtract",
            "bitwise_not",
            "bitwise_or",
            "bitwise_and",
            "bitwise_and_mask",
            "bitwise_xor",
            "sqrt",
            "pow2",
            "exp",
            "log",
            "median_blur",
            "gaussian_blur",
            "laplacian",
            "sobel",
            "robert_cross",
            "canny",
            "sharpen",
            "gabor",
            "abs_diff",
            "abs_diff2",
            "fluo_tophat",
            "rel_diff",
            "erode",
            "dilate",
            "open",
            "close",
            "morph_gradient",
            "morph_tophat",
            "morph_blackhat",
            "fill_holes",
            "remove_small_objects",
            "remove_small_holes",
            "threshold",
            "threshold_at_1",
            "distance_transform",
            "distance_transform_and_thresh",
            "inrange_bin",
            "inrange"
        ],
        "endpoint": {
            "name": "W",
            "abbv": "WSHD",
            "arity": 2,
            "p": 0,
            "kwargs": {
                "use_dt": false,
                "markers_distance": 21,
                "markers_area": null
            }
        },
        "mode": "default"
    }
}