{
    "dataset": {
        "name": "CIL",
        "label_name": "neuron",
        "indices": [
            8,
            74,
            3,
            24,
            41,
            70,
            15,
            33,
            60,
            48,
            11,
            7,
            38,
            72,
            77,
            25,
            81,
            79,
            46,
            13,
            1,
            49,
            44,
            50,
            82,
            47,
            78,
            16,
            87,
            53,
            75,
            27,
            17,
            4,
            63,
            84,
            61,
            37,
            36,
            80,
            40,
            55,
            20,
            68,
            86,
            57,
            42,
            73,
            69,
            43,
            21,
            30,
            14,
            65,
            83,
            56,
            88,
            54,
            51,
            5,
            10,
            23,
            6,
            76,
            67,
            45,
            71,
            26,
            29,
            39,
            66,
            85,
            34,
            2,
            28,
            58,
            32,
            19,
            9,
            52
        ]
    },
    "individual": {
        "sequence": "[[0, 0, 0, 0, 0], [0, 0, 0, 0, 0], [31, 1, 1, 22, 66], [40, 1, 1, 41, 155], [33, 2, 0, 18, 144], [41, 2, 1, 121, 221], [22, 0, 3, 30, 142], [23, 5, 3, 123, 11], [17, 7, 1, 3, 192], [11, 4, 3, 214, 192], [32, 7, 3, 250, 116], [8, 4, 3, 140, 111], [6, 9, 1, 42, 247], [22, 6, 0, 30, 45], [34, 3, 13, 12, 27], [13, 14, 11, 86, 120], [18, 4, 12, 59, 208], [28, 2, 2, 74, 179], [36, 11, 12, 168, 105], [21, 2, 13, 235, 228], [41, 0, 5, 242, 9], [38, 14, 19, 244, 91], [14, 16, 15, 104, 237], [13, 14, 1, 105, 21], [17, 23, 17, 163, 254], [7, 2, 21, 15, 20], [19, 5, 23, 19, 86], [4, 6, 6, 78, 184], [28, 7, 5, 192, 236], [5, 28, 1, 167, 145], [20, 0, 24, 95, 154], [33, 25, 23, 204, 248], [0, 20, 0, 0, 0], [0, 14, 0, 0, 0]]",
        "fitness": {
            "fitness": 0.15646227076649666,
            "time": 0.03144348859786987
        }
    },
    "decoding": {
        "metadata": {
            "rows": 1,
            "columns": 30,
            "n_in": 2,
            "n_out": 2,
            "n_para": 2,
            "n_conn": 2
        },
        "functions": [
            "max",
            "min",
            "mean",
            "add",
            "subtract",
            "bitwise_not",
            "bitwise_or",
            "bitwise_and",
            "bitwise_and_mask",
            "bitwise_xor",
            "sqrt",
            "pow2",
            "exp",
            "log",
            "median_blur",
            "gaussian_blur",
            "laplacian",
            "sobel",
            "robert_cross",
            "canny",
            "sharpen",
            "gabor",
            "abs_diff",
            "abs_diff2",
            "fluo_tophat",
            "rel_diff",
            "erode",
            "dilate",
            "open",
            "close",
            "morph_gradient",
            "morph_tophat",
            "morph_blackhat",
            "fill_holes",
            "remove_small_objects",
            "remove_small_holes",
            "threshold",
            "threshold_at_1",
            "distance_transform",
            "distance_transform_and_thresh",
            "inrange_bin",
            "inrange"
        ],
        "endpoint": {
            "name": "Marker-Based Watershed",
            "abbv": "WSHD",
            "arity": 2,
            "args": 0,
            "kwargs": {
                "use_dt": false,
                "markers_distance": 21,
                "markers_area": null
            }
        },
        "mode": "default"
    }
}