{
    "dataset": {
        "name": "CIL",
        "label_name": "neuron",
        "indices": [
            77,
            13,
            18,
            32,
            65,
            16,
            84,
            25,
            60,
            26,
            4,
            61,
            76,
            82,
            29,
            62,
            30,
            41,
            17,
            23,
            7,
            14,
            83,
            66,
            59
        ]
    },
    "individual": {
        "sequence": "[[0, 0, 0, 0, 0], [0, 0, 0, 0, 0], [17, 0, 1, 131, 105], [38, 0, 0, 239, 69], [36, 0, 0, 197, 8], [1, 4, 4, 182, 159], [28, 1, 2, 0, 236], [1, 4, 6, 15, 217], [41, 6, 0, 45, 204], [41, 1, 0, 60, 188], [33, 2, 9, 75, 231], [19, 6, 3, 100, 32], [25, 9, 9, 230, 193], [41, 12, 11, 205, 197], [24, 1, 6, 175, 139], [20, 6, 14, 113, 14], [11, 15, 1, 63, 224], [39, 6, 3, 8, 179], [33, 11, 15, 199, 72], [32, 12, 12, 1, 72], [8, 15, 6, 41, 246], [36, 6, 18, 36, 50], [3, 15, 17, 123, 18], [40, 12, 4, 178, 16], [1, 5, 10, 153, 88], [24, 16, 18, 180, 203], [22, 5, 11, 220, 77], [2, 4, 18, 57, 124], [31, 5, 16, 210, 217], [3, 18, 25, 98, 100], [25, 8, 14, 60, 178], [31, 16, 24, 225, 79], [0, 27, 0, 0, 0], [0, 8, 0, 0, 0]]",
        "fitness": {
            "fitness": 0.13348518848419189,
            "time": 0.031671333312988284
        }
    },
    "decoding": {
        "metadata": {
            "rows": 1,
            "columns": 30,
            "n_in": 2,
            "n_out": 2,
            "n_para": 2,
            "n_conn": 2
        },
        "functions": [
            "max",
            "min",
            "mean",
            "add",
            "subtract",
            "bitwise_not",
            "bitwise_or",
            "bitwise_and",
            "bitwise_and_mask",
            "bitwise_xor",
            "sqrt",
            "pow2",
            "exp",
            "log",
            "median_blur",
            "gaussian_blur",
            "laplacian",
            "sobel",
            "robert_cross",
            "canny",
            "sharpen",
            "gabor",
            "abs_diff",
            "abs_diff2",
            "fluo_tophat",
            "rel_diff",
            "erode",
            "dilate",
            "open",
            "close",
            "morph_gradient",
            "morph_tophat",
            "morph_blackhat",
            "fill_holes",
            "remove_small_objects",
            "remove_small_holes",
            "threshold",
            "threshold_at_1",
            "distance_transform",
            "distance_transform_and_thresh",
            "inrange_bin",
            "inrange"
        ],
        "endpoint": {
            "name": "W",
            "abbv": "WSHD",
            "arity": 2,
            "p": 0,
            "kwargs": {
                "use_dt": false,
                "markers_distance": 21,
                "markers_area": null
            }
        },
        "mode": "default"
    }
}