{
    "dataset": {
        "name": "4-Synapses",
        "label_name": "cell",
        "indices": null
    },
    "individual": {
        "sequence": "[[0, 0, 0, 0, 0], [0, 0, 0, 0, 0], [37, 1, 0, 99, 241], [26, 2, 1, 52, 179], [31, 3, 2, 249, 221], [9, 1, 3, 230, 209], [0, 1, 4, 20, 129], [39, 5, 6, 164, 215], [26, 6, 7, 101, 125], [35, 4, 7, 120, 153], [27, 6, 3, 148, 215], [25, 9, 5, 181, 231], [39, 10, 9, 101, 182], [9, 10, 8, 181, 104], [18, 8, 6, 201, 44], [37, 12, 1, 232, 153], [10, 3, 12, 34, 211], [40, 5, 4, 13, 131], [15, 5, 16, 42, 135], [7, 15, 18, 106, 175], [27, 4, 7, 84, 58], [2, 6, 16, 82, 142], [31, 12, 17, 163, 164], [31, 21, 10, 36, 11], [18, 7, 9, 73, 118], [36, 13, 14, 23, 117], [28, 21, 7, 122, 25], [33, 22, 1, 116, 244], [20, 1, 25, 84, 254], [40, 18, 13, 252, 174], [18, 6, 5, 255, 135], [41, 3, 5, 213, 154], [0, 18, 0, 0, 0], [0, 8, 0, 0, 0]]",
        "fitness": {
            "fitness": 0.26281556114554405,
            "time": 0.064962238073349
        }
    },
    "decoding": {
        "metadata": {
            "rows": 1,
            "columns": 30,
            "n_in": 2,
            "n_out": 2,
            "n_para": 2,
            "n_conn": 2
        },
        "functions": [
            "max",
            "min",
            "mean",
            "add",
            "subtract",
            "bitwise_not",
            "bitwise_or",
            "bitwise_and",
            "bitwise_and_mask",
            "bitwise_xor",
            "sqrt",
            "pow2",
            "exp",
            "log",
            "median_blur",
            "gaussian_blur",
            "laplacian",
            "sobel",
            "robert_cross",
            "canny",
            "sharpen",
            "gabor",
            "abs_diff",
            "abs_diff2",
            "fluo_tophat",
            "rel_diff",
            "erode",
            "dilate",
            "open",
            "close",
            "morph_gradient",
            "morph_tophat",
            "morph_blackhat",
            "fill_holes",
            "remove_small_objects",
            "remove_small_holes",
            "threshold",
            "threshold_at_1",
            "distance_transform",
            "distance_transform_and_thresh",
            "inrange_bin",
            "inrange"
        ],
        "endpoint": {
            "name": "Marker-Based Watershed",
            "abbv": "WSHD",
            "arity": 2,
            "p": 0,
            "kwargs": {
                "use_dt": false,
                "markers_distance": 21,
                "markers_area": null
            }
        },
        "mode": "series",
        "stacker": {
            "name": "mean_stacker",
            "abbv": "MEAN",
            "arity": 2,
            "p": 0,
            "kwargs": {}
        }
    }
}