{
    "dataset": {
        "name": "CIL",
        "label_name": "neuron",
        "indices": [
            34,
            16
        ]
    },
    "individual": {
        "sequence": "[[0, 0, 0, 0, 0], [0, 0, 0, 0, 0], [25, 1, 0, 16, 184], [10, 0, 0, 104, 19], [1, 0, 3, 247, 103], [10, 1, 4, 205, 245], [36, 1, 2, 138, 35], [34, 6, 6, 13, 100], [2, 5, 4, 35, 128], [13, 0, 2, 104, 95], [0, 7, 0, 190, 215], [31, 1, 1, 112, 55], [39, 8, 9, 118, 209], [18, 10, 9, 218, 164], [39, 13, 11, 111, 7], [38, 3, 11, 97, 81], [5, 11, 13, 235, 213], [30, 2, 10, 27, 217], [27, 14, 6, 130, 5], [33, 1, 5, 147, 80], [8, 14, 17, 0, 199], [28, 17, 7, 205, 165], [39, 12, 0, 15, 7], [0, 6, 19, 128, 78], [13, 23, 17, 16, 186], [20, 10, 15, 149, 254], [29, 12, 20, 219, 139], [7, 9, 19, 176, 66], [33, 3, 6, 74, 128], [17, 26, 24, 52, 193], [41, 3, 21, 204, 47], [27, 28, 21, 77, 206], [0, 30, 0, 0, 0], [0, 7, 0, 0, 0]]",
        "fitness": {
            "fitness": 0.08899527788162231,
            "time": 0.04627680778503418
        }
    },
    "decoding": {
        "metadata": {
            "rows": 1,
            "columns": 30,
            "n_in": 2,
            "n_out": 2,
            "n_para": 2,
            "n_conn": 2
        },
        "functions": [
            "max",
            "min",
            "mean",
            "add",
            "subtract",
            "bitwise_not",
            "bitwise_or",
            "bitwise_and",
            "bitwise_and_mask",
            "bitwise_xor",
            "sqrt",
            "pow2",
            "exp",
            "log",
            "median_blur",
            "gaussian_blur",
            "laplacian",
            "sobel",
            "robert_cross",
            "canny",
            "sharpen",
            "gabor",
            "abs_diff",
            "abs_diff2",
            "fluo_tophat",
            "rel_diff",
            "erode",
            "dilate",
            "open",
            "close",
            "morph_gradient",
            "morph_tophat",
            "morph_blackhat",
            "fill_holes",
            "remove_small_objects",
            "remove_small_holes",
            "threshold",
            "threshold_at_1",
            "distance_transform",
            "distance_transform_and_thresh",
            "inrange_bin",
            "inrange"
        ],
        "endpoint": {
            "name": "W",
            "abbv": "WSHD",
            "arity": 2,
            "p": 0,
            "kwargs": {
                "use_dt": false,
                "markers_distance": 21,
                "markers_area": null
            }
        },
        "mode": "default"
    }
}