{
    "dataset": {
        "name": "CIL",
        "label_name": "neuron",
        "indices": [
            41,
            68,
            81,
            45,
            26,
            38,
            28,
            0,
            17,
            29,
            10,
            56,
            60,
            67,
            72,
            73,
            52,
            11,
            61,
            37,
            88,
            40,
            35,
            1,
            4,
            6,
            65,
            30,
            9,
            5,
            64,
            24,
            22,
            82,
            77,
            74,
            70,
            54,
            87,
            50,
            79,
            12,
            53,
            58,
            83,
            80,
            46,
            33,
            39,
            25,
            47,
            18,
            7,
            13,
            3,
            84,
            2,
            75,
            15,
            32
        ]
    },
    "individual": {
        "sequence": "[[0, 0, 0, 0, 0], [0, 0, 0, 0, 0], [31, 0, 0, 197, 41], [19, 1, 2, 25, 92], [28, 1, 0, 16, 123], [11, 0, 2, 250, 252], [36, 5, 2, 168, 171], [4, 3, 2, 191, 144], [15, 1, 2, 210, 220], [1, 1, 5, 7, 158], [28, 5, 3, 200, 196], [40, 4, 3, 218, 42], [18, 1, 11, 53, 167], [2, 3, 2, 146, 150], [11, 0, 11, 36, 183], [21, 1, 0, 153, 39], [6, 9, 14, 1, 69], [22, 3, 9, 239, 243], [13, 13, 16, 63, 59], [12, 5, 3, 93, 42], [29, 15, 8, 195, 193], [1, 14, 20, 4, 246], [2, 6, 8, 227, 204], [40, 19, 1, 249, 19], [7, 6, 4, 223, 175], [2, 0, 13, 187, 182], [1, 20, 6, 10, 17], [3, 23, 8, 162, 118], [7, 24, 17, 204, 150], [2, 13, 16, 7, 143], [11, 9, 23, 34, 210], [40, 10, 14, 116, 104], [0, 29, 0, 0, 0], [0, 11, 0, 0, 0]]",
        "fitness": {
            "fitness": 0.15002904733022054,
            "time": 0.03561341365178426
        }
    },
    "decoding": {
        "metadata": {
            "rows": 1,
            "columns": 30,
            "n_in": 2,
            "n_out": 2,
            "n_para": 2,
            "n_conn": 2
        },
        "functions": [
            "max",
            "min",
            "mean",
            "add",
            "subtract",
            "bitwise_not",
            "bitwise_or",
            "bitwise_and",
            "bitwise_and_mask",
            "bitwise_xor",
            "sqrt",
            "pow2",
            "exp",
            "log",
            "median_blur",
            "gaussian_blur",
            "laplacian",
            "sobel",
            "robert_cross",
            "canny",
            "sharpen",
            "gabor",
            "abs_diff",
            "abs_diff2",
            "fluo_tophat",
            "rel_diff",
            "erode",
            "dilate",
            "open",
            "close",
            "morph_gradient",
            "morph_tophat",
            "morph_blackhat",
            "fill_holes",
            "remove_small_objects",
            "remove_small_holes",
            "threshold",
            "threshold_at_1",
            "distance_transform",
            "distance_transform_and_thresh",
            "inrange_bin",
            "inrange"
        ],
        "endpoint": {
            "name": "Marker-Based Watershed",
            "abbv": "WSHD",
            "arity": 2,
            "args": 0,
            "kwargs": {
                "use_dt": false,
                "markers_distance": 21,
                "markers_area": null
            }
        },
        "mode": "default"
    }
}