{
    "dataset": {
        "name": "CIL",
        "label_name": "neuron",
        "indices": [
            44,
            64,
            34,
            31,
            9,
            82,
            63,
            50,
            6
        ]
    },
    "individual": {
        "sequence": "[[0, 0, 0, 0, 0], [0, 0, 0, 0, 0], [13, 0, 0, 180, 74], [19, 2, 1, 98, 28], [20, 0, 0, 99, 239], [19, 1, 0, 50, 171], [22, 5, 2, 159, 124], [24, 4, 0, 184, 222], [7, 7, 5, 126, 84], [34, 5, 4, 108, 94], [5, 5, 4, 239, 227], [25, 1, 6, 139, 141], [21, 9, 8, 119, 220], [5, 1, 3, 243, 4], [27, 5, 2, 148, 8], [36, 7, 12, 202, 8], [11, 1, 14, 45, 125], [34, 10, 5, 236, 253], [8, 6, 4, 200, 94], [16, 17, 6, 97, 138], [37, 3, 13, 147, 130], [39, 19, 17, 155, 52], [13, 18, 13, 144, 137], [39, 18, 7, 84, 27], [29, 8, 7, 88, 181], [2, 16, 20, 181, 255], [17, 23, 19, 142, 0], [34, 11, 2, 135, 4], [25, 16, 20, 60, 213], [39, 10, 1, 192, 113], [28, 29, 13, 184, 168], [40, 2, 15, 60, 80], [0, 15, 0, 0, 0], [0, 19, 0, 0, 0]]",
        "fitness": {
            "fitness": 0.09699198934766981,
            "time": 0.05029837290445963
        }
    },
    "decoding": {
        "metadata": {
            "rows": 1,
            "columns": 30,
            "n_in": 2,
            "n_out": 2,
            "n_para": 2,
            "n_conn": 2
        },
        "functions": [
            "max",
            "min",
            "mean",
            "add",
            "subtract",
            "bitwise_not",
            "bitwise_or",
            "bitwise_and",
            "bitwise_and_mask",
            "bitwise_xor",
            "sqrt",
            "pow2",
            "exp",
            "log",
            "median_blur",
            "gaussian_blur",
            "laplacian",
            "sobel",
            "robert_cross",
            "canny",
            "sharpen",
            "gabor",
            "abs_diff",
            "abs_diff2",
            "fluo_tophat",
            "rel_diff",
            "erode",
            "dilate",
            "open",
            "close",
            "morph_gradient",
            "morph_tophat",
            "morph_blackhat",
            "fill_holes",
            "remove_small_objects",
            "remove_small_holes",
            "threshold",
            "threshold_at_1",
            "distance_transform",
            "distance_transform_and_thresh",
            "inrange_bin",
            "inrange"
        ],
        "endpoint": {
            "name": "W",
            "abbv": "WSHD",
            "arity": 2,
            "p": 0,
            "kwargs": {
                "use_dt": false,
                "markers_distance": 21,
                "markers_area": null
            }
        },
        "mode": "default"
    }
}