{
    "dataset": {
        "name": "4-Synapses",
        "label_name": "cell",
        "indices": null
    },
    "individual": {
        "sequence": "[[0, 0, 0, 0, 0], [0, 0, 0, 0, 0], [31, 0, 1, 30, 61], [31, 0, 1, 84, 180], [3, 1, 1, 177, 78], [15, 3, 2, 123, 254], [26, 1, 0, 88, 201], [18, 5, 6, 223, 242], [15, 4, 5, 115, 162], [9, 0, 7, 116, 113], [12, 3, 6, 67, 252], [33, 10, 2, 22, 166], [23, 3, 8, 13, 217], [35, 2, 0, 166, 125], [12, 0, 6, 7, 54], [8, 14, 13, 153, 215], [19, 11, 15, 8, 68], [0, 1, 3, 186, 249], [30, 8, 16, 105, 200], [11, 10, 15, 115, 150], [31, 14, 4, 131, 85], [30, 15, 6, 124, 21], [34, 0, 3, 35, 100], [24, 7, 17, 110, 211], [15, 20, 18, 2, 104], [32, 14, 11, 180, 40], [37, 6, 4, 178, 164], [6, 24, 15, 10, 196], [34, 15, 8, 94, 248], [15, 25, 4, 79, 193], [5, 27, 26, 113, 77], [7, 17, 8, 58, 113], [0, 31, 0, 0, 0], [0, 26, 0, 0, 0]]",
        "fitness": {
            "fitness": 0.2740047872066498,
            "time": 0.057414352893829346
        }
    },
    "decoding": {
        "metadata": {
            "rows": 1,
            "columns": 30,
            "n_in": 2,
            "n_out": 2,
            "n_para": 2,
            "n_conn": 2
        },
        "functions": [
            "max",
            "min",
            "mean",
            "add",
            "subtract",
            "bitwise_not",
            "bitwise_or",
            "bitwise_and",
            "bitwise_and_mask",
            "bitwise_xor",
            "sqrt",
            "pow2",
            "exp",
            "log",
            "median_blur",
            "gaussian_blur",
            "laplacian",
            "sobel",
            "robert_cross",
            "canny",
            "sharpen",
            "gabor",
            "abs_diff",
            "abs_diff2",
            "fluo_tophat",
            "rel_diff",
            "erode",
            "dilate",
            "open",
            "close",
            "morph_gradient",
            "morph_tophat",
            "morph_blackhat",
            "fill_holes",
            "remove_small_objects",
            "remove_small_holes",
            "threshold",
            "threshold_at_1",
            "distance_transform",
            "distance_transform_and_thresh",
            "inrange_bin",
            "inrange"
        ],
        "endpoint": {
            "name": "Marker-Based Watershed",
            "abbv": "WSHD",
            "arity": 2,
            "p": 0,
            "kwargs": {
                "use_dt": false,
                "markers_distance": 21,
                "markers_area": null
            }
        },
        "mode": "series",
        "stacker": {
            "name": "mean_stacker",
            "abbv": "MEAN",
            "arity": 2,
            "p": 0,
            "kwargs": {}
        }
    }
}