{
    "dataset": {
        "name": "CIL",
        "label_name": "neuron",
        "indices": [
            4,
            28,
            79,
            3,
            85
        ]
    },
    "individual": {
        "sequence": "[[0, 0, 0, 0, 0], [0, 0, 0, 0, 0], [24, 0, 1, 182, 209], [22, 1, 0, 248, 124], [36, 1, 3, 7, 25], [36, 1, 3, 219, 35], [30, 2, 1, 84, 132], [28, 0, 5, 26, 199], [10, 2, 4, 133, 199], [10, 4, 2, 88, 197], [3, 4, 7, 69, 99], [28, 6, 4, 233, 111], [35, 6, 10, 2, 52], [20, 5, 3, 58, 175], [11, 2, 6, 88, 17], [11, 12, 4, 16, 198], [11, 1, 10, 209, 211], [39, 13, 10, 44, 216], [23, 4, 7, 34, 135], [23, 5, 14, 157, 9], [22, 12, 5, 159, 244], [30, 18, 0, 229, 36], [24, 17, 13, 155, 46], [27, 6, 15, 71, 230], [1, 22, 6, 57, 223], [3, 14, 4, 150, 124], [15, 14, 2, 0, 70], [7, 22, 16, 50, 98], [40, 10, 9, 43, 70], [3, 5, 0, 177, 73], [6, 18, 9, 199, 44], [0, 27, 1, 69, 72], [0, 25, 0, 0, 0], [0, 17, 0, 0, 0]]",
        "fitness": {
            "fitness": 0.07579220533370971,
            "time": 0.10085120201110839
        }
    },
    "decoding": {
        "metadata": {
            "rows": 1,
            "columns": 30,
            "n_in": 2,
            "n_out": 2,
            "n_para": 2,
            "n_conn": 2
        },
        "functions": [
            "max",
            "min",
            "mean",
            "add",
            "subtract",
            "bitwise_not",
            "bitwise_or",
            "bitwise_and",
            "bitwise_and_mask",
            "bitwise_xor",
            "sqrt",
            "pow2",
            "exp",
            "log",
            "median_blur",
            "gaussian_blur",
            "laplacian",
            "sobel",
            "robert_cross",
            "canny",
            "sharpen",
            "gabor",
            "abs_diff",
            "abs_diff2",
            "fluo_tophat",
            "rel_diff",
            "erode",
            "dilate",
            "open",
            "close",
            "morph_gradient",
            "morph_tophat",
            "morph_blackhat",
            "fill_holes",
            "remove_small_objects",
            "remove_small_holes",
            "threshold",
            "threshold_at_1",
            "distance_transform",
            "distance_transform_and_thresh",
            "inrange_bin",
            "inrange"
        ],
        "endpoint": {
            "name": "W",
            "abbv": "WSHD",
            "arity": 2,
            "p": 0,
            "kwargs": {
                "use_dt": false,
                "markers_distance": 21,
                "markers_area": null
            }
        },
        "mode": "default"
    }
}