{
    "dataset": {
        "name": "Tumor",
        "label_name": "tumor",
        "indices": null
    },
    "individual": {
        "sequence": "[[0, 0, 0, 0, 0], [0, 0, 0, 0, 0], [0, 0, 0, 0, 0], [24, 0, 1, 71, 166], [24, 1, 3, 110, 224], [6, 1, 3, 112, 46], [0, 5, 4, 130, 183], [4, 6, 5, 251, 83], [32, 7, 0, 137, 106], [24, 5, 6, 193, 89], [11, 1, 9, 165, 118], [9, 8, 1, 97, 33], [15, 8, 5, 131, 107], [27, 6, 8, 3, 243], [37, 1, 10, 38, 39], [11, 6, 3, 33, 229], [12, 5, 14, 97, 181], [15, 16, 8, 243, 221], [20, 13, 6, 116, 65], [7, 5, 2, 92, 168], [30, 13, 18, 129, 183], [4, 19, 16, 108, 24], [15, 21, 17, 5, 221], [1, 15, 17, 49, 133], [2, 13, 7, 9, 84], [29, 21, 11, 16, 248], [23, 21, 24, 241, 223], [4, 0, 21, 215, 102], [12, 25, 4, 190, 187], [31, 7, 7, 120, 88], [36, 14, 27, 123, 36], [18, 2, 21, 115, 159], [2, 3, 5, 56, 188], [0, 12, 0, 0, 0]]",
        "fitness": {
            "fitness": 0.12743647832608337,
            "time": 0.11406733592351277
        }
    },
    "decoding": {
        "metadata": {
            "rows": 1,
            "columns": 30,
            "n_in": 3,
            "n_out": 1,
            "n_para": 2,
            "n_conn": 2
        },
        "functions": [
            "max",
            "min",
            "mean",
            "add",
            "subtract",
            "bitwise_not",
            "bitwise_or",
            "bitwise_and",
            "bitwise_and_mask",
            "bitwise_xor",
            "sqrt",
            "pow2",
            "exp",
            "log",
            "median_blur",
            "gaussian_blur",
            "laplacian",
            "sobel",
            "robert_cross",
            "canny",
            "sharpen",
            "gabor",
            "abs_diff",
            "abs_diff2",
            "fluo_tophat",
            "rel_diff",
            "erode",
            "dilate",
            "open",
            "close",
            "morph_gradient",
            "morph_tophat",
            "morph_blackhat",
            "fill_holes",
            "remove_small_objects",
            "remove_small_holes",
            "threshold",
            "threshold_at_1",
            "distance_transform",
            "distance_transform_and_thresh",
            "inrange_bin",
            "inrange"
        ],
        "endpoint": {
            "name": "Threshold (t=4)",
            "abbv": "TRSH",
            "arity": 1,
            "p": 0,
            "kwargs": {
                "threshold": 4
            }
        },
        "mode": "default"
    }
}