{
    "dataset": {
        "name": "Tumor",
        "label_name": "tumor",
        "indices": null
    },
    "individual": {
        "sequence": "[[0, 0, 0, 0, 0], [0, 0, 0, 0, 0], [0, 0, 0, 0, 0], [36, 1, 1, 84, 15], [32, 2, 0, 44, 73], [12, 0, 0, 245, 192], [18, 1, 5, 148, 180], [1, 0, 1, 186, 172], [21, 4, 6, 12, 191], [35, 8, 7, 236, 194], [4, 3, 5, 31, 216], [40, 1, 2, 172, 156], [36, 10, 6, 92, 205], [25, 8, 7, 44, 208], [38, 7, 3, 250, 84], [25, 9, 12, 73, 241], [30, 3, 9, 16, 173], [6, 2, 2, 49, 223], [29, 12, 11, 184, 31], [5, 10, 17, 55, 229], [2, 17, 3, 48, 124], [25, 6, 11, 120, 35], [24, 17, 8, 189, 67], [8, 11, 5, 225, 119], [7, 20, 20, 9, 100], [19, 19, 24, 47, 243], [16, 13, 2, 134, 59], [7, 6, 18, 165, 206], [33, 27, 13, 122, 74], [35, 22, 26, 27, 129], [13, 11, 27, 174, 33], [28, 28, 12, 201, 49], [0, 18, 0, 71, 162], [0, 31, 0, 0, 0]]",
        "fitness": {
            "fitness": 0.12448045836380635,
            "time": 0.047443270683288574
        }
    },
    "decoding": {
        "metadata": {
            "rows": 1,
            "columns": 30,
            "n_in": 3,
            "n_out": 1,
            "n_para": 2,
            "n_conn": 2
        },
        "functions": [
            "max",
            "min",
            "mean",
            "add",
            "subtract",
            "bitwise_not",
            "bitwise_or",
            "bitwise_and",
            "bitwise_and_mask",
            "bitwise_xor",
            "sqrt",
            "pow2",
            "exp",
            "log",
            "median_blur",
            "gaussian_blur",
            "laplacian",
            "sobel",
            "robert_cross",
            "canny",
            "sharpen",
            "gabor",
            "abs_diff",
            "abs_diff2",
            "fluo_tophat",
            "rel_diff",
            "erode",
            "dilate",
            "open",
            "close",
            "morph_gradient",
            "morph_tophat",
            "morph_blackhat",
            "fill_holes",
            "remove_small_objects",
            "remove_small_holes",
            "threshold",
            "threshold_at_1",
            "distance_transform",
            "distance_transform_and_thresh",
            "inrange_bin",
            "inrange"
        ],
        "endpoint": {
            "name": "Threshold (t=4)",
            "abbv": "TRSH",
            "arity": 1,
            "p": 0,
            "kwargs": {
                "threshold": 4
            }
        },
        "mode": "default"
    }
}