{
    "dataset": {
        "name": "Tumor",
        "label_name": "tumor",
        "indices": null
    },
    "individual": {
        "sequence": "[[0, 0, 0, 0, 0], [0, 0, 0, 0, 0], [0, 0, 0, 0, 0], [12, 0, 2, 21, 11], [12, 3, 0, 240, 209], [3, 1, 3, 187, 25], [35, 2, 4, 251, 137], [7, 0, 3, 155, 107], [4, 1, 4, 217, 74], [10, 2, 6, 203, 143], [39, 1, 1, 108, 240], [23, 9, 10, 163, 137], [29, 8, 5, 127, 209], [21, 1, 11, 8, 38], [23, 13, 12, 217, 46], [18, 0, 7, 242, 19], [34, 0, 5, 111, 173], [38, 5, 15, 89, 209], [33, 12, 13, 134, 18], [28, 18, 7, 94, 219], [13, 1, 10, 126, 143], [36, 2, 3, 54, 87], [26, 13, 7, 140, 236], [10, 7, 17, 205, 66], [16, 7, 15, 11, 92], [15, 16, 7, 180, 165], [7, 11, 19, 139, 152], [15, 15, 6, 94, 110], [3, 23, 11, 240, 35], [38, 3, 22, 142, 17], [8, 18, 15, 180, 49], [16, 20, 10, 157, 166], [37, 1, 1, 15, 153], [0, 26, 0, 0, 0]]",
        "fitness": {
            "fitness": 0.1110708647380733,
            "time": 0.015096048514048258
        }
    },
    "decoding": {
        "metadata": {
            "rows": 1,
            "columns": 30,
            "n_in": 3,
            "n_out": 1,
            "n_para": 2,
            "n_conn": 2
        },
        "functions": [
            "max",
            "min",
            "mean",
            "add",
            "subtract",
            "bitwise_not",
            "bitwise_or",
            "bitwise_and",
            "bitwise_and_mask",
            "bitwise_xor",
            "sqrt",
            "pow2",
            "exp",
            "log",
            "median_blur",
            "gaussian_blur",
            "laplacian",
            "sobel",
            "robert_cross",
            "canny",
            "sharpen",
            "gabor",
            "abs_diff",
            "abs_diff2",
            "fluo_tophat",
            "rel_diff",
            "erode",
            "dilate",
            "open",
            "close",
            "morph_gradient",
            "morph_tophat",
            "morph_blackhat",
            "fill_holes",
            "remove_small_objects",
            "remove_small_holes",
            "threshold",
            "threshold_at_1",
            "distance_transform",
            "distance_transform_and_thresh",
            "inrange_bin",
            "inrange"
        ],
        "endpoint": {
            "name": "Threshold (t=4)",
            "abbv": "TRSH",
            "arity": 1,
            "p": 0,
            "kwargs": {
                "threshold": 4
            }
        },
        "mode": "default"
    }
}