{
    "dataset": {
        "name": "Tumor",
        "label_name": "tumor",
        "indices": null
    },
    "individual": {
        "sequence": "[[0, 0, 0, 0, 0], [0, 0, 0, 0, 0], [0, 0, 0, 0, 0], [40, 0, 1, 162, 52], [20, 2, 0, 235, 53], [37, 1, 3, 166, 61], [15, 3, 5, 86, 244], [9, 6, 0, 200, 51], [0, 6, 4, 252, 65], [14, 8, 8, 44, 226], [35, 3, 6, 144, 250], [0, 0, 7, 196, 164], [32, 8, 2, 87, 5], [5, 11, 10, 240, 141], [24, 6, 11, 121, 235], [24, 0, 12, 73, 50], [8, 4, 14, 93, 229], [36, 12, 5, 168, 125], [12, 12, 4, 72, 107], [31, 3, 0, 155, 243], [28, 3, 10, 182, 235], [14, 3, 18, 93, 78], [14, 14, 14, 188, 9], [14, 1, 7, 51, 37], [33, 15, 6, 210, 22], [30, 11, 15, 207, 214], [26, 1, 25, 229, 252], [40, 9, 24, 4, 223], [26, 25, 8, 20, 89], [7, 27, 23, 124, 248], [13, 27, 28, 238, 191], [11, 14, 22, 186, 49], [30, 22, 19, 216, 140], [0, 29, 0, 0, 0]]",
        "fitness": {
            "fitness": 0.14780272809315678,
            "time": 0.05177563428878784
        }
    },
    "decoding": {
        "metadata": {
            "rows": 1,
            "columns": 30,
            "n_in": 3,
            "n_out": 1,
            "n_para": 2,
            "n_conn": 2
        },
        "functions": [
            "max",
            "min",
            "mean",
            "add",
            "subtract",
            "bitwise_not",
            "bitwise_or",
            "bitwise_and",
            "bitwise_and_mask",
            "bitwise_xor",
            "sqrt",
            "pow2",
            "exp",
            "log",
            "median_blur",
            "gaussian_blur",
            "laplacian",
            "sobel",
            "robert_cross",
            "canny",
            "sharpen",
            "gabor",
            "abs_diff",
            "abs_diff2",
            "fluo_tophat",
            "rel_diff",
            "erode",
            "dilate",
            "open",
            "close",
            "morph_gradient",
            "morph_tophat",
            "morph_blackhat",
            "fill_holes",
            "remove_small_objects",
            "remove_small_holes",
            "threshold",
            "threshold_at_1",
            "distance_transform",
            "distance_transform_and_thresh",
            "inrange_bin",
            "inrange"
        ],
        "endpoint": {
            "name": "Threshold (t=4)",
            "abbv": "TRSH",
            "arity": 1,
            "p": 0,
            "kwargs": {
                "threshold": 4
            }
        },
        "mode": "default"
    }
}