{
    "dataset": {
        "name": "CIL",
        "label_name": "neuron",
        "indices": [
            41,
            59,
            20,
            5,
            11,
            26,
            8,
            47,
            77,
            32,
            44,
            58,
            18
        ]
    },
    "individual": {
        "sequence": "[[0, 0, 0, 0, 0], [0, 0, 0, 0, 0], [32, 1, 0, 148, 27], [4, 0, 2, 58, 87], [36, 1, 3, 172, 46], [24, 3, 1, 39, 155], [16, 4, 2, 43, 171], [36, 0, 6, 138, 66], [11, 5, 6, 236, 106], [1, 6, 3, 35, 67], [6, 8, 6, 177, 15], [26, 2, 5, 185, 193], [34, 9, 10, 17, 26], [18, 6, 8, 47, 216], [4, 12, 4, 82, 15], [38, 1, 3, 104, 178], [12, 14, 6, 227, 254], [15, 9, 8, 133, 76], [31, 12, 5, 140, 251], [18, 17, 16, 126, 149], [1, 8, 0, 204, 38], [17, 16, 7, 151, 31], [32, 8, 10, 79, 87], [20, 3, 0, 244, 155], [20, 9, 23, 248, 145], [30, 13, 15, 206, 45], [35, 16, 5, 234, 74], [15, 6, 23, 172, 172], [18, 6, 19, 23, 103], [7, 15, 22, 138, 177], [0, 25, 3, 250, 234], [7, 4, 1, 56, 101], [0, 10, 0, 0, 0], [0, 12, 0, 0, 0]]",
        "fitness": {
            "fitness": 0.12583877031619733,
            "time": 0.056975749822763294
        }
    },
    "decoding": {
        "metadata": {
            "rows": 1,
            "columns": 30,
            "n_in": 2,
            "n_out": 2,
            "n_para": 2,
            "n_conn": 2
        },
        "functions": [
            "max",
            "min",
            "mean",
            "add",
            "subtract",
            "bitwise_not",
            "bitwise_or",
            "bitwise_and",
            "bitwise_and_mask",
            "bitwise_xor",
            "sqrt",
            "pow2",
            "exp",
            "log",
            "median_blur",
            "gaussian_blur",
            "laplacian",
            "sobel",
            "robert_cross",
            "canny",
            "sharpen",
            "gabor",
            "abs_diff",
            "abs_diff2",
            "fluo_tophat",
            "rel_diff",
            "erode",
            "dilate",
            "open",
            "close",
            "morph_gradient",
            "morph_tophat",
            "morph_blackhat",
            "fill_holes",
            "remove_small_objects",
            "remove_small_holes",
            "threshold",
            "threshold_at_1",
            "distance_transform",
            "distance_transform_and_thresh",
            "inrange_bin",
            "inrange"
        ],
        "endpoint": {
            "name": "Marker-Based Watershed",
            "abbv": "WSHD",
            "arity": 2,
            "p": 0,
            "kwargs": {
                "use_dt": false,
                "markers_distance": 21,
                "markers_area": null
            }
        },
        "mode": "default"
    }
}