{
    "dataset": {
        "name": "CIL",
        "label_name": "neuron",
        "indices": [
            42,
            86,
            38,
            21,
            15
        ]
    },
    "individual": {
        "sequence": "[[0, 0, 0, 0, 0], [0, 0, 0, 0, 0], [15, 0, 1, 8, 192], [10, 1, 0, 16, 209], [12, 1, 1, 248, 166], [2, 4, 2, 86, 91], [36, 3, 3, 37, 98], [20, 5, 6, 88, 162], [28, 6, 2, 12, 141], [41, 5, 6, 11, 240], [14, 1, 9, 140, 115], [5, 1, 4, 235, 52], [3, 4, 5, 12, 44], [40, 3, 4, 92, 42], [30, 6, 13, 62, 60], [15, 12, 5, 107, 157], [34, 9, 13, 93, 163], [17, 0, 8, 77, 30], [4, 14, 1, 209, 190], [3, 8, 2, 228, 120], [36, 17, 15, 82, 0], [21, 17, 0, 180, 32], [35, 9, 5, 234, 80], [39, 8, 5, 87, 171], [25, 6, 4, 242, 159], [7, 8, 24, 50, 28], [12, 14, 21, 49, 190], [4, 9, 22, 46, 220], [15, 9, 13, 186, 221], [37, 23, 17, 4, 205], [3, 20, 14, 193, 86], [8, 3, 23, 241, 242], [0, 9, 0, 0, 0], [0, 23, 0, 0, 0]]",
        "fitness": {
            "fitness": 0.10293008089065551,
            "time": 0.08281936645507812
        }
    },
    "decoding": {
        "metadata": {
            "rows": 1,
            "columns": 30,
            "n_in": 2,
            "n_out": 2,
            "n_para": 2,
            "n_conn": 2
        },
        "functions": [
            "max",
            "min",
            "mean",
            "add",
            "subtract",
            "bitwise_not",
            "bitwise_or",
            "bitwise_and",
            "bitwise_and_mask",
            "bitwise_xor",
            "sqrt",
            "pow2",
            "exp",
            "log",
            "median_blur",
            "gaussian_blur",
            "laplacian",
            "sobel",
            "robert_cross",
            "canny",
            "sharpen",
            "gabor",
            "abs_diff",
            "abs_diff2",
            "fluo_tophat",
            "rel_diff",
            "erode",
            "dilate",
            "open",
            "close",
            "morph_gradient",
            "morph_tophat",
            "morph_blackhat",
            "fill_holes",
            "remove_small_objects",
            "remove_small_holes",
            "threshold",
            "threshold_at_1",
            "distance_transform",
            "distance_transform_and_thresh",
            "inrange_bin",
            "inrange"
        ],
        "endpoint": {
            "name": "W",
            "abbv": "WSHD",
            "arity": 2,
            "p": 0,
            "kwargs": {
                "use_dt": false,
                "markers_distance": 21,
                "markers_area": null
            }
        },
        "mode": "default"
    }
}