{
    "dataset": {
        "name": "CIL",
        "label_name": "neuron",
        "indices": [
            27,
            0,
            32,
            17,
            51,
            69,
            42,
            59,
            50,
            3,
            63,
            47,
            37,
            26,
            29,
            48,
            71,
            83,
            80,
            75,
            34,
            36,
            11,
            55,
            62,
            58,
            70,
            18,
            39,
            33,
            30,
            41,
            5,
            68,
            13,
            53,
            31,
            52,
            38,
            7
        ]
    },
    "individual": {
        "sequence": "[[0, 0, 0, 0, 0], [0, 0, 0, 0, 0], [28, 1, 0, 18, 145], [20, 0, 2, 9, 144], [21, 3, 0, 216, 142], [24, 3, 3, 147, 217], [41, 2, 0, 243, 45], [34, 3, 4, 27, 138], [21, 3, 5, 10, 160], [20, 6, 5, 134, 113], [6, 5, 9, 51, 251], [29, 6, 10, 216, 145], [1, 3, 11, 185, 126], [38, 6, 2, 180, 135], [14, 2, 2, 121, 119], [15, 10, 2, 38, 116], [29, 6, 9, 80, 43], [16, 0, 5, 187, 189], [41, 7, 1, 244, 141], [11, 15, 8, 128, 61], [13, 12, 2, 45, 94], [28, 2, 19, 245, 200], [32, 1, 10, 162, 132], [34, 2, 2, 99, 52], [20, 22, 6, 184, 155], [12, 7, 8, 226, 3], [33, 11, 20, 27, 221], [15, 7, 9, 180, 109], [2, 2, 9, 46, 88], [17, 27, 5, 66, 146], [18, 6, 7, 113, 81], [36, 18, 3, 123, 132], [0, 19, 0, 0, 0], [0, 6, 0, 0, 0]]",
        "fitness": {
            "fitness": 0.12331771701574326,
            "time": 0.041477859020233154
        }
    },
    "decoding": {
        "metadata": {
            "rows": 1,
            "columns": 30,
            "n_in": 2,
            "n_out": 2,
            "n_para": 2,
            "n_conn": 2
        },
        "functions": [
            "max",
            "min",
            "mean",
            "add",
            "subtract",
            "bitwise_not",
            "bitwise_or",
            "bitwise_and",
            "bitwise_and_mask",
            "bitwise_xor",
            "sqrt",
            "pow2",
            "exp",
            "log",
            "median_blur",
            "gaussian_blur",
            "laplacian",
            "sobel",
            "robert_cross",
            "canny",
            "sharpen",
            "gabor",
            "abs_diff",
            "abs_diff2",
            "fluo_tophat",
            "rel_diff",
            "erode",
            "dilate",
            "open",
            "close",
            "morph_gradient",
            "morph_tophat",
            "morph_blackhat",
            "fill_holes",
            "remove_small_objects",
            "remove_small_holes",
            "threshold",
            "threshold_at_1",
            "distance_transform",
            "distance_transform_and_thresh",
            "inrange_bin",
            "inrange"
        ],
        "endpoint": {
            "name": "Marker-Based Watershed",
            "abbv": "WSHD",
            "arity": 2,
            "args": 0,
            "kwargs": {
                "use_dt": false,
                "markers_distance": 21,
                "markers_area": null
            }
        },
        "mode": "default"
    }
}