{
    "dataset": {
        "name": "CIL",
        "label_name": "neuron",
        "indices": [
            70,
            33,
            83,
            12,
            9,
            43,
            13,
            17,
            3,
            87,
            29,
            34,
            59
        ]
    },
    "individual": {
        "sequence": "[[0, 0, 0, 0, 0], [0, 0, 0, 0, 0], [1, 0, 1, 103, 175], [28, 1, 2, 9, 164], [3, 1, 1, 91, 45], [3, 2, 0, 161, 60], [40, 3, 4, 165, 33], [41, 2, 2, 21, 53], [17, 5, 1, 253, 105], [22, 6, 8, 53, 153], [11, 5, 4, 245, 70], [41, 3, 9, 113, 157], [22, 1, 4, 177, 104], [19, 2, 10, 123, 252], [2, 8, 6, 149, 16], [33, 6, 10, 29, 106], [20, 6, 15, 250, 205], [33, 2, 12, 143, 66], [15, 4, 2, 127, 88], [7, 6, 10, 72, 232], [34, 0, 4, 142, 46], [5, 1, 1, 224, 187], [28, 21, 17, 169, 121], [3, 13, 5, 150, 105], [2, 18, 16, 75, 177], [17, 20, 7, 211, 93], [14, 10, 14, 75, 33], [18, 23, 10, 174, 161], [39, 18, 1, 229, 52], [30, 25, 25, 164, 190], [33, 1, 15, 128, 166], [9, 18, 2, 222, 135], [0, 10, 0, 0, 0], [0, 19, 0, 0, 0]]",
        "fitness": {
            "fitness": 0.1294049070431636,
            "time": 0.03636939709003155
        }
    },
    "decoding": {
        "metadata": {
            "rows": 1,
            "columns": 30,
            "n_in": 2,
            "n_out": 2,
            "n_para": 2,
            "n_conn": 2
        },
        "functions": [
            "max",
            "min",
            "mean",
            "add",
            "subtract",
            "bitwise_not",
            "bitwise_or",
            "bitwise_and",
            "bitwise_and_mask",
            "bitwise_xor",
            "sqrt",
            "pow2",
            "exp",
            "log",
            "median_blur",
            "gaussian_blur",
            "laplacian",
            "sobel",
            "robert_cross",
            "canny",
            "sharpen",
            "gabor",
            "abs_diff",
            "abs_diff2",
            "fluo_tophat",
            "rel_diff",
            "erode",
            "dilate",
            "open",
            "close",
            "morph_gradient",
            "morph_tophat",
            "morph_blackhat",
            "fill_holes",
            "remove_small_objects",
            "remove_small_holes",
            "threshold",
            "threshold_at_1",
            "distance_transform",
            "distance_transform_and_thresh",
            "inrange_bin",
            "inrange"
        ],
        "endpoint": {
            "name": "Marker-Based Watershed",
            "abbv": "WSHD",
            "arity": 2,
            "p": 0,
            "kwargs": {
                "use_dt": false,
                "markers_distance": 21,
                "markers_area": null
            }
        },
        "mode": "default"
    }
}