{
    "dataset": {
        "name": "CIL",
        "label_name": "neuron",
        "indices": [
            83,
            4,
            25,
            65,
            72,
            15,
            35,
            6,
            37,
            36,
            63,
            8,
            86,
            32,
            67,
            14,
            64,
            3,
            82,
            87,
            16,
            47,
            59,
            31,
            45,
            69,
            84,
            58,
            26,
            66,
            23,
            18,
            49,
            10,
            44,
            9,
            20,
            41,
            0,
            33,
            13,
            78,
            61,
            88,
            39,
            51,
            73,
            80,
            75,
            55,
            81,
            2,
            12,
            77,
            21,
            76,
            17,
            38,
            24,
            22
        ]
    },
    "individual": {
        "sequence": "[[0, 0, 0, 0, 0], [0, 0, 0, 0, 0], [36, 0, 0, 252, 8], [19, 1, 2, 133, 20], [28, 1, 3, 14, 197], [23, 3, 2, 8, 145], [18, 3, 1, 230, 91], [28, 1, 4, 35, 182], [14, 6, 5, 179, 93], [0, 6, 2, 21, 150], [36, 6, 4, 169, 175], [31, 9, 6, 228, 144], [1, 3, 6, 204, 23], [36, 4, 3, 162, 36], [8, 1, 0, 47, 116], [37, 7, 0, 36, 253], [3, 3, 6, 47, 147], [11, 16, 3, 92, 150], [8, 7, 13, 61, 254], [3, 18, 11, 27, 159], [10, 0, 0, 239, 19], [41, 4, 6, 89, 223], [6, 6, 0, 32, 50], [41, 9, 2, 255, 215], [1, 4, 2, 43, 145], [8, 7, 9, 252, 54], [17, 22, 20, 133, 57], [30, 15, 8, 73, 39], [6, 12, 8, 73, 242], [8, 14, 17, 254, 208], [13, 11, 9, 190, 39], [20, 19, 12, 175, 202], [0, 11, 0, 0, 0], [0, 13, 0, 0, 0]]",
        "fitness": {
            "fitness": 0.1276505728562673,
            "time": 0.03212264776229858
        }
    },
    "decoding": {
        "metadata": {
            "rows": 1,
            "columns": 30,
            "n_in": 2,
            "n_out": 2,
            "n_para": 2,
            "n_conn": 2
        },
        "functions": [
            "max",
            "min",
            "mean",
            "add",
            "subtract",
            "bitwise_not",
            "bitwise_or",
            "bitwise_and",
            "bitwise_and_mask",
            "bitwise_xor",
            "sqrt",
            "pow2",
            "exp",
            "log",
            "median_blur",
            "gaussian_blur",
            "laplacian",
            "sobel",
            "robert_cross",
            "canny",
            "sharpen",
            "gabor",
            "abs_diff",
            "abs_diff2",
            "fluo_tophat",
            "rel_diff",
            "erode",
            "dilate",
            "open",
            "close",
            "morph_gradient",
            "morph_tophat",
            "morph_blackhat",
            "fill_holes",
            "remove_small_objects",
            "remove_small_holes",
            "threshold",
            "threshold_at_1",
            "distance_transform",
            "distance_transform_and_thresh",
            "inrange_bin",
            "inrange"
        ],
        "endpoint": {
            "name": "Marker-Based Watershed",
            "abbv": "WSHD",
            "arity": 2,
            "args": 0,
            "kwargs": {
                "use_dt": false,
                "markers_distance": 21,
                "markers_area": null
            }
        },
        "mode": "default"
    }
}