{
    "dataset": {
        "name": "CIL",
        "label_name": "neuron",
        "indices": [
            57,
            31,
            85,
            2,
            39,
            58,
            69,
            50,
            54,
            23
        ]
    },
    "individual": {
        "sequence": "[[0, 0, 0, 0, 0], [0, 0, 0, 0, 0], [23, 1, 1, 84, 26], [41, 0, 0, 174, 11], [12, 3, 0, 152, 179], [7, 3, 4, 128, 65], [33, 0, 0, 68, 33], [19, 1, 6, 150, 4], [18, 7, 7, 127, 85], [29, 3, 6, 15, 205], [3, 5, 9, 45, 216], [29, 2, 1, 33, 8], [28, 8, 8, 118, 225], [0, 7, 4, 24, 81], [4, 13, 8, 83, 142], [1, 0, 0, 112, 27], [30, 0, 8, 47, 202], [22, 3, 15, 143, 205], [0, 15, 7, 202, 132], [33, 8, 16, 204, 70], [39, 0, 16, 194, 60], [4, 9, 14, 72, 103], [4, 18, 10, 153, 82], [28, 4, 5, 242, 50], [10, 15, 12, 116, 132], [15, 16, 9, 232, 26], [37, 0, 14, 136, 80], [4, 1, 19, 189, 91], [34, 16, 4, 212, 162], [3, 19, 10, 250, 213], [24, 4, 0, 243, 155], [6, 21, 5, 112, 140], [0, 29, 0, 0, 0], [0, 19, 0, 0, 0]]",
        "fitness": {
            "fitness": 0.11754040122032165,
            "time": 0.028653669357299804
        }
    },
    "decoding": {
        "metadata": {
            "rows": 1,
            "columns": 30,
            "n_in": 2,
            "n_out": 2,
            "n_para": 2,
            "n_conn": 2
        },
        "functions": [
            "max",
            "min",
            "mean",
            "add",
            "subtract",
            "bitwise_not",
            "bitwise_or",
            "bitwise_and",
            "bitwise_and_mask",
            "bitwise_xor",
            "sqrt",
            "pow2",
            "exp",
            "log",
            "median_blur",
            "gaussian_blur",
            "laplacian",
            "sobel",
            "robert_cross",
            "canny",
            "sharpen",
            "gabor",
            "abs_diff",
            "abs_diff2",
            "fluo_tophat",
            "rel_diff",
            "erode",
            "dilate",
            "open",
            "close",
            "morph_gradient",
            "morph_tophat",
            "morph_blackhat",
            "fill_holes",
            "remove_small_objects",
            "remove_small_holes",
            "threshold",
            "threshold_at_1",
            "distance_transform",
            "distance_transform_and_thresh",
            "inrange_bin",
            "inrange"
        ],
        "endpoint": {
            "name": "W",
            "abbv": "WSHD",
            "arity": 2,
            "p": 0,
            "kwargs": {
                "use_dt": false,
                "markers_distance": 21,
                "markers_area": null
            }
        },
        "mode": "default"
    }
}