{
    "dataset": {
        "name": "CIL",
        "label_name": "neuron",
        "indices": [
            30,
            71,
            21
        ]
    },
    "individual": {
        "sequence": "[[0, 0, 0, 0, 0], [0, 0, 0, 0, 0], [3, 0, 1, 191, 92], [0, 2, 1, 74, 187], [14, 1, 0, 28, 31], [10, 4, 2, 117, 78], [1, 1, 3, 127, 138], [31, 0, 4, 134, 186], [12, 6, 0, 160, 18], [3, 3, 7, 253, 42], [2, 6, 0, 241, 94], [7, 2, 3, 106, 152], [23, 6, 6, 2, 23], [13, 6, 10, 67, 177], [27, 6, 1, 239, 23], [24, 9, 8, 94, 167], [32, 6, 15, 178, 76], [17, 9, 12, 186, 211], [10, 17, 13, 82, 230], [35, 15, 0, 96, 240], [11, 3, 11, 117, 143], [17, 0, 15, 131, 156], [39, 15, 17, 139, 149], [38, 6, 6, 46, 87], [9, 14, 7, 217, 135], [41, 5, 16, 194, 77], [39, 0, 0, 165, 252], [33, 1, 25, 99, 206], [11, 15, 20, 250, 244], [25, 5, 8, 150, 31], [6, 14, 26, 231, 135], [41, 5, 2, 105, 235], [0, 28, 0, 0, 0], [0, 31, 0, 0, 0]]",
        "fitness": {
            "fitness": 0.11392577489217122,
            "time": 0.050595601399739586
        }
    },
    "decoding": {
        "metadata": {
            "rows": 1,
            "columns": 30,
            "n_in": 2,
            "n_out": 2,
            "n_para": 2,
            "n_conn": 2
        },
        "functions": [
            "max",
            "min",
            "mean",
            "add",
            "subtract",
            "bitwise_not",
            "bitwise_or",
            "bitwise_and",
            "bitwise_and_mask",
            "bitwise_xor",
            "sqrt",
            "pow2",
            "exp",
            "log",
            "median_blur",
            "gaussian_blur",
            "laplacian",
            "sobel",
            "robert_cross",
            "canny",
            "sharpen",
            "gabor",
            "abs_diff",
            "abs_diff2",
            "fluo_tophat",
            "rel_diff",
            "erode",
            "dilate",
            "open",
            "close",
            "morph_gradient",
            "morph_tophat",
            "morph_blackhat",
            "fill_holes",
            "remove_small_objects",
            "remove_small_holes",
            "threshold",
            "threshold_at_1",
            "distance_transform",
            "distance_transform_and_thresh",
            "inrange_bin",
            "inrange"
        ],
        "endpoint": {
            "name": "W",
            "abbv": "WSHD",
            "arity": 2,
            "p": 0,
            "kwargs": {
                "use_dt": false,
                "markers_distance": 21,
                "markers_area": null
            }
        },
        "mode": "default"
    }
}