{
    "dataset": {
        "name": "4-Synapses",
        "label_name": "cell",
        "indices": null
    },
    "individual": {
        "sequence": "[[0, 0, 0, 0, 0], [0, 0, 0, 0, 0], [26, 1, 0, 69, 24], [11, 0, 0, 153, 144], [19, 0, 0, 116, 223], [21, 4, 0, 172, 112], [7, 1, 3, 79, 11], [15, 2, 6, 70, 202], [41, 1, 4, 253, 27], [30, 5, 3, 138, 187], [19, 1, 8, 99, 3], [22, 0, 1, 90, 236], [8, 10, 11, 229, 142], [12, 8, 5, 144, 118], [41, 5, 10, 178, 117], [32, 0, 6, 165, 79], [5, 13, 12, 238, 21], [3, 8, 3, 145, 130], [14, 1, 0, 180, 19], [41, 15, 10, 213, 109], [4, 15, 10, 128, 243], [34, 17, 4, 70, 247], [8, 4, 4, 19, 226], [41, 1, 7, 211, 250], [17, 17, 4, 244, 152], [11, 16, 19, 0, 232], [8, 20, 24, 141, 132], [28, 3, 1, 188, 76], [38, 6, 14, 223, 145], [0, 20, 1, 208, 214], [25, 0, 7, 125, 188], [33, 25, 21, 117, 142], [0, 17, 0, 0, 0], [0, 7, 0, 0, 0]]",
        "fitness": {
            "fitness": 0.2548243999481201,
            "time": 0.0615517795085907
        }
    },
    "decoding": {
        "metadata": {
            "rows": 1,
            "columns": 30,
            "n_in": 2,
            "n_out": 2,
            "n_para": 2,
            "n_conn": 2
        },
        "functions": [
            "max",
            "min",
            "mean",
            "add",
            "subtract",
            "bitwise_not",
            "bitwise_or",
            "bitwise_and",
            "bitwise_and_mask",
            "bitwise_xor",
            "sqrt",
            "pow2",
            "exp",
            "log",
            "median_blur",
            "gaussian_blur",
            "laplacian",
            "sobel",
            "robert_cross",
            "canny",
            "sharpen",
            "gabor",
            "abs_diff",
            "abs_diff2",
            "fluo_tophat",
            "rel_diff",
            "erode",
            "dilate",
            "open",
            "close",
            "morph_gradient",
            "morph_tophat",
            "morph_blackhat",
            "fill_holes",
            "remove_small_objects",
            "remove_small_holes",
            "threshold",
            "threshold_at_1",
            "distance_transform",
            "distance_transform_and_thresh",
            "inrange_bin",
            "inrange"
        ],
        "endpoint": {
            "name": "Marker-Based Watershed",
            "abbv": "WSHD",
            "arity": 2,
            "p": 0,
            "kwargs": {
                "use_dt": false,
                "markers_distance": 21,
                "markers_area": null
            }
        },
        "mode": "series",
        "stacker": {
            "name": "mean_stacker",
            "abbv": "MEAN",
            "arity": 2,
            "p": 0,
            "kwargs": {}
        }
    }
}