{
    "dataset": {
        "name": "CIL",
        "label_name": "neuron",
        "indices": [
            72,
            84,
            3,
            55,
            82,
            88,
            74,
            65,
            35,
            19,
            20,
            58,
            81,
            51,
            83,
            56,
            26,
            52,
            12,
            79,
            7,
            44,
            68,
            14,
            71
        ]
    },
    "individual": {
        "sequence": "[[0, 0, 0, 0, 0], [0, 0, 0, 0, 0], [24, 0, 0, 9, 178], [3, 2, 0, 197, 71], [31, 1, 2, 225, 60], [9, 0, 4, 206, 207], [7, 2, 3, 160, 122], [6, 6, 1, 122, 82], [6, 5, 3, 206, 58], [28, 0, 4, 95, 95], [4, 7, 4, 191, 186], [40, 10, 8, 245, 187], [21, 0, 4, 63, 99], [11, 8, 8, 57, 25], [38, 7, 2, 76, 33], [34, 11, 10, 42, 162], [39, 4, 0, 212, 11], [40, 0, 7, 121, 58], [0, 6, 17, 181, 190], [11, 4, 9, 105, 83], [20, 19, 7, 30, 120], [33, 15, 15, 129, 145], [2, 16, 1, 119, 147], [0, 16, 8, 213, 228], [14, 20, 22, 18, 95], [15, 10, 5, 25, 23], [2, 15, 22, 71, 2], [41, 8, 8, 254, 45], [29, 7, 24, 54, 183], [33, 16, 19, 218, 139], [1, 15, 29, 233, 102], [40, 0, 29, 94, 0], [0, 13, 0, 0, 0], [0, 24, 0, 0, 0]]",
        "fitness": {
            "fitness": 0.11935598373413087,
            "time": 0.05424103736877441
        }
    },
    "decoding": {
        "metadata": {
            "rows": 1,
            "columns": 30,
            "n_in": 2,
            "n_out": 2,
            "n_para": 2,
            "n_conn": 2
        },
        "functions": [
            "max",
            "min",
            "mean",
            "add",
            "subtract",
            "bitwise_not",
            "bitwise_or",
            "bitwise_and",
            "bitwise_and_mask",
            "bitwise_xor",
            "sqrt",
            "pow2",
            "exp",
            "log",
            "median_blur",
            "gaussian_blur",
            "laplacian",
            "sobel",
            "robert_cross",
            "canny",
            "sharpen",
            "gabor",
            "abs_diff",
            "abs_diff2",
            "fluo_tophat",
            "rel_diff",
            "erode",
            "dilate",
            "open",
            "close",
            "morph_gradient",
            "morph_tophat",
            "morph_blackhat",
            "fill_holes",
            "remove_small_objects",
            "remove_small_holes",
            "threshold",
            "threshold_at_1",
            "distance_transform",
            "distance_transform_and_thresh",
            "inrange_bin",
            "inrange"
        ],
        "endpoint": {
            "name": "W",
            "abbv": "WSHD",
            "arity": 2,
            "p": 0,
            "kwargs": {
                "use_dt": false,
                "markers_distance": 21,
                "markers_area": null
            }
        },
        "mode": "default"
    }
}