{
    "dataset": {
        "name": "CIL",
        "label_name": "neuron",
        "indices": [
            37,
            39,
            70,
            2,
            68,
            0,
            46,
            77,
            82,
            10,
            75,
            22,
            12,
            48,
            60,
            32,
            30,
            19,
            78,
            15,
            8,
            29,
            20,
            71,
            57,
            5,
            63,
            61,
            52,
            87,
            7,
            18,
            25,
            45,
            54,
            51,
            50,
            6,
            58,
            9,
            4,
            72,
            55,
            56,
            38,
            80,
            76,
            73,
            85,
            65
        ]
    },
    "individual": {
        "sequence": "[[0, 0, 0, 0, 0], [0, 0, 0, 0, 0], [36, 1, 1, 138, 34], [11, 0, 2, 227, 165], [31, 0, 2, 248, 247], [14, 4, 4, 176, 246], [21, 4, 1, 215, 109], [13, 4, 5, 80, 87], [0, 2, 7, 225, 136], [7, 7, 1, 136, 227], [35, 9, 9, 236, 79], [21, 10, 8, 251, 85], [21, 0, 4, 202, 4], [20, 10, 11, 40, 88], [2, 3, 8, 233, 106], [17, 9, 3, 244, 4], [4, 2, 5, 154, 214], [3, 3, 7, 44, 255], [8, 9, 8, 207, 97], [28, 5, 9, 163, 244], [37, 16, 19, 62, 255], [6, 20, 11, 10, 49], [21, 0, 16, 113, 144], [26, 21, 16, 27, 68], [4, 18, 5, 57, 246], [40, 8, 18, 131, 16], [41, 5, 25, 38, 45], [6, 19, 17, 22, 59], [22, 1, 14, 2, 194], [41, 5, 8, 222, 215], [13, 3, 19, 65, 140], [3, 4, 21, 121, 160], [0, 14, 0, 0, 0], [0, 23, 0, 0, 0]]",
        "fitness": {
            "fitness": 0.1491658079624176,
            "time": 0.05446442604064941
        }
    },
    "decoding": {
        "metadata": {
            "rows": 1,
            "columns": 30,
            "n_in": 2,
            "n_out": 2,
            "n_para": 2,
            "n_conn": 2
        },
        "functions": [
            "max",
            "min",
            "mean",
            "add",
            "subtract",
            "bitwise_not",
            "bitwise_or",
            "bitwise_and",
            "bitwise_and_mask",
            "bitwise_xor",
            "sqrt",
            "pow2",
            "exp",
            "log",
            "median_blur",
            "gaussian_blur",
            "laplacian",
            "sobel",
            "robert_cross",
            "canny",
            "sharpen",
            "gabor",
            "abs_diff",
            "abs_diff2",
            "fluo_tophat",
            "rel_diff",
            "erode",
            "dilate",
            "open",
            "close",
            "morph_gradient",
            "morph_tophat",
            "morph_blackhat",
            "fill_holes",
            "remove_small_objects",
            "remove_small_holes",
            "threshold",
            "threshold_at_1",
            "distance_transform",
            "distance_transform_and_thresh",
            "inrange_bin",
            "inrange"
        ],
        "endpoint": {
            "name": "W",
            "abbv": "WSHD",
            "arity": 2,
            "p": 0,
            "kwargs": {
                "use_dt": false,
                "markers_distance": 21,
                "markers_area": null
            }
        },
        "mode": "default"
    }
}