{
    "dataset": {
        "name": "CIL",
        "label_name": "neuron",
        "indices": [
            48,
            67,
            78,
            76
        ]
    },
    "individual": {
        "sequence": "[[0, 0, 0, 0, 0], [0, 0, 0, 0, 0], [41, 1, 0, 243, 42], [11, 1, 1, 89, 115], [23, 0, 3, 11, 174], [21, 1, 0, 2, 119], [2, 0, 1, 132, 14], [20, 2, 5, 32, 77], [16, 1, 5, 34, 110], [31, 8, 7, 172, 13], [29, 0, 9, 45, 200], [24, 0, 9, 16, 200], [34, 10, 11, 174, 76], [6, 10, 11, 88, 250], [28, 7, 3, 13, 177], [18, 12, 1, 11, 224], [37, 3, 3, 64, 175], [28, 12, 6, 178, 186], [28, 4, 5, 67, 161], [11, 4, 12, 251, 88], [37, 12, 6, 111, 188], [36, 1, 5, 194, 91], [4, 21, 2, 134, 248], [37, 10, 7, 93, 143], [23, 18, 14, 113, 237], [36, 11, 17, 79, 232], [0, 13, 14, 190, 80], [38, 8, 14, 181, 140], [33, 25, 19, 50, 41], [5, 15, 23, 21, 39], [8, 7, 7, 183, 156], [11, 26, 2, 228, 41], [0, 31, 0, 0, 0], [0, 14, 0, 0, 0]]",
        "fitness": {
            "fitness": 0.12640056014060974,
            "time": 0.028546154499053955
        }
    },
    "decoding": {
        "metadata": {
            "rows": 1,
            "columns": 30,
            "n_in": 2,
            "n_out": 2,
            "n_para": 2,
            "n_conn": 2
        },
        "functions": [
            "max",
            "min",
            "mean",
            "add",
            "subtract",
            "bitwise_not",
            "bitwise_or",
            "bitwise_and",
            "bitwise_and_mask",
            "bitwise_xor",
            "sqrt",
            "pow2",
            "exp",
            "log",
            "median_blur",
            "gaussian_blur",
            "laplacian",
            "sobel",
            "robert_cross",
            "canny",
            "sharpen",
            "gabor",
            "abs_diff",
            "abs_diff2",
            "fluo_tophat",
            "rel_diff",
            "erode",
            "dilate",
            "open",
            "close",
            "morph_gradient",
            "morph_tophat",
            "morph_blackhat",
            "fill_holes",
            "remove_small_objects",
            "remove_small_holes",
            "threshold",
            "threshold_at_1",
            "distance_transform",
            "distance_transform_and_thresh",
            "inrange_bin",
            "inrange"
        ],
        "endpoint": {
            "name": "W",
            "abbv": "WSHD",
            "arity": 2,
            "p": 0,
            "kwargs": {
                "use_dt": false,
                "markers_distance": 21,
                "markers_area": null
            }
        },
        "mode": "default"
    }
}