{
    "dataset": {
        "name": "CIL",
        "label_name": "neuron",
        "indices": [
            2,
            44,
            20,
            54,
            27,
            63,
            31,
            51,
            48,
            86,
            78,
            66,
            65,
            35,
            15,
            40,
            87,
            47,
            81,
            74,
            38,
            68,
            6,
            5,
            21,
            80,
            11,
            23,
            39,
            52,
            67,
            7,
            75,
            41,
            22,
            62,
            83,
            58,
            37,
            49,
            70,
            17,
            3,
            60,
            82,
            61,
            57,
            24,
            12,
            19
        ]
    },
    "individual": {
        "sequence": "[[0, 0, 0, 0, 0], [0, 0, 0, 0, 0], [8, 1, 1, 214, 137], [22, 1, 0, 222, 10], [31, 0, 2, 200, 9], [38, 3, 4, 198, 58], [7, 0, 2, 4, 49], [41, 1, 6, 43, 221], [9, 6, 2, 105, 250], [33, 7, 7, 118, 196], [1, 0, 1, 102, 17], [8, 9, 3, 20, 186], [14, 9, 4, 2, 55], [12, 5, 10, 253, 193], [8, 11, 13, 230, 181], [40, 1, 3, 147, 169], [35, 14, 15, 174, 124], [15, 15, 4, 201, 196], [2, 4, 7, 46, 158], [24, 3, 6, 27, 58], [37, 15, 16, 55, 124], [40, 7, 16, 103, 148], [28, 14, 10, 4, 201], [11, 15, 0, 30, 100], [4, 16, 20, 146, 229], [24, 20, 21, 24, 177], [32, 1, 21, 162, 109], [17, 26, 6, 133, 79], [10, 14, 13, 150, 28], [2, 18, 20, 227, 163], [23, 14, 9, 150, 108], [31, 22, 14, 81, 182], [0, 18, 0, 0, 0], [0, 22, 0, 0, 0]]",
        "fitness": {
            "fitness": 0.15145647764205933,
            "time": 0.04159761428833008
        }
    },
    "decoding": {
        "metadata": {
            "rows": 1,
            "columns": 30,
            "n_in": 2,
            "n_out": 2,
            "n_para": 2,
            "n_conn": 2
        },
        "functions": [
            "max",
            "min",
            "mean",
            "add",
            "subtract",
            "bitwise_not",
            "bitwise_or",
            "bitwise_and",
            "bitwise_and_mask",
            "bitwise_xor",
            "sqrt",
            "pow2",
            "exp",
            "log",
            "median_blur",
            "gaussian_blur",
            "laplacian",
            "sobel",
            "robert_cross",
            "canny",
            "sharpen",
            "gabor",
            "abs_diff",
            "abs_diff2",
            "fluo_tophat",
            "rel_diff",
            "erode",
            "dilate",
            "open",
            "close",
            "morph_gradient",
            "morph_tophat",
            "morph_blackhat",
            "fill_holes",
            "remove_small_objects",
            "remove_small_holes",
            "threshold",
            "threshold_at_1",
            "distance_transform",
            "distance_transform_and_thresh",
            "inrange_bin",
            "inrange"
        ],
        "endpoint": {
            "name": "W",
            "abbv": "WSHD",
            "arity": 2,
            "p": 0,
            "kwargs": {
                "use_dt": false,
                "markers_distance": 21,
                "markers_area": null
            }
        },
        "mode": "default"
    }
}