{
    "dataset": {
        "name": "CIL",
        "label_name": "neuron",
        "indices": [
            26,
            38,
            73,
            17,
            76,
            34
        ]
    },
    "individual": {
        "sequence": "[[0, 0, 0, 0, 0], [0, 0, 0, 0, 0], [34, 1, 1, 238, 132], [30, 1, 1, 186, 156], [4, 1, 2, 198, 165], [38, 4, 1, 53, 190], [24, 0, 3, 7, 245], [11, 6, 6, 53, 150], [25, 1, 0, 225, 206], [19, 0, 1, 223, 78], [1, 8, 3, 25, 0], [0, 5, 7, 7, 176], [3, 9, 1, 150, 235], [33, 2, 9, 142, 185], [36, 1, 1, 62, 38], [9, 11, 11, 174, 201], [39, 14, 5, 58, 179], [32, 6, 9, 212, 209], [22, 8, 10, 103, 45], [16, 18, 1, 86, 137], [6, 12, 6, 179, 202], [15, 0, 2, 17, 214], [1, 10, 5, 122, 228], [38, 12, 17, 143, 35], [25, 11, 17, 43, 0], [39, 2, 3, 9, 247], [9, 23, 18, 244, 71], [15, 4, 7, 102, 134], [26, 24, 19, 202, 112], [3, 4, 7, 61, 137], [5, 11, 27, 7, 98], [8, 12, 7, 203, 94], [0, 31, 0, 0, 0], [0, 16, 0, 0, 0]]",
        "fitness": {
            "fitness": 0.12296913067499797,
            "time": 0.039578795433044434
        }
    },
    "decoding": {
        "metadata": {
            "rows": 1,
            "columns": 30,
            "n_in": 2,
            "n_out": 2,
            "n_para": 2,
            "n_conn": 2
        },
        "functions": [
            "max",
            "min",
            "mean",
            "add",
            "subtract",
            "bitwise_not",
            "bitwise_or",
            "bitwise_and",
            "bitwise_and_mask",
            "bitwise_xor",
            "sqrt",
            "pow2",
            "exp",
            "log",
            "median_blur",
            "gaussian_blur",
            "laplacian",
            "sobel",
            "robert_cross",
            "canny",
            "sharpen",
            "gabor",
            "abs_diff",
            "abs_diff2",
            "fluo_tophat",
            "rel_diff",
            "erode",
            "dilate",
            "open",
            "close",
            "morph_gradient",
            "morph_tophat",
            "morph_blackhat",
            "fill_holes",
            "remove_small_objects",
            "remove_small_holes",
            "threshold",
            "threshold_at_1",
            "distance_transform",
            "distance_transform_and_thresh",
            "inrange_bin",
            "inrange"
        ],
        "endpoint": {
            "name": "W",
            "abbv": "WSHD",
            "arity": 2,
            "p": 0,
            "kwargs": {
                "use_dt": false,
                "markers_distance": 21,
                "markers_area": null
            }
        },
        "mode": "default"
    }
}