{
    "dataset": {
        "name": "CIL",
        "label_name": "neuron",
        "indices": [
            15,
            1,
            38,
            66,
            23,
            36,
            11,
            24,
            17,
            9,
            83,
            30,
            35,
            25,
            2,
            5,
            65,
            55,
            52,
            46,
            22,
            4,
            76,
            73,
            72,
            48,
            34,
            0,
            20,
            37
        ]
    },
    "individual": {
        "sequence": "[[0, 0, 0, 0, 0], [0, 0, 0, 0, 0], [24, 0, 1, 13, 185], [3, 0, 2, 177, 103], [40, 1, 0, 246, 42], [23, 1, 4, 239, 70], [11, 3, 4, 156, 205], [1, 3, 6, 107, 42], [41, 6, 3, 154, 191], [18, 5, 7, 168, 47], [14, 3, 7, 82, 32], [1, 4, 0, 129, 3], [40, 1, 4, 112, 148], [20, 5, 8, 210, 67], [39, 7, 0, 198, 149], [24, 12, 11, 218, 61], [8, 13, 4, 59, 21], [2, 1, 12, 250, 104], [39, 9, 17, 55, 127], [40, 10, 10, 248, 83], [28, 16, 16, 4, 234], [32, 14, 11, 4, 171], [16, 16, 11, 232, 52], [23, 10, 6, 79, 200], [2, 21, 5, 217, 128], [1, 21, 20, 22, 42], [1, 22, 22, 49, 225], [37, 2, 10, 158, 55], [31, 10, 25, 158, 36], [6, 23, 1, 48, 58], [1, 0, 6, 113, 242], [38, 0, 21, 84, 0], [0, 30, 0, 0, 0], [0, 22, 0, 0, 0]]",
        "fitness": {
            "fitness": 0.15166567166646322,
            "time": 0.04567418098449707
        }
    },
    "decoding": {
        "metadata": {
            "rows": 1,
            "columns": 30,
            "n_in": 2,
            "n_out": 2,
            "n_para": 2,
            "n_conn": 2
        },
        "functions": [
            "max",
            "min",
            "mean",
            "add",
            "subtract",
            "bitwise_not",
            "bitwise_or",
            "bitwise_and",
            "bitwise_and_mask",
            "bitwise_xor",
            "sqrt",
            "pow2",
            "exp",
            "log",
            "median_blur",
            "gaussian_blur",
            "laplacian",
            "sobel",
            "robert_cross",
            "canny",
            "sharpen",
            "gabor",
            "abs_diff",
            "abs_diff2",
            "fluo_tophat",
            "rel_diff",
            "erode",
            "dilate",
            "open",
            "close",
            "morph_gradient",
            "morph_tophat",
            "morph_blackhat",
            "fill_holes",
            "remove_small_objects",
            "remove_small_holes",
            "threshold",
            "threshold_at_1",
            "distance_transform",
            "distance_transform_and_thresh",
            "inrange_bin",
            "inrange"
        ],
        "endpoint": {
            "name": "Marker-Based Watershed",
            "abbv": "WSHD",
            "arity": 2,
            "args": 0,
            "kwargs": {
                "use_dt": false,
                "markers_distance": 21,
                "markers_area": null
            }
        },
        "mode": "default"
    }
}