{
    "dataset": {
        "name": "CIL",
        "label_name": "neuron",
        "indices": [
            58,
            12,
            6,
            50,
            67,
            72,
            66,
            59,
            22,
            57,
            73,
            30,
            77,
            79,
            63,
            15,
            69,
            47,
            65,
            49
        ]
    },
    "individual": {
        "sequence": "[[0, 0, 0, 0, 0], [0, 0, 0, 0, 0], [27, 0, 1, 4, 165], [1, 0, 1, 9, 35], [3, 3, 2, 230, 254], [40, 1, 2, 48, 240], [1, 5, 4, 27, 231], [8, 5, 4, 216, 204], [7, 2, 6, 206, 182], [0, 4, 3, 11, 146], [8, 7, 5, 177, 68], [4, 7, 1, 140, 67], [33, 0, 11, 210, 216], [33, 1, 6, 243, 144], [31, 3, 10, 73, 9], [20, 11, 6, 28, 210], [41, 7, 1, 171, 60], [20, 7, 5, 201, 201], [7, 15, 4, 161, 72], [34, 8, 0, 18, 102], [33, 14, 15, 181, 165], [23, 8, 12, 36, 229], [18, 14, 11, 107, 111], [11, 9, 13, 197, 113], [40, 3, 18, 164, 20], [28, 3, 4, 219, 255], [29, 16, 16, 90, 176], [38, 1, 16, 137, 187], [14, 12, 0, 178, 161], [3, 11, 8, 9, 236], [8, 11, 6, 90, 120], [22, 19, 3, 217, 91], [0, 23, 0, 0, 0], [0, 19, 0, 0, 0]]",
        "fitness": {
            "fitness": 0.16044819951057435,
            "time": 0.026579976081848145
        }
    },
    "decoding": {
        "metadata": {
            "rows": 1,
            "columns": 30,
            "n_in": 2,
            "n_out": 2,
            "n_para": 2,
            "n_conn": 2
        },
        "functions": [
            "max",
            "min",
            "mean",
            "add",
            "subtract",
            "bitwise_not",
            "bitwise_or",
            "bitwise_and",
            "bitwise_and_mask",
            "bitwise_xor",
            "sqrt",
            "pow2",
            "exp",
            "log",
            "median_blur",
            "gaussian_blur",
            "laplacian",
            "sobel",
            "robert_cross",
            "canny",
            "sharpen",
            "gabor",
            "abs_diff",
            "abs_diff2",
            "fluo_tophat",
            "rel_diff",
            "erode",
            "dilate",
            "open",
            "close",
            "morph_gradient",
            "morph_tophat",
            "morph_blackhat",
            "fill_holes",
            "remove_small_objects",
            "remove_small_holes",
            "threshold",
            "threshold_at_1",
            "distance_transform",
            "distance_transform_and_thresh",
            "inrange_bin",
            "inrange"
        ],
        "endpoint": {
            "name": "W",
            "abbv": "WSHD",
            "arity": 2,
            "p": 0,
            "kwargs": {
                "use_dt": false,
                "markers_distance": 21,
                "markers_area": null
            }
        },
        "mode": "default"
    }
}