{
    "dataset": {
        "name": "CIL",
        "label_name": "neuron",
        "indices": [
            23,
            73,
            70,
            82,
            12,
            48,
            10,
            36,
            83,
            68,
            28,
            16,
            11,
            81,
            31,
            58,
            22,
            45,
            27,
            20,
            0,
            59,
            54,
            57,
            8,
            29,
            5,
            60,
            1,
            44,
            74,
            35,
            15,
            87,
            75,
            85,
            38,
            9,
            47,
            24
        ]
    },
    "individual": {
        "sequence": "[[0, 0, 0, 0, 0], [0, 0, 0, 0, 0], [36, 1, 1, 174, 48], [4, 1, 0, 1, 41], [19, 3, 2, 149, 43], [34, 2, 3, 22, 54], [11, 4, 5, 108, 237], [0, 5, 5, 19, 170], [37, 6, 7, 227, 184], [32, 7, 3, 75, 72], [36, 7, 3, 249, 141], [32, 4, 0, 149, 138], [31, 0, 3, 237, 32], [2, 12, 2, 174, 166], [27, 13, 11, 136, 135], [26, 7, 12, 136, 22], [9, 5, 2, 198, 59], [18, 4, 3, 164, 220], [26, 4, 9, 11, 46], [6, 2, 6, 210, 109], [27, 15, 0, 168, 170], [2, 13, 17, 111, 140], [30, 2, 3, 109, 235], [35, 5, 16, 212, 127], [11, 16, 12, 140, 17], [14, 5, 17, 124, 240], [17, 22, 24, 213, 247], [0, 19, 0, 138, 153], [1, 20, 25, 110, 159], [26, 20, 16, 228, 132], [16, 9, 0, 23, 142], [41, 12, 0, 68, 59], [0, 21, 0, 0, 0], [0, 7, 0, 0, 0]]",
        "fitness": {
            "fitness": 0.13783113956451415,
            "time": 0.04239466190338135
        }
    },
    "decoding": {
        "metadata": {
            "rows": 1,
            "columns": 30,
            "n_in": 2,
            "n_out": 2,
            "n_para": 2,
            "n_conn": 2
        },
        "functions": [
            "max",
            "min",
            "mean",
            "add",
            "subtract",
            "bitwise_not",
            "bitwise_or",
            "bitwise_and",
            "bitwise_and_mask",
            "bitwise_xor",
            "sqrt",
            "pow2",
            "exp",
            "log",
            "median_blur",
            "gaussian_blur",
            "laplacian",
            "sobel",
            "robert_cross",
            "canny",
            "sharpen",
            "gabor",
            "abs_diff",
            "abs_diff2",
            "fluo_tophat",
            "rel_diff",
            "erode",
            "dilate",
            "open",
            "close",
            "morph_gradient",
            "morph_tophat",
            "morph_blackhat",
            "fill_holes",
            "remove_small_objects",
            "remove_small_holes",
            "threshold",
            "threshold_at_1",
            "distance_transform",
            "distance_transform_and_thresh",
            "inrange_bin",
            "inrange"
        ],
        "endpoint": {
            "name": "Marker-Based Watershed",
            "abbv": "WSHD",
            "arity": 2,
            "args": 0,
            "kwargs": {
                "use_dt": false,
                "markers_distance": 21,
                "markers_area": null
            }
        },
        "mode": "default"
    }
}