{
    "dataset": {
        "name": "Tumor",
        "label_name": "tumor",
        "indices": null
    },
    "individual": {
        "sequence": "[[0, 0, 0, 0, 0], [0, 0, 0, 0, 0], [0, 0, 0, 0, 0], [23, 2, 0, 1, 166], [32, 2, 2, 159, 216], [11, 0, 4, 49, 114], [21, 4, 0, 150, 129], [34, 1, 0, 104, 190], [15, 0, 5, 35, 78], [3, 3, 1, 125, 145], [13, 7, 9, 211, 113], [10, 9, 4, 115, 55], [14, 1, 8, 124, 121], [36, 12, 2, 84, 49], [14, 10, 8, 153, 239], [31, 5, 10, 63, 149], [36, 0, 13, 242, 119], [4, 12, 5, 79, 232], [29, 17, 13, 73, 188], [6, 8, 0, 70, 157], [15, 1, 11, 101, 255], [18, 13, 11, 223, 148], [36, 11, 7, 40, 224], [33, 22, 8, 27, 77], [1, 22, 16, 194, 165], [19, 1, 1, 122, 176], [7, 25, 7, 201, 193], [11, 26, 12, 146, 110], [23, 19, 9, 244, 51], [12, 6, 20, 250, 79], [20, 0, 19, 81, 69], [30, 11, 24, 207, 179], [2, 18, 24, 49, 31], [0, 32, 0, 0, 0]]",
        "fitness": {
            "fitness": 0.14418149859295498,
            "time": 0.016858379046122234
        }
    },
    "decoding": {
        "metadata": {
            "rows": 1,
            "columns": 30,
            "n_in": 3,
            "n_out": 1,
            "n_para": 2,
            "n_conn": 2
        },
        "functions": [
            "max",
            "min",
            "mean",
            "add",
            "subtract",
            "bitwise_not",
            "bitwise_or",
            "bitwise_and",
            "bitwise_and_mask",
            "bitwise_xor",
            "sqrt",
            "pow2",
            "exp",
            "log",
            "median_blur",
            "gaussian_blur",
            "laplacian",
            "sobel",
            "robert_cross",
            "canny",
            "sharpen",
            "gabor",
            "abs_diff",
            "abs_diff2",
            "fluo_tophat",
            "rel_diff",
            "erode",
            "dilate",
            "open",
            "close",
            "morph_gradient",
            "morph_tophat",
            "morph_blackhat",
            "fill_holes",
            "remove_small_objects",
            "remove_small_holes",
            "threshold",
            "threshold_at_1",
            "distance_transform",
            "distance_transform_and_thresh",
            "inrange_bin",
            "inrange"
        ],
        "endpoint": {
            "name": "Threshold (t=4)",
            "abbv": "TRSH",
            "arity": 1,
            "p": 0,
            "kwargs": {
                "threshold": 4
            }
        },
        "mode": "default"
    }
}