{
    "dataset": {
        "name": "CIL",
        "label_name": "neuron",
        "indices": [
            52,
            58,
            28,
            12,
            56,
            42,
            20,
            27,
            48,
            24,
            64,
            68,
            75,
            63,
            6,
            19,
            4,
            41,
            78,
            76,
            33,
            31,
            74,
            87,
            50,
            29,
            61,
            83,
            82,
            71
        ]
    },
    "individual": {
        "sequence": "[[0, 0, 0, 0, 0], [0, 0, 0, 0, 0], [23, 1, 1, 59, 224], [31, 0, 2, 232, 225], [41, 1, 2, 219, 55], [21, 4, 3, 34, 38], [31, 4, 2, 6, 19], [8, 6, 6, 48, 86], [11, 4, 1, 107, 252], [20, 7, 3, 245, 20], [11, 7, 9, 76, 51], [20, 3, 1, 169, 113], [7, 5, 1, 209, 119], [3, 12, 11, 8, 223], [7, 5, 5, 110, 10], [3, 13, 12, 10, 245], [25, 15, 10, 239, 17], [7, 2, 4, 46, 136], [35, 8, 4, 40, 19], [1, 4, 15, 228, 217], [37, 10, 16, 63, 213], [4, 4, 19, 122, 49], [38, 2, 4, 191, 243], [40, 11, 1, 206, 32], [20, 0, 10, 199, 184], [32, 6, 19, 103, 233], [0, 20, 22, 67, 85], [13, 15, 22, 145, 240], [19, 27, 17, 242, 152], [29, 0, 22, 251, 65], [16, 19, 29, 167, 25], [31, 16, 25, 88, 105], [0, 27, 0, 0, 0], [0, 30, 0, 0, 0]]",
        "fitness": {
            "fitness": 0.14919387499491374,
            "time": 0.03853896458943685
        }
    },
    "decoding": {
        "metadata": {
            "rows": 1,
            "columns": 30,
            "n_in": 2,
            "n_out": 2,
            "n_para": 2,
            "n_conn": 2
        },
        "functions": [
            "max",
            "min",
            "mean",
            "add",
            "subtract",
            "bitwise_not",
            "bitwise_or",
            "bitwise_and",
            "bitwise_and_mask",
            "bitwise_xor",
            "sqrt",
            "pow2",
            "exp",
            "log",
            "median_blur",
            "gaussian_blur",
            "laplacian",
            "sobel",
            "robert_cross",
            "canny",
            "sharpen",
            "gabor",
            "abs_diff",
            "abs_diff2",
            "fluo_tophat",
            "rel_diff",
            "erode",
            "dilate",
            "open",
            "close",
            "morph_gradient",
            "morph_tophat",
            "morph_blackhat",
            "fill_holes",
            "remove_small_objects",
            "remove_small_holes",
            "threshold",
            "threshold_at_1",
            "distance_transform",
            "distance_transform_and_thresh",
            "inrange_bin",
            "inrange"
        ],
        "endpoint": {
            "name": "Marker-Based Watershed",
            "abbv": "WSHD",
            "arity": 2,
            "args": 0,
            "kwargs": {
                "use_dt": false,
                "markers_distance": 21,
                "markers_area": null
            }
        },
        "mode": "default"
    }
}