{
    "dataset": {
        "name": "CIL",
        "label_name": "neuron",
        "indices": [
            13
        ]
    },
    "individual": {
        "sequence": "[[0, 0, 0, 0, 0], [0, 0, 0, 0, 0], [40, 1, 1, 254, 48], [21, 1, 0, 241, 2], [8, 0, 3, 194, 178], [6, 2, 0, 133, 145], [18, 1, 5, 98, 232], [41, 0, 0, 8, 144], [28, 7, 0, 21, 68], [21, 8, 8, 185, 99], [38, 9, 7, 131, 254], [4, 5, 0, 200, 198], [22, 2, 6, 96, 223], [12, 9, 10, 0, 185], [41, 6, 2, 240, 170], [6, 4, 12, 107, 223], [28, 3, 2, 234, 12], [28, 3, 7, 226, 121], [37, 8, 14, 49, 54], [16, 15, 5, 117, 174], [28, 6, 1, 64, 142], [33, 14, 3, 126, 249], [32, 1, 19, 198, 54], [11, 20, 17, 252, 52], [25, 7, 17, 202, 81], [22, 15, 24, 235, 87], [0, 11, 10, 237, 245], [7, 1, 18, 55, 116], [17, 15, 0, 247, 75], [22, 11, 24, 95, 160], [8, 9, 8, 78, 209], [30, 23, 9, 67, 167], [0, 18, 0, 0, 0], [0, 2, 0, 0, 0]]",
        "fitness": {
            "fitness": 0.0476190447807312,
            "time": 0.023438692092895508
        }
    },
    "decoding": {
        "metadata": {
            "rows": 1,
            "columns": 30,
            "n_in": 2,
            "n_out": 2,
            "n_para": 2,
            "n_conn": 2
        },
        "functions": [
            "max",
            "min",
            "mean",
            "add",
            "subtract",
            "bitwise_not",
            "bitwise_or",
            "bitwise_and",
            "bitwise_and_mask",
            "bitwise_xor",
            "sqrt",
            "pow2",
            "exp",
            "log",
            "median_blur",
            "gaussian_blur",
            "laplacian",
            "sobel",
            "robert_cross",
            "canny",
            "sharpen",
            "gabor",
            "abs_diff",
            "abs_diff2",
            "fluo_tophat",
            "rel_diff",
            "erode",
            "dilate",
            "open",
            "close",
            "morph_gradient",
            "morph_tophat",
            "morph_blackhat",
            "fill_holes",
            "remove_small_objects",
            "remove_small_holes",
            "threshold",
            "threshold_at_1",
            "distance_transform",
            "distance_transform_and_thresh",
            "inrange_bin",
            "inrange"
        ],
        "endpoint": {
            "name": "W",
            "abbv": "WSHD",
            "arity": 2,
            "p": 0,
            "kwargs": {
                "use_dt": false,
                "markers_distance": 21,
                "markers_area": null
            }
        },
        "mode": "default"
    }
}