{
    "dataset": {
        "name": "CIL",
        "label_name": "neuron",
        "indices": [
            43,
            67,
            62,
            40,
            16,
            85
        ]
    },
    "individual": {
        "sequence": "[[0, 0, 0, 0, 0], [0, 0, 0, 0, 0], [12, 0, 1, 34, 156], [1, 1, 0, 188, 59], [3, 0, 3, 152, 177], [34, 1, 1, 94, 125], [25, 3, 2, 193, 249], [14, 1, 2, 4, 125], [11, 4, 3, 189, 75], [24, 7, 4, 254, 45], [6, 3, 7, 75, 9], [28, 2, 5, 221, 134], [11, 10, 8, 65, 232], [21, 1, 0, 197, 89], [0, 5, 0, 103, 218], [20, 2, 1, 131, 237], [13, 13, 13, 188, 107], [18, 11, 7, 79, 8], [7, 10, 1, 14, 60], [39, 5, 1, 53, 253], [18, 6, 16, 133, 52], [28, 0, 3, 94, 164], [21, 3, 6, 122, 219], [39, 17, 11, 186, 40], [36, 7, 1, 61, 41], [27, 9, 3, 169, 166], [34, 4, 21, 95, 88], [32, 11, 13, 221, 109], [32, 17, 13, 56, 104], [16, 10, 7, 108, 68], [12, 17, 25, 8, 22], [16, 3, 6, 66, 18], [0, 8, 0, 0, 0], [0, 24, 0, 0, 0]]",
        "fitness": {
            "fitness": 0.103354146083196,
            "time": 0.026611924171447754
        }
    },
    "decoding": {
        "metadata": {
            "rows": 1,
            "columns": 30,
            "n_in": 2,
            "n_out": 2,
            "n_para": 2,
            "n_conn": 2
        },
        "functions": [
            "max",
            "min",
            "mean",
            "add",
            "subtract",
            "bitwise_not",
            "bitwise_or",
            "bitwise_and",
            "bitwise_and_mask",
            "bitwise_xor",
            "sqrt",
            "pow2",
            "exp",
            "log",
            "median_blur",
            "gaussian_blur",
            "laplacian",
            "sobel",
            "robert_cross",
            "canny",
            "sharpen",
            "gabor",
            "abs_diff",
            "abs_diff2",
            "fluo_tophat",
            "rel_diff",
            "erode",
            "dilate",
            "open",
            "close",
            "morph_gradient",
            "morph_tophat",
            "morph_blackhat",
            "fill_holes",
            "remove_small_objects",
            "remove_small_holes",
            "threshold",
            "threshold_at_1",
            "distance_transform",
            "distance_transform_and_thresh",
            "inrange_bin",
            "inrange"
        ],
        "endpoint": {
            "name": "W",
            "abbv": "WSHD",
            "arity": 2,
            "p": 0,
            "kwargs": {
                "use_dt": false,
                "markers_distance": 21,
                "markers_area": null
            }
        },
        "mode": "default"
    }
}