{
    "dataset": {
        "name": "CIL",
        "label_name": "neuron",
        "indices": [
            50,
            69,
            80,
            64,
            58,
            66,
            78,
            70,
            56,
            2,
            84,
            36,
            18,
            16,
            65,
            41,
            79,
            45,
            38,
            1,
            13,
            0,
            60,
            77,
            20,
            52,
            7,
            76,
            53,
            29,
            15,
            6,
            46,
            25,
            39,
            83,
            10,
            54,
            31,
            43,
            68,
            32,
            67,
            11,
            87,
            8,
            37,
            24,
            81,
            3,
            34,
            14,
            19,
            49,
            9,
            82,
            26,
            12,
            44,
            30,
            51,
            63,
            27,
            86,
            35,
            57,
            48,
            47,
            21,
            61
        ]
    },
    "individual": {
        "sequence": "[[0, 0, 0, 0, 0], [0, 0, 0, 0, 0], [36, 0, 1, 207, 99], [41, 0, 0, 240, 10], [37, 2, 0, 149, 13], [40, 1, 0, 31, 143], [31, 4, 3, 163, 103], [29, 5, 0, 49, 180], [5, 0, 0, 158, 55], [6, 3, 5, 108, 86], [10, 3, 3, 217, 133], [24, 5, 7, 220, 27], [24, 5, 7, 206, 90], [16, 9, 7, 239, 251], [37, 1, 2, 207, 195], [11, 11, 0, 197, 73], [7, 2, 6, 91, 128], [41, 10, 15, 64, 210], [32, 5, 2, 92, 182], [28, 1, 18, 6, 151], [31, 14, 10, 243, 13], [5, 1, 2, 104, 234], [12, 16, 1, 146, 178], [20, 20, 8, 142, 14], [0, 7, 9, 139, 9], [10, 24, 10, 149, 169], [2, 17, 22, 200, 94], [36, 19, 24, 65, 44], [39, 0, 7, 50, 97], [2, 2, 25, 67, 252], [11, 6, 13, 254, 117], [23, 0, 2, 198, 158], [0, 29, 0, 0, 0], [0, 27, 0, 0, 0]]",
        "fitness": {
            "fitness": 0.13762009739875794,
            "time": 0.028465642247881208
        }
    },
    "decoding": {
        "metadata": {
            "rows": 1,
            "columns": 30,
            "n_in": 2,
            "n_out": 2,
            "n_para": 2,
            "n_conn": 2
        },
        "functions": [
            "max",
            "min",
            "mean",
            "add",
            "subtract",
            "bitwise_not",
            "bitwise_or",
            "bitwise_and",
            "bitwise_and_mask",
            "bitwise_xor",
            "sqrt",
            "pow2",
            "exp",
            "log",
            "median_blur",
            "gaussian_blur",
            "laplacian",
            "sobel",
            "robert_cross",
            "canny",
            "sharpen",
            "gabor",
            "abs_diff",
            "abs_diff2",
            "fluo_tophat",
            "rel_diff",
            "erode",
            "dilate",
            "open",
            "close",
            "morph_gradient",
            "morph_tophat",
            "morph_blackhat",
            "fill_holes",
            "remove_small_objects",
            "remove_small_holes",
            "threshold",
            "threshold_at_1",
            "distance_transform",
            "distance_transform_and_thresh",
            "inrange_bin",
            "inrange"
        ],
        "endpoint": {
            "name": "Marker-Based Watershed",
            "abbv": "WSHD",
            "arity": 2,
            "args": 0,
            "kwargs": {
                "use_dt": false,
                "markers_distance": 21,
                "markers_area": null
            }
        },
        "mode": "default"
    }
}