{
    "dataset": {
        "name": "Melanoma",
        "label_name": "melanoma",
        "indices": null
    },
    "individual": {
        "sequence": "[[0, 0, 0, 0, 0], [0, 0, 0, 0, 0], [0, 0, 0, 0, 0], [28, 1, 0, 121, 61], [30, 0, 3, 83, 48], [8, 1, 3, 222, 93], [8, 3, 5, 242, 104], [19, 1, 0, 218, 122], [35, 4, 5, 43, 181], [20, 2, 4, 241, 118], [29, 3, 1, 24, 219], [2, 0, 10, 92, 243], [24, 6, 9, 61, 29], [7, 4, 7, 54, 30], [0, 11, 6, 163, 81], [9, 12, 10, 218, 78], [39, 14, 12, 107, 205], [31, 16, 7, 187, 178], [21, 1, 12, 190, 72], [21, 1, 5, 204, 114], [31, 14, 1, 118, 250], [1, 12, 2, 15, 44], [1, 2, 0, 225, 142], [6, 13, 17, 228, 105], [36, 21, 23, 15, 139], [0, 10, 7, 114, 205], [5, 23, 10, 49, 170], [8, 6, 3, 138, 13], [32, 14, 19, 207, 81], [14, 12, 18, 239, 40], [30, 12, 22, 185, 80], [34, 24, 14, 253, 117], [7, 6, 20, 92, 248], [0, 31, 0, 0, 0]]",
        "fitness": {
            "fitness": 0.21638637781143188,
            "time": 0.014843583106994629
        }
    },
    "decoding": {
        "metadata": {
            "rows": 1,
            "columns": 30,
            "n_in": 3,
            "n_out": 1,
            "n_para": 2,
            "n_conn": 2
        },
        "functions": [
            "max",
            "min",
            "mean",
            "add",
            "subtract",
            "bitwise_not",
            "bitwise_or",
            "bitwise_and",
            "bitwise_and_mask",
            "bitwise_xor",
            "sqrt",
            "pow2",
            "exp",
            "log",
            "median_blur",
            "gaussian_blur",
            "laplacian",
            "sobel",
            "robert_cross",
            "canny",
            "sharpen",
            "gabor",
            "abs_diff",
            "abs_diff2",
            "fluo_tophat",
            "rel_diff",
            "erode",
            "dilate",
            "open",
            "close",
            "morph_gradient",
            "morph_tophat",
            "morph_blackhat",
            "fill_holes",
            "remove_small_objects",
            "remove_small_holes",
            "threshold",
            "threshold_at_1",
            "distance_transform",
            "distance_transform_and_thresh",
            "inrange_bin",
            "inrange"
        ],
        "endpoint": {
            "name": "Labels",
            "abbv": "LABELS",
            "arity": 1,
            "args": 0,
            "kwargs": {
                "connectivity": 4
            }
        },
        "mode": "default"
    }
}