{
    "dataset": {
        "name": "CIL",
        "label_name": "neuron",
        "indices": [
            67,
            22,
            6,
            45,
            73,
            19,
            37,
            65,
            2,
            64,
            53,
            39,
            36,
            54,
            20
        ]
    },
    "individual": {
        "sequence": "[[0, 0, 0, 0, 0], [0, 0, 0, 0, 0], [0, 0, 0, 72, 98], [19, 1, 0, 214, 122], [31, 2, 3, 146, 21], [21, 2, 2, 58, 153], [6, 3, 1, 204, 148], [36, 6, 2, 48, 44], [2, 4, 0, 102, 127], [37, 5, 3, 168, 202], [13, 8, 2, 128, 195], [6, 2, 5, 37, 105], [31, 6, 7, 6, 92], [11, 0, 3, 66, 86], [2, 10, 13, 226, 5], [30, 12, 13, 108, 58], [23, 1, 1, 218, 51], [28, 7, 10, 3, 128], [33, 9, 8, 60, 79], [9, 16, 15, 174, 178], [20, 18, 6, 185, 79], [30, 7, 6, 217, 141], [0, 9, 2, 158, 133], [32, 16, 18, 29, 139], [30, 17, 7, 192, 162], [41, 3, 15, 24, 173], [0, 14, 7, 164, 104], [12, 17, 4, 115, 98], [3, 14, 4, 251, 21], [39, 19, 27, 39, 225], [5, 14, 12, 71, 83], [37, 29, 6, 93, 86], [0, 26, 0, 0, 0], [0, 17, 0, 0, 0]]",
        "fitness": {
            "fitness": 0.08992360432942709,
            "time": 0.03770771026611328
        }
    },
    "decoding": {
        "metadata": {
            "rows": 1,
            "columns": 30,
            "n_in": 2,
            "n_out": 2,
            "n_para": 2,
            "n_conn": 2
        },
        "functions": [
            "max",
            "min",
            "mean",
            "add",
            "subtract",
            "bitwise_not",
            "bitwise_or",
            "bitwise_and",
            "bitwise_and_mask",
            "bitwise_xor",
            "sqrt",
            "pow2",
            "exp",
            "log",
            "median_blur",
            "gaussian_blur",
            "laplacian",
            "sobel",
            "robert_cross",
            "canny",
            "sharpen",
            "gabor",
            "abs_diff",
            "abs_diff2",
            "fluo_tophat",
            "rel_diff",
            "erode",
            "dilate",
            "open",
            "close",
            "morph_gradient",
            "morph_tophat",
            "morph_blackhat",
            "fill_holes",
            "remove_small_objects",
            "remove_small_holes",
            "threshold",
            "threshold_at_1",
            "distance_transform",
            "distance_transform_and_thresh",
            "inrange_bin",
            "inrange"
        ],
        "endpoint": {
            "name": "W",
            "abbv": "WSHD",
            "arity": 2,
            "p": 0,
            "kwargs": {
                "use_dt": false,
                "markers_distance": 21,
                "markers_area": null
            }
        },
        "mode": "default"
    }
}