{
    "dataset": {
        "name": "Melanoma",
        "label_name": "melanoma",
        "indices": null
    },
    "individual": {
        "sequence": "[[0, 0, 0, 0, 0], [0, 0, 0, 0, 0], [0, 0, 0, 0, 0], [1, 2, 1, 234, 31], [35, 3, 3, 94, 237], [24, 3, 3, 118, 113], [41, 5, 5, 145, 230], [40, 4, 3, 214, 113], [36, 5, 0, 162, 144], [18, 8, 0, 129, 149], [34, 9, 4, 246, 86], [1, 6, 4, 14, 13], [14, 8, 7, 235, 187], [17, 8, 7, 97, 160], [13, 10, 2, 199, 38], [29, 7, 14, 87, 152], [32, 14, 6, 201, 255], [37, 7, 13, 170, 108], [40, 13, 16, 240, 25], [37, 6, 5, 41, 167], [36, 11, 12, 137, 175], [28, 2, 13, 85, 92], [4, 0, 21, 232, 138], [41, 21, 16, 221, 59], [32, 2, 14, 85, 185], [29, 12, 19, 156, 38], [35, 8, 8, 238, 184], [24, 13, 17, 229, 44], [35, 20, 14, 20, 147], [18, 22, 11, 61, 166], [31, 16, 2, 53, 14], [35, 5, 11, 191, 151], [10, 15, 12, 191, 244], [0, 10, 0, 0, 0]]",
        "fitness": {
            "fitness": 0.23821828762690225,
            "time": 0.020100136597951252
        }
    },
    "decoding": {
        "metadata": {
            "rows": 1,
            "columns": 30,
            "n_in": 3,
            "n_out": 1,
            "n_para": 2,
            "n_conn": 2
        },
        "functions": [
            "max",
            "min",
            "mean",
            "add",
            "subtract",
            "bitwise_not",
            "bitwise_or",
            "bitwise_and",
            "bitwise_and_mask",
            "bitwise_xor",
            "sqrt",
            "pow2",
            "exp",
            "log",
            "median_blur",
            "gaussian_blur",
            "laplacian",
            "sobel",
            "robert_cross",
            "canny",
            "sharpen",
            "gabor",
            "abs_diff",
            "abs_diff2",
            "fluo_tophat",
            "rel_diff",
            "erode",
            "dilate",
            "open",
            "close",
            "morph_gradient",
            "morph_tophat",
            "morph_blackhat",
            "fill_holes",
            "remove_small_objects",
            "remove_small_holes",
            "threshold",
            "threshold_at_1",
            "distance_transform",
            "distance_transform_and_thresh",
            "inrange_bin",
            "inrange"
        ],
        "endpoint": {
            "name": "Labels",
            "abbv": "LABELS",
            "arity": 1,
            "args": 0,
            "kwargs": {
                "connectivity": 4
            }
        },
        "mode": "default"
    }
}