{
    "dataset": {
        "name": "CIL",
        "label_name": "neuron",
        "indices": [
            11,
            56
        ]
    },
    "individual": {
        "sequence": "[[0, 0, 0, 0, 0], [0, 0, 0, 0, 0], [7, 0, 1, 112, 203], [4, 1, 0, 135, 16], [2, 2, 1, 137, 120], [0, 1, 4, 254, 194], [11, 3, 5, 40, 216], [39, 4, 4, 86, 33], [3, 2, 0, 178, 171], [19, 7, 3, 15, 173], [36, 6, 2, 221, 208], [14, 4, 5, 244, 166], [28, 2, 5, 243, 156], [34, 0, 7, 19, 48], [39, 6, 3, 234, 85], [12, 4, 4, 184, 46], [12, 8, 6, 200, 219], [37, 12, 4, 214, 218], [4, 8, 17, 185, 65], [8, 18, 1, 192, 152], [28, 14, 10, 82, 209], [32, 13, 1, 66, 246], [8, 9, 16, 229, 230], [6, 22, 9, 71, 125], [36, 10, 3, 238, 49], [30, 1, 22, 62, 102], [34, 6, 19, 11, 134], [3, 4, 26, 40, 81], [10, 26, 27, 18, 248], [1, 16, 11, 192, 7], [16, 1, 16, 102, 214], [11, 16, 6, 60, 129], [0, 31, 0, 0, 0], [0, 26, 0, 0, 0]]",
        "fitness": {
            "fitness": 0.10506072640419006,
            "time": 0.02862858772277832
        }
    },
    "decoding": {
        "metadata": {
            "rows": 1,
            "columns": 30,
            "n_in": 2,
            "n_out": 2,
            "n_para": 2,
            "n_conn": 2
        },
        "functions": [
            "max",
            "min",
            "mean",
            "add",
            "subtract",
            "bitwise_not",
            "bitwise_or",
            "bitwise_and",
            "bitwise_and_mask",
            "bitwise_xor",
            "sqrt",
            "pow2",
            "exp",
            "log",
            "median_blur",
            "gaussian_blur",
            "laplacian",
            "sobel",
            "robert_cross",
            "canny",
            "sharpen",
            "gabor",
            "abs_diff",
            "abs_diff2",
            "fluo_tophat",
            "rel_diff",
            "erode",
            "dilate",
            "open",
            "close",
            "morph_gradient",
            "morph_tophat",
            "morph_blackhat",
            "fill_holes",
            "remove_small_objects",
            "remove_small_holes",
            "threshold",
            "threshold_at_1",
            "distance_transform",
            "distance_transform_and_thresh",
            "inrange_bin",
            "inrange"
        ],
        "endpoint": {
            "name": "W",
            "abbv": "WSHD",
            "arity": 2,
            "p": 0,
            "kwargs": {
                "use_dt": false,
                "markers_distance": 21,
                "markers_area": null
            }
        },
        "mode": "default"
    }
}