{
    "dataset": {
        "name": "4-Synapses",
        "label_name": "cell",
        "indices": null
    },
    "individual": {
        "sequence": "[[0, 0, 0, 0, 0], [0, 0, 0, 0, 0], [1, 0, 1, 81, 111], [28, 1, 2, 108, 124], [15, 1, 1, 80, 213], [19, 2, 1, 192, 77], [14, 1, 3, 57, 127], [16, 2, 0, 11, 133], [26, 1, 1, 162, 244], [6, 8, 2, 203, 213], [41, 4, 0, 209, 240], [38, 9, 7, 220, 233], [28, 9, 4, 250, 251], [41, 7, 4, 187, 54], [9, 12, 1, 20, 228], [21, 13, 0, 151, 44], [37, 0, 12, 124, 115], [24, 12, 11, 15, 160], [10, 8, 16, 118, 69], [2, 3, 7, 167, 253], [11, 13, 0, 200, 67], [20, 3, 14, 73, 45], [38, 21, 10, 72, 22], [34, 22, 14, 16, 190], [28, 22, 0, 66, 192], [11, 12, 9, 158, 17], [28, 9, 10, 254, 218], [21, 6, 23, 108, 130], [4, 9, 19, 9, 128], [22, 6, 8, 146, 202], [30, 20, 15, 4, 77], [1, 6, 15, 57, 254], [0, 11, 0, 0, 0], [0, 24, 0, 0, 0]]",
        "fitness": {
            "fitness": 0.2264588177204132,
            "time": 0.07710126042366028
        }
    },
    "decoding": {
        "metadata": {
            "rows": 1,
            "columns": 30,
            "n_in": 2,
            "n_out": 2,
            "n_para": 2,
            "n_conn": 2
        },
        "functions": [
            "max",
            "min",
            "mean",
            "add",
            "subtract",
            "bitwise_not",
            "bitwise_or",
            "bitwise_and",
            "bitwise_and_mask",
            "bitwise_xor",
            "sqrt",
            "pow2",
            "exp",
            "log",
            "median_blur",
            "gaussian_blur",
            "laplacian",
            "sobel",
            "robert_cross",
            "canny",
            "sharpen",
            "gabor",
            "abs_diff",
            "abs_diff2",
            "fluo_tophat",
            "rel_diff",
            "erode",
            "dilate",
            "open",
            "close",
            "morph_gradient",
            "morph_tophat",
            "morph_blackhat",
            "fill_holes",
            "remove_small_objects",
            "remove_small_holes",
            "threshold",
            "threshold_at_1",
            "distance_transform",
            "distance_transform_and_thresh",
            "inrange_bin",
            "inrange"
        ],
        "endpoint": {
            "name": "Marker-Based Watershed",
            "abbv": "WSHD",
            "arity": 2,
            "p": 0,
            "kwargs": {
                "use_dt": false,
                "markers_distance": 21,
                "markers_area": null
            }
        },
        "mode": "series",
        "stacker": {
            "name": "mean_stacker",
            "abbv": "MEAN",
            "arity": 2,
            "p": 0,
            "kwargs": {}
        }
    }
}