{
    "dataset": {
        "name": "CIL",
        "label_name": "neuron",
        "indices": [
            3,
            35,
            82,
            36,
            12,
            60,
            19,
            46,
            44,
            66
        ]
    },
    "individual": {
        "sequence": "[[0, 0, 0, 0, 0], [0, 0, 0, 0, 0], [35, 0, 0, 0, 199], [26, 1, 2, 0, 233], [36, 3, 3, 157, 32], [6, 0, 2, 46, 21], [5, 5, 1, 57, 150], [20, 1, 3, 19, 23], [40, 2, 4, 77, 180], [30, 3, 8, 40, 44], [36, 3, 9, 82, 27], [15, 8, 4, 249, 188], [28, 10, 7, 102, 132], [2, 8, 6, 192, 110], [18, 3, 13, 250, 133], [8, 11, 3, 131, 98], [31, 7, 12, 234, 194], [30, 16, 6, 231, 41], [6, 12, 12, 223, 200], [38, 1, 16, 96, 174], [32, 13, 1, 227, 41], [7, 16, 4, 71, 216], [36, 12, 15, 226, 72], [33, 0, 20, 102, 31], [2, 15, 9, 108, 54], [13, 20, 18, 79, 72], [21, 5, 9, 7, 136], [9, 2, 20, 121, 33], [27, 21, 24, 161, 206], [10, 24, 5, 35, 246], [32, 6, 16, 29, 18], [37, 15, 30, 69, 204], [0, 25, 0, 0, 0], [0, 21, 0, 0, 0]]",
        "fitness": {
            "fitness": 0.13526490330696106,
            "time": 0.03904614448547363
        }
    },
    "decoding": {
        "metadata": {
            "rows": 1,
            "columns": 30,
            "n_in": 2,
            "n_out": 2,
            "n_para": 2,
            "n_conn": 2
        },
        "functions": [
            "max",
            "min",
            "mean",
            "add",
            "subtract",
            "bitwise_not",
            "bitwise_or",
            "bitwise_and",
            "bitwise_and_mask",
            "bitwise_xor",
            "sqrt",
            "pow2",
            "exp",
            "log",
            "median_blur",
            "gaussian_blur",
            "laplacian",
            "sobel",
            "robert_cross",
            "canny",
            "sharpen",
            "gabor",
            "abs_diff",
            "abs_diff2",
            "fluo_tophat",
            "rel_diff",
            "erode",
            "dilate",
            "open",
            "close",
            "morph_gradient",
            "morph_tophat",
            "morph_blackhat",
            "fill_holes",
            "remove_small_objects",
            "remove_small_holes",
            "threshold",
            "threshold_at_1",
            "distance_transform",
            "distance_transform_and_thresh",
            "inrange_bin",
            "inrange"
        ],
        "endpoint": {
            "name": "W",
            "abbv": "WSHD",
            "arity": 2,
            "p": 0,
            "kwargs": {
                "use_dt": false,
                "markers_distance": 21,
                "markers_area": null
            }
        },
        "mode": "default"
    }
}