{
    "dataset": {
        "name": "Melanoma",
        "label_name": "melanoma",
        "indices": null
    },
    "individual": {
        "sequence": "[[0, 0, 0, 0, 0], [0, 0, 0, 0, 0], [0, 0, 0, 0, 0], [1, 2, 1, 142, 121], [36, 3, 0, 209, 140], [21, 2, 0, 114, 126], [9, 5, 4, 20, 99], [28, 6, 6, 130, 32], [8, 6, 3, 161, 252], [12, 6, 6, 221, 141], [13, 4, 6, 34, 242], [3, 4, 5, 197, 250], [7, 6, 4, 141, 155], [35, 3, 3, 26, 224], [3, 13, 9, 54, 172], [40, 10, 4, 191, 121], [27, 6, 0, 241, 247], [16, 5, 8, 11, 128], [21, 11, 2, 63, 124], [0, 16, 6, 175, 19], [30, 17, 5, 74, 114], [21, 10, 20, 232, 101], [38, 13, 13, 159, 196], [17, 3, 17, 159, 187], [12, 12, 18, 174, 84], [15, 6, 18, 95, 215], [37, 7, 1, 40, 150], [40, 26, 24, 117, 83], [23, 4, 20, 134, 110], [39, 16, 3, 57, 159], [8, 5, 4, 100, 56], [3, 5, 8, 202, 203], [38, 30, 28, 182, 239], [0, 26, 0, 0, 0]]",
        "fitness": {
            "fitness": 0.24007372806469598,
            "time": 0.0032648444175720215
        }
    },
    "decoding": {
        "metadata": {
            "rows": 1,
            "columns": 30,
            "n_in": 3,
            "n_out": 1,
            "n_para": 2,
            "n_conn": 2
        },
        "functions": [
            "max",
            "min",
            "mean",
            "add",
            "subtract",
            "bitwise_not",
            "bitwise_or",
            "bitwise_and",
            "bitwise_and_mask",
            "bitwise_xor",
            "sqrt",
            "pow2",
            "exp",
            "log",
            "median_blur",
            "gaussian_blur",
            "laplacian",
            "sobel",
            "robert_cross",
            "canny",
            "sharpen",
            "gabor",
            "abs_diff",
            "abs_diff2",
            "fluo_tophat",
            "rel_diff",
            "erode",
            "dilate",
            "open",
            "close",
            "morph_gradient",
            "morph_tophat",
            "morph_blackhat",
            "fill_holes",
            "remove_small_objects",
            "remove_small_holes",
            "threshold",
            "threshold_at_1",
            "distance_transform",
            "distance_transform_and_thresh",
            "inrange_bin",
            "inrange"
        ],
        "endpoint": {
            "name": "Labels",
            "abbv": "LABELS",
            "arity": 1,
            "args": 0,
            "kwargs": {
                "connectivity": 4
            }
        },
        "mode": "default"
    }
}