{
    "dataset": {
        "name": "CIL",
        "label_name": "neuron",
        "indices": [
            6,
            65,
            73,
            33,
            48,
            9,
            55,
            5,
            56,
            0,
            14,
            83,
            52
        ]
    },
    "individual": {
        "sequence": "[[0, 0, 0, 0, 0], [0, 0, 0, 0, 0], [38, 0, 0, 187, 104], [29, 1, 2, 69, 187], [15, 1, 3, 14, 168], [36, 3, 1, 234, 56], [17, 5, 2, 94, 117], [41, 4, 1, 204, 46], [11, 6, 4, 218, 80], [24, 7, 7, 216, 79], [40, 4, 3, 193, 27], [41, 0, 0, 237, 11], [6, 4, 3, 17, 244], [7, 10, 6, 94, 109], [5, 11, 10, 251, 255], [8, 13, 9, 90, 43], [3, 9, 3, 107, 235], [0, 3, 12, 146, 208], [6, 13, 13, 233, 234], [0, 13, 11, 240, 42], [20, 3, 19, 135, 48], [8, 8, 2, 201, 50], [16, 12, 2, 144, 7], [14, 7, 2, 180, 79], [41, 13, 23, 181, 191], [26, 21, 9, 79, 4], [38, 1, 16, 91, 88], [40, 8, 22, 104, 205], [15, 24, 23, 119, 0], [39, 13, 3, 125, 25], [0, 28, 28, 208, 252], [25, 30, 13, 90, 251], [0, 19, 0, 0, 0], [0, 7, 0, 0, 0]]",
        "fitness": {
            "fitness": 0.1529143498494075,
            "time": 0.03761876546419584
        }
    },
    "decoding": {
        "metadata": {
            "rows": 1,
            "columns": 30,
            "n_in": 2,
            "n_out": 2,
            "n_para": 2,
            "n_conn": 2
        },
        "functions": [
            "max",
            "min",
            "mean",
            "add",
            "subtract",
            "bitwise_not",
            "bitwise_or",
            "bitwise_and",
            "bitwise_and_mask",
            "bitwise_xor",
            "sqrt",
            "pow2",
            "exp",
            "log",
            "median_blur",
            "gaussian_blur",
            "laplacian",
            "sobel",
            "robert_cross",
            "canny",
            "sharpen",
            "gabor",
            "abs_diff",
            "abs_diff2",
            "fluo_tophat",
            "rel_diff",
            "erode",
            "dilate",
            "open",
            "close",
            "morph_gradient",
            "morph_tophat",
            "morph_blackhat",
            "fill_holes",
            "remove_small_objects",
            "remove_small_holes",
            "threshold",
            "threshold_at_1",
            "distance_transform",
            "distance_transform_and_thresh",
            "inrange_bin",
            "inrange"
        ],
        "endpoint": {
            "name": "Marker-Based Watershed",
            "abbv": "WSHD",
            "arity": 2,
            "p": 0,
            "kwargs": {
                "use_dt": false,
                "markers_distance": 21,
                "markers_area": null
            }
        },
        "mode": "default"
    }
}