{
    "dataset": {
        "name": "CIL",
        "label_name": "neuron",
        "indices": [
            36,
            49,
            22,
            52
        ]
    },
    "individual": {
        "sequence": "[[0, 0, 0, 0, 0], [0, 0, 0, 0, 0], [9, 0, 0, 60, 114], [24, 1, 2, 52, 144], [31, 0, 2, 103, 212], [37, 2, 4, 200, 186], [28, 3, 1, 6, 237], [31, 1, 3, 69, 227], [41, 6, 3, 34, 129], [12, 7, 8, 240, 169], [32, 4, 9, 255, 64], [29, 0, 5, 78, 103], [24, 9, 8, 84, 182], [23, 12, 0, 117, 208], [36, 10, 6, 233, 25], [38, 12, 0, 199, 204], [2, 4, 7, 173, 69], [34, 10, 12, 90, 204], [16, 5, 12, 6, 227], [26, 7, 10, 85, 222], [37, 16, 5, 39, 172], [19, 11, 20, 248, 38], [34, 15, 12, 206, 149], [35, 13, 21, 76, 69], [13, 21, 16, 253, 31], [31, 21, 18, 74, 0], [19, 20, 18, 116, 142], [11, 18, 6, 174, 192], [12, 8, 14, 160, 206], [22, 4, 20, 116, 145], [37, 5, 2, 87, 35], [33, 18, 10, 209, 79], [0, 20, 0, 0, 0], [0, 8, 0, 0, 0]]",
        "fitness": {
            "fitness": 0.05332167446613312,
            "time": 0.030001163482666016
        }
    },
    "decoding": {
        "metadata": {
            "rows": 1,
            "columns": 30,
            "n_in": 2,
            "n_out": 2,
            "n_para": 2,
            "n_conn": 2
        },
        "functions": [
            "max",
            "min",
            "mean",
            "add",
            "subtract",
            "bitwise_not",
            "bitwise_or",
            "bitwise_and",
            "bitwise_and_mask",
            "bitwise_xor",
            "sqrt",
            "pow2",
            "exp",
            "log",
            "median_blur",
            "gaussian_blur",
            "laplacian",
            "sobel",
            "robert_cross",
            "canny",
            "sharpen",
            "gabor",
            "abs_diff",
            "abs_diff2",
            "fluo_tophat",
            "rel_diff",
            "erode",
            "dilate",
            "open",
            "close",
            "morph_gradient",
            "morph_tophat",
            "morph_blackhat",
            "fill_holes",
            "remove_small_objects",
            "remove_small_holes",
            "threshold",
            "threshold_at_1",
            "distance_transform",
            "distance_transform_and_thresh",
            "inrange_bin",
            "inrange"
        ],
        "endpoint": {
            "name": "W",
            "abbv": "WSHD",
            "arity": 2,
            "p": 0,
            "kwargs": {
                "use_dt": false,
                "markers_distance": 21,
                "markers_area": null
            }
        },
        "mode": "default"
    }
}