{
    "dataset": {
        "name": "4-Synapses",
        "label_name": "cell",
        "indices": null
    },
    "individual": {
        "sequence": "[[0, 0, 0, 0, 0], [0, 0, 0, 0, 0], [2, 0, 1, 182, 11], [40, 1, 2, 51, 212], [8, 3, 0, 75, 205], [2, 2, 1, 225, 219], [34, 4, 5, 171, 1], [29, 5, 0, 241, 32], [37, 7, 5, 5, 125], [40, 5, 7, 206, 38], [31, 0, 2, 255, 247], [2, 9, 5, 104, 41], [17, 7, 0, 9, 58], [39, 12, 2, 106, 221], [24, 11, 5, 92, 250], [31, 14, 2, 46, 46], [27, 13, 9, 47, 119], [13, 1, 13, 234, 10], [33, 6, 17, 153, 165], [28, 11, 13, 12, 254], [2, 12, 19, 171, 56], [12, 4, 1, 77, 249], [8, 12, 2, 223, 55], [35, 17, 0, 238, 233], [14, 9, 12, 106, 195], [19, 14, 7, 196, 225], [19, 4, 11, 215, 71], [20, 17, 26, 159, 124], [14, 0, 20, 2, 132], [24, 5, 12, 151, 20], [31, 4, 15, 162, 94], [40, 12, 12, 38, 198], [0, 11, 0, 0, 0], [0, 18, 0, 0, 0]]",
        "fitness": {
            "fitness": 0.21564041450619698,
            "time": 0.07276982069015503
        }
    },
    "decoding": {
        "metadata": {
            "rows": 1,
            "columns": 30,
            "n_in": 2,
            "n_out": 2,
            "n_para": 2,
            "n_conn": 2
        },
        "functions": [
            "max",
            "min",
            "mean",
            "add",
            "subtract",
            "bitwise_not",
            "bitwise_or",
            "bitwise_and",
            "bitwise_and_mask",
            "bitwise_xor",
            "sqrt",
            "pow2",
            "exp",
            "log",
            "median_blur",
            "gaussian_blur",
            "laplacian",
            "sobel",
            "robert_cross",
            "canny",
            "sharpen",
            "gabor",
            "abs_diff",
            "abs_diff2",
            "fluo_tophat",
            "rel_diff",
            "erode",
            "dilate",
            "open",
            "close",
            "morph_gradient",
            "morph_tophat",
            "morph_blackhat",
            "fill_holes",
            "remove_small_objects",
            "remove_small_holes",
            "threshold",
            "threshold_at_1",
            "distance_transform",
            "distance_transform_and_thresh",
            "inrange_bin",
            "inrange"
        ],
        "endpoint": {
            "name": "Marker-Based Watershed",
            "abbv": "WSHD",
            "arity": 2,
            "p": 0,
            "kwargs": {
                "use_dt": false,
                "markers_distance": 21,
                "markers_area": null
            }
        },
        "mode": "series",
        "stacker": {
            "name": "mean_stacker",
            "abbv": "MEAN",
            "arity": 2,
            "p": 0,
            "kwargs": {}
        }
    }
}