{
    "dataset": {
        "name": "CIL",
        "label_name": "neuron",
        "indices": [
            62,
            86,
            1,
            66,
            73,
            16,
            54,
            4,
            51,
            59,
            12,
            44,
            65,
            63,
            29,
            72,
            6,
            43,
            2,
            27,
            24,
            38,
            84,
            19,
            18,
            46,
            40,
            15,
            20,
            0,
            81,
            87,
            75,
            41,
            50,
            14,
            21,
            23,
            13,
            55,
            36,
            74,
            32,
            68,
            82,
            60,
            57,
            34,
            77,
            25,
            42,
            88,
            61,
            35,
            80,
            10,
            7,
            49,
            17,
            78,
            8,
            39,
            69,
            67,
            56,
            83,
            5,
            48,
            64,
            26,
            52,
            70,
            31,
            85,
            28,
            79,
            33,
            3,
            37,
            47
        ]
    },
    "individual": {
        "sequence": "[[0, 0, 0, 0, 0], [0, 0, 0, 0, 0], [27, 0, 0, 147, 61], [27, 0, 1, 132, 53], [20, 1, 3, 240, 207], [9, 0, 1, 22, 12], [41, 0, 4, 245, 9], [40, 4, 6, 36, 242], [6, 1, 3, 19, 82], [12, 8, 2, 62, 221], [32, 2, 8, 2, 255], [37, 7, 2, 98, 65], [27, 10, 9, 101, 243], [31, 0, 11, 238, 254], [30, 12, 0, 120, 185], [2, 11, 13, 48, 111], [8, 7, 6, 61, 198], [28, 12, 9, 130, 158], [1, 15, 2, 201, 208], [16, 5, 14, 78, 190], [1, 6, 15, 96, 78], [3, 19, 5, 22, 117], [3, 3, 15, 183, 228], [1, 21, 16, 201, 220], [34, 16, 5, 21, 27], [8, 19, 17, 99, 159], [41, 24, 5, 1, 206], [2, 7, 15, 21, 47], [3, 26, 22, 4, 139], [6, 22, 23, 144, 14], [32, 4, 10, 134, 52], [24, 7, 20, 150, 248], [0, 20, 0, 0, 0], [0, 26, 0, 0, 0]]",
        "fitness": {
            "fitness": 0.12646390199661256,
            "time": 0.0326302707195282
        }
    },
    "decoding": {
        "metadata": {
            "rows": 1,
            "columns": 30,
            "n_in": 2,
            "n_out": 2,
            "n_para": 2,
            "n_conn": 2
        },
        "functions": [
            "max",
            "min",
            "mean",
            "add",
            "subtract",
            "bitwise_not",
            "bitwise_or",
            "bitwise_and",
            "bitwise_and_mask",
            "bitwise_xor",
            "sqrt",
            "pow2",
            "exp",
            "log",
            "median_blur",
            "gaussian_blur",
            "laplacian",
            "sobel",
            "robert_cross",
            "canny",
            "sharpen",
            "gabor",
            "abs_diff",
            "abs_diff2",
            "fluo_tophat",
            "rel_diff",
            "erode",
            "dilate",
            "open",
            "close",
            "morph_gradient",
            "morph_tophat",
            "morph_blackhat",
            "fill_holes",
            "remove_small_objects",
            "remove_small_holes",
            "threshold",
            "threshold_at_1",
            "distance_transform",
            "distance_transform_and_thresh",
            "inrange_bin",
            "inrange"
        ],
        "endpoint": {
            "name": "Marker-Based Watershed",
            "abbv": "WSHD",
            "arity": 2,
            "args": 0,
            "kwargs": {
                "use_dt": false,
                "markers_distance": 21,
                "markers_area": null
            }
        },
        "mode": "default"
    }
}