{
    "dataset": {
        "name": "CIL",
        "label_name": "neuron",
        "indices": [
            0
        ]
    },
    "individual": {
        "sequence": "[[0, 0, 0, 0, 0], [0, 0, 0, 0, 0], [22, 0, 0, 71, 11], [6, 1, 0, 192, 88], [32, 1, 3, 111, 75], [2, 1, 3, 159, 103], [11, 5, 0, 95, 139], [31, 6, 5, 255, 165], [37, 0, 0, 91, 11], [15, 2, 4, 42, 200], [5, 9, 0, 186, 55], [10, 0, 6, 45, 80], [12, 0, 2, 193, 67], [18, 1, 4, 12, 205], [33, 5, 4, 192, 103], [18, 13, 8, 219, 189], [27, 14, 2, 82, 86], [40, 4, 0, 155, 54], [40, 17, 6, 229, 201], [21, 1, 6, 23, 176], [36, 1, 17, 134, 40], [15, 4, 6, 88, 99], [34, 20, 1, 125, 125], [19, 16, 15, 5, 30], [7, 17, 13, 166, 25], [26, 11, 5, 101, 234], [16, 0, 14, 10, 210], [1, 26, 11, 214, 200], [36, 23, 3, 69, 87], [39, 17, 19, 19, 75], [13, 1, 10, 39, 221], [14, 12, 16, 194, 79], [0, 7, 0, 0, 0], [0, 20, 0, 0, 0]]",
        "fitness": {
            "fitness": 0.03296703100204468,
            "time": 0.03938865661621094
        }
    },
    "decoding": {
        "metadata": {
            "rows": 1,
            "columns": 30,
            "n_in": 2,
            "n_out": 2,
            "n_para": 2,
            "n_conn": 2
        },
        "functions": [
            "max",
            "min",
            "mean",
            "add",
            "subtract",
            "bitwise_not",
            "bitwise_or",
            "bitwise_and",
            "bitwise_and_mask",
            "bitwise_xor",
            "sqrt",
            "pow2",
            "exp",
            "log",
            "median_blur",
            "gaussian_blur",
            "laplacian",
            "sobel",
            "robert_cross",
            "canny",
            "sharpen",
            "gabor",
            "abs_diff",
            "abs_diff2",
            "fluo_tophat",
            "rel_diff",
            "erode",
            "dilate",
            "open",
            "close",
            "morph_gradient",
            "morph_tophat",
            "morph_blackhat",
            "fill_holes",
            "remove_small_objects",
            "remove_small_holes",
            "threshold",
            "threshold_at_1",
            "distance_transform",
            "distance_transform_and_thresh",
            "inrange_bin",
            "inrange"
        ],
        "endpoint": {
            "name": "W",
            "abbv": "WSHD",
            "arity": 2,
            "p": 0,
            "kwargs": {
                "use_dt": false,
                "markers_distance": 21,
                "markers_area": null
            }
        },
        "mode": "default"
    }
}