{
    "dataset": {
        "name": "CIL",
        "label_name": "neuron",
        "indices": [
            74,
            47,
            12,
            64,
            71,
            33,
            67,
            22,
            50,
            42,
            8,
            62,
            58,
            69,
            28,
            36,
            56,
            41,
            80,
            85,
            76,
            13,
            63,
            68,
            25,
            34,
            77,
            88,
            32,
            61,
            0,
            70,
            18,
            27,
            73,
            87,
            43,
            30,
            31,
            19,
            52,
            78,
            83,
            44,
            48,
            79,
            6,
            86,
            4,
            1,
            14,
            24,
            35,
            23,
            60,
            38,
            2,
            82,
            84,
            53,
            81,
            45,
            16,
            9,
            75,
            26,
            40,
            37,
            11,
            49
        ]
    },
    "individual": {
        "sequence": "[[0, 0, 0, 0, 0], [0, 0, 0, 0, 0], [19, 1, 1, 20, 130], [35, 0, 1, 165, 99], [1, 3, 2, 83, 80], [21, 2, 0, 122, 26], [25, 0, 0, 250, 106], [27, 4, 6, 179, 67], [3, 7, 0, 206, 131], [41, 8, 8, 255, 9], [17, 4, 2, 250, 163], [34, 1, 6, 70, 72], [22, 8, 3, 165, 207], [25, 1, 9, 194, 15], [29, 13, 12, 90, 93], [3, 2, 14, 165, 198], [38, 5, 6, 60, 50], [18, 4, 1, 85, 148], [28, 15, 14, 208, 135], [14, 9, 18, 46, 128], [1, 19, 4, 220, 85], [20, 14, 6, 225, 227], [32, 5, 16, 19, 66], [12, 20, 6, 150, 213], [18, 20, 23, 150, 113], [23, 6, 10, 69, 231], [35, 24, 17, 208, 167], [5, 11, 23, 106, 40], [10, 2, 2, 137, 77], [15, 19, 21, 61, 198], [28, 29, 23, 165, 35], [0, 1, 18, 131, 15], [0, 9, 0, 0, 0], [0, 26, 0, 0, 0]]",
        "fitness": {
            "fitness": 0.1390627486365182,
            "time": 0.054776978492736814
        }
    },
    "decoding": {
        "metadata": {
            "rows": 1,
            "columns": 30,
            "n_in": 2,
            "n_out": 2,
            "n_para": 2,
            "n_conn": 2
        },
        "functions": [
            "max",
            "min",
            "mean",
            "add",
            "subtract",
            "bitwise_not",
            "bitwise_or",
            "bitwise_and",
            "bitwise_and_mask",
            "bitwise_xor",
            "sqrt",
            "pow2",
            "exp",
            "log",
            "median_blur",
            "gaussian_blur",
            "laplacian",
            "sobel",
            "robert_cross",
            "canny",
            "sharpen",
            "gabor",
            "abs_diff",
            "abs_diff2",
            "fluo_tophat",
            "rel_diff",
            "erode",
            "dilate",
            "open",
            "close",
            "morph_gradient",
            "morph_tophat",
            "morph_blackhat",
            "fill_holes",
            "remove_small_objects",
            "remove_small_holes",
            "threshold",
            "threshold_at_1",
            "distance_transform",
            "distance_transform_and_thresh",
            "inrange_bin",
            "inrange"
        ],
        "endpoint": {
            "name": "Marker-Based Watershed",
            "abbv": "WSHD",
            "arity": 2,
            "args": 0,
            "kwargs": {
                "use_dt": false,
                "markers_distance": 21,
                "markers_area": null
            }
        },
        "mode": "default"
    }
}