{
    "dataset": {
        "name": "CIL",
        "label_name": "neuron",
        "indices": [
            16,
            11,
            82,
            70,
            71,
            60,
            45,
            88,
            7
        ]
    },
    "individual": {
        "sequence": "[[0, 0, 0, 0, 0], [0, 0, 0, 0, 0], [24, 1, 0, 15, 210], [14, 1, 2, 38, 103], [1, 3, 1, 165, 125], [21, 3, 1, 127, 186], [29, 4, 3, 27, 193], [2, 2, 0, 204, 133], [41, 7, 0, 203, 7], [28, 0, 2, 60, 187], [15, 8, 2, 168, 234], [36, 4, 7, 121, 31], [39, 4, 9, 17, 111], [16, 3, 2, 102, 180], [28, 7, 1, 1, 236], [13, 7, 9, 93, 1], [27, 14, 7, 61, 185], [33, 9, 3, 114, 97], [25, 10, 12, 126, 112], [30, 3, 8, 246, 144], [18, 13, 16, 85, 220], [37, 15, 8, 136, 197], [36, 10, 13, 152, 222], [30, 7, 11, 246, 166], [41, 15, 3, 58, 240], [2, 11, 22, 3, 89], [25, 22, 2, 90, 251], [19, 23, 14, 194, 126], [39, 2, 8, 113, 2], [30, 5, 10, 217, 236], [9, 10, 29, 251, 49], [6, 21, 2, 46, 227], [0, 21, 0, 0, 0], [0, 11, 0, 0, 0]]",
        "fitness": {
            "fitness": 0.11515489551756117,
            "time": 0.04579488436381022
        }
    },
    "decoding": {
        "metadata": {
            "rows": 1,
            "columns": 30,
            "n_in": 2,
            "n_out": 2,
            "n_para": 2,
            "n_conn": 2
        },
        "functions": [
            "max",
            "min",
            "mean",
            "add",
            "subtract",
            "bitwise_not",
            "bitwise_or",
            "bitwise_and",
            "bitwise_and_mask",
            "bitwise_xor",
            "sqrt",
            "pow2",
            "exp",
            "log",
            "median_blur",
            "gaussian_blur",
            "laplacian",
            "sobel",
            "robert_cross",
            "canny",
            "sharpen",
            "gabor",
            "abs_diff",
            "abs_diff2",
            "fluo_tophat",
            "rel_diff",
            "erode",
            "dilate",
            "open",
            "close",
            "morph_gradient",
            "morph_tophat",
            "morph_blackhat",
            "fill_holes",
            "remove_small_objects",
            "remove_small_holes",
            "threshold",
            "threshold_at_1",
            "distance_transform",
            "distance_transform_and_thresh",
            "inrange_bin",
            "inrange"
        ],
        "endpoint": {
            "name": "W",
            "abbv": "WSHD",
            "arity": 2,
            "p": 0,
            "kwargs": {
                "use_dt": false,
                "markers_distance": 21,
                "markers_area": null
            }
        },
        "mode": "default"
    }
}