{
    "dataset": {
        "name": "CIL",
        "label_name": "neuron",
        "indices": [
            87,
            15,
            44,
            58,
            36,
            57,
            20,
            5,
            29,
            6,
            60,
            66,
            63,
            59,
            33,
            39,
            88,
            3,
            12,
            34,
            70,
            85,
            8,
            49,
            86,
            81,
            46,
            4,
            48,
            9,
            53,
            67,
            42,
            14,
            37,
            13,
            23,
            32,
            38,
            80,
            30,
            68,
            18,
            45,
            16,
            82,
            31,
            74,
            83,
            52
        ]
    },
    "individual": {
        "sequence": "[[0, 0, 0, 0, 0], [0, 0, 0, 0, 0], [12, 0, 1, 214, 153], [16, 0, 0, 163, 163], [18, 2, 0, 69, 106], [25, 1, 1, 97, 210], [19, 1, 5, 23, 161], [18, 3, 5, 153, 71], [18, 6, 1, 163, 227], [25, 4, 5, 29, 22], [7, 7, 8, 150, 13], [36, 0, 7, 169, 8], [12, 7, 7, 249, 126], [32, 10, 7, 238, 237], [14, 7, 7, 132, 68], [33, 8, 0, 126, 36], [30, 8, 8, 233, 207], [1, 11, 11, 59, 107], [30, 16, 0, 32, 53], [24, 17, 12, 38, 37], [0, 15, 4, 107, 224], [32, 20, 7, 239, 158], [26, 13, 9, 77, 83], [10, 20, 9, 167, 227], [38, 14, 1, 98, 183], [22, 1, 10, 254, 96], [22, 9, 8, 88, 65], [3, 25, 8, 126, 22], [33, 16, 16, 245, 103], [20, 21, 17, 189, 121], [26, 13, 14, 201, 137], [2, 19, 27, 157, 208], [0, 19, 0, 0, 0], [0, 15, 0, 0, 0]]",
        "fitness": {
            "fitness": 0.15575969815254212,
            "time": 0.04726149082183838
        }
    },
    "decoding": {
        "metadata": {
            "rows": 1,
            "columns": 30,
            "n_in": 2,
            "n_out": 2,
            "n_para": 2,
            "n_conn": 2
        },
        "functions": [
            "max",
            "min",
            "mean",
            "add",
            "subtract",
            "bitwise_not",
            "bitwise_or",
            "bitwise_and",
            "bitwise_and_mask",
            "bitwise_xor",
            "sqrt",
            "pow2",
            "exp",
            "log",
            "median_blur",
            "gaussian_blur",
            "laplacian",
            "sobel",
            "robert_cross",
            "canny",
            "sharpen",
            "gabor",
            "abs_diff",
            "abs_diff2",
            "fluo_tophat",
            "rel_diff",
            "erode",
            "dilate",
            "open",
            "close",
            "morph_gradient",
            "morph_tophat",
            "morph_blackhat",
            "fill_holes",
            "remove_small_objects",
            "remove_small_holes",
            "threshold",
            "threshold_at_1",
            "distance_transform",
            "distance_transform_and_thresh",
            "inrange_bin",
            "inrange"
        ],
        "endpoint": {
            "name": "W",
            "abbv": "WSHD",
            "arity": 2,
            "p": 0,
            "kwargs": {
                "use_dt": false,
                "markers_distance": 21,
                "markers_area": null
            }
        },
        "mode": "default"
    }
}