{
    "dataset": {
        "name": "4-Synapses",
        "label_name": "cell",
        "indices": null
    },
    "individual": {
        "sequence": "[[0, 0, 0, 0, 0], [0, 0, 0, 0, 0], [30, 1, 1, 248, 117], [37, 2, 2, 168, 48], [2, 2, 1, 155, 135], [40, 1, 3, 135, 24], [26, 1, 0, 93, 229], [8, 0, 1, 226, 143], [12, 4, 2, 194, 253], [6, 8, 3, 227, 34], [40, 0, 8, 217, 110], [2, 0, 5, 75, 72], [39, 4, 5, 125, 202], [2, 11, 10, 28, 39], [27, 13, 11, 91, 11], [4, 14, 9, 246, 237], [17, 2, 10, 101, 239], [18, 6, 15, 251, 81], [13, 14, 16, 48, 115], [4, 11, 13, 249, 85], [37, 15, 11, 211, 28], [36, 12, 7, 170, 139], [2, 21, 11, 7, 14], [8, 22, 7, 231, 39], [22, 14, 0, 125, 206], [32, 17, 6, 207, 222], [29, 6, 17, 28, 85], [37, 19, 16, 207, 60], [18, 27, 22, 41, 227], [2, 1, 13, 230, 105], [13, 21, 2, 240, 143], [37, 26, 10, 246, 74], [0, 29, 0, 0, 0], [0, 31, 0, 0, 0]]",
        "fitness": {
            "fitness": 0.25509100407361984,
            "time": 0.052739500999450684
        }
    },
    "decoding": {
        "metadata": {
            "rows": 1,
            "columns": 30,
            "n_in": 2,
            "n_out": 2,
            "n_para": 2,
            "n_conn": 2
        },
        "functions": [
            "max",
            "min",
            "mean",
            "add",
            "subtract",
            "bitwise_not",
            "bitwise_or",
            "bitwise_and",
            "bitwise_and_mask",
            "bitwise_xor",
            "sqrt",
            "pow2",
            "exp",
            "log",
            "median_blur",
            "gaussian_blur",
            "laplacian",
            "sobel",
            "robert_cross",
            "canny",
            "sharpen",
            "gabor",
            "abs_diff",
            "abs_diff2",
            "fluo_tophat",
            "rel_diff",
            "erode",
            "dilate",
            "open",
            "close",
            "morph_gradient",
            "morph_tophat",
            "morph_blackhat",
            "fill_holes",
            "remove_small_objects",
            "remove_small_holes",
            "threshold",
            "threshold_at_1",
            "distance_transform",
            "distance_transform_and_thresh",
            "inrange_bin",
            "inrange"
        ],
        "endpoint": {
            "name": "Marker-Based Watershed",
            "abbv": "WSHD",
            "arity": 2,
            "p": 0,
            "kwargs": {
                "use_dt": false,
                "markers_distance": 21,
                "markers_area": null
            }
        },
        "mode": "series",
        "stacker": {
            "name": "mean_stacker",
            "abbv": "MEAN",
            "arity": 2,
            "p": 0,
            "kwargs": {}
        }
    }
}