{
    "dataset": {
        "name": "CIL",
        "label_name": "neuron",
        "indices": [
            88,
            3,
            39,
            2,
            63,
            15,
            66,
            54,
            41,
            4,
            33,
            35,
            32,
            11,
            44,
            60,
            81,
            14,
            13,
            72,
            22,
            45,
            69,
            49,
            59,
            51,
            64,
            61,
            36,
            6,
            5,
            40,
            20,
            17,
            8,
            62,
            38,
            34,
            83,
            75,
            30,
            50,
            43,
            70,
            68,
            28,
            37,
            82,
            57,
            9,
            26,
            65,
            21,
            74,
            86,
            56,
            80,
            42,
            71,
            85,
            16,
            23,
            31,
            58,
            79,
            55,
            46,
            53,
            25,
            67
        ]
    },
    "individual": {
        "sequence": "[[0, 0, 0, 0, 0], [0, 0, 0, 0, 0], [31, 1, 0, 16, 9], [4, 1, 2, 139, 122], [9, 0, 2, 112, 222], [8, 3, 4, 250, 17], [11, 5, 3, 225, 89], [14, 6, 5, 118, 252], [24, 4, 6, 148, 60], [8, 6, 5, 141, 255], [37, 3, 4, 74, 253], [32, 5, 8, 8, 249], [31, 9, 5, 95, 90], [5, 7, 11, 133, 121], [11, 8, 11, 135, 80], [41, 12, 2, 80, 157], [40, 3, 10, 214, 37], [0, 14, 11, 1, 173], [4, 14, 5, 95, 89], [11, 18, 7, 244, 219], [20, 9, 7, 134, 66], [38, 11, 0, 61, 231], [2, 5, 12, 43, 172], [36, 3, 5, 124, 141], [7, 0, 13, 131, 71], [15, 2, 21, 32, 2], [33, 5, 16, 181, 32], [38, 18, 18, 200, 14], [22, 23, 15, 246, 86], [8, 19, 27, 192, 44], [31, 24, 14, 230, 229], [25, 30, 21, 79, 84], [0, 14, 0, 0, 0], [0, 16, 0, 0, 0]]",
        "fitness": {
            "fitness": 0.13857997741018022,
            "time": 0.06360938549041747
        }
    },
    "decoding": {
        "metadata": {
            "rows": 1,
            "columns": 30,
            "n_in": 2,
            "n_out": 2,
            "n_para": 2,
            "n_conn": 2
        },
        "functions": [
            "max",
            "min",
            "mean",
            "add",
            "subtract",
            "bitwise_not",
            "bitwise_or",
            "bitwise_and",
            "bitwise_and_mask",
            "bitwise_xor",
            "sqrt",
            "pow2",
            "exp",
            "log",
            "median_blur",
            "gaussian_blur",
            "laplacian",
            "sobel",
            "robert_cross",
            "canny",
            "sharpen",
            "gabor",
            "abs_diff",
            "abs_diff2",
            "fluo_tophat",
            "rel_diff",
            "erode",
            "dilate",
            "open",
            "close",
            "morph_gradient",
            "morph_tophat",
            "morph_blackhat",
            "fill_holes",
            "remove_small_objects",
            "remove_small_holes",
            "threshold",
            "threshold_at_1",
            "distance_transform",
            "distance_transform_and_thresh",
            "inrange_bin",
            "inrange"
        ],
        "endpoint": {
            "name": "Marker-Based Watershed",
            "abbv": "WSHD",
            "arity": 2,
            "args": 0,
            "kwargs": {
                "use_dt": false,
                "markers_distance": 21,
                "markers_area": null
            }
        },
        "mode": "default"
    }
}