{
    "dataset": {
        "name": "Tumor",
        "label_name": "tumor",
        "indices": null
    },
    "individual": {
        "sequence": "[[0, 0, 0, 0, 0], [0, 0, 0, 0, 0], [0, 0, 0, 0, 0], [15, 0, 1, 108, 156], [14, 1, 2, 2, 141], [38, 1, 2, 224, 133], [41, 4, 1, 65, 13], [35, 4, 6, 190, 106], [29, 4, 3, 69, 200], [8, 8, 6, 22, 68], [19, 6, 7, 164, 27], [4, 9, 0, 105, 247], [26, 11, 5, 61, 73], [37, 6, 10, 131, 82], [14, 8, 9, 91, 222], [29, 11, 1, 220, 73], [11, 12, 14, 252, 202], [14, 0, 5, 26, 49], [34, 15, 17, 142, 195], [35, 8, 3, 248, 15], [33, 18, 6, 141, 0], [15, 7, 0, 7, 93], [2, 3, 10, 12, 83], [19, 2, 12, 254, 252], [4, 20, 2, 211, 107], [11, 13, 24, 130, 201], [29, 25, 5, 83, 27], [35, 22, 19, 189, 213], [40, 11, 16, 49, 230], [1, 24, 17, 165, 130], [27, 29, 14, 54, 70], [39, 24, 20, 158, 216], [33, 3, 17, 204, 26], [0, 29, 0, 0, 0]]",
        "fitness": {
            "fitness": 0.11653309185776178,
            "time": 0.05231696367263794
        }
    },
    "decoding": {
        "metadata": {
            "rows": 1,
            "columns": 30,
            "n_in": 3,
            "n_out": 1,
            "n_para": 2,
            "n_conn": 2
        },
        "functions": [
            "max",
            "min",
            "mean",
            "add",
            "subtract",
            "bitwise_not",
            "bitwise_or",
            "bitwise_and",
            "bitwise_and_mask",
            "bitwise_xor",
            "sqrt",
            "pow2",
            "exp",
            "log",
            "median_blur",
            "gaussian_blur",
            "laplacian",
            "sobel",
            "robert_cross",
            "canny",
            "sharpen",
            "gabor",
            "abs_diff",
            "abs_diff2",
            "fluo_tophat",
            "rel_diff",
            "erode",
            "dilate",
            "open",
            "close",
            "morph_gradient",
            "morph_tophat",
            "morph_blackhat",
            "fill_holes",
            "remove_small_objects",
            "remove_small_holes",
            "threshold",
            "threshold_at_1",
            "distance_transform",
            "distance_transform_and_thresh",
            "inrange_bin",
            "inrange"
        ],
        "endpoint": {
            "name": "Threshold (t=4)",
            "abbv": "TRSH",
            "arity": 1,
            "p": 0,
            "kwargs": {
                "threshold": 4
            }
        },
        "mode": "default"
    }
}