{
    "dataset": {
        "name": "CIL",
        "label_name": "neuron",
        "indices": [
            63,
            67,
            12,
            18,
            42,
            72
        ]
    },
    "individual": {
        "sequence": "[[0, 0, 0, 0, 0], [0, 0, 0, 0, 0], [11, 1, 0, 240, 64], [1, 2, 0, 251, 71], [3, 3, 1, 138, 81], [11, 4, 1, 167, 73], [11, 5, 2, 50, 114], [27, 0, 2, 4, 160], [14, 1, 6, 229, 179], [11, 7, 2, 119, 254], [31, 2, 4, 32, 106], [22, 1, 10, 235, 25], [0, 8, 0, 41, 177], [31, 2, 10, 102, 133], [0, 7, 0, 28, 170], [14, 13, 8, 29, 35], [15, 13, 0, 106, 11], [28, 11, 11, 41, 234], [27, 6, 5, 51, 130], [32, 0, 0, 143, 229], [5, 0, 17, 165, 112], [18, 6, 0, 33, 191], [13, 17, 9, 88, 212], [12, 11, 6, 12, 248], [0, 1, 16, 87, 236], [28, 12, 13, 174, 65], [13, 10, 23, 101, 34], [31, 21, 5, 86, 68], [21, 12, 21, 85, 175], [15, 12, 17, 219, 13], [36, 1, 21, 135, 73], [26, 12, 2, 154, 247], [0, 9, 0, 0, 0], [0, 27, 0, 0, 0]]",
        "fitness": {
            "fitness": 0.1051384707291921,
            "time": 0.03174058596293131
        }
    },
    "decoding": {
        "metadata": {
            "rows": 1,
            "columns": 30,
            "n_in": 2,
            "n_out": 2,
            "n_para": 2,
            "n_conn": 2
        },
        "functions": [
            "max",
            "min",
            "mean",
            "add",
            "subtract",
            "bitwise_not",
            "bitwise_or",
            "bitwise_and",
            "bitwise_and_mask",
            "bitwise_xor",
            "sqrt",
            "pow2",
            "exp",
            "log",
            "median_blur",
            "gaussian_blur",
            "laplacian",
            "sobel",
            "robert_cross",
            "canny",
            "sharpen",
            "gabor",
            "abs_diff",
            "abs_diff2",
            "fluo_tophat",
            "rel_diff",
            "erode",
            "dilate",
            "open",
            "close",
            "morph_gradient",
            "morph_tophat",
            "morph_blackhat",
            "fill_holes",
            "remove_small_objects",
            "remove_small_holes",
            "threshold",
            "threshold_at_1",
            "distance_transform",
            "distance_transform_and_thresh",
            "inrange_bin",
            "inrange"
        ],
        "endpoint": {
            "name": "W",
            "abbv": "WSHD",
            "arity": 2,
            "p": 0,
            "kwargs": {
                "use_dt": false,
                "markers_distance": 21,
                "markers_area": null
            }
        },
        "mode": "default"
    }
}