{
    "dataset": {
        "name": "CIL",
        "label_name": "neuron",
        "indices": [
            39,
            47,
            88,
            45,
            69,
            14,
            15,
            75,
            33,
            9,
            81,
            46,
            25,
            83,
            65,
            8,
            52,
            42,
            23,
            26,
            63,
            2,
            61,
            1,
            11,
            56,
            32,
            10,
            51,
            54
        ]
    },
    "individual": {
        "sequence": "[[0, 0, 0, 0, 0], [0, 0, 0, 0, 0], [0, 1, 1, 80, 126], [13, 0, 2, 31, 62], [9, 2, 1, 218, 160], [37, 3, 0, 143, 244], [1, 5, 1, 72, 71], [11, 2, 3, 110, 143], [20, 7, 3, 37, 81], [21, 4, 1, 105, 16], [0, 2, 6, 106, 152], [40, 1, 6, 42, 252], [16, 10, 1, 126, 199], [3, 4, 6, 229, 166], [28, 11, 2, 9, 110], [2, 14, 12, 31, 41], [2, 0, 13, 49, 207], [34, 14, 13, 127, 30], [25, 10, 8, 193, 128], [15, 14, 18, 193, 138], [25, 4, 11, 218, 228], [21, 1, 10, 163, 5], [39, 4, 8, 97, 134], [31, 11, 14, 16, 101], [8, 8, 14, 105, 11], [28, 16, 4, 146, 212], [25, 25, 9, 10, 161], [3, 11, 17, 91, 3], [34, 2, 16, 6, 147], [1, 1, 26, 226, 231], [4, 20, 28, 74, 80], [1, 19, 27, 119, 78], [0, 6, 0, 0, 0], [0, 24, 0, 0, 0]]",
        "fitness": {
            "fitness": 0.15261037945747374,
            "time": 0.033289655049641924
        }
    },
    "decoding": {
        "metadata": {
            "rows": 1,
            "columns": 30,
            "n_in": 2,
            "n_out": 2,
            "n_para": 2,
            "n_conn": 2
        },
        "functions": [
            "max",
            "min",
            "mean",
            "add",
            "subtract",
            "bitwise_not",
            "bitwise_or",
            "bitwise_and",
            "bitwise_and_mask",
            "bitwise_xor",
            "sqrt",
            "pow2",
            "exp",
            "log",
            "median_blur",
            "gaussian_blur",
            "laplacian",
            "sobel",
            "robert_cross",
            "canny",
            "sharpen",
            "gabor",
            "abs_diff",
            "abs_diff2",
            "fluo_tophat",
            "rel_diff",
            "erode",
            "dilate",
            "open",
            "close",
            "morph_gradient",
            "morph_tophat",
            "morph_blackhat",
            "fill_holes",
            "remove_small_objects",
            "remove_small_holes",
            "threshold",
            "threshold_at_1",
            "distance_transform",
            "distance_transform_and_thresh",
            "inrange_bin",
            "inrange"
        ],
        "endpoint": {
            "name": "Marker-Based Watershed",
            "abbv": "WSHD",
            "arity": 2,
            "args": 0,
            "kwargs": {
                "use_dt": false,
                "markers_distance": 21,
                "markers_area": null
            }
        },
        "mode": "default"
    }
}