{
    "dataset": {
        "name": "CIL",
        "label_name": "neuron",
        "indices": [
            61,
            69,
            5,
            66,
            58,
            57,
            29,
            15,
            76,
            72,
            45
        ]
    },
    "individual": {
        "sequence": "[[0, 0, 0, 0, 0], [0, 0, 0, 0, 0], [41, 1, 1, 41, 125], [13, 2, 2, 227, 81], [33, 1, 0, 167, 30], [25, 4, 0, 253, 15], [15, 4, 0, 188, 85], [0, 0, 1, 47, 184], [18, 5, 4, 134, 214], [33, 1, 5, 161, 165], [12, 8, 4, 92, 136], [6, 3, 4, 176, 252], [13, 0, 8, 20, 247], [18, 0, 8, 162, 135], [16, 3, 1, 67, 235], [18, 8, 1, 123, 143], [34, 2, 15, 5, 113], [27, 1, 16, 252, 236], [14, 1, 0, 40, 17], [38, 3, 4, 77, 208], [35, 4, 6, 101, 133], [12, 12, 19, 241, 254], [26, 9, 13, 8, 18], [12, 6, 16, 161, 61], [13, 11, 3, 114, 226], [15, 1, 0, 241, 77], [23, 6, 0, 27, 192], [19, 15, 4, 44, 159], [30, 4, 14, 24, 219], [20, 4, 12, 40, 83], [33, 18, 17, 214, 114], [31, 17, 14, 77, 175], [0, 21, 0, 0, 0], [0, 16, 0, 0, 0]]",
        "fitness": {
            "fitness": 0.1627261150966991,
            "time": 0.0326887694272128
        }
    },
    "decoding": {
        "metadata": {
            "rows": 1,
            "columns": 30,
            "n_in": 2,
            "n_out": 2,
            "n_para": 2,
            "n_conn": 2
        },
        "functions": [
            "max",
            "min",
            "mean",
            "add",
            "subtract",
            "bitwise_not",
            "bitwise_or",
            "bitwise_and",
            "bitwise_and_mask",
            "bitwise_xor",
            "sqrt",
            "pow2",
            "exp",
            "log",
            "median_blur",
            "gaussian_blur",
            "laplacian",
            "sobel",
            "robert_cross",
            "canny",
            "sharpen",
            "gabor",
            "abs_diff",
            "abs_diff2",
            "fluo_tophat",
            "rel_diff",
            "erode",
            "dilate",
            "open",
            "close",
            "morph_gradient",
            "morph_tophat",
            "morph_blackhat",
            "fill_holes",
            "remove_small_objects",
            "remove_small_holes",
            "threshold",
            "threshold_at_1",
            "distance_transform",
            "distance_transform_and_thresh",
            "inrange_bin",
            "inrange"
        ],
        "endpoint": {
            "name": "Marker-Based Watershed",
            "abbv": "WSHD",
            "arity": 2,
            "p": 0,
            "kwargs": {
                "use_dt": false,
                "markers_distance": 21,
                "markers_area": null
            }
        },
        "mode": "default"
    }
}