{
    "dataset": {
        "name": "CIL",
        "label_name": "neuron",
        "indices": [
            0,
            63,
            26,
            47,
            51,
            44,
            75,
            71,
            5,
            58,
            32,
            54,
            79
        ]
    },
    "individual": {
        "sequence": "[[0, 0, 0, 0, 0], [0, 0, 0, 0, 0], [3, 1, 1, 225, 97], [32, 0, 2, 171, 3], [12, 0, 0, 199, 27], [41, 4, 3, 10, 186], [0, 2, 2, 164, 126], [11, 2, 2, 188, 182], [27, 5, 2, 113, 25], [27, 8, 5, 217, 66], [26, 4, 3, 9, 130], [4, 5, 7, 254, 95], [4, 7, 11, 155, 94], [19, 12, 9, 195, 98], [0, 4, 8, 120, 87], [16, 10, 1, 162, 24], [39, 3, 14, 83, 241], [41, 13, 2, 61, 196], [36, 9, 4, 92, 205], [32, 7, 16, 194, 148], [13, 3, 1, 201, 243], [13, 5, 2, 96, 221], [16, 13, 6, 114, 96], [22, 13, 17, 194, 80], [11, 21, 1, 72, 166], [9, 8, 11, 175, 136], [17, 2, 20, 124, 133], [10, 14, 22, 216, 145], [40, 2, 22, 19, 228], [40, 6, 5, 165, 228], [26, 7, 29, 182, 16], [6, 10, 6, 93, 102], [0, 5, 0, 0, 0], [0, 22, 0, 0, 0]]",
        "fitness": {
            "fitness": 0.09024588878338154,
            "time": 0.02942367700430063
        }
    },
    "decoding": {
        "metadata": {
            "rows": 1,
            "columns": 30,
            "n_in": 2,
            "n_out": 2,
            "n_para": 2,
            "n_conn": 2
        },
        "functions": [
            "max",
            "min",
            "mean",
            "add",
            "subtract",
            "bitwise_not",
            "bitwise_or",
            "bitwise_and",
            "bitwise_and_mask",
            "bitwise_xor",
            "sqrt",
            "pow2",
            "exp",
            "log",
            "median_blur",
            "gaussian_blur",
            "laplacian",
            "sobel",
            "robert_cross",
            "canny",
            "sharpen",
            "gabor",
            "abs_diff",
            "abs_diff2",
            "fluo_tophat",
            "rel_diff",
            "erode",
            "dilate",
            "open",
            "close",
            "morph_gradient",
            "morph_tophat",
            "morph_blackhat",
            "fill_holes",
            "remove_small_objects",
            "remove_small_holes",
            "threshold",
            "threshold_at_1",
            "distance_transform",
            "distance_transform_and_thresh",
            "inrange_bin",
            "inrange"
        ],
        "endpoint": {
            "name": "Marker-Based Watershed",
            "abbv": "WSHD",
            "arity": 2,
            "p": 0,
            "kwargs": {
                "use_dt": false,
                "markers_distance": 21,
                "markers_area": null
            }
        },
        "mode": "default"
    }
}