{
    "dataset": {
        "name": "CIL",
        "label_name": "neuron",
        "indices": [
            28,
            29,
            27,
            18,
            11,
            38
        ]
    },
    "individual": {
        "sequence": "[[0, 0, 0, 0, 0], [0, 0, 0, 0, 0], [1, 0, 1, 24, 228], [36, 1, 2, 212, 32], [28, 3, 0, 35, 169], [4, 3, 0, 209, 214], [28, 5, 0, 11, 231], [6, 0, 0, 199, 88], [3, 7, 2, 6, 161], [20, 6, 4, 39, 5], [40, 9, 9, 186, 200], [11, 8, 10, 134, 197], [3, 4, 10, 125, 251], [17, 2, 4, 142, 158], [33, 3, 5, 95, 57], [7, 10, 6, 230, 143], [37, 9, 12, 83, 104], [17, 13, 0, 20, 184], [13, 13, 5, 99, 212], [12, 16, 3, 84, 221], [28, 19, 16, 156, 91], [23, 20, 1, 4, 127], [18, 13, 8, 133, 213], [33, 19, 10, 5, 8], [28, 18, 7, 69, 175], [25, 11, 0, 91, 98], [18, 4, 21, 126, 148], [34, 23, 19, 236, 150], [34, 3, 18, 234, 183], [12, 23, 0, 1, 178], [26, 4, 14, 170, 97], [4, 11, 25, 250, 78], [0, 31, 0, 0, 0], [0, 16, 0, 0, 0]]",
        "fitness": {
            "fitness": 0.09882233540217082,
            "time": 0.03693298498789469
        }
    },
    "decoding": {
        "metadata": {
            "rows": 1,
            "columns": 30,
            "n_in": 2,
            "n_out": 2,
            "n_para": 2,
            "n_conn": 2
        },
        "functions": [
            "max",
            "min",
            "mean",
            "add",
            "subtract",
            "bitwise_not",
            "bitwise_or",
            "bitwise_and",
            "bitwise_and_mask",
            "bitwise_xor",
            "sqrt",
            "pow2",
            "exp",
            "log",
            "median_blur",
            "gaussian_blur",
            "laplacian",
            "sobel",
            "robert_cross",
            "canny",
            "sharpen",
            "gabor",
            "abs_diff",
            "abs_diff2",
            "fluo_tophat",
            "rel_diff",
            "erode",
            "dilate",
            "open",
            "close",
            "morph_gradient",
            "morph_tophat",
            "morph_blackhat",
            "fill_holes",
            "remove_small_objects",
            "remove_small_holes",
            "threshold",
            "threshold_at_1",
            "distance_transform",
            "distance_transform_and_thresh",
            "inrange_bin",
            "inrange"
        ],
        "endpoint": {
            "name": "W",
            "abbv": "WSHD",
            "arity": 2,
            "p": 0,
            "kwargs": {
                "use_dt": false,
                "markers_distance": 21,
                "markers_area": null
            }
        },
        "mode": "default"
    }
}