{
    "dataset": {
        "name": "CIL",
        "label_name": "neuron",
        "indices": [
            42,
            26,
            4,
            36,
            78,
            15,
            76,
            70,
            88,
            24,
            69,
            68,
            44,
            85,
            64,
            10,
            3,
            83,
            16,
            87,
            58,
            72,
            20,
            6,
            82,
            38,
            35,
            71,
            51,
            77
        ]
    },
    "individual": {
        "sequence": "[[0, 0, 0, 0, 0], [0, 0, 0, 0, 0], [24, 0, 1, 14, 153], [2, 0, 1, 60, 111], [1, 3, 2, 237, 23], [11, 1, 2, 141, 181], [3, 4, 0, 49, 166], [30, 0, 2, 118, 211], [39, 7, 1, 42, 26], [27, 5, 3, 22, 11], [33, 8, 8, 201, 228], [11, 9, 8, 192, 14], [24, 6, 1, 250, 79], [11, 12, 0, 233, 194], [22, 13, 9, 188, 14], [27, 2, 10, 164, 186], [5, 10, 9, 36, 166], [32, 2, 1, 25, 126], [21, 2, 12, 218, 103], [2, 11, 8, 19, 22], [32, 17, 5, 129, 166], [13, 17, 14, 95, 161], [3, 5, 6, 156, 88], [9, 16, 20, 127, 115], [8, 19, 18, 83, 218], [19, 12, 16, 70, 209], [8, 5, 11, 199, 193], [37, 1, 16, 77, 18], [20, 24, 27, 229, 167], [7, 23, 14, 191, 37], [38, 0, 17, 111, 122], [36, 6, 17, 130, 16], [0, 13, 0, 0, 0], [0, 26, 0, 0, 0]]",
        "fitness": {
            "fitness": 0.15739656488100687,
            "time": 0.12366081873575846
        }
    },
    "decoding": {
        "metadata": {
            "rows": 1,
            "columns": 30,
            "n_in": 2,
            "n_out": 2,
            "n_para": 2,
            "n_conn": 2
        },
        "functions": [
            "max",
            "min",
            "mean",
            "add",
            "subtract",
            "bitwise_not",
            "bitwise_or",
            "bitwise_and",
            "bitwise_and_mask",
            "bitwise_xor",
            "sqrt",
            "pow2",
            "exp",
            "log",
            "median_blur",
            "gaussian_blur",
            "laplacian",
            "sobel",
            "robert_cross",
            "canny",
            "sharpen",
            "gabor",
            "abs_diff",
            "abs_diff2",
            "fluo_tophat",
            "rel_diff",
            "erode",
            "dilate",
            "open",
            "close",
            "morph_gradient",
            "morph_tophat",
            "morph_blackhat",
            "fill_holes",
            "remove_small_objects",
            "remove_small_holes",
            "threshold",
            "threshold_at_1",
            "distance_transform",
            "distance_transform_and_thresh",
            "inrange_bin",
            "inrange"
        ],
        "endpoint": {
            "name": "Marker-Based Watershed",
            "abbv": "WSHD",
            "arity": 2,
            "args": 0,
            "kwargs": {
                "use_dt": false,
                "markers_distance": 21,
                "markers_area": null
            }
        },
        "mode": "default"
    }
}