{
    "dataset": {
        "name": "CIL",
        "label_name": "neuron",
        "indices": [
            2,
            8,
            68,
            31,
            20,
            17,
            74,
            87,
            51
        ]
    },
    "individual": {
        "sequence": "[[0, 0, 0, 0, 0], [0, 0, 0, 0, 0], [14, 1, 0, 3, 116], [10, 1, 2, 221, 223], [14, 1, 3, 210, 223], [35, 1, 2, 126, 187], [28, 0, 4, 225, 102], [17, 0, 1, 18, 105], [13, 7, 4, 174, 144], [36, 2, 5, 1, 47], [2, 5, 0, 19, 210], [22, 10, 3, 204, 142], [19, 5, 3, 21, 190], [11, 12, 1, 144, 48], [31, 10, 5, 199, 40], [31, 5, 12, 115, 113], [29, 15, 5, 199, 202], [18, 11, 4, 145, 143], [28, 2, 5, 128, 161], [9, 18, 14, 222, 122], [14, 2, 8, 165, 225], [7, 6, 13, 183, 77], [13, 2, 17, 5, 191], [22, 6, 18, 142, 191], [41, 21, 10, 56, 35], [8, 2, 9, 218, 149], [8, 14, 12, 161, 50], [2, 14, 9, 109, 245], [9, 4, 8, 207, 52], [19, 6, 11, 229, 192], [34, 11, 18, 171, 232], [26, 20, 4, 72, 69], [0, 27, 0, 0, 0], [0, 9, 0, 0, 0]]",
        "fitness": {
            "fitness": 0.09461384349399143,
            "time": 0.03818628523084852
        }
    },
    "decoding": {
        "metadata": {
            "rows": 1,
            "columns": 30,
            "n_in": 2,
            "n_out": 2,
            "n_para": 2,
            "n_conn": 2
        },
        "functions": [
            "max",
            "min",
            "mean",
            "add",
            "subtract",
            "bitwise_not",
            "bitwise_or",
            "bitwise_and",
            "bitwise_and_mask",
            "bitwise_xor",
            "sqrt",
            "pow2",
            "exp",
            "log",
            "median_blur",
            "gaussian_blur",
            "laplacian",
            "sobel",
            "robert_cross",
            "canny",
            "sharpen",
            "gabor",
            "abs_diff",
            "abs_diff2",
            "fluo_tophat",
            "rel_diff",
            "erode",
            "dilate",
            "open",
            "close",
            "morph_gradient",
            "morph_tophat",
            "morph_blackhat",
            "fill_holes",
            "remove_small_objects",
            "remove_small_holes",
            "threshold",
            "threshold_at_1",
            "distance_transform",
            "distance_transform_and_thresh",
            "inrange_bin",
            "inrange"
        ],
        "endpoint": {
            "name": "W",
            "abbv": "WSHD",
            "arity": 2,
            "p": 0,
            "kwargs": {
                "use_dt": false,
                "markers_distance": 21,
                "markers_area": null
            }
        },
        "mode": "default"
    }
}