{
    "dataset": {
        "name": "CIL",
        "label_name": "neuron",
        "indices": [
            13,
            34,
            62,
            59,
            43,
            14,
            0,
            8,
            2,
            5
        ]
    },
    "individual": {
        "sequence": "[[0, 0, 0, 0, 0], [0, 0, 0, 0, 0], [24, 1, 1, 24, 157], [14, 2, 2, 157, 45], [14, 0, 2, 6, 42], [36, 2, 2, 18, 69], [24, 4, 4, 42, 197], [2, 5, 5, 141, 179], [6, 6, 2, 243, 197], [34, 4, 4, 160, 46], [15, 4, 2, 211, 125], [3, 5, 8, 211, 156], [9, 7, 1, 116, 183], [20, 7, 7, 240, 41], [22, 8, 12, 47, 0], [14, 5, 1, 3, 185], [31, 15, 2, 93, 27], [32, 13, 14, 40, 230], [8, 4, 16, 33, 122], [14, 11, 2, 123, 23], [27, 6, 10, 96, 38], [7, 19, 8, 11, 186], [25, 19, 17, 246, 106], [39, 16, 5, 82, 86], [1, 11, 18, 185, 192], [11, 11, 4, 144, 177], [32, 0, 11, 70, 160], [34, 17, 6, 54, 220], [22, 0, 0, 172, 41], [41, 23, 24, 147, 110], [23, 3, 6, 186, 245], [3, 25, 22, 70, 169], [0, 25, 0, 0, 0], [0, 15, 0, 0, 0]]",
        "fitness": {
            "fitness": 0.10170568823814392,
            "time": 0.0764916181564331
        }
    },
    "decoding": {
        "metadata": {
            "rows": 1,
            "columns": 30,
            "n_in": 2,
            "n_out": 2,
            "n_para": 2,
            "n_conn": 2
        },
        "functions": [
            "max",
            "min",
            "mean",
            "add",
            "subtract",
            "bitwise_not",
            "bitwise_or",
            "bitwise_and",
            "bitwise_and_mask",
            "bitwise_xor",
            "sqrt",
            "pow2",
            "exp",
            "log",
            "median_blur",
            "gaussian_blur",
            "laplacian",
            "sobel",
            "robert_cross",
            "canny",
            "sharpen",
            "gabor",
            "abs_diff",
            "abs_diff2",
            "fluo_tophat",
            "rel_diff",
            "erode",
            "dilate",
            "open",
            "close",
            "morph_gradient",
            "morph_tophat",
            "morph_blackhat",
            "fill_holes",
            "remove_small_objects",
            "remove_small_holes",
            "threshold",
            "threshold_at_1",
            "distance_transform",
            "distance_transform_and_thresh",
            "inrange_bin",
            "inrange"
        ],
        "endpoint": {
            "name": "W",
            "abbv": "WSHD",
            "arity": 2,
            "p": 0,
            "kwargs": {
                "use_dt": false,
                "markers_distance": 21,
                "markers_area": null
            }
        },
        "mode": "default"
    }
}