{
    "dataset": {
        "name": "CIL",
        "label_name": "neuron",
        "indices": [
            39,
            7,
            77,
            76,
            27,
            38,
            4,
            83,
            68,
            86,
            75,
            17,
            59
        ]
    },
    "individual": {
        "sequence": "[[0, 0, 0, 0, 0], [0, 0, 0, 0, 0], [36, 0, 0, 140, 9], [11, 0, 1, 8, 225], [31, 0, 0, 169, 72], [24, 1, 2, 17, 88], [9, 3, 4, 3, 196], [4, 5, 6, 206, 172], [28, 7, 5, 16, 102], [37, 8, 7, 236, 66], [31, 5, 0, 166, 120], [13, 3, 5, 186, 151], [24, 8, 0, 81, 129], [36, 12, 5, 231, 33], [26, 2, 10, 110, 184], [29, 13, 2, 79, 17], [4, 11, 8, 255, 203], [12, 4, 11, 165, 29], [3, 12, 17, 85, 143], [34, 6, 9, 216, 117], [34, 0, 2, 128, 171], [33, 5, 16, 230, 27], [39, 13, 2, 145, 68], [6, 2, 10, 246, 76], [37, 13, 11, 98, 41], [32, 13, 1, 48, 117], [29, 25, 16, 105, 145], [5, 11, 21, 34, 24], [2, 24, 2, 26, 195], [31, 12, 12, 115, 233], [15, 18, 8, 201, 22], [0, 29, 2, 122, 217], [0, 28, 0, 0, 0], [0, 24, 0, 0, 0]]",
        "fitness": {
            "fitness": 0.09057164650696975,
            "time": 0.09366855254540077
        }
    },
    "decoding": {
        "metadata": {
            "rows": 1,
            "columns": 30,
            "n_in": 2,
            "n_out": 2,
            "n_para": 2,
            "n_conn": 2
        },
        "functions": [
            "max",
            "min",
            "mean",
            "add",
            "subtract",
            "bitwise_not",
            "bitwise_or",
            "bitwise_and",
            "bitwise_and_mask",
            "bitwise_xor",
            "sqrt",
            "pow2",
            "exp",
            "log",
            "median_blur",
            "gaussian_blur",
            "laplacian",
            "sobel",
            "robert_cross",
            "canny",
            "sharpen",
            "gabor",
            "abs_diff",
            "abs_diff2",
            "fluo_tophat",
            "rel_diff",
            "erode",
            "dilate",
            "open",
            "close",
            "morph_gradient",
            "morph_tophat",
            "morph_blackhat",
            "fill_holes",
            "remove_small_objects",
            "remove_small_holes",
            "threshold",
            "threshold_at_1",
            "distance_transform",
            "distance_transform_and_thresh",
            "inrange_bin",
            "inrange"
        ],
        "endpoint": {
            "name": "Marker-Based Watershed",
            "abbv": "WSHD",
            "arity": 2,
            "p": 0,
            "kwargs": {
                "use_dt": false,
                "markers_distance": 21,
                "markers_area": null
            }
        },
        "mode": "default"
    }
}