{
    "dataset": {
        "name": "CIL",
        "label_name": "neuron",
        "indices": [
            31,
            69,
            52,
            80,
            37,
            32,
            24,
            86,
            81,
            88,
            48
        ]
    },
    "individual": {
        "sequence": "[[0, 0, 0, 0, 0], [0, 0, 0, 0, 0], [16, 0, 0, 225, 214], [36, 2, 1, 138, 34], [2, 1, 3, 144, 13], [3, 0, 4, 55, 39], [20, 1, 3, 30, 67], [2, 6, 1, 34, 98], [10, 4, 0, 8, 96], [5, 6, 3, 132, 11], [12, 7, 5, 239, 234], [11, 5, 10, 215, 71], [8, 7, 1, 14, 72], [40, 4, 6, 2, 88], [16, 6, 6, 116, 124], [30, 13, 8, 87, 54], [1, 11, 1, 113, 166], [29, 2, 9, 214, 125], [28, 12, 13, 27, 119], [22, 7, 3, 115, 91], [33, 15, 2, 149, 201], [23, 19, 3, 184, 208], [15, 2, 16, 25, 193], [18, 13, 6, 194, 176], [11, 17, 5, 202, 162], [16, 4, 14, 123, 153], [6, 13, 13, 176, 226], [41, 18, 2, 37, 170], [4, 3, 0, 8, 208], [24, 25, 23, 253, 200], [24, 20, 9, 227, 77], [0, 9, 3, 223, 128], [0, 11, 0, 0, 0], [0, 27, 0, 0, 0]]",
        "fitness": {
            "fitness": 0.11717543276873502,
            "time": 0.025217511437155983
        }
    },
    "decoding": {
        "metadata": {
            "rows": 1,
            "columns": 30,
            "n_in": 2,
            "n_out": 2,
            "n_para": 2,
            "n_conn": 2
        },
        "functions": [
            "max",
            "min",
            "mean",
            "add",
            "subtract",
            "bitwise_not",
            "bitwise_or",
            "bitwise_and",
            "bitwise_and_mask",
            "bitwise_xor",
            "sqrt",
            "pow2",
            "exp",
            "log",
            "median_blur",
            "gaussian_blur",
            "laplacian",
            "sobel",
            "robert_cross",
            "canny",
            "sharpen",
            "gabor",
            "abs_diff",
            "abs_diff2",
            "fluo_tophat",
            "rel_diff",
            "erode",
            "dilate",
            "open",
            "close",
            "morph_gradient",
            "morph_tophat",
            "morph_blackhat",
            "fill_holes",
            "remove_small_objects",
            "remove_small_holes",
            "threshold",
            "threshold_at_1",
            "distance_transform",
            "distance_transform_and_thresh",
            "inrange_bin",
            "inrange"
        ],
        "endpoint": {
            "name": "Marker-Based Watershed",
            "abbv": "WSHD",
            "arity": 2,
            "p": 0,
            "kwargs": {
                "use_dt": false,
                "markers_distance": 21,
                "markers_area": null
            }
        },
        "mode": "default"
    }
}