{
    "dataset": {
        "name": "CIL",
        "label_name": "neuron",
        "indices": [
            9,
            26,
            56,
            70,
            77,
            53,
            24,
            12,
            27,
            35,
            25,
            71,
            82,
            88,
            69,
            76,
            39,
            85,
            38,
            22,
            28,
            78,
            30,
            16,
            51,
            80,
            45,
            29,
            40,
            73,
            44,
            87,
            47,
            3,
            11,
            46,
            57,
            4,
            32,
            42
        ]
    },
    "individual": {
        "sequence": "[[0, 0, 0, 0, 0], [0, 0, 0, 0, 0], [7, 0, 0, 207, 24], [20, 1, 2, 46, 72], [26, 1, 1, 5, 121], [1, 3, 0, 210, 92], [3, 5, 2, 242, 68], [19, 4, 4, 143, 214], [28, 7, 3, 182, 43], [2, 1, 1, 193, 193], [32, 7, 1, 180, 75], [11, 6, 1, 143, 93], [7, 3, 6, 45, 175], [41, 4, 1, 39, 205], [39, 12, 13, 12, 64], [36, 0, 8, 225, 190], [20, 9, 8, 139, 178], [23, 1, 4, 175, 197], [34, 16, 6, 13, 229], [16, 13, 8, 80, 185], [22, 11, 14, 128, 167], [22, 9, 6, 82, 94], [13, 4, 2, 101, 219], [38, 20, 9, 141, 112], [9, 23, 9, 126, 71], [21, 4, 19, 254, 201], [18, 11, 0, 120, 169], [3, 20, 6, 157, 52], [18, 19, 25, 36, 186], [8, 9, 20, 234, 47], [36, 16, 14, 143, 2], [31, 22, 23, 164, 25], [0, 11, 0, 0, 0], [0, 28, 0, 0, 0]]",
        "fitness": {
            "fitness": 0.14012999832630157,
            "time": 0.029236596822738648
        }
    },
    "decoding": {
        "metadata": {
            "rows": 1,
            "columns": 30,
            "n_in": 2,
            "n_out": 2,
            "n_para": 2,
            "n_conn": 2
        },
        "functions": [
            "max",
            "min",
            "mean",
            "add",
            "subtract",
            "bitwise_not",
            "bitwise_or",
            "bitwise_and",
            "bitwise_and_mask",
            "bitwise_xor",
            "sqrt",
            "pow2",
            "exp",
            "log",
            "median_blur",
            "gaussian_blur",
            "laplacian",
            "sobel",
            "robert_cross",
            "canny",
            "sharpen",
            "gabor",
            "abs_diff",
            "abs_diff2",
            "fluo_tophat",
            "rel_diff",
            "erode",
            "dilate",
            "open",
            "close",
            "morph_gradient",
            "morph_tophat",
            "morph_blackhat",
            "fill_holes",
            "remove_small_objects",
            "remove_small_holes",
            "threshold",
            "threshold_at_1",
            "distance_transform",
            "distance_transform_and_thresh",
            "inrange_bin",
            "inrange"
        ],
        "endpoint": {
            "name": "Marker-Based Watershed",
            "abbv": "WSHD",
            "arity": 2,
            "args": 0,
            "kwargs": {
                "use_dt": false,
                "markers_distance": 21,
                "markers_area": null
            }
        },
        "mode": "default"
    }
}