{
    "dataset": {
        "name": "CIL",
        "label_name": "neuron",
        "indices": [
            5,
            71,
            31,
            45,
            44,
            27,
            61,
            21,
            86,
            59,
            62,
            80,
            41
        ]
    },
    "individual": {
        "sequence": "[[0, 0, 0, 0, 0], [0, 0, 0, 0, 0], [18, 1, 0, 204, 163], [3, 1, 0, 215, 97], [2, 0, 1, 167, 211], [31, 1, 2, 209, 140], [3, 4, 3, 91, 81], [2, 0, 6, 127, 108], [24, 6, 7, 71, 146], [26, 3, 2, 94, 196], [30, 2, 6, 239, 205], [13, 2, 2, 119, 89], [16, 0, 0, 27, 225], [11, 8, 0, 187, 73], [15, 5, 7, 32, 140], [8, 3, 4, 63, 178], [3, 2, 7, 0, 112], [11, 3, 8, 70, 174], [41, 16, 4, 76, 6], [41, 14, 6, 37, 172], [15, 15, 14, 143, 120], [17, 12, 11, 71, 52], [4, 11, 17, 150, 127], [36, 6, 14, 95, 213], [22, 17, 18, 249, 127], [25, 1, 20, 33, 253], [28, 5, 14, 42, 121], [34, 4, 2, 206, 133], [11, 6, 7, 40, 23], [37, 25, 5, 100, 143], [0, 26, 19, 154, 195], [1, 3, 22, 8, 182], [0, 13, 0, 0, 0], [0, 19, 0, 0, 0]]",
        "fitness": {
            "fitness": 0.09626978177290696,
            "time": 0.04072719353895921
        }
    },
    "decoding": {
        "metadata": {
            "rows": 1,
            "columns": 30,
            "n_in": 2,
            "n_out": 2,
            "n_para": 2,
            "n_conn": 2
        },
        "functions": [
            "max",
            "min",
            "mean",
            "add",
            "subtract",
            "bitwise_not",
            "bitwise_or",
            "bitwise_and",
            "bitwise_and_mask",
            "bitwise_xor",
            "sqrt",
            "pow2",
            "exp",
            "log",
            "median_blur",
            "gaussian_blur",
            "laplacian",
            "sobel",
            "robert_cross",
            "canny",
            "sharpen",
            "gabor",
            "abs_diff",
            "abs_diff2",
            "fluo_tophat",
            "rel_diff",
            "erode",
            "dilate",
            "open",
            "close",
            "morph_gradient",
            "morph_tophat",
            "morph_blackhat",
            "fill_holes",
            "remove_small_objects",
            "remove_small_holes",
            "threshold",
            "threshold_at_1",
            "distance_transform",
            "distance_transform_and_thresh",
            "inrange_bin",
            "inrange"
        ],
        "endpoint": {
            "name": "Marker-Based Watershed",
            "abbv": "WSHD",
            "arity": 2,
            "p": 0,
            "kwargs": {
                "use_dt": false,
                "markers_distance": 21,
                "markers_area": null
            }
        },
        "mode": "default"
    }
}