{
    "dataset": {
        "name": "CIL",
        "label_name": "neuron",
        "indices": [
            53,
            54,
            0,
            56,
            83,
            9,
            25,
            26,
            74,
            12,
            10,
            6,
            3,
            52,
            88,
            64,
            36,
            32,
            28,
            65,
            85,
            77,
            42,
            2,
            23,
            29,
            44,
            63,
            20,
            62
        ]
    },
    "individual": {
        "sequence": "[[0, 0, 0, 0, 0], [0, 0, 0, 0, 0], [3, 0, 0, 117, 44], [35, 2, 1, 104, 52], [24, 2, 0, 28, 178], [23, 1, 3, 8, 233], [40, 1, 4, 41, 186], [27, 1, 4, 51, 53], [8, 1, 3, 46, 129], [39, 0, 5, 225, 24], [34, 6, 4, 7, 233], [19, 5, 5, 121, 59], [8, 0, 4, 7, 87], [16, 4, 4, 243, 212], [33, 12, 1, 166, 70], [29, 11, 10, 54, 160], [29, 5, 14, 68, 15], [15, 15, 5, 37, 239], [8, 17, 5, 18, 86], [33, 8, 7, 191, 243], [32, 9, 5, 244, 86], [6, 18, 4, 217, 108], [30, 17, 3, 24, 136], [12, 16, 12, 202, 205], [5, 6, 8, 246, 8], [41, 16, 13, 144, 34], [41, 8, 21, 69, 87], [11, 21, 1, 51, 209], [4, 27, 19, 41, 117], [22, 13, 0, 112, 62], [30, 5, 21, 150, 25], [0, 10, 6, 162, 164], [0, 27, 0, 0, 0], [0, 10, 0, 0, 0]]",
        "fitness": {
            "fitness": 0.10753327012062072,
            "time": 0.05049302577972412
        }
    },
    "decoding": {
        "metadata": {
            "rows": 1,
            "columns": 30,
            "n_in": 2,
            "n_out": 2,
            "n_para": 2,
            "n_conn": 2
        },
        "functions": [
            "max",
            "min",
            "mean",
            "add",
            "subtract",
            "bitwise_not",
            "bitwise_or",
            "bitwise_and",
            "bitwise_and_mask",
            "bitwise_xor",
            "sqrt",
            "pow2",
            "exp",
            "log",
            "median_blur",
            "gaussian_blur",
            "laplacian",
            "sobel",
            "robert_cross",
            "canny",
            "sharpen",
            "gabor",
            "abs_diff",
            "abs_diff2",
            "fluo_tophat",
            "rel_diff",
            "erode",
            "dilate",
            "open",
            "close",
            "morph_gradient",
            "morph_tophat",
            "morph_blackhat",
            "fill_holes",
            "remove_small_objects",
            "remove_small_holes",
            "threshold",
            "threshold_at_1",
            "distance_transform",
            "distance_transform_and_thresh",
            "inrange_bin",
            "inrange"
        ],
        "endpoint": {
            "name": "Marker-Based Watershed",
            "abbv": "WSHD",
            "arity": 2,
            "args": 0,
            "kwargs": {
                "use_dt": false,
                "markers_distance": 21,
                "markers_area": null
            }
        },
        "mode": "default"
    }
}