{
    "dataset": {
        "name": "Tumor",
        "label_name": "tumor",
        "indices": null
    },
    "individual": {
        "sequence": "[[0, 0, 0, 0, 0], [0, 0, 0, 0, 0], [0, 0, 0, 0, 0], [4, 1, 0, 17, 129], [29, 3, 2, 191, 102], [15, 4, 3, 55, 16], [5, 2, 4, 242, 171], [14, 5, 5, 136, 135], [16, 7, 2, 50, 186], [1, 6, 7, 86, 12], [4, 5, 1, 31, 65], [18, 6, 9, 55, 3], [15, 4, 8, 15, 194], [30, 1, 7, 210, 190], [18, 10, 10, 125, 221], [40, 14, 6, 101, 207], [23, 10, 2, 208, 42], [25, 10, 7, 213, 8], [18, 0, 0, 20, 157], [37, 6, 5, 9, 233], [4, 12, 16, 249, 142], [3, 17, 11, 227, 138], [17, 3, 16, 109, 251], [15, 7, 9, 234, 110], [6, 14, 3, 18, 244], [2, 11, 20, 49, 65], [26, 6, 0, 228, 178], [15, 25, 1, 245, 134], [41, 7, 3, 95, 204], [25, 14, 13, 254, 130], [37, 21, 19, 202, 212], [13, 10, 16, 157, 130], [22, 18, 19, 178, 141], [0, 9, 0, 0, 0]]",
        "fitness": {
            "fitness": 0.1525638783840538,
            "time": 0.03276775280634562
        }
    },
    "decoding": {
        "metadata": {
            "rows": 1,
            "columns": 30,
            "n_in": 3,
            "n_out": 1,
            "n_para": 2,
            "n_conn": 2
        },
        "functions": [
            "max",
            "min",
            "mean",
            "add",
            "subtract",
            "bitwise_not",
            "bitwise_or",
            "bitwise_and",
            "bitwise_and_mask",
            "bitwise_xor",
            "sqrt",
            "pow2",
            "exp",
            "log",
            "median_blur",
            "gaussian_blur",
            "laplacian",
            "sobel",
            "robert_cross",
            "canny",
            "sharpen",
            "gabor",
            "abs_diff",
            "abs_diff2",
            "fluo_tophat",
            "rel_diff",
            "erode",
            "dilate",
            "open",
            "close",
            "morph_gradient",
            "morph_tophat",
            "morph_blackhat",
            "fill_holes",
            "remove_small_objects",
            "remove_small_holes",
            "threshold",
            "threshold_at_1",
            "distance_transform",
            "distance_transform_and_thresh",
            "inrange_bin",
            "inrange"
        ],
        "endpoint": {
            "name": "Threshold (t=4)",
            "abbv": "TRSH",
            "arity": 1,
            "p": 0,
            "kwargs": {
                "threshold": 4
            }
        },
        "mode": "default"
    }
}