{
    "dataset": {
        "name": "Melanoma",
        "label_name": "melanoma",
        "indices": null
    },
    "individual": {
        "sequence": "[[0, 0, 0, 0, 0], [0, 0, 0, 0, 0], [0, 0, 0, 0, 0], [5, 2, 2, 31, 249], [37, 1, 3, 131, 46], [7, 2, 1, 159, 219], [28, 5, 4, 207, 66], [40, 5, 1, 221, 32], [28, 5, 7, 57, 55], [31, 7, 4, 149, 7], [5, 3, 3, 77, 76], [41, 8, 0, 139, 253], [12, 4, 11, 220, 35], [25, 8, 11, 251, 28], [17, 7, 10, 19, 54], [13, 8, 12, 185, 187], [6, 3, 11, 161, 219], [17, 3, 12, 71, 173], [11, 15, 14, 90, 40], [1, 17, 0, 36, 30], [4, 6, 1, 180, 66], [9, 7, 3, 130, 1], [37, 10, 19, 106, 246], [4, 15, 10, 50, 165], [25, 0, 3, 118, 207], [28, 5, 4, 199, 181], [28, 16, 20, 176, 163], [3, 17, 11, 38, 193], [5, 10, 17, 184, 124], [17, 0, 14, 40, 110], [2, 11, 0, 251, 235], [36, 8, 26, 88, 119], [27, 19, 13, 159, 166], [0, 31, 0, 0, 0], [0, 11, 0, 0, 0]]",
        "fitness": {
            "fitness": 0.19315515458583832,
            "time": 0.006212095419565837
        }
    },
    "decoding": {
        "metadata": {
            "rows": 1,
            "columns": 30,
            "n_in": 3,
            "n_out": 2,
            "n_para": 2,
            "n_conn": 2
        },
        "functions": [
            "max",
            "min",
            "mean",
            "add",
            "subtract",
            "bitwise_not",
            "bitwise_or",
            "bitwise_and",
            "bitwise_and_mask",
            "bitwise_xor",
            "sqrt",
            "pow2",
            "exp",
            "log",
            "median_blur",
            "gaussian_blur",
            "laplacian",
            "sobel",
            "robert_cross",
            "canny",
            "sharpen",
            "gabor",
            "abs_diff",
            "abs_diff2",
            "fluo_tophat",
            "rel_diff",
            "erode",
            "dilate",
            "open",
            "close",
            "morph_gradient",
            "morph_tophat",
            "morph_blackhat",
            "fill_holes",
            "remove_small_objects",
            "remove_small_holes",
            "threshold",
            "threshold_at_1",
            "distance_transform",
            "distance_transform_and_thresh",
            "inrange_bin",
            "inrange"
        ],
        "endpoint": {
            "name": "Marker-Based Watershed",
            "abbv": "WSHD",
            "arity": 2,
            "args": 0,
            "kwargs": {
                "use_dt": false,
                "markers_distance": 21,
                "markers_area": null
            }
        },
        "mode": "default"
    }
}