{
    "dataset": {
        "name": "CIL",
        "label_name": "neuron",
        "indices": [
            74,
            88,
            85,
            47,
            44,
            30,
            82,
            65,
            11,
            20,
            5,
            35
        ]
    },
    "individual": {
        "sequence": "[[0, 0, 0, 0, 0], [0, 0, 0, 0, 0], [6, 1, 1, 161, 132], [11, 0, 0, 46, 87], [2, 1, 0, 195, 43], [24, 4, 4, 42, 68], [32, 5, 0, 180, 148], [14, 0, 3, 26, 23], [41, 1, 0, 45, 225], [16, 8, 6, 36, 241], [16, 3, 6, 40, 216], [6, 5, 4, 38, 235], [7, 2, 7, 11, 136], [4, 12, 8, 196, 70], [36, 8, 6, 120, 193], [5, 0, 14, 193, 178], [41, 11, 11, 50, 139], [27, 10, 0, 194, 182], [15, 5, 5, 8, 180], [36, 11, 12, 20, 233], [9, 10, 16, 211, 247], [0, 3, 20, 202, 219], [20, 6, 9, 134, 87], [30, 9, 8, 140, 182], [7, 6, 3, 33, 200], [19, 6, 11, 60, 5], [33, 20, 6, 180, 34], [24, 21, 23, 7, 171], [4, 3, 17, 41, 83], [30, 4, 6, 68, 8], [22, 21, 5, 159, 111], [2, 23, 27, 122, 119], [0, 27, 0, 0, 0], [0, 9, 0, 0, 0]]",
        "fitness": {
            "fitness": 0.13677184780438742,
            "time": 0.061454991499582924
        }
    },
    "decoding": {
        "metadata": {
            "rows": 1,
            "columns": 30,
            "n_in": 2,
            "n_out": 2,
            "n_para": 2,
            "n_conn": 2
        },
        "functions": [
            "max",
            "min",
            "mean",
            "add",
            "subtract",
            "bitwise_not",
            "bitwise_or",
            "bitwise_and",
            "bitwise_and_mask",
            "bitwise_xor",
            "sqrt",
            "pow2",
            "exp",
            "log",
            "median_blur",
            "gaussian_blur",
            "laplacian",
            "sobel",
            "robert_cross",
            "canny",
            "sharpen",
            "gabor",
            "abs_diff",
            "abs_diff2",
            "fluo_tophat",
            "rel_diff",
            "erode",
            "dilate",
            "open",
            "close",
            "morph_gradient",
            "morph_tophat",
            "morph_blackhat",
            "fill_holes",
            "remove_small_objects",
            "remove_small_holes",
            "threshold",
            "threshold_at_1",
            "distance_transform",
            "distance_transform_and_thresh",
            "inrange_bin",
            "inrange"
        ],
        "endpoint": {
            "name": "Marker-Based Watershed",
            "abbv": "WSHD",
            "arity": 2,
            "p": 0,
            "kwargs": {
                "use_dt": false,
                "markers_distance": 21,
                "markers_area": null
            }
        },
        "mode": "default"
    }
}