{
    "dataset": {
        "name": "CIL",
        "label_name": "neuron",
        "indices": [
            3,
            28,
            17,
            36,
            22,
            12,
            9,
            23,
            48,
            76,
            40,
            66,
            64,
            81,
            82,
            14,
            30,
            25,
            68,
            46,
            29,
            11,
            83,
            51,
            41,
            53,
            35,
            33,
            77,
            2,
            63,
            70,
            45,
            15,
            61,
            67,
            8,
            47,
            43,
            16
        ]
    },
    "individual": {
        "sequence": "[[0, 0, 0, 0, 0], [0, 0, 0, 0, 0], [20, 1, 1, 3, 93], [12, 2, 1, 66, 116], [11, 2, 1, 239, 11], [3, 2, 2, 124, 70], [5, 3, 3, 39, 150], [14, 4, 2, 22, 182], [1, 7, 7, 113, 54], [39, 1, 5, 134, 46], [40, 8, 4, 237, 190], [2, 9, 0, 75, 64], [28, 5, 5, 15, 116], [9, 9, 4, 236, 182], [17, 11, 12, 68, 106], [19, 8, 14, 185, 186], [36, 5, 2, 45, 47], [5, 2, 13, 120, 59], [12, 2, 2, 228, 223], [24, 15, 13, 192, 186], [29, 8, 15, 131, 50], [31, 11, 18, 114, 242], [8, 5, 9, 153, 50], [2, 21, 4, 189, 71], [2, 16, 3, 250, 77], [10, 13, 23, 81, 104], [20, 4, 9, 36, 254], [6, 21, 11, 47, 233], [7, 21, 9, 94, 154], [15, 0, 14, 190, 25], [28, 16, 29, 14, 29], [19, 15, 23, 143, 254], [0, 23, 0, 0, 0], [0, 30, 0, 0, 0]]",
        "fitness": {
            "fitness": 0.14587537199258804,
            "time": 0.03173894882202148
        }
    },
    "decoding": {
        "metadata": {
            "rows": 1,
            "columns": 30,
            "n_in": 2,
            "n_out": 2,
            "n_para": 2,
            "n_conn": 2
        },
        "functions": [
            "max",
            "min",
            "mean",
            "add",
            "subtract",
            "bitwise_not",
            "bitwise_or",
            "bitwise_and",
            "bitwise_and_mask",
            "bitwise_xor",
            "sqrt",
            "pow2",
            "exp",
            "log",
            "median_blur",
            "gaussian_blur",
            "laplacian",
            "sobel",
            "robert_cross",
            "canny",
            "sharpen",
            "gabor",
            "abs_diff",
            "abs_diff2",
            "fluo_tophat",
            "rel_diff",
            "erode",
            "dilate",
            "open",
            "close",
            "morph_gradient",
            "morph_tophat",
            "morph_blackhat",
            "fill_holes",
            "remove_small_objects",
            "remove_small_holes",
            "threshold",
            "threshold_at_1",
            "distance_transform",
            "distance_transform_and_thresh",
            "inrange_bin",
            "inrange"
        ],
        "endpoint": {
            "name": "Marker-Based Watershed",
            "abbv": "WSHD",
            "arity": 2,
            "args": 0,
            "kwargs": {
                "use_dt": false,
                "markers_distance": 21,
                "markers_area": null
            }
        },
        "mode": "default"
    }
}