{
    "dataset": {
        "name": "CIL",
        "label_name": "neuron",
        "indices": [
            23,
            34,
            55
        ]
    },
    "individual": {
        "sequence": "[[0, 0, 0, 0, 0], [0, 0, 0, 0, 0], [20, 1, 0, 214, 30], [2, 2, 0, 209, 187], [14, 0, 3, 194, 88], [31, 1, 3, 17, 115], [10, 5, 4, 137, 98], [36, 3, 0, 219, 148], [1, 3, 0, 47, 14], [24, 8, 8, 108, 240], [7, 3, 9, 166, 50], [36, 1, 10, 229, 176], [20, 10, 1, 11, 173], [2, 1, 12, 216, 156], [14, 2, 2, 6, 29], [40, 14, 10, 47, 192], [27, 5, 7, 0, 196], [33, 2, 4, 18, 207], [10, 9, 0, 35, 32], [28, 2, 4, 207, 89], [7, 1, 1, 196, 238], [11, 9, 8, 215, 203], [10, 1, 21, 223, 228], [37, 16, 9, 88, 89], [7, 11, 19, 140, 206], [29, 23, 17, 66, 48], [34, 25, 19, 175, 194], [2, 21, 20, 85, 17], [14, 21, 21, 39, 83], [35, 26, 8, 55, 188], [36, 16, 29, 248, 110], [28, 15, 9, 56, 88], [0, 28, 0, 0, 0], [0, 15, 0, 0, 0]]",
        "fitness": {
            "fitness": 0.07684107621510823,
            "time": 0.045147975285847984
        }
    },
    "decoding": {
        "metadata": {
            "rows": 1,
            "columns": 30,
            "n_in": 2,
            "n_out": 2,
            "n_para": 2,
            "n_conn": 2
        },
        "functions": [
            "max",
            "min",
            "mean",
            "add",
            "subtract",
            "bitwise_not",
            "bitwise_or",
            "bitwise_and",
            "bitwise_and_mask",
            "bitwise_xor",
            "sqrt",
            "pow2",
            "exp",
            "log",
            "median_blur",
            "gaussian_blur",
            "laplacian",
            "sobel",
            "robert_cross",
            "canny",
            "sharpen",
            "gabor",
            "abs_diff",
            "abs_diff2",
            "fluo_tophat",
            "rel_diff",
            "erode",
            "dilate",
            "open",
            "close",
            "morph_gradient",
            "morph_tophat",
            "morph_blackhat",
            "fill_holes",
            "remove_small_objects",
            "remove_small_holes",
            "threshold",
            "threshold_at_1",
            "distance_transform",
            "distance_transform_and_thresh",
            "inrange_bin",
            "inrange"
        ],
        "endpoint": {
            "name": "W",
            "abbv": "WSHD",
            "arity": 2,
            "p": 0,
            "kwargs": {
                "use_dt": false,
                "markers_distance": 21,
                "markers_area": null
            }
        },
        "mode": "default"
    }
}