{
    "dataset": {
        "name": "4-Synapses",
        "label_name": "cell",
        "indices": null
    },
    "individual": {
        "sequence": "[[0, 0, 0, 0, 0], [0, 0, 0, 0, 0], [22, 1, 1, 115, 220], [37, 1, 2, 143, 137], [16, 2, 2, 75, 222], [24, 1, 2, 54, 194], [33, 4, 2, 137, 255], [9, 5, 3, 87, 61], [33, 6, 7, 27, 110], [14, 0, 0, 123, 2], [28, 3, 3, 37, 77], [27, 9, 0, 84, 53], [1, 3, 7, 187, 124], [35, 8, 0, 20, 231], [26, 10, 7, 83, 220], [27, 11, 2, 169, 179], [8, 14, 15, 15, 200], [18, 2, 10, 130, 155], [19, 16, 2, 87, 203], [19, 1, 6, 45, 143], [3, 12, 1, 205, 63], [22, 6, 18, 147, 72], [27, 18, 16, 235, 5], [1, 0, 17, 146, 208], [33, 8, 20, 38, 6], [2, 20, 8, 127, 54], [35, 14, 16, 75, 70], [6, 23, 25, 220, 209], [30, 6, 27, 227, 118], [40, 19, 28, 216, 170], [40, 15, 11, 13, 188], [37, 21, 17, 160, 192], [0, 17, 0, 0, 0], [0, 16, 0, 0, 0]]",
        "fitness": {
            "fitness": 0.2491750866174698,
            "time": 0.1223386824131012
        }
    },
    "decoding": {
        "metadata": {
            "rows": 1,
            "columns": 30,
            "n_in": 2,
            "n_out": 2,
            "n_para": 2,
            "n_conn": 2
        },
        "functions": [
            "max",
            "min",
            "mean",
            "add",
            "subtract",
            "bitwise_not",
            "bitwise_or",
            "bitwise_and",
            "bitwise_and_mask",
            "bitwise_xor",
            "sqrt",
            "pow2",
            "exp",
            "log",
            "median_blur",
            "gaussian_blur",
            "laplacian",
            "sobel",
            "robert_cross",
            "canny",
            "sharpen",
            "gabor",
            "abs_diff",
            "abs_diff2",
            "fluo_tophat",
            "rel_diff",
            "erode",
            "dilate",
            "open",
            "close",
            "morph_gradient",
            "morph_tophat",
            "morph_blackhat",
            "fill_holes",
            "remove_small_objects",
            "remove_small_holes",
            "threshold",
            "threshold_at_1",
            "distance_transform",
            "distance_transform_and_thresh",
            "inrange_bin",
            "inrange"
        ],
        "endpoint": {
            "name": "Marker-Based Watershed",
            "abbv": "WSHD",
            "arity": 2,
            "p": 0,
            "kwargs": {
                "use_dt": false,
                "markers_distance": 21,
                "markers_area": null
            }
        },
        "mode": "series",
        "stacker": {
            "name": "mean_stacker",
            "abbv": "MEAN",
            "arity": 2,
            "p": 0,
            "kwargs": {}
        }
    }
}