{
    "dataset": {
        "name": "Tumor",
        "label_name": "tumor",
        "indices": null
    },
    "individual": {
        "sequence": "[[0, 0, 0, 0, 0], [0, 0, 0, 0, 0], [0, 0, 0, 0, 0], [40, 0, 1, 66, 136], [6, 2, 3, 15, 77], [11, 4, 3, 245, 61], [40, 1, 1, 242, 66], [28, 1, 5, 11, 102], [37, 3, 3, 161, 166], [20, 2, 2, 89, 247], [2, 5, 9, 107, 87], [28, 6, 6, 48, 197], [16, 9, 3, 93, 138], [6, 5, 12, 152, 203], [14, 10, 10, 59, 174], [33, 1, 2, 153, 52], [22, 14, 10, 134, 37], [31, 3, 4, 30, 254], [29, 14, 3, 19, 173], [10, 9, 15, 205, 207], [11, 16, 11, 220, 158], [3, 7, 5, 248, 100], [37, 17, 4, 154, 86], [18, 8, 19, 154, 71], [19, 17, 19, 183, 79], [39, 1, 11, 74, 235], [16, 24, 13, 231, 88], [9, 14, 5, 144, 62], [39, 6, 25, 85, 67], [40, 18, 21, 217, 10], [21, 26, 5, 43, 12], [36, 12, 2, 234, 241], [1, 19, 18, 60, 68], [0, 29, 0, 0, 0]]",
        "fitness": {
            "fitness": 0.14388677849810827,
            "time": 0.030808707078297932
        }
    },
    "decoding": {
        "metadata": {
            "rows": 1,
            "columns": 30,
            "n_in": 3,
            "n_out": 1,
            "n_para": 2,
            "n_conn": 2
        },
        "functions": [
            "max",
            "min",
            "mean",
            "add",
            "subtract",
            "bitwise_not",
            "bitwise_or",
            "bitwise_and",
            "bitwise_and_mask",
            "bitwise_xor",
            "sqrt",
            "pow2",
            "exp",
            "log",
            "median_blur",
            "gaussian_blur",
            "laplacian",
            "sobel",
            "robert_cross",
            "canny",
            "sharpen",
            "gabor",
            "abs_diff",
            "abs_diff2",
            "fluo_tophat",
            "rel_diff",
            "erode",
            "dilate",
            "open",
            "close",
            "morph_gradient",
            "morph_tophat",
            "morph_blackhat",
            "fill_holes",
            "remove_small_objects",
            "remove_small_holes",
            "threshold",
            "threshold_at_1",
            "distance_transform",
            "distance_transform_and_thresh",
            "inrange_bin",
            "inrange"
        ],
        "endpoint": {
            "name": "Threshold (t=4)",
            "abbv": "TRSH",
            "arity": 1,
            "p": 0,
            "kwargs": {
                "threshold": 4
            }
        },
        "mode": "default"
    }
}