{
    "dataset": {
        "name": "CIL",
        "label_name": "neuron",
        "indices": [
            67,
            69,
            51,
            19,
            63,
            29,
            77
        ]
    },
    "individual": {
        "sequence": "[[0, 0, 0, 0, 0], [0, 0, 0, 0, 0], [3, 1, 0, 102, 185], [3, 2, 2, 134, 196], [35, 3, 1, 137, 205], [24, 3, 4, 34, 180], [36, 1, 0, 248, 46], [32, 4, 4, 126, 126], [12, 4, 1, 38, 252], [19, 8, 1, 24, 1], [16, 0, 9, 138, 24], [8, 3, 5, 111, 80], [2, 3, 8, 63, 74], [33, 8, 6, 38, 123], [22, 0, 10, 38, 199], [11, 5, 12, 20, 89], [23, 14, 8, 234, 7], [2, 11, 2, 189, 116], [25, 16, 16, 91, 25], [15, 4, 15, 123, 3], [4, 7, 16, 174, 25], [8, 6, 9, 107, 223], [14, 3, 17, 31, 196], [22, 0, 2, 98, 121], [40, 8, 14, 43, 163], [14, 2, 0, 33, 151], [36, 2, 4, 250, 122], [26, 6, 24, 0, 139], [4, 8, 19, 156, 192], [21, 6, 0, 163, 46], [11, 11, 8, 209, 149], [0, 29, 10, 141, 162], [0, 15, 0, 0, 0], [0, 27, 0, 0, 0]]",
        "fitness": {
            "fitness": 0.07907268830708095,
            "time": 0.035713297980172296
        }
    },
    "decoding": {
        "metadata": {
            "rows": 1,
            "columns": 30,
            "n_in": 2,
            "n_out": 2,
            "n_para": 2,
            "n_conn": 2
        },
        "functions": [
            "max",
            "min",
            "mean",
            "add",
            "subtract",
            "bitwise_not",
            "bitwise_or",
            "bitwise_and",
            "bitwise_and_mask",
            "bitwise_xor",
            "sqrt",
            "pow2",
            "exp",
            "log",
            "median_blur",
            "gaussian_blur",
            "laplacian",
            "sobel",
            "robert_cross",
            "canny",
            "sharpen",
            "gabor",
            "abs_diff",
            "abs_diff2",
            "fluo_tophat",
            "rel_diff",
            "erode",
            "dilate",
            "open",
            "close",
            "morph_gradient",
            "morph_tophat",
            "morph_blackhat",
            "fill_holes",
            "remove_small_objects",
            "remove_small_holes",
            "threshold",
            "threshold_at_1",
            "distance_transform",
            "distance_transform_and_thresh",
            "inrange_bin",
            "inrange"
        ],
        "endpoint": {
            "name": "W",
            "abbv": "WSHD",
            "arity": 2,
            "p": 0,
            "kwargs": {
                "use_dt": false,
                "markers_distance": 21,
                "markers_area": null
            }
        },
        "mode": "default"
    }
}