{
    "dataset": {
        "name": "CIL",
        "label_name": "neuron",
        "indices": [
            18,
            63,
            12,
            85,
            0,
            21,
            22,
            11,
            50,
            27,
            76,
            61,
            88,
            38,
            14,
            47,
            56,
            3,
            62,
            16,
            75,
            49,
            15,
            74,
            19,
            79,
            59,
            31,
            30,
            70,
            68,
            64,
            46,
            20,
            5,
            57,
            10,
            66,
            36,
            1,
            4,
            26,
            69,
            25,
            17,
            81,
            33,
            83,
            86,
            87,
            78,
            9,
            84,
            39,
            13,
            82,
            42,
            8,
            28,
            34
        ]
    },
    "individual": {
        "sequence": "[[0, 0, 0, 0, 0], [0, 0, 0, 0, 0], [12, 0, 1, 139, 250], [20, 1, 1, 82, 6], [24, 3, 0, 55, 153], [24, 2, 0, 242, 53], [4, 1, 1, 251, 116], [18, 2, 3, 196, 7], [11, 4, 0, 213, 203], [11, 5, 4, 86, 207], [24, 3, 9, 153, 248], [28, 10, 9, 244, 9], [1, 8, 5, 52, 218], [2, 0, 3, 194, 92], [20, 3, 11, 33, 60], [15, 11, 1, 216, 18], [39, 1, 7, 88, 53], [11, 12, 4, 5, 250], [38, 4, 10, 180, 50], [25, 16, 15, 97, 179], [16, 12, 3, 245, 167], [7, 18, 15, 119, 186], [32, 9, 20, 182, 20], [11, 13, 17, 246, 215], [0, 2, 21, 200, 194], [36, 3, 17, 73, 135], [34, 17, 1, 26, 35], [16, 20, 26, 57, 87], [8, 9, 4, 46, 82], [19, 13, 15, 96, 167], [3, 11, 10, 125, 81], [9, 0, 15, 141, 88], [0, 9, 0, 0, 0], [0, 26, 0, 0, 0]]",
        "fitness": {
            "fitness": 0.13680718392133712,
            "time": 0.20987597306569417
        }
    },
    "decoding": {
        "metadata": {
            "rows": 1,
            "columns": 30,
            "n_in": 2,
            "n_out": 2,
            "n_para": 2,
            "n_conn": 2
        },
        "functions": [
            "max",
            "min",
            "mean",
            "add",
            "subtract",
            "bitwise_not",
            "bitwise_or",
            "bitwise_and",
            "bitwise_and_mask",
            "bitwise_xor",
            "sqrt",
            "pow2",
            "exp",
            "log",
            "median_blur",
            "gaussian_blur",
            "laplacian",
            "sobel",
            "robert_cross",
            "canny",
            "sharpen",
            "gabor",
            "abs_diff",
            "abs_diff2",
            "fluo_tophat",
            "rel_diff",
            "erode",
            "dilate",
            "open",
            "close",
            "morph_gradient",
            "morph_tophat",
            "morph_blackhat",
            "fill_holes",
            "remove_small_objects",
            "remove_small_holes",
            "threshold",
            "threshold_at_1",
            "distance_transform",
            "distance_transform_and_thresh",
            "inrange_bin",
            "inrange"
        ],
        "endpoint": {
            "name": "Marker-Based Watershed",
            "abbv": "WSHD",
            "arity": 2,
            "args": 0,
            "kwargs": {
                "use_dt": false,
                "markers_distance": 21,
                "markers_area": null
            }
        },
        "mode": "default"
    }
}