{
    "dataset": {
        "name": "CIL",
        "label_name": "neuron",
        "indices": [
            85,
            73,
            86
        ]
    },
    "individual": {
        "sequence": "[[0, 0, 0, 0, 0], [0, 0, 0, 0, 0], [35, 1, 0, 73, 118], [2, 1, 0, 108, 22], [10, 3, 3, 215, 20], [23, 1, 2, 191, 80], [19, 1, 0, 122, 52], [5, 2, 2, 231, 87], [37, 1, 0, 67, 36], [33, 0, 2, 176, 126], [31, 9, 1, 113, 92], [24, 0, 9, 113, 178], [37, 7, 11, 17, 146], [40, 7, 1, 93, 77], [41, 4, 7, 168, 54], [12, 6, 2, 164, 74], [11, 4, 10, 45, 221], [17, 15, 14, 12, 129], [15, 6, 7, 108, 208], [8, 5, 2, 232, 145], [21, 14, 12, 187, 27], [7, 16, 20, 172, 184], [24, 18, 15, 53, 64], [7, 13, 16, 143, 83], [23, 21, 20, 203, 98], [0, 5, 17, 21, 215], [17, 19, 22, 60, 223], [16, 6, 0, 228, 212], [0, 2, 9, 207, 196], [27, 9, 6, 167, 56], [16, 16, 8, 102, 201], [24, 14, 16, 177, 61], [0, 14, 0, 0, 0], [0, 27, 0, 0, 0]]",
        "fitness": {
            "fitness": 0.13349358240763345,
            "time": 0.01905647913614909
        }
    },
    "decoding": {
        "metadata": {
            "rows": 1,
            "columns": 30,
            "n_in": 2,
            "n_out": 2,
            "n_para": 2,
            "n_conn": 2
        },
        "functions": [
            "max",
            "min",
            "mean",
            "add",
            "subtract",
            "bitwise_not",
            "bitwise_or",
            "bitwise_and",
            "bitwise_and_mask",
            "bitwise_xor",
            "sqrt",
            "pow2",
            "exp",
            "log",
            "median_blur",
            "gaussian_blur",
            "laplacian",
            "sobel",
            "robert_cross",
            "canny",
            "sharpen",
            "gabor",
            "abs_diff",
            "abs_diff2",
            "fluo_tophat",
            "rel_diff",
            "erode",
            "dilate",
            "open",
            "close",
            "morph_gradient",
            "morph_tophat",
            "morph_blackhat",
            "fill_holes",
            "remove_small_objects",
            "remove_small_holes",
            "threshold",
            "threshold_at_1",
            "distance_transform",
            "distance_transform_and_thresh",
            "inrange_bin",
            "inrange"
        ],
        "endpoint": {
            "name": "W",
            "abbv": "WSHD",
            "arity": 2,
            "p": 0,
            "kwargs": {
                "use_dt": false,
                "markers_distance": 21,
                "markers_area": null
            }
        },
        "mode": "default"
    }
}