{
    "dataset": {
        "name": "CIL",
        "label_name": "neuron",
        "indices": [
            30,
            27,
            22,
            86,
            46,
            10,
            16,
            32,
            62,
            37,
            73,
            54,
            48,
            42,
            56,
            85,
            58,
            74,
            20,
            69,
            17,
            33,
            44,
            25,
            64,
            14,
            65,
            83,
            6,
            55,
            9,
            11,
            82,
            31,
            5,
            59,
            8,
            75,
            88,
            21,
            40,
            76,
            53,
            63,
            43,
            45,
            78,
            67,
            60,
            70
        ]
    },
    "individual": {
        "sequence": "[[0, 0, 0, 0, 0], [0, 0, 0, 0, 0], [8, 0, 0, 0, 18], [21, 0, 2, 54, 85], [20, 0, 0, 105, 135], [9, 4, 0, 119, 72], [24, 1, 1, 21, 172], [13, 4, 6, 81, 133], [37, 2, 7, 163, 231], [9, 0, 6, 243, 181], [10, 0, 8, 172, 79], [20, 6, 10, 25, 190], [36, 10, 9, 164, 47], [13, 10, 11, 30, 40], [11, 11, 13, 47, 20], [15, 5, 7, 227, 66], [22, 9, 10, 135, 79], [7, 12, 2, 18, 251], [9, 7, 6, 69, 155], [28, 7, 9, 16, 201], [8, 14, 19, 248, 147], [22, 8, 0, 167, 133], [40, 8, 15, 127, 155], [25, 7, 15, 91, 229], [3, 11, 16, 153, 86], [11, 13, 11, 179, 210], [38, 0, 21, 175, 91], [18, 15, 7, 146, 247], [5, 8, 9, 71, 230], [9, 26, 23, 187, 96], [28, 20, 14, 11, 117], [26, 15, 14, 70, 32], [0, 12, 0, 0, 0], [0, 30, 0, 0, 0]]",
        "fitness": {
            "fitness": 0.12236840605735778,
            "time": 0.0509782075881958
        }
    },
    "decoding": {
        "metadata": {
            "rows": 1,
            "columns": 30,
            "n_in": 2,
            "n_out": 2,
            "n_para": 2,
            "n_conn": 2
        },
        "functions": [
            "max",
            "min",
            "mean",
            "add",
            "subtract",
            "bitwise_not",
            "bitwise_or",
            "bitwise_and",
            "bitwise_and_mask",
            "bitwise_xor",
            "sqrt",
            "pow2",
            "exp",
            "log",
            "median_blur",
            "gaussian_blur",
            "laplacian",
            "sobel",
            "robert_cross",
            "canny",
            "sharpen",
            "gabor",
            "abs_diff",
            "abs_diff2",
            "fluo_tophat",
            "rel_diff",
            "erode",
            "dilate",
            "open",
            "close",
            "morph_gradient",
            "morph_tophat",
            "morph_blackhat",
            "fill_holes",
            "remove_small_objects",
            "remove_small_holes",
            "threshold",
            "threshold_at_1",
            "distance_transform",
            "distance_transform_and_thresh",
            "inrange_bin",
            "inrange"
        ],
        "endpoint": {
            "name": "W",
            "abbv": "WSHD",
            "arity": 2,
            "p": 0,
            "kwargs": {
                "use_dt": false,
                "markers_distance": 21,
                "markers_area": null
            }
        },
        "mode": "default"
    }
}