{
    "dataset": {
        "name": "CIL",
        "label_name": "neuron",
        "indices": [
            48,
            56,
            87,
            15,
            73,
            88,
            85,
            53,
            52,
            29,
            36,
            2,
            44,
            18,
            55,
            26,
            5,
            19,
            4,
            11,
            20,
            63,
            71,
            74,
            57,
            54,
            67,
            78,
            60,
            75
        ]
    },
    "individual": {
        "sequence": "[[0, 0, 0, 0, 0], [0, 0, 0, 0, 0], [31, 0, 0, 238, 240], [24, 0, 0, 210, 19], [20, 1, 1, 101, 191], [28, 4, 0, 36, 191], [18, 4, 2, 51, 162], [5, 4, 1, 102, 158], [29, 1, 2, 168, 58], [5, 5, 3, 231, 202], [15, 8, 3, 221, 133], [24, 1, 0, 91, 195], [11, 6, 7, 213, 108], [32, 9, 0, 50, 40], [37, 2, 6, 29, 141], [31, 1, 12, 191, 238], [27, 12, 0, 198, 128], [12, 1, 1, 251, 13], [1, 5, 4, 209, 155], [13, 16, 9, 17, 13], [31, 11, 18, 15, 32], [41, 5, 15, 34, 205], [8, 2, 2, 242, 234], [2, 2, 12, 133, 230], [35, 23, 11, 112, 14], [37, 23, 8, 120, 102], [12, 23, 19, 150, 103], [1, 26, 14, 98, 197], [0, 11, 5, 172, 93], [37, 2, 13, 245, 151], [3, 7, 6, 187, 216], [18, 15, 10, 42, 195], [0, 27, 0, 0, 0], [0, 21, 0, 0, 0]]",
        "fitness": {
            "fitness": 0.13408283789952596,
            "time": 0.031805801391601565
        }
    },
    "decoding": {
        "metadata": {
            "rows": 1,
            "columns": 30,
            "n_in": 2,
            "n_out": 2,
            "n_para": 2,
            "n_conn": 2
        },
        "functions": [
            "max",
            "min",
            "mean",
            "add",
            "subtract",
            "bitwise_not",
            "bitwise_or",
            "bitwise_and",
            "bitwise_and_mask",
            "bitwise_xor",
            "sqrt",
            "pow2",
            "exp",
            "log",
            "median_blur",
            "gaussian_blur",
            "laplacian",
            "sobel",
            "robert_cross",
            "canny",
            "sharpen",
            "gabor",
            "abs_diff",
            "abs_diff2",
            "fluo_tophat",
            "rel_diff",
            "erode",
            "dilate",
            "open",
            "close",
            "morph_gradient",
            "morph_tophat",
            "morph_blackhat",
            "fill_holes",
            "remove_small_objects",
            "remove_small_holes",
            "threshold",
            "threshold_at_1",
            "distance_transform",
            "distance_transform_and_thresh",
            "inrange_bin",
            "inrange"
        ],
        "endpoint": {
            "name": "Marker-Based Watershed",
            "abbv": "WSHD",
            "arity": 2,
            "args": 0,
            "kwargs": {
                "use_dt": false,
                "markers_distance": 21,
                "markers_area": null
            }
        },
        "mode": "default"
    }
}