{
    "dataset": {
        "name": "Melanoma",
        "label_name": "melanoma",
        "indices": null
    },
    "individual": {
        "sequence": "[[0, 0, 0, 0, 0], [0, 0, 0, 0, 0], [0, 0, 0, 0, 0], [29, 0, 2, 246, 163], [27, 0, 1, 128, 107], [16, 4, 1, 212, 206], [41, 4, 1, 108, 49], [14, 0, 3, 109, 49], [2, 6, 2, 224, 32], [36, 8, 2, 251, 128], [37, 5, 3, 77, 44], [41, 3, 7, 186, 187], [1, 6, 0, 199, 82], [4, 3, 10, 14, 31], [11, 9, 8, 175, 219], [36, 3, 7, 65, 105], [30, 9, 8, 52, 63], [28, 6, 13, 0, 197], [30, 9, 5, 131, 72], [3, 3, 5, 54, 182], [31, 10, 10, 238, 214], [39, 11, 1, 232, 242], [3, 17, 6, 124, 196], [18, 22, 12, 186, 124], [3, 13, 20, 115, 100], [20, 12, 19, 152, 232], [12, 8, 18, 148, 207], [3, 0, 12, 78, 0], [22, 23, 12, 132, 156], [9, 11, 15, 83, 135], [38, 0, 1, 52, 189], [29, 30, 16, 3, 143], [27, 13, 28, 177, 185], [0, 18, 0, 0, 0], [0, 16, 0, 0, 0]]",
        "fitness": {
            "fitness": 0.23241769770781198,
            "time": 0.010952432950337728
        }
    },
    "decoding": {
        "metadata": {
            "rows": 1,
            "columns": 30,
            "n_in": 3,
            "n_out": 2,
            "n_para": 2,
            "n_conn": 2
        },
        "functions": [
            "max",
            "min",
            "mean",
            "add",
            "subtract",
            "bitwise_not",
            "bitwise_or",
            "bitwise_and",
            "bitwise_and_mask",
            "bitwise_xor",
            "sqrt",
            "pow2",
            "exp",
            "log",
            "median_blur",
            "gaussian_blur",
            "laplacian",
            "sobel",
            "robert_cross",
            "canny",
            "sharpen",
            "gabor",
            "abs_diff",
            "abs_diff2",
            "fluo_tophat",
            "rel_diff",
            "erode",
            "dilate",
            "open",
            "close",
            "morph_gradient",
            "morph_tophat",
            "morph_blackhat",
            "fill_holes",
            "remove_small_objects",
            "remove_small_holes",
            "threshold",
            "threshold_at_1",
            "distance_transform",
            "distance_transform_and_thresh",
            "inrange_bin",
            "inrange"
        ],
        "endpoint": {
            "name": "Marker-Based Watershed",
            "abbv": "WSHD",
            "arity": 2,
            "args": 0,
            "kwargs": {
                "use_dt": false,
                "markers_distance": 21,
                "markers_area": null
            }
        },
        "mode": "default"
    }
}