{
    "dataset": {
        "name": "CIL",
        "label_name": "neuron",
        "indices": [
            62,
            40,
            76,
            21,
            20,
            29,
            57
        ]
    },
    "individual": {
        "sequence": "[[0, 0, 0, 0, 0], [0, 0, 0, 0, 0], [10, 1, 0, 129, 58], [12, 0, 2, 202, 7], [15, 2, 1, 101, 212], [6, 4, 0, 194, 94], [24, 3, 3, 157, 111], [36, 2, 1, 186, 103], [11, 6, 0, 243, 86], [4, 6, 0, 247, 128], [9, 5, 3, 87, 226], [23, 7, 1, 165, 127], [22, 1, 0, 236, 52], [4, 7, 10, 190, 94], [18, 13, 10, 157, 56], [7, 10, 8, 31, 88], [39, 0, 6, 47, 74], [3, 0, 15, 123, 149], [27, 16, 8, 247, 195], [7, 0, 7, 48, 70], [22, 15, 1, 144, 148], [12, 12, 15, 97, 232], [4, 8, 15, 254, 253], [17, 15, 4, 207, 52], [16, 22, 4, 193, 96], [22, 11, 7, 82, 59], [7, 9, 7, 106, 113], [9, 9, 16, 42, 181], [2, 13, 27, 237, 89], [7, 22, 8, 4, 254], [34, 12, 22, 160, 159], [1, 18, 11, 57, 181], [0, 8, 0, 0, 0], [0, 14, 0, 0, 0]]",
        "fitness": {
            "fitness": 0.13363042048045568,
            "time": 0.0800009114401681
        }
    },
    "decoding": {
        "metadata": {
            "rows": 1,
            "columns": 30,
            "n_in": 2,
            "n_out": 2,
            "n_para": 2,
            "n_conn": 2
        },
        "functions": [
            "max",
            "min",
            "mean",
            "add",
            "subtract",
            "bitwise_not",
            "bitwise_or",
            "bitwise_and",
            "bitwise_and_mask",
            "bitwise_xor",
            "sqrt",
            "pow2",
            "exp",
            "log",
            "median_blur",
            "gaussian_blur",
            "laplacian",
            "sobel",
            "robert_cross",
            "canny",
            "sharpen",
            "gabor",
            "abs_diff",
            "abs_diff2",
            "fluo_tophat",
            "rel_diff",
            "erode",
            "dilate",
            "open",
            "close",
            "morph_gradient",
            "morph_tophat",
            "morph_blackhat",
            "fill_holes",
            "remove_small_objects",
            "remove_small_holes",
            "threshold",
            "threshold_at_1",
            "distance_transform",
            "distance_transform_and_thresh",
            "inrange_bin",
            "inrange"
        ],
        "endpoint": {
            "name": "W",
            "abbv": "WSHD",
            "arity": 2,
            "p": 0,
            "kwargs": {
                "use_dt": false,
                "markers_distance": 21,
                "markers_area": null
            }
        },
        "mode": "default"
    }
}