{
    "dataset": {
        "name": "CIL",
        "label_name": "neuron",
        "indices": [
            75,
            24,
            57,
            44,
            5
        ]
    },
    "individual": {
        "sequence": "[[0, 0, 0, 0, 0], [0, 0, 0, 0, 0], [41, 1, 1, 220, 50], [20, 2, 1, 129, 131], [3, 2, 1, 104, 116], [15, 0, 3, 100, 216], [39, 2, 2, 52, 147], [36, 5, 4, 60, 9], [22, 3, 6, 135, 43], [3, 5, 1, 165, 166], [29, 2, 2, 2, 225], [1, 6, 2, 164, 191], [17, 2, 7, 18, 212], [36, 0, 10, 168, 10], [10, 4, 9, 220, 31], [11, 14, 3, 59, 14], [7, 2, 10, 241, 202], [2, 3, 13, 238, 102], [23, 13, 7, 88, 117], [20, 7, 7, 210, 59], [18, 0, 18, 187, 201], [14, 4, 2, 61, 13], [41, 7, 10, 158, 112], [16, 11, 17, 240, 13], [8, 7, 12, 151, 195], [8, 7, 21, 63, 147], [35, 8, 1, 191, 149], [2, 23, 16, 114, 252], [20, 2, 27, 106, 49], [5, 7, 15, 142, 15], [37, 12, 24, 138, 166], [32, 21, 27, 237, 199], [0, 17, 0, 0, 0], [0, 23, 0, 0, 0]]",
        "fitness": {
            "fitness": 0.07981621026992798,
            "time": 0.07107458114624024
        }
    },
    "decoding": {
        "metadata": {
            "rows": 1,
            "columns": 30,
            "n_in": 2,
            "n_out": 2,
            "n_para": 2,
            "n_conn": 2
        },
        "functions": [
            "max",
            "min",
            "mean",
            "add",
            "subtract",
            "bitwise_not",
            "bitwise_or",
            "bitwise_and",
            "bitwise_and_mask",
            "bitwise_xor",
            "sqrt",
            "pow2",
            "exp",
            "log",
            "median_blur",
            "gaussian_blur",
            "laplacian",
            "sobel",
            "robert_cross",
            "canny",
            "sharpen",
            "gabor",
            "abs_diff",
            "abs_diff2",
            "fluo_tophat",
            "rel_diff",
            "erode",
            "dilate",
            "open",
            "close",
            "morph_gradient",
            "morph_tophat",
            "morph_blackhat",
            "fill_holes",
            "remove_small_objects",
            "remove_small_holes",
            "threshold",
            "threshold_at_1",
            "distance_transform",
            "distance_transform_and_thresh",
            "inrange_bin",
            "inrange"
        ],
        "endpoint": {
            "name": "W",
            "abbv": "WSHD",
            "arity": 2,
            "p": 0,
            "kwargs": {
                "use_dt": false,
                "markers_distance": 21,
                "markers_area": null
            }
        },
        "mode": "default"
    }
}