{
    "dataset": {
        "name": "CIL",
        "label_name": "neuron",
        "indices": [
            71,
            21,
            75,
            28,
            24,
            52,
            73,
            72,
            65
        ]
    },
    "individual": {
        "sequence": "[[0, 0, 0, 0, 0], [0, 0, 0, 0, 0], [19, 1, 1, 131, 62], [21, 1, 1, 2, 193], [7, 2, 1, 63, 5], [7, 2, 3, 84, 244], [27, 4, 2, 0, 99], [33, 6, 4, 204, 133], [29, 0, 4, 39, 82], [11, 6, 0, 245, 251], [0, 0, 6, 50, 10], [31, 10, 4, 216, 170], [14, 2, 8, 238, 86], [38, 12, 4, 133, 229], [26, 4, 0, 242, 130], [14, 10, 13, 33, 165], [23, 6, 1, 130, 88], [29, 5, 15, 165, 25], [38, 14, 5, 238, 134], [2, 4, 11, 16, 169], [16, 18, 3, 182, 169], [4, 19, 19, 214, 169], [37, 17, 6, 147, 218], [35, 9, 20, 178, 128], [15, 11, 20, 41, 217], [15, 24, 0, 104, 237], [26, 25, 0, 241, 47], [26, 23, 21, 15, 210], [2, 19, 7, 231, 11], [24, 6, 9, 102, 124], [8, 29, 13, 108, 5], [4, 22, 8, 140, 76], [0, 28, 0, 0, 0], [0, 23, 0, 0, 0]]",
        "fitness": {
            "fitness": 0.18016237020492554,
            "time": 0.028879854414198134
        }
    },
    "decoding": {
        "metadata": {
            "rows": 1,
            "columns": 30,
            "n_in": 2,
            "n_out": 2,
            "n_para": 2,
            "n_conn": 2
        },
        "functions": [
            "max",
            "min",
            "mean",
            "add",
            "subtract",
            "bitwise_not",
            "bitwise_or",
            "bitwise_and",
            "bitwise_and_mask",
            "bitwise_xor",
            "sqrt",
            "pow2",
            "exp",
            "log",
            "median_blur",
            "gaussian_blur",
            "laplacian",
            "sobel",
            "robert_cross",
            "canny",
            "sharpen",
            "gabor",
            "abs_diff",
            "abs_diff2",
            "fluo_tophat",
            "rel_diff",
            "erode",
            "dilate",
            "open",
            "close",
            "morph_gradient",
            "morph_tophat",
            "morph_blackhat",
            "fill_holes",
            "remove_small_objects",
            "remove_small_holes",
            "threshold",
            "threshold_at_1",
            "distance_transform",
            "distance_transform_and_thresh",
            "inrange_bin",
            "inrange"
        ],
        "endpoint": {
            "name": "W",
            "abbv": "WSHD",
            "arity": 2,
            "p": 0,
            "kwargs": {
                "use_dt": false,
                "markers_distance": 21,
                "markers_area": null
            }
        },
        "mode": "default"
    }
}