{
    "dataset": {
        "name": "CIL",
        "label_name": "neuron",
        "indices": [
            24,
            21
        ]
    },
    "individual": {
        "sequence": "[[0, 0, 0, 0, 0], [0, 0, 0, 0, 0], [8, 0, 0, 238, 16], [36, 1, 0, 154, 34], [22, 3, 0, 9, 5], [29, 4, 3, 3, 26], [17, 0, 3, 103, 184], [24, 0, 6, 24, 231], [12, 2, 4, 112, 0], [14, 8, 8, 240, 170], [11, 7, 6, 143, 133], [14, 9, 3, 246, 85], [21, 8, 7, 221, 143], [35, 5, 6, 243, 72], [33, 10, 3, 106, 149], [28, 4, 9, 150, 117], [29, 2, 14, 6, 87], [39, 2, 8, 12, 232], [17, 9, 17, 238, 184], [40, 13, 2, 16, 127], [29, 1, 1, 113, 33], [22, 5, 11, 252, 117], [25, 19, 8, 68, 113], [1, 14, 19, 239, 157], [6, 20, 16, 132, 115], [13, 3, 14, 100, 251], [4, 3, 5, 27, 5], [39, 8, 14, 46, 33], [19, 4, 26, 152, 56], [2, 22, 8, 199, 31], [28, 24, 1, 95, 240], [37, 22, 0, 226, 236], [0, 10, 0, 0, 0], [0, 26, 0, 0, 0]]",
        "fitness": {
            "fitness": 0.09030303359031677,
            "time": 0.04880964756011963
        }
    },
    "decoding": {
        "metadata": {
            "rows": 1,
            "columns": 30,
            "n_in": 2,
            "n_out": 2,
            "n_para": 2,
            "n_conn": 2
        },
        "functions": [
            "max",
            "min",
            "mean",
            "add",
            "subtract",
            "bitwise_not",
            "bitwise_or",
            "bitwise_and",
            "bitwise_and_mask",
            "bitwise_xor",
            "sqrt",
            "pow2",
            "exp",
            "log",
            "median_blur",
            "gaussian_blur",
            "laplacian",
            "sobel",
            "robert_cross",
            "canny",
            "sharpen",
            "gabor",
            "abs_diff",
            "abs_diff2",
            "fluo_tophat",
            "rel_diff",
            "erode",
            "dilate",
            "open",
            "close",
            "morph_gradient",
            "morph_tophat",
            "morph_blackhat",
            "fill_holes",
            "remove_small_objects",
            "remove_small_holes",
            "threshold",
            "threshold_at_1",
            "distance_transform",
            "distance_transform_and_thresh",
            "inrange_bin",
            "inrange"
        ],
        "endpoint": {
            "name": "W",
            "abbv": "WSHD",
            "arity": 2,
            "p": 0,
            "kwargs": {
                "use_dt": false,
                "markers_distance": 21,
                "markers_area": null
            }
        },
        "mode": "default"
    }
}