{
    "dataset": {
        "name": "CIL",
        "label_name": "neuron",
        "indices": [
            85,
            67,
            11,
            15,
            20,
            58,
            82,
            84,
            23,
            18,
            86,
            44,
            40,
            16,
            46,
            1,
            5,
            3,
            28,
            34,
            35,
            66,
            62,
            22,
            88,
            55,
            8,
            26,
            39,
            48
        ]
    },
    "individual": {
        "sequence": "[[0, 0, 0, 0, 0], [0, 0, 0, 0, 0], [40, 1, 1, 29, 232], [31, 0, 2, 137, 220], [25, 1, 1, 163, 253], [1, 0, 3, 134, 231], [20, 4, 1, 131, 69], [29, 1, 2, 121, 147], [24, 6, 6, 110, 116], [8, 8, 2, 111, 233], [41, 4, 3, 210, 122], [11, 9, 9, 37, 107], [23, 11, 6, 168, 48], [39, 0, 5, 250, 24], [31, 12, 5, 111, 205], [34, 11, 13, 7, 72], [0, 15, 0, 73, 58], [32, 5, 1, 210, 106], [19, 11, 2, 56, 51], [14, 12, 12, 166, 195], [31, 18, 1, 199, 57], [33, 12, 8, 232, 68], [26, 1, 21, 108, 237], [32, 8, 8, 244, 135], [33, 18, 23, 16, 98], [38, 3, 19, 116, 106], [30, 3, 10, 254, 217], [2, 3, 2, 55, 127], [37, 7, 1, 151, 195], [28, 13, 22, 149, 74], [36, 9, 21, 110, 49], [6, 30, 16, 118, 80], [0, 27, 0, 0, 0], [0, 15, 0, 0, 0]]",
        "fitness": {
            "fitness": 0.12418513695398967,
            "time": 0.0665582815806071
        }
    },
    "decoding": {
        "metadata": {
            "rows": 1,
            "columns": 30,
            "n_in": 2,
            "n_out": 2,
            "n_para": 2,
            "n_conn": 2
        },
        "functions": [
            "max",
            "min",
            "mean",
            "add",
            "subtract",
            "bitwise_not",
            "bitwise_or",
            "bitwise_and",
            "bitwise_and_mask",
            "bitwise_xor",
            "sqrt",
            "pow2",
            "exp",
            "log",
            "median_blur",
            "gaussian_blur",
            "laplacian",
            "sobel",
            "robert_cross",
            "canny",
            "sharpen",
            "gabor",
            "abs_diff",
            "abs_diff2",
            "fluo_tophat",
            "rel_diff",
            "erode",
            "dilate",
            "open",
            "close",
            "morph_gradient",
            "morph_tophat",
            "morph_blackhat",
            "fill_holes",
            "remove_small_objects",
            "remove_small_holes",
            "threshold",
            "threshold_at_1",
            "distance_transform",
            "distance_transform_and_thresh",
            "inrange_bin",
            "inrange"
        ],
        "endpoint": {
            "name": "Marker-Based Watershed",
            "abbv": "WSHD",
            "arity": 2,
            "args": 0,
            "kwargs": {
                "use_dt": false,
                "markers_distance": 21,
                "markers_area": null
            }
        },
        "mode": "default"
    }
}