{
    "dataset": {
        "name": "CIL",
        "label_name": "neuron",
        "indices": [
            57,
            39,
            62,
            64,
            48,
            60,
            44,
            58,
            29,
            17,
            72,
            3,
            41,
            0,
            85,
            10,
            38,
            59,
            4,
            75,
            81,
            21,
            66,
            43,
            36,
            79,
            50,
            27,
            49,
            65,
            45,
            88,
            23,
            15,
            42,
            86,
            28,
            32,
            70,
            87
        ]
    },
    "individual": {
        "sequence": "[[0, 0, 0, 0, 0], [0, 0, 0, 0, 0], [40, 1, 0, 252, 47], [7, 1, 1, 181, 171], [25, 3, 1, 213, 24], [37, 3, 1, 60, 12], [24, 0, 5, 210, 216], [19, 2, 0, 221, 169], [7, 6, 0, 252, 69], [3, 2, 8, 136, 34], [36, 9, 8, 165, 140], [25, 0, 1, 160, 43], [6, 6, 9, 20, 171], [8, 2, 1, 81, 182], [32, 6, 0, 251, 189], [40, 14, 5, 247, 218], [41, 12, 1, 243, 13], [2, 16, 10, 206, 224], [37, 15, 3, 25, 94], [7, 12, 2, 232, 101], [36, 17, 11, 91, 213], [26, 19, 12, 197, 46], [16, 18, 3, 43, 128], [10, 12, 4, 195, 141], [34, 11, 5, 214, 51], [37, 16, 13, 86, 208], [5, 13, 16, 172, 172], [11, 25, 23, 96, 148], [16, 25, 3, 178, 219], [34, 13, 23, 11, 89], [20, 5, 25, 11, 55], [30, 0, 29, 196, 69], [0, 17, 0, 0, 0], [0, 29, 0, 0, 0]]",
        "fitness": {
            "fitness": 0.1472262680530548,
            "time": 0.044223707914352414
        }
    },
    "decoding": {
        "metadata": {
            "rows": 1,
            "columns": 30,
            "n_in": 2,
            "n_out": 2,
            "n_para": 2,
            "n_conn": 2
        },
        "functions": [
            "max",
            "min",
            "mean",
            "add",
            "subtract",
            "bitwise_not",
            "bitwise_or",
            "bitwise_and",
            "bitwise_and_mask",
            "bitwise_xor",
            "sqrt",
            "pow2",
            "exp",
            "log",
            "median_blur",
            "gaussian_blur",
            "laplacian",
            "sobel",
            "robert_cross",
            "canny",
            "sharpen",
            "gabor",
            "abs_diff",
            "abs_diff2",
            "fluo_tophat",
            "rel_diff",
            "erode",
            "dilate",
            "open",
            "close",
            "morph_gradient",
            "morph_tophat",
            "morph_blackhat",
            "fill_holes",
            "remove_small_objects",
            "remove_small_holes",
            "threshold",
            "threshold_at_1",
            "distance_transform",
            "distance_transform_and_thresh",
            "inrange_bin",
            "inrange"
        ],
        "endpoint": {
            "name": "Marker-Based Watershed",
            "abbv": "WSHD",
            "arity": 2,
            "args": 0,
            "kwargs": {
                "use_dt": false,
                "markers_distance": 21,
                "markers_area": null
            }
        },
        "mode": "default"
    }
}