{
    "dataset": {
        "name": "CIL",
        "label_name": "neuron",
        "indices": [
            7,
            51,
            76,
            39,
            18,
            46,
            40
        ]
    },
    "individual": {
        "sequence": "[[0, 0, 0, 0, 0], [0, 0, 0, 0, 0], [3, 0, 1, 136, 40], [24, 2, 1, 173, 162], [13, 3, 0, 206, 77], [2, 2, 1, 86, 248], [15, 3, 0, 65, 133], [3, 1, 6, 60, 88], [12, 3, 7, 235, 42], [11, 6, 0, 151, 201], [11, 1, 5, 151, 234], [21, 6, 0, 17, 242], [32, 9, 3, 213, 239], [4, 7, 12, 107, 77], [36, 13, 9, 53, 118], [41, 0, 14, 126, 47], [5, 14, 15, 223, 122], [18, 10, 2, 120, 73], [34, 16, 9, 74, 71], [34, 18, 11, 254, 59], [2, 18, 15, 100, 11], [2, 17, 11, 4, 65], [8, 8, 6, 66, 31], [9, 6, 15, 114, 107], [6, 4, 2, 61, 63], [26, 10, 2, 237, 20], [4, 8, 4, 149, 23], [10, 3, 20, 94, 235], [28, 21, 2, 35, 15], [28, 11, 16, 37, 50], [9, 2, 21, 158, 249], [16, 11, 18, 41, 30], [0, 9, 0, 0, 0], [0, 14, 0, 0, 0]]",
        "fitness": {
            "fitness": 0.18845265252249582,
            "time": 0.06069493293762207
        }
    },
    "decoding": {
        "metadata": {
            "rows": 1,
            "columns": 30,
            "n_in": 2,
            "n_out": 2,
            "n_para": 2,
            "n_conn": 2
        },
        "functions": [
            "max",
            "min",
            "mean",
            "add",
            "subtract",
            "bitwise_not",
            "bitwise_or",
            "bitwise_and",
            "bitwise_and_mask",
            "bitwise_xor",
            "sqrt",
            "pow2",
            "exp",
            "log",
            "median_blur",
            "gaussian_blur",
            "laplacian",
            "sobel",
            "robert_cross",
            "canny",
            "sharpen",
            "gabor",
            "abs_diff",
            "abs_diff2",
            "fluo_tophat",
            "rel_diff",
            "erode",
            "dilate",
            "open",
            "close",
            "morph_gradient",
            "morph_tophat",
            "morph_blackhat",
            "fill_holes",
            "remove_small_objects",
            "remove_small_holes",
            "threshold",
            "threshold_at_1",
            "distance_transform",
            "distance_transform_and_thresh",
            "inrange_bin",
            "inrange"
        ],
        "endpoint": {
            "name": "W",
            "abbv": "WSHD",
            "arity": 2,
            "p": 0,
            "kwargs": {
                "use_dt": false,
                "markers_distance": 21,
                "markers_area": null
            }
        },
        "mode": "default"
    }
}