{
    "dataset": {
        "name": "CIL",
        "label_name": "neuron",
        "indices": [
            41,
            22
        ]
    },
    "individual": {
        "sequence": "[[0, 0, 0, 0, 0], [0, 0, 0, 0, 0], [5, 1, 0, 62, 204], [3, 0, 2, 190, 50], [41, 0, 3, 82, 11], [28, 4, 1, 67, 72], [35, 5, 5, 55, 59], [31, 3, 3, 48, 74], [5, 5, 7, 67, 62], [22, 6, 7, 231, 185], [4, 1, 7, 249, 95], [25, 0, 2, 17, 79], [15, 10, 0, 4, 205], [24, 10, 10, 191, 208], [28, 11, 10, 25, 222], [31, 8, 0, 175, 211], [40, 12, 11, 2, 80], [20, 6, 0, 156, 2], [10, 3, 6, 76, 237], [13, 16, 14, 206, 240], [17, 2, 3, 39, 231], [24, 4, 13, 79, 117], [36, 12, 13, 78, 38], [4, 1, 2, 158, 186], [8, 14, 14, 161, 144], [4, 0, 23, 248, 77], [23, 19, 22, 27, 170], [27, 16, 13, 184, 66], [3, 16, 6, 145, 235], [27, 26, 7, 232, 197], [7, 21, 12, 204, 135], [22, 2, 20, 41, 221], [0, 4, 0, 0, 0], [0, 22, 0, 0, 0]]",
        "fitness": {
            "fitness": 0.053846150636672974,
            "time": 0.02575695514678955
        }
    },
    "decoding": {
        "metadata": {
            "rows": 1,
            "columns": 30,
            "n_in": 2,
            "n_out": 2,
            "n_para": 2,
            "n_conn": 2
        },
        "functions": [
            "max",
            "min",
            "mean",
            "add",
            "subtract",
            "bitwise_not",
            "bitwise_or",
            "bitwise_and",
            "bitwise_and_mask",
            "bitwise_xor",
            "sqrt",
            "pow2",
            "exp",
            "log",
            "median_blur",
            "gaussian_blur",
            "laplacian",
            "sobel",
            "robert_cross",
            "canny",
            "sharpen",
            "gabor",
            "abs_diff",
            "abs_diff2",
            "fluo_tophat",
            "rel_diff",
            "erode",
            "dilate",
            "open",
            "close",
            "morph_gradient",
            "morph_tophat",
            "morph_blackhat",
            "fill_holes",
            "remove_small_objects",
            "remove_small_holes",
            "threshold",
            "threshold_at_1",
            "distance_transform",
            "distance_transform_and_thresh",
            "inrange_bin",
            "inrange"
        ],
        "endpoint": {
            "name": "W",
            "abbv": "WSHD",
            "arity": 2,
            "p": 0,
            "kwargs": {
                "use_dt": false,
                "markers_distance": 21,
                "markers_area": null
            }
        },
        "mode": "default"
    }
}