{
    "dataset": {
        "name": "Tumor",
        "label_name": "tumor",
        "indices": null
    },
    "individual": {
        "sequence": "[[0, 0, 0, 0, 0], [0, 0, 0, 0, 0], [0, 0, 0, 0, 0], [15, 2, 1, 251, 92], [4, 0, 2, 174, 166], [31, 2, 2, 148, 59], [25, 0, 3, 251, 103], [20, 1, 3, 1, 112], [41, 7, 6, 174, 8], [0, 6, 8, 36, 97], [36, 5, 5, 249, 171], [18, 5, 6, 139, 94], [22, 3, 6, 126, 89], [12, 0, 5, 120, 113], [11, 9, 1, 48, 82], [2, 6, 10, 47, 69], [14, 8, 0, 129, 211], [22, 9, 0, 226, 166], [14, 14, 9, 164, 103], [29, 0, 15, 40, 211], [34, 18, 14, 252, 249], [29, 20, 11, 110, 68], [3, 20, 17, 51, 240], [23, 15, 10, 156, 214], [33, 21, 21, 151, 46], [12, 8, 5, 84, 200], [5, 17, 24, 226, 64], [40, 11, 15, 143, 193], [38, 24, 25, 27, 197], [31, 19, 21, 71, 85], [41, 22, 14, 142, 167], [14, 28, 27, 91, 248], [36, 11, 30, 113, 180], [0, 28, 0, 0, 0]]",
        "fitness": {
            "fitness": 0.16882006393451454,
            "time": 0.040978471438090004
        }
    },
    "decoding": {
        "metadata": {
            "rows": 1,
            "columns": 30,
            "n_in": 3,
            "n_out": 1,
            "n_para": 2,
            "n_conn": 2
        },
        "functions": [
            "max",
            "min",
            "mean",
            "add",
            "subtract",
            "bitwise_not",
            "bitwise_or",
            "bitwise_and",
            "bitwise_and_mask",
            "bitwise_xor",
            "sqrt",
            "pow2",
            "exp",
            "log",
            "median_blur",
            "gaussian_blur",
            "laplacian",
            "sobel",
            "robert_cross",
            "canny",
            "sharpen",
            "gabor",
            "abs_diff",
            "abs_diff2",
            "fluo_tophat",
            "rel_diff",
            "erode",
            "dilate",
            "open",
            "close",
            "morph_gradient",
            "morph_tophat",
            "morph_blackhat",
            "fill_holes",
            "remove_small_objects",
            "remove_small_holes",
            "threshold",
            "threshold_at_1",
            "distance_transform",
            "distance_transform_and_thresh",
            "inrange_bin",
            "inrange"
        ],
        "endpoint": {
            "name": "Threshold (t=4)",
            "abbv": "TRSH",
            "arity": 1,
            "p": 0,
            "kwargs": {
                "threshold": 4
            }
        },
        "mode": "default"
    }
}