{
    "dataset": {
        "name": "CIL",
        "label_name": "neuron",
        "indices": [
            0,
            20,
            37
        ]
    },
    "individual": {
        "sequence": "[[0, 0, 0, 0, 0], [0, 0, 0, 0, 0], [19, 1, 0, 56, 158], [2, 1, 1, 85, 81], [17, 1, 0, 181, 12], [33, 3, 4, 168, 108], [31, 0, 4, 203, 237], [30, 4, 2, 200, 254], [16, 2, 7, 242, 138], [40, 1, 5, 200, 32], [18, 6, 9, 134, 173], [2, 9, 6, 86, 72], [23, 1, 3, 237, 129], [2, 11, 9, 204, 162], [14, 13, 0, 179, 81], [40, 2, 3, 22, 84], [0, 12, 2, 239, 187], [2, 8, 16, 164, 94], [36, 6, 1, 100, 99], [28, 9, 7, 172, 0], [19, 12, 17, 16, 176], [4, 15, 0, 170, 201], [38, 17, 1, 238, 41], [38, 15, 3, 220, 194], [19, 18, 3, 213, 80], [40, 2, 9, 197, 38], [17, 17, 0, 187, 173], [23, 22, 20, 230, 24], [5, 0, 26, 53, 66], [11, 10, 24, 102, 112], [1, 27, 18, 62, 136], [0, 23, 8, 139, 47], [0, 13, 0, 0, 0], [0, 8, 0, 0, 0]]",
        "fitness": {
            "fitness": 0.07236246267954509,
            "time": 0.05254991849263509
        }
    },
    "decoding": {
        "metadata": {
            "rows": 1,
            "columns": 30,
            "n_in": 2,
            "n_out": 2,
            "n_para": 2,
            "n_conn": 2
        },
        "functions": [
            "max",
            "min",
            "mean",
            "add",
            "subtract",
            "bitwise_not",
            "bitwise_or",
            "bitwise_and",
            "bitwise_and_mask",
            "bitwise_xor",
            "sqrt",
            "pow2",
            "exp",
            "log",
            "median_blur",
            "gaussian_blur",
            "laplacian",
            "sobel",
            "robert_cross",
            "canny",
            "sharpen",
            "gabor",
            "abs_diff",
            "abs_diff2",
            "fluo_tophat",
            "rel_diff",
            "erode",
            "dilate",
            "open",
            "close",
            "morph_gradient",
            "morph_tophat",
            "morph_blackhat",
            "fill_holes",
            "remove_small_objects",
            "remove_small_holes",
            "threshold",
            "threshold_at_1",
            "distance_transform",
            "distance_transform_and_thresh",
            "inrange_bin",
            "inrange"
        ],
        "endpoint": {
            "name": "W",
            "abbv": "WSHD",
            "arity": 2,
            "p": 0,
            "kwargs": {
                "use_dt": false,
                "markers_distance": 21,
                "markers_area": null
            }
        },
        "mode": "default"
    }
}