{
    "dataset": {
        "name": "CIL",
        "label_name": "neuron",
        "indices": [
            66,
            42,
            30,
            17,
            8,
            56,
            61,
            48,
            53,
            24,
            23,
            78,
            79,
            73
        ]
    },
    "individual": {
        "sequence": "[[0, 0, 0, 0, 0], [0, 0, 0, 0, 0], [11, 1, 1, 174, 13], [37, 2, 2, 93, 27], [14, 1, 2, 6, 27], [3, 0, 0, 128, 186], [24, 5, 4, 99, 249], [11, 6, 3, 187, 155], [2, 7, 3, 59, 117], [25, 1, 0, 171, 85], [4, 4, 9, 62, 28], [4, 10, 8, 92, 240], [40, 4, 4, 221, 46], [39, 8, 1, 95, 37], [6, 10, 5, 236, 213], [1, 8, 9, 152, 50], [38, 9, 6, 252, 78], [17, 15, 4, 7, 49], [2, 12, 2, 15, 93], [12, 11, 8, 30, 241], [3, 7, 8, 201, 56], [20, 8, 8, 175, 22], [29, 17, 18, 56, 117], [6, 22, 14, 186, 17], [20, 13, 5, 101, 139], [5, 4, 22, 180, 229], [38, 14, 21, 93, 100], [4, 7, 0, 164, 162], [14, 7, 0, 236, 137], [10, 10, 15, 88, 73], [23, 24, 22, 1, 81], [34, 25, 27, 248, 99], [0, 15, 0, 0, 0], [0, 12, 0, 0, 0]]",
        "fitness": {
            "fitness": 0.15179769907678878,
            "time": 0.04097953864506313
        }
    },
    "decoding": {
        "metadata": {
            "rows": 1,
            "columns": 30,
            "n_in": 2,
            "n_out": 2,
            "n_para": 2,
            "n_conn": 2
        },
        "functions": [
            "max",
            "min",
            "mean",
            "add",
            "subtract",
            "bitwise_not",
            "bitwise_or",
            "bitwise_and",
            "bitwise_and_mask",
            "bitwise_xor",
            "sqrt",
            "pow2",
            "exp",
            "log",
            "median_blur",
            "gaussian_blur",
            "laplacian",
            "sobel",
            "robert_cross",
            "canny",
            "sharpen",
            "gabor",
            "abs_diff",
            "abs_diff2",
            "fluo_tophat",
            "rel_diff",
            "erode",
            "dilate",
            "open",
            "close",
            "morph_gradient",
            "morph_tophat",
            "morph_blackhat",
            "fill_holes",
            "remove_small_objects",
            "remove_small_holes",
            "threshold",
            "threshold_at_1",
            "distance_transform",
            "distance_transform_and_thresh",
            "inrange_bin",
            "inrange"
        ],
        "endpoint": {
            "name": "Marker-Based Watershed",
            "abbv": "WSHD",
            "arity": 2,
            "p": 0,
            "kwargs": {
                "use_dt": false,
                "markers_distance": 21,
                "markers_area": null
            }
        },
        "mode": "default"
    }
}