{
    "dataset": {
        "name": "CIL",
        "label_name": "neuron",
        "indices": [
            51,
            14,
            3,
            33
        ]
    },
    "individual": {
        "sequence": "[[0, 0, 0, 0, 0], [0, 0, 0, 0, 0], [13, 0, 1, 17, 223], [11, 1, 1, 209, 169], [1, 0, 0, 46, 227], [14, 0, 1, 234, 24], [15, 1, 2, 12, 183], [30, 1, 4, 249, 217], [26, 7, 0, 87, 226], [2, 8, 2, 142, 238], [41, 0, 1, 44, 204], [39, 5, 10, 87, 231], [37, 2, 6, 164, 74], [13, 2, 2, 164, 93], [36, 6, 6, 15, 44], [11, 4, 8, 3, 31], [18, 3, 2, 136, 115], [40, 5, 7, 205, 72], [1, 9, 12, 187, 83], [22, 17, 10, 163, 7], [29, 11, 19, 103, 158], [33, 5, 0, 151, 27], [7, 18, 15, 170, 92], [29, 12, 19, 226, 191], [5, 21, 4, 94, 236], [13, 24, 19, 91, 167], [29, 12, 7, 82, 142], [35, 22, 18, 107, 200], [19, 19, 7, 159, 98], [15, 5, 27, 208, 96], [27, 20, 15, 117, 47], [32, 12, 28, 123, 167], [0, 18, 0, 0, 0], [0, 14, 0, 0, 0]]",
        "fitness": {
            "fitness": 0.1236935704946518,
            "time": 0.03659987449645996
        }
    },
    "decoding": {
        "metadata": {
            "rows": 1,
            "columns": 30,
            "n_in": 2,
            "n_out": 2,
            "n_para": 2,
            "n_conn": 2
        },
        "functions": [
            "max",
            "min",
            "mean",
            "add",
            "subtract",
            "bitwise_not",
            "bitwise_or",
            "bitwise_and",
            "bitwise_and_mask",
            "bitwise_xor",
            "sqrt",
            "pow2",
            "exp",
            "log",
            "median_blur",
            "gaussian_blur",
            "laplacian",
            "sobel",
            "robert_cross",
            "canny",
            "sharpen",
            "gabor",
            "abs_diff",
            "abs_diff2",
            "fluo_tophat",
            "rel_diff",
            "erode",
            "dilate",
            "open",
            "close",
            "morph_gradient",
            "morph_tophat",
            "morph_blackhat",
            "fill_holes",
            "remove_small_objects",
            "remove_small_holes",
            "threshold",
            "threshold_at_1",
            "distance_transform",
            "distance_transform_and_thresh",
            "inrange_bin",
            "inrange"
        ],
        "endpoint": {
            "name": "W",
            "abbv": "WSHD",
            "arity": 2,
            "p": 0,
            "kwargs": {
                "use_dt": false,
                "markers_distance": 21,
                "markers_area": null
            }
        },
        "mode": "default"
    }
}