{
    "dataset": {
        "name": "CIL",
        "label_name": "neuron",
        "indices": [
            15,
            84,
            67
        ]
    },
    "individual": {
        "sequence": "[[0, 0, 0, 0, 0], [0, 0, 0, 0, 0], [27, 1, 0, 207, 115], [38, 2, 0, 137, 203], [1, 1, 0, 100, 215], [25, 1, 1, 255, 76], [26, 1, 2, 11, 245], [40, 6, 4, 254, 36], [39, 3, 6, 144, 179], [31, 5, 4, 152, 71], [30, 8, 7, 47, 132], [27, 7, 8, 53, 22], [27, 11, 5, 132, 190], [11, 0, 3, 226, 79], [18, 1, 13, 55, 236], [9, 0, 12, 20, 203], [10, 13, 1, 15, 81], [33, 13, 8, 170, 108], [7, 7, 6, 109, 0], [30, 15, 6, 169, 192], [13, 0, 9, 156, 245], [16, 14, 4, 50, 199], [26, 0, 1, 199, 205], [41, 13, 21, 101, 168], [30, 9, 10, 208, 117], [0, 11, 13, 82, 21], [27, 16, 16, 68, 27], [19, 9, 2, 174, 78], [4, 15, 11, 48, 31], [0, 7, 12, 102, 125], [18, 18, 19, 54, 199], [38, 19, 11, 129, 52], [0, 25, 0, 0, 0], [0, 7, 0, 0, 0]]",
        "fitness": {
            "fitness": 0.05701754490534464,
            "time": 0.015636205673217773
        }
    },
    "decoding": {
        "metadata": {
            "rows": 1,
            "columns": 30,
            "n_in": 2,
            "n_out": 2,
            "n_para": 2,
            "n_conn": 2
        },
        "functions": [
            "max",
            "min",
            "mean",
            "add",
            "subtract",
            "bitwise_not",
            "bitwise_or",
            "bitwise_and",
            "bitwise_and_mask",
            "bitwise_xor",
            "sqrt",
            "pow2",
            "exp",
            "log",
            "median_blur",
            "gaussian_blur",
            "laplacian",
            "sobel",
            "robert_cross",
            "canny",
            "sharpen",
            "gabor",
            "abs_diff",
            "abs_diff2",
            "fluo_tophat",
            "rel_diff",
            "erode",
            "dilate",
            "open",
            "close",
            "morph_gradient",
            "morph_tophat",
            "morph_blackhat",
            "fill_holes",
            "remove_small_objects",
            "remove_small_holes",
            "threshold",
            "threshold_at_1",
            "distance_transform",
            "distance_transform_and_thresh",
            "inrange_bin",
            "inrange"
        ],
        "endpoint": {
            "name": "W",
            "abbv": "WSHD",
            "arity": 2,
            "p": 0,
            "kwargs": {
                "use_dt": false,
                "markers_distance": 21,
                "markers_area": null
            }
        },
        "mode": "default"
    }
}