{
    "dataset": {
        "name": "CIL",
        "label_name": "neuron",
        "indices": [
            15,
            68,
            61,
            8,
            21,
            14
        ]
    },
    "individual": {
        "sequence": "[[0, 0, 0, 0, 0], [0, 0, 0, 0, 0], [28, 1, 1, 23, 202], [11, 2, 1, 121, 67], [2, 1, 3, 27, 101], [26, 4, 4, 54, 24], [24, 0, 4, 53, 153], [11, 5, 5, 96, 81], [16, 4, 1, 64, 36], [13, 5, 5, 8, 154], [28, 1, 4, 22, 69], [37, 7, 5, 224, 210], [19, 1, 3, 163, 82], [2, 4, 6, 82, 247], [38, 3, 7, 186, 136], [21, 8, 0, 53, 30], [26, 4, 12, 167, 123], [0, 1, 3, 254, 131], [34, 12, 5, 149, 128], [4, 16, 11, 193, 242], [33, 12, 19, 30, 180], [18, 1, 13, 192, 220], [33, 19, 5, 29, 19], [13, 6, 21, 130, 188], [3, 21, 20, 129, 167], [40, 13, 3, 13, 219], [17, 17, 23, 135, 125], [34, 4, 25, 74, 61], [19, 12, 15, 3, 173], [20, 20, 3, 95, 250], [6, 23, 14, 181, 186], [13, 11, 12, 64, 21], [0, 25, 0, 0, 0], [0, 11, 0, 0, 0]]",
        "fitness": {
            "fitness": 0.13713433345158896,
            "time": 0.037268877029418945
        }
    },
    "decoding": {
        "metadata": {
            "rows": 1,
            "columns": 30,
            "n_in": 2,
            "n_out": 2,
            "n_para": 2,
            "n_conn": 2
        },
        "functions": [
            "max",
            "min",
            "mean",
            "add",
            "subtract",
            "bitwise_not",
            "bitwise_or",
            "bitwise_and",
            "bitwise_and_mask",
            "bitwise_xor",
            "sqrt",
            "pow2",
            "exp",
            "log",
            "median_blur",
            "gaussian_blur",
            "laplacian",
            "sobel",
            "robert_cross",
            "canny",
            "sharpen",
            "gabor",
            "abs_diff",
            "abs_diff2",
            "fluo_tophat",
            "rel_diff",
            "erode",
            "dilate",
            "open",
            "close",
            "morph_gradient",
            "morph_tophat",
            "morph_blackhat",
            "fill_holes",
            "remove_small_objects",
            "remove_small_holes",
            "threshold",
            "threshold_at_1",
            "distance_transform",
            "distance_transform_and_thresh",
            "inrange_bin",
            "inrange"
        ],
        "endpoint": {
            "name": "W",
            "abbv": "WSHD",
            "arity": 2,
            "p": 0,
            "kwargs": {
                "use_dt": false,
                "markers_distance": 21,
                "markers_area": null
            }
        },
        "mode": "default"
    }
}