{
    "dataset": {
        "name": "CIL",
        "label_name": "neuron",
        "indices": [
            28,
            22
        ]
    },
    "individual": {
        "sequence": "[[0, 0, 0, 0, 0], [0, 0, 0, 0, 0], [19, 1, 0, 23, 205], [36, 0, 0, 161, 165], [24, 0, 1, 9, 192], [19, 2, 1, 177, 234], [4, 2, 4, 87, 26], [11, 0, 2, 159, 13], [15, 2, 6, 17, 82], [12, 8, 3, 35, 103], [16, 6, 0, 241, 121], [11, 4, 5, 75, 168], [2, 11, 2, 34, 137], [41, 2, 8, 200, 249], [6, 0, 5, 189, 241], [35, 5, 9, 18, 59], [4, 8, 12, 205, 140], [33, 0, 8, 250, 19], [37, 5, 8, 216, 8], [20, 17, 12, 174, 141], [18, 6, 13, 126, 183], [8, 19, 4, 119, 21], [17, 0, 16, 86, 109], [34, 17, 8, 240, 154], [7, 12, 3, 118, 207], [6, 4, 21, 230, 24], [37, 22, 15, 89, 228], [35, 8, 1, 23, 225], [28, 11, 11, 150, 32], [27, 4, 7, 174, 120], [32, 16, 15, 114, 72], [37, 13, 30, 12, 214], [0, 12, 0, 0, 0], [0, 10, 0, 0, 0]]",
        "fitness": {
            "fitness": 0.05263158679008484,
            "time": 0.047107577323913574
        }
    },
    "decoding": {
        "metadata": {
            "rows": 1,
            "columns": 30,
            "n_in": 2,
            "n_out": 2,
            "n_para": 2,
            "n_conn": 2
        },
        "functions": [
            "max",
            "min",
            "mean",
            "add",
            "subtract",
            "bitwise_not",
            "bitwise_or",
            "bitwise_and",
            "bitwise_and_mask",
            "bitwise_xor",
            "sqrt",
            "pow2",
            "exp",
            "log",
            "median_blur",
            "gaussian_blur",
            "laplacian",
            "sobel",
            "robert_cross",
            "canny",
            "sharpen",
            "gabor",
            "abs_diff",
            "abs_diff2",
            "fluo_tophat",
            "rel_diff",
            "erode",
            "dilate",
            "open",
            "close",
            "morph_gradient",
            "morph_tophat",
            "morph_blackhat",
            "fill_holes",
            "remove_small_objects",
            "remove_small_holes",
            "threshold",
            "threshold_at_1",
            "distance_transform",
            "distance_transform_and_thresh",
            "inrange_bin",
            "inrange"
        ],
        "endpoint": {
            "name": "W",
            "abbv": "WSHD",
            "arity": 2,
            "p": 0,
            "kwargs": {
                "use_dt": false,
                "markers_distance": 21,
                "markers_area": null
            }
        },
        "mode": "default"
    }
}