{
    "dataset": {
        "name": "CIL",
        "label_name": "neuron",
        "indices": [
            15,
            75,
            48,
            33,
            1,
            16,
            79,
            32,
            56,
            51,
            12,
            11,
            2,
            61,
            60,
            40,
            76,
            74,
            27,
            65,
            37,
            80,
            71,
            29,
            85
        ]
    },
    "individual": {
        "sequence": "[[0, 0, 0, 0, 0], [0, 0, 0, 0, 0], [2, 1, 0, 95, 233], [2, 2, 0, 167, 251], [33, 2, 0, 154, 25], [28, 1, 4, 20, 165], [29, 4, 0, 63, 166], [37, 5, 0, 39, 1], [41, 5, 7, 41, 208], [30, 3, 0, 4, 92], [1, 3, 2, 237, 62], [26, 2, 2, 248, 94], [24, 10, 5, 125, 23], [20, 4, 11, 97, 254], [2, 13, 13, 55, 85], [21, 9, 2, 5, 59], [16, 3, 13, 167, 183], [41, 3, 9, 172, 169], [2, 7, 0, 217, 226], [37, 13, 2, 162, 155], [35, 1, 8, 70, 196], [11, 17, 7, 98, 200], [18, 17, 5, 214, 171], [38, 18, 19, 147, 203], [17, 6, 14, 60, 50], [18, 9, 9, 14, 74], [10, 15, 21, 139, 15], [9, 4, 14, 199, 57], [31, 27, 1, 105, 250], [8, 24, 24, 93, 170], [11, 12, 26, 41, 116], [2, 3, 9, 72, 78], [0, 30, 0, 0, 0], [0, 8, 0, 0, 0]]",
        "fitness": {
            "fitness": 0.14643171787261963,
            "time": 0.0584064769744873
        }
    },
    "decoding": {
        "metadata": {
            "rows": 1,
            "columns": 30,
            "n_in": 2,
            "n_out": 2,
            "n_para": 2,
            "n_conn": 2
        },
        "functions": [
            "max",
            "min",
            "mean",
            "add",
            "subtract",
            "bitwise_not",
            "bitwise_or",
            "bitwise_and",
            "bitwise_and_mask",
            "bitwise_xor",
            "sqrt",
            "pow2",
            "exp",
            "log",
            "median_blur",
            "gaussian_blur",
            "laplacian",
            "sobel",
            "robert_cross",
            "canny",
            "sharpen",
            "gabor",
            "abs_diff",
            "abs_diff2",
            "fluo_tophat",
            "rel_diff",
            "erode",
            "dilate",
            "open",
            "close",
            "morph_gradient",
            "morph_tophat",
            "morph_blackhat",
            "fill_holes",
            "remove_small_objects",
            "remove_small_holes",
            "threshold",
            "threshold_at_1",
            "distance_transform",
            "distance_transform_and_thresh",
            "inrange_bin",
            "inrange"
        ],
        "endpoint": {
            "name": "W",
            "abbv": "WSHD",
            "arity": 2,
            "p": 0,
            "kwargs": {
                "use_dt": false,
                "markers_distance": 21,
                "markers_area": null
            }
        },
        "mode": "default"
    }
}