{
    "dataset": {
        "name": "Tumor",
        "label_name": "tumor",
        "indices": null
    },
    "individual": {
        "sequence": "[[0, 0, 0, 0, 0], [0, 0, 0, 0, 0], [0, 0, 0, 0, 0], [28, 1, 1, 65, 19], [1, 3, 1, 196, 28], [14, 1, 1, 235, 97], [14, 0, 1, 166, 195], [23, 6, 5, 232, 161], [8, 5, 3, 221, 107], [40, 0, 6, 239, 10], [17, 8, 2, 230, 135], [29, 9, 3, 86, 177], [32, 8, 0, 14, 255], [19, 10, 8, 132, 211], [41, 7, 4, 86, 230], [6, 8, 13, 72, 147], [36, 5, 10, 14, 231], [20, 10, 15, 97, 50], [18, 17, 0, 51, 81], [29, 18, 2, 135, 24], [24, 8, 11, 161, 70], [7, 1, 3, 183, 78], [26, 8, 20, 188, 181], [29, 18, 3, 1, 180], [2, 16, 18, 111, 185], [37, 11, 7, 209, 26], [40, 20, 11, 228, 100], [23, 7, 8, 163, 186], [3, 26, 20, 83, 184], [15, 1, 15, 161, 37], [4, 28, 27, 220, 36], [17, 25, 15, 194, 39], [37, 6, 29, 7, 168], [0, 30, 0, 0, 0]]",
        "fitness": {
            "fitness": 0.14466346861451576,
            "time": 0.20098878939946493
        }
    },
    "decoding": {
        "metadata": {
            "rows": 1,
            "columns": 30,
            "n_in": 3,
            "n_out": 1,
            "n_para": 2,
            "n_conn": 2
        },
        "functions": [
            "max",
            "min",
            "mean",
            "add",
            "subtract",
            "bitwise_not",
            "bitwise_or",
            "bitwise_and",
            "bitwise_and_mask",
            "bitwise_xor",
            "sqrt",
            "pow2",
            "exp",
            "log",
            "median_blur",
            "gaussian_blur",
            "laplacian",
            "sobel",
            "robert_cross",
            "canny",
            "sharpen",
            "gabor",
            "abs_diff",
            "abs_diff2",
            "fluo_tophat",
            "rel_diff",
            "erode",
            "dilate",
            "open",
            "close",
            "morph_gradient",
            "morph_tophat",
            "morph_blackhat",
            "fill_holes",
            "remove_small_objects",
            "remove_small_holes",
            "threshold",
            "threshold_at_1",
            "distance_transform",
            "distance_transform_and_thresh",
            "inrange_bin",
            "inrange"
        ],
        "endpoint": {
            "name": "Threshold (t=4)",
            "abbv": "TRSH",
            "arity": 1,
            "p": 0,
            "kwargs": {
                "threshold": 4
            }
        },
        "mode": "default"
    }
}