{
    "dataset": {
        "name": "CIL",
        "label_name": "neuron",
        "indices": [
            37,
            10,
            41,
            3,
            32,
            81,
            68,
            24,
            53,
            48,
            66,
            65,
            26,
            25,
            15,
            49,
            27,
            23,
            44,
            36,
            21,
            74,
            86,
            61,
            58,
            13,
            6,
            84,
            75,
            12,
            0,
            78,
            52,
            35,
            2,
            18,
            30,
            1,
            69,
            88,
            28,
            85,
            31,
            4,
            8,
            73,
            82,
            76,
            72,
            62,
            70,
            16,
            59,
            63,
            14,
            54,
            46,
            50,
            22,
            47,
            5,
            19,
            17,
            55,
            39,
            67,
            71,
            43,
            40,
            29,
            64,
            20,
            87,
            80,
            34,
            79,
            33,
            45,
            56,
            42
        ]
    },
    "individual": {
        "sequence": "[[0, 0, 0, 0, 0], [0, 0, 0, 0, 0], [29, 1, 0, 246, 72], [31, 0, 0, 178, 38], [7, 2, 1, 164, 116], [22, 1, 2, 157, 177], [11, 4, 3, 235, 73], [34, 2, 1, 232, 143], [19, 6, 4, 38, 11], [0, 3, 6, 164, 141], [8, 3, 6, 81, 39], [6, 4, 2, 168, 168], [16, 0, 5, 62, 87], [1, 11, 12, 175, 49], [26, 9, 11, 222, 192], [17, 12, 5, 181, 44], [16, 8, 4, 150, 181], [26, 14, 16, 134, 95], [34, 9, 9, 142, 199], [10, 6, 18, 104, 56], [36, 16, 15, 58, 198], [11, 0, 14, 160, 4], [0, 13, 8, 139, 243], [35, 12, 18, 19, 252], [32, 9, 10, 220, 119], [2, 3, 16, 152, 51], [10, 5, 2, 204, 79], [3, 21, 6, 117, 153], [28, 1, 1, 174, 106], [40, 24, 18, 84, 80], [10, 2, 10, 50, 224], [19, 1, 25, 186, 223], [0, 25, 0, 0, 0], [0, 16, 0, 0, 0]]",
        "fitness": {
            "fitness": 0.1445006474852562,
            "time": 0.05328438282012939
        }
    },
    "decoding": {
        "metadata": {
            "rows": 1,
            "columns": 30,
            "n_in": 2,
            "n_out": 2,
            "n_para": 2,
            "n_conn": 2
        },
        "functions": [
            "max",
            "min",
            "mean",
            "add",
            "subtract",
            "bitwise_not",
            "bitwise_or",
            "bitwise_and",
            "bitwise_and_mask",
            "bitwise_xor",
            "sqrt",
            "pow2",
            "exp",
            "log",
            "median_blur",
            "gaussian_blur",
            "laplacian",
            "sobel",
            "robert_cross",
            "canny",
            "sharpen",
            "gabor",
            "abs_diff",
            "abs_diff2",
            "fluo_tophat",
            "rel_diff",
            "erode",
            "dilate",
            "open",
            "close",
            "morph_gradient",
            "morph_tophat",
            "morph_blackhat",
            "fill_holes",
            "remove_small_objects",
            "remove_small_holes",
            "threshold",
            "threshold_at_1",
            "distance_transform",
            "distance_transform_and_thresh",
            "inrange_bin",
            "inrange"
        ],
        "endpoint": {
            "name": "Marker-Based Watershed",
            "abbv": "WSHD",
            "arity": 2,
            "args": 0,
            "kwargs": {
                "use_dt": false,
                "markers_distance": 21,
                "markers_area": null
            }
        },
        "mode": "default"
    }
}