{
    "dataset": {
        "name": "CIL",
        "label_name": "neuron",
        "indices": [
            9,
            65,
            82,
            49,
            68,
            54,
            18,
            51,
            25,
            33,
            13,
            58,
            50
        ]
    },
    "individual": {
        "sequence": "[[0, 0, 0, 0, 0], [0, 0, 0, 0, 0], [2, 0, 1, 91, 137], [19, 2, 2, 117, 60], [25, 1, 3, 226, 239], [26, 4, 1, 185, 97], [17, 2, 0, 54, 231], [24, 3, 3, 180, 143], [39, 4, 1, 93, 212], [22, 1, 1, 248, 18], [36, 1, 0, 157, 45], [29, 6, 9, 109, 74], [11, 2, 2, 129, 186], [3, 2, 0, 121, 153], [6, 2, 6, 105, 164], [36, 2, 1, 236, 232], [9, 7, 0, 34, 211], [41, 7, 3, 29, 226], [3, 1, 11, 69, 213], [11, 13, 8, 90, 242], [7, 10, 9, 120, 190], [2, 19, 10, 116, 12], [14, 20, 0, 11, 47], [21, 21, 22, 250, 39], [22, 2, 15, 56, 19], [20, 10, 21, 152, 167], [28, 13, 20, 205, 32], [2, 23, 2, 79, 215], [35, 9, 24, 14, 166], [4, 19, 27, 4, 105], [14, 21, 19, 53, 173], [17, 16, 20, 78, 186], [0, 21, 0, 0, 0], [0, 22, 0, 0, 0]]",
        "fitness": {
            "fitness": 0.13271445035934448,
            "time": 0.026329957521878757
        }
    },
    "decoding": {
        "metadata": {
            "rows": 1,
            "columns": 30,
            "n_in": 2,
            "n_out": 2,
            "n_para": 2,
            "n_conn": 2
        },
        "functions": [
            "max",
            "min",
            "mean",
            "add",
            "subtract",
            "bitwise_not",
            "bitwise_or",
            "bitwise_and",
            "bitwise_and_mask",
            "bitwise_xor",
            "sqrt",
            "pow2",
            "exp",
            "log",
            "median_blur",
            "gaussian_blur",
            "laplacian",
            "sobel",
            "robert_cross",
            "canny",
            "sharpen",
            "gabor",
            "abs_diff",
            "abs_diff2",
            "fluo_tophat",
            "rel_diff",
            "erode",
            "dilate",
            "open",
            "close",
            "morph_gradient",
            "morph_tophat",
            "morph_blackhat",
            "fill_holes",
            "remove_small_objects",
            "remove_small_holes",
            "threshold",
            "threshold_at_1",
            "distance_transform",
            "distance_transform_and_thresh",
            "inrange_bin",
            "inrange"
        ],
        "endpoint": {
            "name": "Marker-Based Watershed",
            "abbv": "WSHD",
            "arity": 2,
            "p": 0,
            "kwargs": {
                "use_dt": false,
                "markers_distance": 21,
                "markers_area": null
            }
        },
        "mode": "default"
    }
}