{
    "dataset": {
        "name": "CIL",
        "label_name": "neuron",
        "indices": [
            19,
            73,
            49,
            34,
            35,
            10,
            14,
            53,
            79,
            0,
            66,
            5
        ]
    },
    "individual": {
        "sequence": "[[0, 0, 0, 0, 0], [0, 0, 0, 0, 0], [19, 1, 0, 25, 179], [24, 0, 0, 178, 135], [0, 3, 1, 92, 125], [1, 2, 0, 30, 120], [11, 3, 5, 114, 92], [16, 2, 0, 246, 252], [34, 4, 3, 51, 162], [10, 4, 7, 34, 11], [3, 8, 0, 229, 214], [26, 1, 3, 142, 160], [20, 4, 6, 57, 84], [9, 10, 4, 144, 228], [7, 13, 0, 15, 74], [16, 2, 10, 83, 61], [32, 5, 12, 43, 222], [1, 3, 3, 39, 252], [12, 2, 10, 226, 227], [33, 10, 9, 125, 29], [15, 7, 8, 34, 5], [30, 17, 14, 8, 142], [7, 13, 14, 25, 175], [28, 6, 2, 1, 124], [36, 2, 10, 77, 135], [6, 23, 4, 187, 195], [38, 5, 13, 29, 13], [27, 6, 16, 159, 208], [15, 27, 17, 192, 15], [13, 26, 22, 199, 225], [8, 0, 23, 122, 173], [2, 30, 20, 29, 71], [0, 31, 0, 0, 0], [0, 7, 0, 0, 0]]",
        "fitness": {
            "fitness": 0.12425824006398518,
            "time": 0.05270707607269287
        }
    },
    "decoding": {
        "metadata": {
            "rows": 1,
            "columns": 30,
            "n_in": 2,
            "n_out": 2,
            "n_para": 2,
            "n_conn": 2
        },
        "functions": [
            "max",
            "min",
            "mean",
            "add",
            "subtract",
            "bitwise_not",
            "bitwise_or",
            "bitwise_and",
            "bitwise_and_mask",
            "bitwise_xor",
            "sqrt",
            "pow2",
            "exp",
            "log",
            "median_blur",
            "gaussian_blur",
            "laplacian",
            "sobel",
            "robert_cross",
            "canny",
            "sharpen",
            "gabor",
            "abs_diff",
            "abs_diff2",
            "fluo_tophat",
            "rel_diff",
            "erode",
            "dilate",
            "open",
            "close",
            "morph_gradient",
            "morph_tophat",
            "morph_blackhat",
            "fill_holes",
            "remove_small_objects",
            "remove_small_holes",
            "threshold",
            "threshold_at_1",
            "distance_transform",
            "distance_transform_and_thresh",
            "inrange_bin",
            "inrange"
        ],
        "endpoint": {
            "name": "Marker-Based Watershed",
            "abbv": "WSHD",
            "arity": 2,
            "p": 0,
            "kwargs": {
                "use_dt": false,
                "markers_distance": 21,
                "markers_area": null
            }
        },
        "mode": "default"
    }
}