{
    "dataset": {
        "name": "Tumor",
        "label_name": "tumor",
        "indices": null
    },
    "individual": {
        "sequence": "[[0, 0, 0, 0, 0], [0, 0, 0, 0, 0], [0, 0, 0, 0, 0], [20, 0, 0, 144, 4], [12, 3, 3, 45, 113], [7, 1, 4, 110, 162], [16, 4, 1, 203, 90], [39, 4, 1, 135, 243], [5, 3, 4, 7, 142], [40, 6, 1, 153, 222], [32, 5, 6, 56, 178], [3, 10, 3, 34, 227], [26, 1, 4, 45, 60], [41, 0, 9, 227, 242], [29, 6, 5, 56, 235], [41, 0, 11, 78, 130], [34, 15, 2, 91, 174], [29, 4, 14, 218, 47], [0, 0, 17, 103, 111], [4, 10, 15, 144, 117], [1, 18, 12, 10, 15], [8, 10, 1, 63, 185], [26, 18, 10, 70, 252], [24, 18, 20, 1, 53], [8, 12, 13, 226, 141], [6, 14, 12, 222, 102], [18, 18, 17, 100, 61], [3, 26, 0, 66, 246], [14, 26, 8, 187, 230], [15, 19, 8, 241, 76], [22, 27, 22, 133, 190], [10, 15, 15, 25, 96], [32, 29, 29, 189, 216], [0, 29, 0, 0, 0]]",
        "fitness": {
            "fitness": 0.12786260028943894,
            "time": 0.012873391310373941
        }
    },
    "decoding": {
        "metadata": {
            "rows": 1,
            "columns": 30,
            "n_in": 3,
            "n_out": 1,
            "n_para": 2,
            "n_conn": 2
        },
        "functions": [
            "max",
            "min",
            "mean",
            "add",
            "subtract",
            "bitwise_not",
            "bitwise_or",
            "bitwise_and",
            "bitwise_and_mask",
            "bitwise_xor",
            "sqrt",
            "pow2",
            "exp",
            "log",
            "median_blur",
            "gaussian_blur",
            "laplacian",
            "sobel",
            "robert_cross",
            "canny",
            "sharpen",
            "gabor",
            "abs_diff",
            "abs_diff2",
            "fluo_tophat",
            "rel_diff",
            "erode",
            "dilate",
            "open",
            "close",
            "morph_gradient",
            "morph_tophat",
            "morph_blackhat",
            "fill_holes",
            "remove_small_objects",
            "remove_small_holes",
            "threshold",
            "threshold_at_1",
            "distance_transform",
            "distance_transform_and_thresh",
            "inrange_bin",
            "inrange"
        ],
        "endpoint": {
            "name": "Threshold (t=4)",
            "abbv": "TRSH",
            "arity": 1,
            "p": 0,
            "kwargs": {
                "threshold": 4
            }
        },
        "mode": "default"
    }
}