{
    "dataset": {
        "name": "CIL",
        "label_name": "neuron",
        "indices": [
            11,
            78,
            32,
            51,
            87,
            69,
            53,
            8,
            77,
            33,
            84,
            60,
            86,
            19,
            57,
            64,
            3,
            34,
            16,
            27,
            74,
            15,
            14,
            62,
            20,
            23,
            81,
            40,
            26,
            6,
            63,
            29,
            58,
            37,
            18,
            83,
            76,
            55,
            52,
            67
        ]
    },
    "individual": {
        "sequence": "[[0, 0, 0, 0, 0], [0, 0, 0, 0, 0], [21, 1, 1, 34, 117], [36, 1, 1, 226, 42], [15, 2, 3, 238, 144], [8, 4, 2, 72, 77], [19, 3, 2, 16, 25], [28, 3, 1, 8, 8], [7, 2, 7, 35, 18], [2, 0, 2, 13, 99], [2, 5, 2, 15, 144], [29, 9, 0, 34, 77], [0, 4, 9, 211, 116], [30, 1, 10, 157, 144], [24, 12, 13, 100, 247], [9, 10, 14, 222, 135], [16, 9, 14, 151, 188], [3, 13, 14, 125, 122], [34, 9, 3, 162, 223], [38, 6, 5, 236, 58], [32, 5, 10, 190, 212], [11, 15, 7, 10, 143], [19, 3, 10, 89, 78], [18, 18, 18, 133, 145], [0, 2, 7, 221, 167], [17, 11, 19, 27, 60], [0, 13, 4, 180, 255], [22, 2, 4, 142, 182], [18, 7, 10, 235, 226], [21, 1, 3, 43, 211], [1, 16, 2, 110, 104], [3, 19, 17, 19, 2], [0, 21, 0, 0, 0], [0, 7, 0, 0, 0]]",
        "fitness": {
            "fitness": 0.13363689035177231,
            "time": 0.05171608328819275
        }
    },
    "decoding": {
        "metadata": {
            "rows": 1,
            "columns": 30,
            "n_in": 2,
            "n_out": 2,
            "n_para": 2,
            "n_conn": 2
        },
        "functions": [
            "max",
            "min",
            "mean",
            "add",
            "subtract",
            "bitwise_not",
            "bitwise_or",
            "bitwise_and",
            "bitwise_and_mask",
            "bitwise_xor",
            "sqrt",
            "pow2",
            "exp",
            "log",
            "median_blur",
            "gaussian_blur",
            "laplacian",
            "sobel",
            "robert_cross",
            "canny",
            "sharpen",
            "gabor",
            "abs_diff",
            "abs_diff2",
            "fluo_tophat",
            "rel_diff",
            "erode",
            "dilate",
            "open",
            "close",
            "morph_gradient",
            "morph_tophat",
            "morph_blackhat",
            "fill_holes",
            "remove_small_objects",
            "remove_small_holes",
            "threshold",
            "threshold_at_1",
            "distance_transform",
            "distance_transform_and_thresh",
            "inrange_bin",
            "inrange"
        ],
        "endpoint": {
            "name": "Marker-Based Watershed",
            "abbv": "WSHD",
            "arity": 2,
            "args": 0,
            "kwargs": {
                "use_dt": false,
                "markers_distance": 21,
                "markers_area": null
            }
        },
        "mode": "default"
    }
}