{
    "dataset": {
        "name": "CIL",
        "label_name": "neuron",
        "indices": [
            50,
            65,
            21,
            55
        ]
    },
    "individual": {
        "sequence": "[[0, 0, 0, 0, 0], [0, 0, 0, 0, 0], [24, 0, 1, 76, 207], [36, 1, 2, 50, 40], [17, 3, 0, 208, 197], [8, 3, 1, 74, 18], [33, 3, 2, 189, 176], [26, 5, 5, 17, 15], [6, 5, 2, 0, 44], [40, 2, 0, 255, 159], [20, 0, 2, 2, 101], [3, 5, 2, 68, 164], [1, 8, 1, 89, 162], [39, 1, 5, 91, 39], [28, 9, 1, 57, 213], [39, 5, 7, 169, 249], [18, 7, 13, 102, 255], [20, 9, 8, 157, 106], [37, 15, 8, 108, 158], [34, 18, 18, 223, 236], [16, 7, 8, 104, 169], [34, 19, 4, 172, 205], [16, 7, 11, 215, 253], [39, 4, 18, 57, 189], [40, 5, 4, 68, 107], [33, 9, 10, 161, 53], [19, 10, 20, 199, 137], [32, 9, 6, 152, 232], [11, 8, 12, 100, 185], [13, 23, 13, 142, 35], [19, 24, 21, 78, 233], [34, 10, 24, 207, 118], [0, 28, 0, 0, 0], [0, 20, 0, 0, 0]]",
        "fitness": {
            "fitness": 0.1063069999217987,
            "time": 0.04017913341522217
        }
    },
    "decoding": {
        "metadata": {
            "rows": 1,
            "columns": 30,
            "n_in": 2,
            "n_out": 2,
            "n_para": 2,
            "n_conn": 2
        },
        "functions": [
            "max",
            "min",
            "mean",
            "add",
            "subtract",
            "bitwise_not",
            "bitwise_or",
            "bitwise_and",
            "bitwise_and_mask",
            "bitwise_xor",
            "sqrt",
            "pow2",
            "exp",
            "log",
            "median_blur",
            "gaussian_blur",
            "laplacian",
            "sobel",
            "robert_cross",
            "canny",
            "sharpen",
            "gabor",
            "abs_diff",
            "abs_diff2",
            "fluo_tophat",
            "rel_diff",
            "erode",
            "dilate",
            "open",
            "close",
            "morph_gradient",
            "morph_tophat",
            "morph_blackhat",
            "fill_holes",
            "remove_small_objects",
            "remove_small_holes",
            "threshold",
            "threshold_at_1",
            "distance_transform",
            "distance_transform_and_thresh",
            "inrange_bin",
            "inrange"
        ],
        "endpoint": {
            "name": "W",
            "abbv": "WSHD",
            "arity": 2,
            "p": 0,
            "kwargs": {
                "use_dt": false,
                "markers_distance": 21,
                "markers_area": null
            }
        },
        "mode": "default"
    }
}