{
    "dataset": {
        "name": "CIL",
        "label_name": "neuron",
        "indices": [
            46,
            28,
            9,
            87,
            57,
            72
        ]
    },
    "individual": {
        "sequence": "[[0, 0, 0, 0, 0], [0, 0, 0, 0, 0], [41, 1, 1, 143, 55], [40, 2, 2, 37, 31], [0, 0, 2, 251, 212], [24, 4, 4, 161, 222], [25, 0, 4, 246, 168], [2, 6, 6, 88, 32], [21, 1, 5, 146, 180], [14, 1, 5, 21, 148], [16, 0, 1, 41, 161], [31, 8, 5, 213, 53], [10, 2, 7, 251, 102], [1, 0, 7, 199, 10], [40, 9, 8, 244, 43], [25, 1, 9, 208, 202], [34, 10, 6, 9, 135], [1, 5, 3, 255, 29], [30, 6, 11, 197, 224], [13, 5, 0, 39, 38], [28, 12, 2, 31, 174], [12, 5, 7, 233, 107], [35, 2, 13, 122, 48], [36, 20, 6, 42, 234], [33, 5, 11, 129, 71], [24, 6, 8, 175, 101], [38, 17, 0, 71, 28], [40, 25, 0, 82, 121], [40, 12, 5, 233, 50], [21, 21, 18, 177, 136], [37, 19, 17, 230, 160], [27, 4, 21, 98, 84], [0, 30, 0, 0, 0], [0, 14, 0, 0, 0]]",
        "fitness": {
            "fitness": 0.163058211406072,
            "time": 0.043175697326660156
        }
    },
    "decoding": {
        "metadata": {
            "rows": 1,
            "columns": 30,
            "n_in": 2,
            "n_out": 2,
            "n_para": 2,
            "n_conn": 2
        },
        "functions": [
            "max",
            "min",
            "mean",
            "add",
            "subtract",
            "bitwise_not",
            "bitwise_or",
            "bitwise_and",
            "bitwise_and_mask",
            "bitwise_xor",
            "sqrt",
            "pow2",
            "exp",
            "log",
            "median_blur",
            "gaussian_blur",
            "laplacian",
            "sobel",
            "robert_cross",
            "canny",
            "sharpen",
            "gabor",
            "abs_diff",
            "abs_diff2",
            "fluo_tophat",
            "rel_diff",
            "erode",
            "dilate",
            "open",
            "close",
            "morph_gradient",
            "morph_tophat",
            "morph_blackhat",
            "fill_holes",
            "remove_small_objects",
            "remove_small_holes",
            "threshold",
            "threshold_at_1",
            "distance_transform",
            "distance_transform_and_thresh",
            "inrange_bin",
            "inrange"
        ],
        "endpoint": {
            "name": "W",
            "abbv": "WSHD",
            "arity": 2,
            "p": 0,
            "kwargs": {
                "use_dt": false,
                "markers_distance": 21,
                "markers_area": null
            }
        },
        "mode": "default"
    }
}