{
    "dataset": {
        "name": "CIL",
        "label_name": "neuron",
        "indices": [
            36,
            74,
            24,
            65,
            76,
            39,
            60,
            59,
            58,
            87,
            78,
            16,
            0,
            57
        ]
    },
    "individual": {
        "sequence": "[[0, 0, 0, 0, 0], [0, 0, 0, 0, 0], [41, 1, 0, 242, 37], [9, 2, 1, 190, 39], [34, 1, 2, 2, 179], [41, 0, 1, 50, 226], [4, 3, 0, 26, 122], [41, 0, 4, 9, 228], [30, 7, 3, 165, 82], [39, 3, 6, 109, 147], [35, 9, 9, 101, 237], [23, 9, 7, 200, 4], [40, 5, 0, 64, 205], [39, 5, 2, 8, 30], [39, 1, 9, 157, 82], [6, 2, 10, 136, 147], [20, 7, 13, 74, 238], [23, 6, 11, 174, 168], [32, 11, 15, 76, 117], [27, 0, 7, 201, 137], [19, 14, 0, 244, 11], [3, 11, 13, 201, 57], [6, 12, 18, 238, 168], [14, 17, 6, 40, 86], [8, 10, 7, 47, 74], [19, 12, 18, 122, 26], [3, 25, 24, 130, 143], [18, 1, 12, 188, 154], [25, 3, 21, 7, 249], [28, 2, 24, 12, 195], [30, 3, 4, 86, 156], [35, 27, 15, 65, 154], [0, 7, 0, 0, 0], [0, 29, 0, 0, 0]]",
        "fitness": {
            "fitness": 0.14605640939303807,
            "time": 0.02435035364968436
        }
    },
    "decoding": {
        "metadata": {
            "rows": 1,
            "columns": 30,
            "n_in": 2,
            "n_out": 2,
            "n_para": 2,
            "n_conn": 2
        },
        "functions": [
            "max",
            "min",
            "mean",
            "add",
            "subtract",
            "bitwise_not",
            "bitwise_or",
            "bitwise_and",
            "bitwise_and_mask",
            "bitwise_xor",
            "sqrt",
            "pow2",
            "exp",
            "log",
            "median_blur",
            "gaussian_blur",
            "laplacian",
            "sobel",
            "robert_cross",
            "canny",
            "sharpen",
            "gabor",
            "abs_diff",
            "abs_diff2",
            "fluo_tophat",
            "rel_diff",
            "erode",
            "dilate",
            "open",
            "close",
            "morph_gradient",
            "morph_tophat",
            "morph_blackhat",
            "fill_holes",
            "remove_small_objects",
            "remove_small_holes",
            "threshold",
            "threshold_at_1",
            "distance_transform",
            "distance_transform_and_thresh",
            "inrange_bin",
            "inrange"
        ],
        "endpoint": {
            "name": "Marker-Based Watershed",
            "abbv": "WSHD",
            "arity": 2,
            "p": 0,
            "kwargs": {
                "use_dt": false,
                "markers_distance": 21,
                "markers_area": null
            }
        },
        "mode": "default"
    }
}