{
    "dataset": {
        "name": "CIL",
        "label_name": "neuron",
        "indices": [
            50,
            87,
            35,
            82,
            55,
            69,
            73,
            32,
            8,
            76,
            71,
            66,
            72,
            83,
            24,
            56,
            85,
            49,
            25,
            15,
            75,
            86,
            11,
            36,
            33,
            9,
            26,
            41,
            39,
            34,
            51,
            29,
            79,
            21,
            78,
            19,
            63,
            42,
            5,
            65,
            38,
            37,
            20,
            88,
            60,
            48,
            28,
            7,
            30,
            17
        ]
    },
    "individual": {
        "sequence": "[[0, 0, 0, 0, 0], [0, 0, 0, 0, 0], [41, 0, 1, 9, 246], [11, 1, 0, 19, 79], [21, 0, 2, 41, 57], [28, 3, 1, 15, 48], [1, 1, 0, 95, 1], [41, 5, 2, 70, 6], [20, 7, 3, 194, 109], [3, 4, 8, 222, 100], [17, 1, 4, 251, 25], [28, 7, 6, 173, 15], [19, 3, 1, 215, 190], [16, 11, 7, 150, 14], [14, 13, 1, 15, 59], [38, 9, 14, 34, 243], [37, 11, 0, 85, 237], [35, 10, 1, 123, 167], [18, 1, 3, 116, 30], [15, 10, 18, 29, 190], [34, 11, 7, 239, 199], [20, 6, 7, 147, 88], [15, 6, 21, 197, 227], [20, 10, 14, 119, 212], [0, 23, 19, 65, 18], [21, 5, 5, 156, 233], [8, 3, 25, 193, 165], [27, 14, 7, 161, 62], [30, 10, 23, 150, 188], [18, 3, 6, 136, 157], [5, 4, 7, 31, 78], [20, 26, 19, 103, 182], [0, 2, 0, 0, 0], [0, 8, 0, 0, 0]]",
        "fitness": {
            "fitness": 0.14233198761940002,
            "time": 0.02984382152557373
        }
    },
    "decoding": {
        "metadata": {
            "rows": 1,
            "columns": 30,
            "n_in": 2,
            "n_out": 2,
            "n_para": 2,
            "n_conn": 2
        },
        "functions": [
            "max",
            "min",
            "mean",
            "add",
            "subtract",
            "bitwise_not",
            "bitwise_or",
            "bitwise_and",
            "bitwise_and_mask",
            "bitwise_xor",
            "sqrt",
            "pow2",
            "exp",
            "log",
            "median_blur",
            "gaussian_blur",
            "laplacian",
            "sobel",
            "robert_cross",
            "canny",
            "sharpen",
            "gabor",
            "abs_diff",
            "abs_diff2",
            "fluo_tophat",
            "rel_diff",
            "erode",
            "dilate",
            "open",
            "close",
            "morph_gradient",
            "morph_tophat",
            "morph_blackhat",
            "fill_holes",
            "remove_small_objects",
            "remove_small_holes",
            "threshold",
            "threshold_at_1",
            "distance_transform",
            "distance_transform_and_thresh",
            "inrange_bin",
            "inrange"
        ],
        "endpoint": {
            "name": "W",
            "abbv": "WSHD",
            "arity": 2,
            "p": 0,
            "kwargs": {
                "use_dt": false,
                "markers_distance": 21,
                "markers_area": null
            }
        },
        "mode": "default"
    }
}