{
    "dataset": {
        "name": "CIL",
        "label_name": "neuron",
        "indices": [
            11,
            22,
            41,
            62,
            79,
            83,
            16,
            55,
            77,
            64
        ]
    },
    "individual": {
        "sequence": "[[0, 0, 0, 0, 0], [0, 0, 0, 0, 0], [8, 1, 0, 94, 96], [28, 2, 2, 16, 4], [31, 0, 0, 118, 82], [23, 2, 0, 253, 169], [29, 3, 3, 197, 181], [25, 6, 4, 136, 90], [2, 0, 4, 36, 174], [2, 4, 2, 3, 91], [40, 0, 5, 118, 245], [41, 10, 6, 122, 25], [11, 7, 4, 170, 211], [13, 8, 12, 38, 100], [2, 10, 13, 154, 236], [36, 13, 6, 231, 136], [3, 7, 12, 24, 115], [28, 1, 2, 231, 235], [40, 3, 16, 38, 192], [0, 15, 5, 59, 154], [1, 8, 5, 226, 60], [4, 1, 18, 123, 35], [34, 14, 5, 237, 97], [30, 12, 6, 9, 249], [16, 15, 4, 13, 61], [32, 16, 17, 91, 190], [4, 15, 24, 60, 116], [32, 26, 19, 102, 14], [30, 23, 13, 166, 31], [0, 16, 6, 226, 209], [12, 16, 7, 19, 16], [3, 17, 13, 253, 222], [0, 14, 0, 0, 0], [0, 18, 0, 0, 0]]",
        "fitness": {
            "fitness": 0.11884902715682984,
            "time": 0.027647805213928223
        }
    },
    "decoding": {
        "metadata": {
            "rows": 1,
            "columns": 30,
            "n_in": 2,
            "n_out": 2,
            "n_para": 2,
            "n_conn": 2
        },
        "functions": [
            "max",
            "min",
            "mean",
            "add",
            "subtract",
            "bitwise_not",
            "bitwise_or",
            "bitwise_and",
            "bitwise_and_mask",
            "bitwise_xor",
            "sqrt",
            "pow2",
            "exp",
            "log",
            "median_blur",
            "gaussian_blur",
            "laplacian",
            "sobel",
            "robert_cross",
            "canny",
            "sharpen",
            "gabor",
            "abs_diff",
            "abs_diff2",
            "fluo_tophat",
            "rel_diff",
            "erode",
            "dilate",
            "open",
            "close",
            "morph_gradient",
            "morph_tophat",
            "morph_blackhat",
            "fill_holes",
            "remove_small_objects",
            "remove_small_holes",
            "threshold",
            "threshold_at_1",
            "distance_transform",
            "distance_transform_and_thresh",
            "inrange_bin",
            "inrange"
        ],
        "endpoint": {
            "name": "W",
            "abbv": "WSHD",
            "arity": 2,
            "p": 0,
            "kwargs": {
                "use_dt": false,
                "markers_distance": 21,
                "markers_area": null
            }
        },
        "mode": "default"
    }
}