{
    "dataset": {
        "name": "CIL",
        "label_name": "neuron",
        "indices": [
            62,
            5,
            72,
            50,
            18,
            82,
            85,
            84,
            44,
            9,
            0
        ]
    },
    "individual": {
        "sequence": "[[0, 0, 0, 0, 0], [0, 0, 0, 0, 0], [1, 0, 0, 170, 127], [11, 1, 2, 144, 168], [27, 3, 3, 170, 246], [1, 4, 1, 164, 186], [10, 4, 5, 66, 126], [31, 3, 5, 239, 243], [40, 7, 7, 133, 182], [41, 7, 7, 250, 6], [14, 0, 7, 8, 119], [10, 9, 3, 136, 39], [28, 5, 9, 54, 226], [39, 7, 6, 75, 247], [10, 10, 4, 127, 18], [35, 1, 4, 108, 94], [1, 0, 12, 196, 201], [3, 9, 0, 197, 126], [3, 2, 16, 211, 215], [29, 8, 12, 227, 86], [3, 8, 12, 137, 45], [20, 12, 8, 241, 151], [25, 10, 6, 5, 255], [28, 22, 12, 62, 250], [20, 9, 0, 80, 172], [5, 8, 5, 22, 144], [26, 14, 5, 113, 3], [26, 14, 24, 139, 146], [14, 25, 18, 176, 18], [20, 28, 24, 156, 34], [35, 9, 3, 180, 74], [11, 18, 28, 111, 101], [0, 31, 0, 0, 0], [0, 24, 0, 0, 0]]",
        "fitness": {
            "fitness": 0.12908461419018832,
            "time": 0.03130793571472168
        }
    },
    "decoding": {
        "metadata": {
            "rows": 1,
            "columns": 30,
            "n_in": 2,
            "n_out": 2,
            "n_para": 2,
            "n_conn": 2
        },
        "functions": [
            "max",
            "min",
            "mean",
            "add",
            "subtract",
            "bitwise_not",
            "bitwise_or",
            "bitwise_and",
            "bitwise_and_mask",
            "bitwise_xor",
            "sqrt",
            "pow2",
            "exp",
            "log",
            "median_blur",
            "gaussian_blur",
            "laplacian",
            "sobel",
            "robert_cross",
            "canny",
            "sharpen",
            "gabor",
            "abs_diff",
            "abs_diff2",
            "fluo_tophat",
            "rel_diff",
            "erode",
            "dilate",
            "open",
            "close",
            "morph_gradient",
            "morph_tophat",
            "morph_blackhat",
            "fill_holes",
            "remove_small_objects",
            "remove_small_holes",
            "threshold",
            "threshold_at_1",
            "distance_transform",
            "distance_transform_and_thresh",
            "inrange_bin",
            "inrange"
        ],
        "endpoint": {
            "name": "Marker-Based Watershed",
            "abbv": "WSHD",
            "arity": 2,
            "p": 0,
            "kwargs": {
                "use_dt": false,
                "markers_distance": 21,
                "markers_area": null
            }
        },
        "mode": "default"
    }
}