{
    "dataset": {
        "name": "CIL",
        "label_name": "neuron",
        "indices": [
            57,
            7,
            64,
            43,
            8,
            54,
            88,
            58,
            87,
            71,
            35,
            39,
            28,
            19,
            5,
            69,
            47,
            67,
            55,
            38,
            4,
            17,
            76,
            9,
            80,
            42,
            59,
            72,
            23,
            2,
            77,
            75,
            20,
            61,
            18,
            46,
            53,
            41,
            82,
            56,
            51,
            63,
            0,
            12,
            24,
            10,
            60,
            1,
            22,
            14,
            73,
            70,
            66,
            85,
            36,
            21,
            49,
            68,
            86,
            84
        ]
    },
    "individual": {
        "sequence": "[[0, 0, 0, 0, 0], [0, 0, 0, 0, 0], [5, 0, 0, 251, 134], [22, 1, 0, 140, 23], [24, 1, 3, 26, 155], [6, 4, 0, 104, 222], [11, 1, 3, 10, 226], [18, 3, 2, 184, 243], [3, 0, 0, 242, 90], [41, 4, 8, 223, 46], [37, 4, 5, 144, 239], [40, 1, 9, 204, 188], [14, 9, 5, 213, 10], [6, 7, 5, 19, 52], [10, 0, 2, 96, 209], [23, 8, 14, 149, 80], [36, 4, 7, 210, 63], [13, 6, 5, 199, 185], [1, 3, 15, 122, 133], [13, 18, 14, 120, 14], [3, 9, 5, 52, 19], [5, 3, 13, 147, 79], [1, 8, 20, 216, 41], [36, 22, 21, 147, 11], [32, 9, 6, 198, 13], [36, 20, 11, 36, 54], [39, 15, 25, 159, 111], [29, 19, 10, 39, 200], [34, 2, 3, 94, 142], [28, 16, 20, 6, 50], [14, 11, 6, 159, 18], [7, 20, 10, 87, 139], [0, 23, 0, 0, 0], [0, 29, 0, 0, 0]]",
        "fitness": {
            "fitness": 0.12468291223049163,
            "time": 0.05498137474060059
        }
    },
    "decoding": {
        "metadata": {
            "rows": 1,
            "columns": 30,
            "n_in": 2,
            "n_out": 2,
            "n_para": 2,
            "n_conn": 2
        },
        "functions": [
            "max",
            "min",
            "mean",
            "add",
            "subtract",
            "bitwise_not",
            "bitwise_or",
            "bitwise_and",
            "bitwise_and_mask",
            "bitwise_xor",
            "sqrt",
            "pow2",
            "exp",
            "log",
            "median_blur",
            "gaussian_blur",
            "laplacian",
            "sobel",
            "robert_cross",
            "canny",
            "sharpen",
            "gabor",
            "abs_diff",
            "abs_diff2",
            "fluo_tophat",
            "rel_diff",
            "erode",
            "dilate",
            "open",
            "close",
            "morph_gradient",
            "morph_tophat",
            "morph_blackhat",
            "fill_holes",
            "remove_small_objects",
            "remove_small_holes",
            "threshold",
            "threshold_at_1",
            "distance_transform",
            "distance_transform_and_thresh",
            "inrange_bin",
            "inrange"
        ],
        "endpoint": {
            "name": "Marker-Based Watershed",
            "abbv": "WSHD",
            "arity": 2,
            "args": 0,
            "kwargs": {
                "use_dt": false,
                "markers_distance": 21,
                "markers_area": null
            }
        },
        "mode": "default"
    }
}