{
    "dataset": {
        "name": "CIL",
        "label_name": "neuron",
        "indices": [
            77,
            49,
            71
        ]
    },
    "individual": {
        "sequence": "[[0, 0, 0, 0, 0], [0, 0, 0, 0, 0], [30, 0, 0, 2, 2], [3, 0, 2, 33, 106], [13, 3, 3, 217, 82], [22, 0, 0, 114, 31], [20, 5, 3, 208, 69], [1, 2, 0, 191, 103], [20, 7, 0, 99, 236], [26, 8, 2, 47, 245], [11, 3, 0, 229, 64], [25, 3, 2, 172, 17], [39, 3, 9, 46, 4], [36, 7, 12, 133, 36], [18, 1, 0, 126, 169], [0, 3, 12, 41, 211], [4, 1, 7, 201, 47], [22, 3, 3, 57, 145], [19, 16, 11, 177, 33], [36, 0, 13, 1, 72], [34, 7, 0, 209, 63], [19, 18, 3, 31, 173], [41, 9, 5, 81, 141], [18, 18, 7, 174, 132], [26, 11, 16, 160, 183], [16, 0, 8, 154, 208], [18, 22, 9, 230, 87], [20, 19, 19, 184, 104], [41, 13, 9, 53, 139], [40, 10, 28, 5, 102], [30, 10, 22, 82, 71], [23, 7, 12, 184, 27], [0, 10, 0, 0, 0], [0, 23, 0, 0, 0]]",
        "fitness": {
            "fitness": 0.09895730018615723,
            "time": 0.017091830571492512
        }
    },
    "decoding": {
        "metadata": {
            "rows": 1,
            "columns": 30,
            "n_in": 2,
            "n_out": 2,
            "n_para": 2,
            "n_conn": 2
        },
        "functions": [
            "max",
            "min",
            "mean",
            "add",
            "subtract",
            "bitwise_not",
            "bitwise_or",
            "bitwise_and",
            "bitwise_and_mask",
            "bitwise_xor",
            "sqrt",
            "pow2",
            "exp",
            "log",
            "median_blur",
            "gaussian_blur",
            "laplacian",
            "sobel",
            "robert_cross",
            "canny",
            "sharpen",
            "gabor",
            "abs_diff",
            "abs_diff2",
            "fluo_tophat",
            "rel_diff",
            "erode",
            "dilate",
            "open",
            "close",
            "morph_gradient",
            "morph_tophat",
            "morph_blackhat",
            "fill_holes",
            "remove_small_objects",
            "remove_small_holes",
            "threshold",
            "threshold_at_1",
            "distance_transform",
            "distance_transform_and_thresh",
            "inrange_bin",
            "inrange"
        ],
        "endpoint": {
            "name": "W",
            "abbv": "WSHD",
            "arity": 2,
            "p": 0,
            "kwargs": {
                "use_dt": false,
                "markers_distance": 21,
                "markers_area": null
            }
        },
        "mode": "default"
    }
}