{
    "dataset": {
        "name": "CIL",
        "label_name": "neuron",
        "indices": [
            34,
            25,
            45,
            50,
            54,
            46,
            57,
            41,
            5,
            70
        ]
    },
    "individual": {
        "sequence": "[[0, 0, 0, 0, 0], [0, 0, 0, 0, 0], [3, 0, 0, 68, 106], [12, 1, 1, 200, 217], [5, 2, 2, 87, 239], [23, 0, 3, 179, 201], [11, 2, 5, 175, 123], [12, 0, 3, 4, 136], [2, 7, 3, 180, 21], [8, 8, 6, 86, 209], [12, 1, 9, 237, 39], [32, 0, 8, 48, 57], [22, 11, 11, 169, 225], [14, 4, 4, 20, 185], [5, 8, 12, 181, 69], [40, 1, 7, 226, 33], [9, 10, 5, 67, 19], [30, 0, 4, 187, 44], [39, 15, 10, 34, 7], [29, 4, 9, 53, 148], [34, 9, 14, 118, 49], [35, 6, 7, 185, 80], [41, 13, 18, 218, 98], [27, 21, 15, 246, 140], [17, 8, 10, 163, 81], [29, 21, 19, 125, 28], [13, 7, 12, 207, 172], [17, 6, 23, 157, 129], [41, 10, 16, 252, 214], [18, 14, 17, 163, 216], [18, 27, 19, 194, 109], [20, 4, 18, 161, 252], [0, 9, 0, 0, 0], [0, 18, 0, 0, 0]]",
        "fitness": {
            "fitness": 0.13710219860076905,
            "time": 0.02867286205291748
        }
    },
    "decoding": {
        "metadata": {
            "rows": 1,
            "columns": 30,
            "n_in": 2,
            "n_out": 2,
            "n_para": 2,
            "n_conn": 2
        },
        "functions": [
            "max",
            "min",
            "mean",
            "add",
            "subtract",
            "bitwise_not",
            "bitwise_or",
            "bitwise_and",
            "bitwise_and_mask",
            "bitwise_xor",
            "sqrt",
            "pow2",
            "exp",
            "log",
            "median_blur",
            "gaussian_blur",
            "laplacian",
            "sobel",
            "robert_cross",
            "canny",
            "sharpen",
            "gabor",
            "abs_diff",
            "abs_diff2",
            "fluo_tophat",
            "rel_diff",
            "erode",
            "dilate",
            "open",
            "close",
            "morph_gradient",
            "morph_tophat",
            "morph_blackhat",
            "fill_holes",
            "remove_small_objects",
            "remove_small_holes",
            "threshold",
            "threshold_at_1",
            "distance_transform",
            "distance_transform_and_thresh",
            "inrange_bin",
            "inrange"
        ],
        "endpoint": {
            "name": "W",
            "abbv": "WSHD",
            "arity": 2,
            "p": 0,
            "kwargs": {
                "use_dt": false,
                "markers_distance": 21,
                "markers_area": null
            }
        },
        "mode": "default"
    }
}