{
    "dataset": {
        "name": "CIL",
        "label_name": "neuron",
        "indices": [
            12,
            84,
            5,
            18,
            71,
            43,
            30,
            87,
            75,
            24,
            38,
            63,
            68,
            28,
            76,
            23,
            22,
            81,
            77,
            27
        ]
    },
    "individual": {
        "sequence": "[[0, 0, 0, 0, 0], [0, 0, 0, 0, 0], [28, 1, 1, 40, 179], [1, 0, 2, 224, 129], [14, 0, 1, 18, 175], [13, 2, 1, 243, 104], [33, 2, 2, 28, 143], [3, 4, 3, 214, 99], [35, 5, 0, 78, 240], [29, 1, 0, 132, 33], [29, 8, 2, 175, 197], [24, 2, 0, 77, 62], [5, 1, 11, 153, 18], [40, 6, 3, 238, 204], [8, 0, 6, 240, 141], [14, 2, 4, 66, 40], [17, 14, 14, 84, 25], [36, 11, 14, 34, 88], [12, 4, 4, 109, 173], [11, 7, 8, 109, 238], [29, 6, 4, 147, 181], [36, 15, 14, 92, 43], [8, 9, 4, 84, 244], [4, 4, 3, 243, 82], [22, 12, 10, 140, 195], [41, 6, 20, 106, 17], [2, 13, 21, 201, 169], [23, 6, 0, 63, 27], [8, 27, 27, 22, 15], [18, 15, 13, 78, 224], [39, 28, 0, 186, 84], [36, 16, 30, 128, 14], [0, 19, 0, 0, 0], [0, 17, 0, 0, 0]]",
        "fitness": {
            "fitness": 0.12703416645526885,
            "time": 0.04709738492965698
        }
    },
    "decoding": {
        "metadata": {
            "rows": 1,
            "columns": 30,
            "n_in": 2,
            "n_out": 2,
            "n_para": 2,
            "n_conn": 2
        },
        "functions": [
            "max",
            "min",
            "mean",
            "add",
            "subtract",
            "bitwise_not",
            "bitwise_or",
            "bitwise_and",
            "bitwise_and_mask",
            "bitwise_xor",
            "sqrt",
            "pow2",
            "exp",
            "log",
            "median_blur",
            "gaussian_blur",
            "laplacian",
            "sobel",
            "robert_cross",
            "canny",
            "sharpen",
            "gabor",
            "abs_diff",
            "abs_diff2",
            "fluo_tophat",
            "rel_diff",
            "erode",
            "dilate",
            "open",
            "close",
            "morph_gradient",
            "morph_tophat",
            "morph_blackhat",
            "fill_holes",
            "remove_small_objects",
            "remove_small_holes",
            "threshold",
            "threshold_at_1",
            "distance_transform",
            "distance_transform_and_thresh",
            "inrange_bin",
            "inrange"
        ],
        "endpoint": {
            "name": "W",
            "abbv": "WSHD",
            "arity": 2,
            "p": 0,
            "kwargs": {
                "use_dt": false,
                "markers_distance": 21,
                "markers_area": null
            }
        },
        "mode": "default"
    }
}