{
    "dataset": {
        "name": "CIL",
        "label_name": "neuron",
        "indices": [
            49,
            34,
            27,
            69,
            46,
            32,
            3,
            45,
            70,
            19,
            25,
            8,
            85,
            35,
            14,
            28,
            36,
            65,
            56,
            1,
            86,
            48,
            53,
            7,
            18,
            88,
            30,
            11,
            51,
            47,
            76,
            40,
            43,
            41,
            26,
            87,
            6,
            5,
            38,
            73,
            72,
            13,
            80,
            63,
            39,
            64,
            16,
            21,
            71,
            54,
            33,
            9,
            20,
            50,
            31,
            78,
            12,
            75,
            77,
            52
        ]
    },
    "individual": {
        "sequence": "[[0, 0, 0, 0, 0], [0, 0, 0, 0, 0], [28, 1, 1, 13, 221], [2, 0, 2, 30, 195], [7, 3, 3, 152, 65], [3, 0, 4, 50, 136], [1, 3, 1, 181, 30], [31, 3, 6, 33, 153], [5, 6, 3, 63, 126], [6, 2, 2, 98, 36], [1, 8, 5, 88, 66], [36, 2, 0, 19, 37], [24, 5, 10, 68, 63], [38, 5, 7, 252, 247], [36, 10, 10, 205, 154], [36, 3, 12, 30, 176], [11, 12, 5, 195, 43], [8, 8, 8, 35, 191], [32, 5, 14, 82, 123], [22, 12, 15, 124, 232], [6, 17, 3, 51, 181], [6, 15, 7, 144, 204], [11, 18, 4, 135, 56], [13, 17, 22, 125, 240], [12, 5, 14, 27, 56], [19, 17, 17, 140, 204], [34, 2, 21, 43, 145], [24, 15, 10, 34, 8], [19, 10, 11, 180, 175], [21, 5, 1, 200, 44], [4, 10, 1, 219, 142], [6, 30, 6, 38, 164], [0, 16, 0, 0, 0], [0, 11, 0, 0, 0]]",
        "fitness": {
            "fitness": 0.12440252900123597,
            "time": 0.050275389353434244
        }
    },
    "decoding": {
        "metadata": {
            "rows": 1,
            "columns": 30,
            "n_in": 2,
            "n_out": 2,
            "n_para": 2,
            "n_conn": 2
        },
        "functions": [
            "max",
            "min",
            "mean",
            "add",
            "subtract",
            "bitwise_not",
            "bitwise_or",
            "bitwise_and",
            "bitwise_and_mask",
            "bitwise_xor",
            "sqrt",
            "pow2",
            "exp",
            "log",
            "median_blur",
            "gaussian_blur",
            "laplacian",
            "sobel",
            "robert_cross",
            "canny",
            "sharpen",
            "gabor",
            "abs_diff",
            "abs_diff2",
            "fluo_tophat",
            "rel_diff",
            "erode",
            "dilate",
            "open",
            "close",
            "morph_gradient",
            "morph_tophat",
            "morph_blackhat",
            "fill_holes",
            "remove_small_objects",
            "remove_small_holes",
            "threshold",
            "threshold_at_1",
            "distance_transform",
            "distance_transform_and_thresh",
            "inrange_bin",
            "inrange"
        ],
        "endpoint": {
            "name": "Marker-Based Watershed",
            "abbv": "WSHD",
            "arity": 2,
            "args": 0,
            "kwargs": {
                "use_dt": false,
                "markers_distance": 21,
                "markers_area": null
            }
        },
        "mode": "default"
    }
}