{
    "dataset": {
        "name": "CIL",
        "label_name": "neuron",
        "indices": [
            78,
            14,
            7,
            84,
            76,
            73,
            37,
            16,
            6,
            87,
            2,
            52,
            74,
            40,
            64,
            11,
            51,
            15,
            68,
            17,
            81,
            12,
            70,
            39,
            44
        ]
    },
    "individual": {
        "sequence": "[[0, 0, 0, 0, 0], [0, 0, 0, 0, 0], [24, 0, 1, 207, 88], [15, 1, 0, 17, 72], [2, 3, 0, 84, 38], [40, 0, 4, 8, 193], [7, 5, 4, 195, 156], [29, 6, 2, 91, 52], [22, 0, 3, 3, 10], [41, 8, 4, 17, 141], [0, 0, 0, 192, 203], [35, 1, 7, 34, 19], [2, 0, 5, 156, 175], [24, 9, 12, 220, 137], [32, 7, 12, 255, 67], [23, 3, 11, 39, 226], [5, 0, 13, 218, 54], [12, 11, 16, 113, 251], [30, 3, 10, 82, 102], [41, 15, 18, 86, 208], [12, 16, 15, 140, 249], [4, 14, 12, 224, 167], [29, 10, 12, 61, 128], [15, 1, 9, 233, 121], [28, 9, 18, 32, 54], [16, 2, 8, 91, 64], [38, 24, 20, 157, 49], [40, 12, 13, 226, 224], [6, 17, 2, 114, 230], [14, 14, 18, 146, 190], [4, 1, 15, 239, 24], [25, 17, 17, 73, 42], [0, 6, 0, 0, 0], [0, 19, 0, 0, 0]]",
        "fitness": {
            "fitness": 0.16707169771194458,
            "time": 0.036028785705566405
        }
    },
    "decoding": {
        "metadata": {
            "rows": 1,
            "columns": 30,
            "n_in": 2,
            "n_out": 2,
            "n_para": 2,
            "n_conn": 2
        },
        "functions": [
            "max",
            "min",
            "mean",
            "add",
            "subtract",
            "bitwise_not",
            "bitwise_or",
            "bitwise_and",
            "bitwise_and_mask",
            "bitwise_xor",
            "sqrt",
            "pow2",
            "exp",
            "log",
            "median_blur",
            "gaussian_blur",
            "laplacian",
            "sobel",
            "robert_cross",
            "canny",
            "sharpen",
            "gabor",
            "abs_diff",
            "abs_diff2",
            "fluo_tophat",
            "rel_diff",
            "erode",
            "dilate",
            "open",
            "close",
            "morph_gradient",
            "morph_tophat",
            "morph_blackhat",
            "fill_holes",
            "remove_small_objects",
            "remove_small_holes",
            "threshold",
            "threshold_at_1",
            "distance_transform",
            "distance_transform_and_thresh",
            "inrange_bin",
            "inrange"
        ],
        "endpoint": {
            "name": "W",
            "abbv": "WSHD",
            "arity": 2,
            "p": 0,
            "kwargs": {
                "use_dt": false,
                "markers_distance": 21,
                "markers_area": null
            }
        },
        "mode": "default"
    }
}