{
    "dataset": {
        "name": "Tumor",
        "label_name": "tumor",
        "indices": null
    },
    "individual": {
        "sequence": "[[0, 0, 0, 0, 0], [0, 0, 0, 0, 0], [0, 0, 0, 0, 0], [31, 1, 0, 145, 180], [2, 0, 3, 19, 176], [33, 0, 4, 184, 250], [1, 1, 4, 177, 113], [9, 1, 6, 1, 222], [17, 7, 4, 1, 59], [1, 7, 1, 13, 188], [29, 9, 3, 124, 217], [0, 10, 8, 124, 46], [20, 1, 9, 146, 45], [15, 12, 10, 75, 206], [19, 13, 2, 213, 97], [20, 13, 4, 53, 13], [1, 12, 0, 111, 244], [7, 8, 3, 216, 129], [1, 11, 15, 5, 169], [8, 6, 17, 104, 124], [28, 15, 15, 108, 248], [41, 18, 1, 69, 213], [38, 21, 5, 26, 215], [33, 13, 1, 88, 95], [38, 5, 18, 179, 161], [5, 11, 2, 147, 45], [18, 23, 4, 4, 19], [20, 9, 25, 205, 198], [14, 18, 10, 194, 97], [26, 2, 24, 215, 195], [41, 21, 15, 236, 17], [26, 27, 20, 19, 5], [3, 30, 30, 209, 80], [0, 28, 0, 0, 0]]",
        "fitness": {
            "fitness": 0.13066496051613288,
            "time": 0.019222617149353027
        }
    },
    "decoding": {
        "metadata": {
            "rows": 1,
            "columns": 30,
            "n_in": 3,
            "n_out": 1,
            "n_para": 2,
            "n_conn": 2
        },
        "functions": [
            "max",
            "min",
            "mean",
            "add",
            "subtract",
            "bitwise_not",
            "bitwise_or",
            "bitwise_and",
            "bitwise_and_mask",
            "bitwise_xor",
            "sqrt",
            "pow2",
            "exp",
            "log",
            "median_blur",
            "gaussian_blur",
            "laplacian",
            "sobel",
            "robert_cross",
            "canny",
            "sharpen",
            "gabor",
            "abs_diff",
            "abs_diff2",
            "fluo_tophat",
            "rel_diff",
            "erode",
            "dilate",
            "open",
            "close",
            "morph_gradient",
            "morph_tophat",
            "morph_blackhat",
            "fill_holes",
            "remove_small_objects",
            "remove_small_holes",
            "threshold",
            "threshold_at_1",
            "distance_transform",
            "distance_transform_and_thresh",
            "inrange_bin",
            "inrange"
        ],
        "endpoint": {
            "name": "Threshold (t=4)",
            "abbv": "TRSH",
            "arity": 1,
            "p": 0,
            "kwargs": {
                "threshold": 4
            }
        },
        "mode": "default"
    }
}