{
    "dataset": {
        "name": "Tumor",
        "label_name": "tumor",
        "indices": null
    },
    "individual": {
        "sequence": "[[0, 0, 0, 0, 0], [0, 0, 0, 0, 0], [0, 0, 0, 0, 0], [40, 0, 0, 55, 4], [24, 1, 1, 146, 33], [34, 4, 3, 2, 227], [4, 4, 0, 82, 34], [27, 6, 6, 145, 253], [31, 1, 0, 114, 69], [24, 2, 6, 116, 246], [31, 7, 6, 48, 171], [7, 7, 2, 196, 106], [13, 3, 0, 221, 217], [15, 10, 11, 207, 229], [26, 11, 3, 231, 72], [25, 14, 3, 22, 113], [4, 8, 12, 137, 137], [38, 4, 1, 16, 9], [15, 3, 2, 36, 229], [20, 7, 14, 25, 78], [26, 6, 1, 218, 63], [36, 1, 20, 113, 221], [4, 8, 17, 118, 125], [28, 0, 18, 158, 91], [23, 14, 10, 187, 206], [26, 17, 3, 61, 94], [4, 6, 16, 125, 55], [2, 10, 1, 217, 219], [22, 24, 25, 177, 133], [37, 13, 20, 3, 123], [29, 26, 19, 203, 44], [27, 22, 11, 62, 116], [13, 0, 27, 213, 151], [0, 30, 0, 0, 0]]",
        "fitness": {
            "fitness": 0.12606041982964067,
            "time": 0.19750775893529257
        }
    },
    "decoding": {
        "metadata": {
            "rows": 1,
            "columns": 30,
            "n_in": 3,
            "n_out": 1,
            "n_para": 2,
            "n_conn": 2
        },
        "functions": [
            "max",
            "min",
            "mean",
            "add",
            "subtract",
            "bitwise_not",
            "bitwise_or",
            "bitwise_and",
            "bitwise_and_mask",
            "bitwise_xor",
            "sqrt",
            "pow2",
            "exp",
            "log",
            "median_blur",
            "gaussian_blur",
            "laplacian",
            "sobel",
            "robert_cross",
            "canny",
            "sharpen",
            "gabor",
            "abs_diff",
            "abs_diff2",
            "fluo_tophat",
            "rel_diff",
            "erode",
            "dilate",
            "open",
            "close",
            "morph_gradient",
            "morph_tophat",
            "morph_blackhat",
            "fill_holes",
            "remove_small_objects",
            "remove_small_holes",
            "threshold",
            "threshold_at_1",
            "distance_transform",
            "distance_transform_and_thresh",
            "inrange_bin",
            "inrange"
        ],
        "endpoint": {
            "name": "Threshold (t=4)",
            "abbv": "TRSH",
            "arity": 1,
            "p": 0,
            "kwargs": {
                "threshold": 4
            }
        },
        "mode": "default"
    }
}