{
    "dataset": {
        "name": "CIL",
        "label_name": "neuron",
        "indices": [
            51,
            23,
            68,
            26,
            38,
            2,
            31,
            14,
            36,
            79,
            44,
            33
        ]
    },
    "individual": {
        "sequence": "[[0, 0, 0, 0, 0], [0, 0, 0, 0, 0], [40, 1, 0, 235, 31], [3, 0, 0, 148, 20], [34, 2, 3, 7, 46], [0, 3, 2, 210, 200], [4, 4, 0, 46, 124], [40, 1, 3, 212, 57], [15, 1, 2, 219, 36], [23, 8, 6, 199, 66], [34, 3, 8, 211, 43], [38, 6, 10, 142, 215], [7, 8, 1, 236, 103], [11, 5, 1, 239, 156], [12, 1, 2, 97, 196], [24, 7, 0, 89, 120], [27, 11, 0, 61, 187], [3, 4, 4, 93, 188], [27, 7, 4, 30, 243], [8, 18, 12, 100, 210], [29, 6, 19, 210, 210], [16, 1, 3, 193, 140], [18, 10, 18, 65, 178], [1, 19, 4, 116, 165], [40, 23, 10, 81, 79], [11, 5, 17, 29, 111], [4, 1, 25, 210, 171], [17, 22, 7, 148, 225], [6, 20, 16, 135, 188], [6, 19, 9, 96, 143], [27, 6, 18, 166, 21], [0, 26, 24, 44, 37], [0, 13, 0, 0, 0], [0, 23, 0, 0, 0]]",
        "fitness": {
            "fitness": 0.09503433605035146,
            "time": 0.0352101723353068
        }
    },
    "decoding": {
        "metadata": {
            "rows": 1,
            "columns": 30,
            "n_in": 2,
            "n_out": 2,
            "n_para": 2,
            "n_conn": 2
        },
        "functions": [
            "max",
            "min",
            "mean",
            "add",
            "subtract",
            "bitwise_not",
            "bitwise_or",
            "bitwise_and",
            "bitwise_and_mask",
            "bitwise_xor",
            "sqrt",
            "pow2",
            "exp",
            "log",
            "median_blur",
            "gaussian_blur",
            "laplacian",
            "sobel",
            "robert_cross",
            "canny",
            "sharpen",
            "gabor",
            "abs_diff",
            "abs_diff2",
            "fluo_tophat",
            "rel_diff",
            "erode",
            "dilate",
            "open",
            "close",
            "morph_gradient",
            "morph_tophat",
            "morph_blackhat",
            "fill_holes",
            "remove_small_objects",
            "remove_small_holes",
            "threshold",
            "threshold_at_1",
            "distance_transform",
            "distance_transform_and_thresh",
            "inrange_bin",
            "inrange"
        ],
        "endpoint": {
            "name": "Marker-Based Watershed",
            "abbv": "WSHD",
            "arity": 2,
            "p": 0,
            "kwargs": {
                "use_dt": false,
                "markers_distance": 21,
                "markers_area": null
            }
        },
        "mode": "default"
    }
}