{
    "dataset": {
        "name": "CIL",
        "label_name": "neuron",
        "indices": [
            74,
            47,
            55,
            0,
            82,
            19,
            38,
            86,
            16,
            23
        ]
    },
    "individual": {
        "sequence": "[[0, 0, 0, 0, 0], [0, 0, 0, 0, 0], [12, 1, 0, 65, 122], [24, 0, 0, 200, 183], [41, 1, 3, 49, 211], [1, 0, 2, 219, 118], [5, 4, 0, 134, 189], [40, 2, 4, 126, 133], [19, 6, 3, 5, 146], [3, 3, 5, 19, 139], [3, 5, 8, 64, 98], [33, 8, 10, 71, 228], [18, 2, 8, 110, 21], [11, 9, 5, 89, 43], [37, 9, 11, 194, 90], [23, 0, 13, 181, 83], [10, 11, 4, 74, 2], [40, 14, 7, 156, 190], [37, 5, 13, 24, 253], [15, 14, 8, 13, 135], [39, 15, 7, 147, 254], [21, 12, 6, 27, 100], [10, 10, 6, 23, 160], [6, 8, 5, 100, 47], [10, 10, 23, 0, 50], [10, 23, 18, 117, 160], [19, 15, 16, 236, 57], [16, 8, 26, 11, 2], [35, 11, 1, 171, 135], [17, 1, 1, 140, 0], [41, 6, 13, 98, 67], [19, 7, 1, 200, 116], [0, 13, 0, 0, 0], [0, 27, 0, 0, 0]]",
        "fitness": {
            "fitness": 0.10090118646621704,
            "time": 0.047974157333374026
        }
    },
    "decoding": {
        "metadata": {
            "rows": 1,
            "columns": 30,
            "n_in": 2,
            "n_out": 2,
            "n_para": 2,
            "n_conn": 2
        },
        "functions": [
            "max",
            "min",
            "mean",
            "add",
            "subtract",
            "bitwise_not",
            "bitwise_or",
            "bitwise_and",
            "bitwise_and_mask",
            "bitwise_xor",
            "sqrt",
            "pow2",
            "exp",
            "log",
            "median_blur",
            "gaussian_blur",
            "laplacian",
            "sobel",
            "robert_cross",
            "canny",
            "sharpen",
            "gabor",
            "abs_diff",
            "abs_diff2",
            "fluo_tophat",
            "rel_diff",
            "erode",
            "dilate",
            "open",
            "close",
            "morph_gradient",
            "morph_tophat",
            "morph_blackhat",
            "fill_holes",
            "remove_small_objects",
            "remove_small_holes",
            "threshold",
            "threshold_at_1",
            "distance_transform",
            "distance_transform_and_thresh",
            "inrange_bin",
            "inrange"
        ],
        "endpoint": {
            "name": "W",
            "abbv": "WSHD",
            "arity": 2,
            "p": 0,
            "kwargs": {
                "use_dt": false,
                "markers_distance": 21,
                "markers_area": null
            }
        },
        "mode": "default"
    }
}