{
    "dataset": {
        "name": "CIL",
        "label_name": "neuron",
        "indices": [
            43,
            78,
            30,
            34,
            11,
            86
        ]
    },
    "individual": {
        "sequence": "[[0, 0, 0, 0, 0], [0, 0, 0, 0, 0], [15, 1, 1, 14, 129], [19, 2, 1, 27, 110], [1, 0, 1, 190, 186], [3, 0, 4, 90, 94], [32, 3, 5, 84, 105], [33, 3, 2, 107, 237], [11, 5, 1, 111, 20], [24, 7, 0, 94, 53], [16, 7, 9, 213, 68], [10, 10, 9, 20, 251], [18, 7, 7, 21, 34], [35, 4, 7, 254, 42], [0, 10, 12, 101, 10], [38, 0, 0, 238, 40], [0, 11, 4, 76, 66], [18, 4, 2, 208, 114], [33, 6, 14, 240, 63], [41, 17, 11, 122, 64], [10, 4, 13, 78, 68], [18, 0, 2, 154, 123], [9, 3, 16, 201, 173], [36, 8, 17, 3, 13], [5, 2, 8, 40, 56], [16, 7, 15, 221, 227], [18, 11, 18, 73, 236], [31, 10, 25, 7, 3], [23, 1, 12, 170, 152], [4, 27, 15, 88, 35], [0, 25, 15, 170, 29], [26, 28, 30, 126, 41], [0, 8, 0, 0, 0], [0, 14, 0, 0, 0]]",
        "fitness": {
            "fitness": 0.16011619567871094,
            "time": 0.03360513846079508
        }
    },
    "decoding": {
        "metadata": {
            "rows": 1,
            "columns": 30,
            "n_in": 2,
            "n_out": 2,
            "n_para": 2,
            "n_conn": 2
        },
        "functions": [
            "max",
            "min",
            "mean",
            "add",
            "subtract",
            "bitwise_not",
            "bitwise_or",
            "bitwise_and",
            "bitwise_and_mask",
            "bitwise_xor",
            "sqrt",
            "pow2",
            "exp",
            "log",
            "median_blur",
            "gaussian_blur",
            "laplacian",
            "sobel",
            "robert_cross",
            "canny",
            "sharpen",
            "gabor",
            "abs_diff",
            "abs_diff2",
            "fluo_tophat",
            "rel_diff",
            "erode",
            "dilate",
            "open",
            "close",
            "morph_gradient",
            "morph_tophat",
            "morph_blackhat",
            "fill_holes",
            "remove_small_objects",
            "remove_small_holes",
            "threshold",
            "threshold_at_1",
            "distance_transform",
            "distance_transform_and_thresh",
            "inrange_bin",
            "inrange"
        ],
        "endpoint": {
            "name": "W",
            "abbv": "WSHD",
            "arity": 2,
            "p": 0,
            "kwargs": {
                "use_dt": false,
                "markers_distance": 21,
                "markers_area": null
            }
        },
        "mode": "default"
    }
}