{
    "dataset": {
        "name": "CIL",
        "label_name": "neuron",
        "indices": [
            62,
            32,
            5,
            33,
            76,
            7,
            8,
            22,
            80,
            12,
            59,
            34,
            85,
            30,
            28,
            58,
            11,
            63,
            13,
            19,
            24,
            69,
            81,
            42,
            35,
            21,
            20,
            51,
            1,
            15,
            74,
            60,
            43,
            82,
            46,
            47,
            77,
            54,
            17,
            44,
            41,
            86,
            66,
            6,
            25,
            87,
            36,
            0,
            49,
            88,
            26,
            83,
            31,
            52,
            45,
            3,
            79,
            38,
            29,
            68,
            64,
            61,
            78,
            65,
            57,
            14,
            27,
            16,
            37,
            72
        ]
    },
    "individual": {
        "sequence": "[[0, 0, 0, 0, 0], [0, 0, 0, 0, 0], [3, 1, 0, 98, 48], [36, 0, 0, 195, 8], [8, 2, 3, 109, 138], [25, 2, 3, 41, 51], [21, 3, 0, 131, 81], [1, 4, 5, 236, 215], [41, 1, 0, 47, 217], [31, 1, 6, 165, 42], [4, 9, 1, 192, 202], [34, 1, 8, 171, 87], [6, 6, 1, 25, 221], [23, 1, 1, 48, 62], [33, 1, 1, 10, 103], [39, 12, 3, 47, 33], [34, 8, 5, 20, 203], [26, 11, 11, 206, 19], [24, 6, 1, 8, 64], [14, 0, 2, 193, 152], [40, 10, 18, 59, 150], [39, 20, 5, 96, 155], [20, 15, 14, 196, 108], [37, 9, 10, 107, 213], [39, 3, 3, 239, 104], [35, 10, 7, 51, 10], [18, 23, 17, 17, 224], [18, 19, 2, 241, 87], [21, 23, 4, 172, 190], [12, 19, 7, 211, 247], [18, 10, 3, 206, 220], [35, 12, 16, 203, 171], [0, 7, 0, 0, 0], [0, 16, 0, 0, 0]]",
        "fitness": {
            "fitness": 0.1436878298010145,
            "time": 0.0339700562613351
        }
    },
    "decoding": {
        "metadata": {
            "rows": 1,
            "columns": 30,
            "n_in": 2,
            "n_out": 2,
            "n_para": 2,
            "n_conn": 2
        },
        "functions": [
            "max",
            "min",
            "mean",
            "add",
            "subtract",
            "bitwise_not",
            "bitwise_or",
            "bitwise_and",
            "bitwise_and_mask",
            "bitwise_xor",
            "sqrt",
            "pow2",
            "exp",
            "log",
            "median_blur",
            "gaussian_blur",
            "laplacian",
            "sobel",
            "robert_cross",
            "canny",
            "sharpen",
            "gabor",
            "abs_diff",
            "abs_diff2",
            "fluo_tophat",
            "rel_diff",
            "erode",
            "dilate",
            "open",
            "close",
            "morph_gradient",
            "morph_tophat",
            "morph_blackhat",
            "fill_holes",
            "remove_small_objects",
            "remove_small_holes",
            "threshold",
            "threshold_at_1",
            "distance_transform",
            "distance_transform_and_thresh",
            "inrange_bin",
            "inrange"
        ],
        "endpoint": {
            "name": "Marker-Based Watershed",
            "abbv": "WSHD",
            "arity": 2,
            "args": 0,
            "kwargs": {
                "use_dt": false,
                "markers_distance": 21,
                "markers_area": null
            }
        },
        "mode": "default"
    }
}