{
    "dataset": {
        "name": "CIL",
        "label_name": "neuron",
        "indices": [
            25,
            73,
            78,
            18,
            67,
            63,
            44,
            29,
            34,
            49,
            55,
            69,
            82,
            57
        ]
    },
    "individual": {
        "sequence": "[[0, 0, 0, 0, 0], [0, 0, 0, 0, 0], [7, 1, 1, 222, 139], [37, 0, 0, 188, 43], [41, 2, 3, 201, 43], [31, 0, 4, 250, 254], [7, 3, 0, 183, 237], [2, 4, 1, 65, 127], [24, 3, 4, 170, 207], [24, 7, 6, 4, 194], [20, 1, 5, 22, 80], [39, 4, 5, 210, 115], [29, 7, 9, 42, 96], [1, 9, 1, 115, 179], [3, 4, 4, 248, 245], [3, 5, 13, 97, 81], [23, 7, 9, 169, 34], [29, 5, 6, 61, 255], [34, 14, 0, 12, 114], [29, 13, 1, 65, 200], [8, 10, 19, 207, 184], [41, 7, 4, 145, 234], [18, 7, 15, 117, 233], [6, 2, 20, 158, 28], [40, 15, 14, 138, 202], [5, 22, 0, 136, 255], [14, 2, 16, 183, 134], [36, 15, 14, 221, 5], [10, 26, 1, 118, 40], [32, 3, 17, 30, 112], [30, 7, 5, 213, 173], [26, 21, 23, 39, 40], [0, 27, 0, 0, 0], [0, 18, 0, 0, 0]]",
        "fitness": {
            "fitness": 0.11351407851491656,
            "time": 0.03881522587367466
        }
    },
    "decoding": {
        "metadata": {
            "rows": 1,
            "columns": 30,
            "n_in": 2,
            "n_out": 2,
            "n_para": 2,
            "n_conn": 2
        },
        "functions": [
            "max",
            "min",
            "mean",
            "add",
            "subtract",
            "bitwise_not",
            "bitwise_or",
            "bitwise_and",
            "bitwise_and_mask",
            "bitwise_xor",
            "sqrt",
            "pow2",
            "exp",
            "log",
            "median_blur",
            "gaussian_blur",
            "laplacian",
            "sobel",
            "robert_cross",
            "canny",
            "sharpen",
            "gabor",
            "abs_diff",
            "abs_diff2",
            "fluo_tophat",
            "rel_diff",
            "erode",
            "dilate",
            "open",
            "close",
            "morph_gradient",
            "morph_tophat",
            "morph_blackhat",
            "fill_holes",
            "remove_small_objects",
            "remove_small_holes",
            "threshold",
            "threshold_at_1",
            "distance_transform",
            "distance_transform_and_thresh",
            "inrange_bin",
            "inrange"
        ],
        "endpoint": {
            "name": "Marker-Based Watershed",
            "abbv": "WSHD",
            "arity": 2,
            "p": 0,
            "kwargs": {
                "use_dt": false,
                "markers_distance": 21,
                "markers_area": null
            }
        },
        "mode": "default"
    }
}