{
    "dataset": {
        "name": "CIL",
        "label_name": "neuron",
        "indices": [
            52,
            24,
            59,
            29,
            26,
            23,
            66,
            13,
            12,
            27,
            32,
            51,
            47,
            60,
            22,
            20,
            83,
            5,
            45,
            86,
            7,
            84,
            3,
            61,
            9,
            80,
            73,
            11,
            1,
            44,
            25,
            54,
            38,
            77,
            79,
            35,
            68,
            53,
            4,
            42,
            10,
            19,
            55,
            0,
            2,
            64,
            49,
            50,
            18,
            88,
            57,
            63,
            48,
            43,
            69,
            46,
            82,
            39,
            33,
            85,
            37,
            87,
            40,
            75,
            78,
            72,
            34,
            28,
            62,
            74
        ]
    },
    "individual": {
        "sequence": "[[0, 0, 0, 0, 0], [0, 0, 0, 0, 0], [21, 1, 1, 207, 206], [40, 0, 1, 253, 9], [35, 2, 0, 245, 121], [0, 4, 1, 28, 207], [29, 0, 0, 104, 182], [28, 1, 5, 16, 81], [25, 0, 6, 172, 218], [9, 6, 3, 106, 64], [15, 7, 0, 22, 245], [2, 1, 0, 251, 230], [36, 7, 2, 251, 39], [11, 5, 11, 155, 67], [8, 10, 9, 62, 211], [19, 14, 9, 76, 4], [18, 14, 11, 111, 207], [23, 4, 4, 171, 150], [27, 7, 1, 33, 129], [20, 11, 13, 56, 8], [8, 18, 19, 8, 184], [0, 19, 11, 31, 129], [16, 3, 12, 85, 90], [30, 19, 20, 6, 245], [26, 11, 1, 68, 7], [27, 6, 22, 159, 251], [21, 23, 2, 223, 233], [1, 3, 21, 106, 207], [10, 24, 3, 50, 92], [14, 21, 23, 220, 105], [23, 12, 1, 149, 177], [41, 26, 28, 188, 219], [0, 27, 0, 0, 0], [0, 12, 0, 0, 0]]",
        "fitness": {
            "fitness": 0.1316601744719914,
            "time": 0.02931788989475795
        }
    },
    "decoding": {
        "metadata": {
            "rows": 1,
            "columns": 30,
            "n_in": 2,
            "n_out": 2,
            "n_para": 2,
            "n_conn": 2
        },
        "functions": [
            "max",
            "min",
            "mean",
            "add",
            "subtract",
            "bitwise_not",
            "bitwise_or",
            "bitwise_and",
            "bitwise_and_mask",
            "bitwise_xor",
            "sqrt",
            "pow2",
            "exp",
            "log",
            "median_blur",
            "gaussian_blur",
            "laplacian",
            "sobel",
            "robert_cross",
            "canny",
            "sharpen",
            "gabor",
            "abs_diff",
            "abs_diff2",
            "fluo_tophat",
            "rel_diff",
            "erode",
            "dilate",
            "open",
            "close",
            "morph_gradient",
            "morph_tophat",
            "morph_blackhat",
            "fill_holes",
            "remove_small_objects",
            "remove_small_holes",
            "threshold",
            "threshold_at_1",
            "distance_transform",
            "distance_transform_and_thresh",
            "inrange_bin",
            "inrange"
        ],
        "endpoint": {
            "name": "Marker-Based Watershed",
            "abbv": "WSHD",
            "arity": 2,
            "args": 0,
            "kwargs": {
                "use_dt": false,
                "markers_distance": 21,
                "markers_area": null
            }
        },
        "mode": "default"
    }
}