{
    "dataset": {
        "name": "CIL",
        "label_name": "neuron",
        "indices": [
            42,
            70,
            27,
            46,
            83,
            54,
            8,
            66,
            30,
            67,
            73,
            52,
            31,
            25
        ]
    },
    "individual": {
        "sequence": "[[0, 0, 0, 0, 0], [0, 0, 0, 0, 0], [3, 1, 0, 220, 247], [10, 0, 2, 239, 103], [41, 1, 1, 254, 40], [8, 4, 0, 98, 107], [34, 4, 4, 9, 126], [6, 2, 6, 163, 195], [2, 4, 3, 54, 141], [10, 1, 0, 127, 51], [33, 8, 3, 152, 86], [7, 2, 4, 77, 197], [0, 8, 2, 238, 79], [33, 5, 9, 171, 118], [16, 6, 11, 24, 133], [2, 0, 12, 255, 126], [11, 15, 14, 67, 132], [40, 12, 4, 58, 173], [10, 6, 4, 247, 33], [9, 9, 17, 133, 39], [3, 0, 3, 78, 84], [34, 3, 3, 205, 255], [18, 13, 16, 49, 157], [36, 2, 4, 142, 154], [25, 19, 5, 207, 90], [7, 20, 4, 73, 127], [27, 22, 6, 190, 60], [19, 25, 23, 105, 77], [11, 17, 3, 240, 177], [18, 16, 15, 26, 120], [32, 20, 13, 6, 140], [9, 16, 13, 93, 117], [0, 16, 0, 0, 0], [0, 6, 0, 0, 0]]",
        "fitness": {
            "fitness": 0.12039781042507716,
            "time": 0.026177287101745605
        }
    },
    "decoding": {
        "metadata": {
            "rows": 1,
            "columns": 30,
            "n_in": 2,
            "n_out": 2,
            "n_para": 2,
            "n_conn": 2
        },
        "functions": [
            "max",
            "min",
            "mean",
            "add",
            "subtract",
            "bitwise_not",
            "bitwise_or",
            "bitwise_and",
            "bitwise_and_mask",
            "bitwise_xor",
            "sqrt",
            "pow2",
            "exp",
            "log",
            "median_blur",
            "gaussian_blur",
            "laplacian",
            "sobel",
            "robert_cross",
            "canny",
            "sharpen",
            "gabor",
            "abs_diff",
            "abs_diff2",
            "fluo_tophat",
            "rel_diff",
            "erode",
            "dilate",
            "open",
            "close",
            "morph_gradient",
            "morph_tophat",
            "morph_blackhat",
            "fill_holes",
            "remove_small_objects",
            "remove_small_holes",
            "threshold",
            "threshold_at_1",
            "distance_transform",
            "distance_transform_and_thresh",
            "inrange_bin",
            "inrange"
        ],
        "endpoint": {
            "name": "Marker-Based Watershed",
            "abbv": "WSHD",
            "arity": 2,
            "p": 0,
            "kwargs": {
                "use_dt": false,
                "markers_distance": 21,
                "markers_area": null
            }
        },
        "mode": "default"
    }
}