{
    "dataset": {
        "name": "CIL",
        "label_name": "neuron",
        "indices": [
            75,
            24,
            37,
            56,
            81,
            45
        ]
    },
    "individual": {
        "sequence": "[[0, 0, 0, 0, 0], [0, 0, 0, 0, 0], [19, 1, 1, 164, 58], [41, 0, 2, 48, 109], [3, 3, 1, 83, 65], [30, 4, 1, 69, 44], [30, 4, 0, 198, 171], [2, 0, 4, 11, 144], [6, 2, 7, 153, 249], [36, 7, 7, 41, 254], [13, 2, 3, 125, 47], [28, 6, 4, 133, 230], [26, 7, 6, 78, 159], [17, 12, 8, 132, 173], [34, 5, 2, 234, 184], [13, 0, 1, 123, 193], [26, 3, 11, 14, 129], [30, 5, 8, 20, 88], [19, 10, 3, 237, 184], [16, 2, 8, 81, 10], [13, 18, 0, 143, 219], [13, 1, 12, 156, 58], [16, 5, 12, 21, 223], [20, 15, 17, 148, 35], [5, 0, 23, 96, 238], [37, 8, 0, 48, 115], [32, 11, 8, 45, 93], [16, 24, 2, 134, 170], [9, 23, 3, 63, 12], [2, 16, 15, 194, 0], [3, 4, 16, 147, 67], [6, 15, 12, 65, 160], [0, 29, 0, 0, 0], [0, 19, 0, 0, 0]]",
        "fitness": {
            "fitness": 0.1468372941017151,
            "time": 0.02672421932220459
        }
    },
    "decoding": {
        "metadata": {
            "rows": 1,
            "columns": 30,
            "n_in": 2,
            "n_out": 2,
            "n_para": 2,
            "n_conn": 2
        },
        "functions": [
            "max",
            "min",
            "mean",
            "add",
            "subtract",
            "bitwise_not",
            "bitwise_or",
            "bitwise_and",
            "bitwise_and_mask",
            "bitwise_xor",
            "sqrt",
            "pow2",
            "exp",
            "log",
            "median_blur",
            "gaussian_blur",
            "laplacian",
            "sobel",
            "robert_cross",
            "canny",
            "sharpen",
            "gabor",
            "abs_diff",
            "abs_diff2",
            "fluo_tophat",
            "rel_diff",
            "erode",
            "dilate",
            "open",
            "close",
            "morph_gradient",
            "morph_tophat",
            "morph_blackhat",
            "fill_holes",
            "remove_small_objects",
            "remove_small_holes",
            "threshold",
            "threshold_at_1",
            "distance_transform",
            "distance_transform_and_thresh",
            "inrange_bin",
            "inrange"
        ],
        "endpoint": {
            "name": "W",
            "abbv": "WSHD",
            "arity": 2,
            "p": 0,
            "kwargs": {
                "use_dt": false,
                "markers_distance": 21,
                "markers_area": null
            }
        },
        "mode": "default"
    }
}