{
    "dataset": {
        "name": "CIL",
        "label_name": "neuron",
        "indices": [
            3,
            65,
            2,
            39,
            60,
            14,
            80,
            47,
            81,
            24,
            34,
            6,
            50,
            62,
            16,
            35,
            9,
            48,
            12,
            17,
            59,
            76,
            23,
            19,
            64,
            43,
            69,
            75,
            37,
            57,
            5,
            55,
            41,
            56,
            1,
            73,
            53,
            26,
            33,
            84,
            7,
            82,
            71,
            31,
            51,
            74,
            29,
            4,
            86,
            88,
            77,
            18,
            10,
            15,
            42,
            58,
            83,
            13,
            72,
            63
        ]
    },
    "individual": {
        "sequence": "[[0, 0, 0, 0, 0], [0, 0, 0, 0, 0], [19, 1, 0, 130, 6], [19, 2, 2, 85, 183], [35, 2, 1, 174, 111], [23, 0, 3, 172, 89], [10, 5, 2, 236, 194], [6, 1, 3, 243, 20], [38, 6, 7, 34, 190], [18, 4, 1, 8, 150], [12, 0, 1, 91, 78], [19, 7, 9, 252, 165], [5, 5, 9, 215, 24], [6, 10, 8, 1, 23], [24, 10, 9, 21, 106], [3, 12, 14, 118, 25], [11, 15, 14, 86, 167], [32, 5, 8, 228, 31], [40, 3, 8, 24, 176], [39, 18, 12, 72, 222], [1, 0, 1, 235, 212], [28, 8, 13, 215, 164], [37, 13, 19, 77, 32], [26, 13, 2, 214, 228], [37, 22, 7, 235, 185], [30, 16, 21, 35, 188], [12, 21, 8, 192, 132], [41, 15, 18, 45, 75], [40, 16, 22, 59, 102], [11, 1, 3, 192, 243], [33, 21, 16, 167, 166], [33, 9, 6, 50, 90], [0, 16, 0, 0, 0], [0, 31, 0, 0, 0]]",
        "fitness": {
            "fitness": 0.15986086130142213,
            "time": 0.05421007474263509
        }
    },
    "decoding": {
        "metadata": {
            "rows": 1,
            "columns": 30,
            "n_in": 2,
            "n_out": 2,
            "n_para": 2,
            "n_conn": 2
        },
        "functions": [
            "max",
            "min",
            "mean",
            "add",
            "subtract",
            "bitwise_not",
            "bitwise_or",
            "bitwise_and",
            "bitwise_and_mask",
            "bitwise_xor",
            "sqrt",
            "pow2",
            "exp",
            "log",
            "median_blur",
            "gaussian_blur",
            "laplacian",
            "sobel",
            "robert_cross",
            "canny",
            "sharpen",
            "gabor",
            "abs_diff",
            "abs_diff2",
            "fluo_tophat",
            "rel_diff",
            "erode",
            "dilate",
            "open",
            "close",
            "morph_gradient",
            "morph_tophat",
            "morph_blackhat",
            "fill_holes",
            "remove_small_objects",
            "remove_small_holes",
            "threshold",
            "threshold_at_1",
            "distance_transform",
            "distance_transform_and_thresh",
            "inrange_bin",
            "inrange"
        ],
        "endpoint": {
            "name": "Marker-Based Watershed",
            "abbv": "WSHD",
            "arity": 2,
            "args": 0,
            "kwargs": {
                "use_dt": false,
                "markers_distance": 21,
                "markers_area": null
            }
        },
        "mode": "default"
    }
}