{
    "dataset": {
        "name": "Melanoma",
        "label_name": "melanoma",
        "indices": null
    },
    "individual": {
        "sequence": "[[0, 0, 0, 0, 0], [0, 0, 0, 0, 0], [0, 0, 0, 0, 0], [41, 1, 0, 92, 190], [6, 3, 3, 18, 12], [17, 4, 1, 84, 169], [41, 0, 4, 80, 2], [29, 6, 2, 157, 19], [1, 3, 6, 220, 176], [4, 8, 1, 50, 193], [15, 8, 5, 1, 55], [5, 0, 10, 102, 44], [33, 8, 10, 128, 200], [4, 3, 3, 66, 44], [33, 7, 9, 66, 108], [0, 7, 3, 100, 83], [5, 10, 14, 101, 149], [18, 9, 2, 56, 86], [28, 14, 6, 188, 154], [0, 12, 10, 64, 182], [26, 12, 17, 86, 24], [24, 8, 11, 48, 51], [30, 20, 3, 103, 125], [15, 16, 16, 186, 200], [27, 15, 18, 144, 214], [20, 23, 6, 116, 125], [21, 23, 17, 244, 225], [28, 21, 5, 37, 217], [12, 25, 4, 57, 13], [17, 11, 22, 150, 26], [38, 20, 10, 242, 255], [36, 15, 3, 174, 17], [38, 23, 11, 69, 231], [0, 19, 0, 0, 0], [0, 20, 0, 0, 0]]",
        "fitness": {
            "fitness": 0.1977131888270378,
            "time": 0.01017014185587565
        }
    },
    "decoding": {
        "metadata": {
            "rows": 1,
            "columns": 30,
            "n_in": 3,
            "n_out": 2,
            "n_para": 2,
            "n_conn": 2
        },
        "functions": [
            "max",
            "min",
            "mean",
            "add",
            "subtract",
            "bitwise_not",
            "bitwise_or",
            "bitwise_and",
            "bitwise_and_mask",
            "bitwise_xor",
            "sqrt",
            "pow2",
            "exp",
            "log",
            "median_blur",
            "gaussian_blur",
            "laplacian",
            "sobel",
            "robert_cross",
            "canny",
            "sharpen",
            "gabor",
            "abs_diff",
            "abs_diff2",
            "fluo_tophat",
            "rel_diff",
            "erode",
            "dilate",
            "open",
            "close",
            "morph_gradient",
            "morph_tophat",
            "morph_blackhat",
            "fill_holes",
            "remove_small_objects",
            "remove_small_holes",
            "threshold",
            "threshold_at_1",
            "distance_transform",
            "distance_transform_and_thresh",
            "inrange_bin",
            "inrange"
        ],
        "endpoint": {
            "name": "Marker-Based Watershed",
            "abbv": "WSHD",
            "arity": 2,
            "args": 0,
            "kwargs": {
                "use_dt": false,
                "markers_distance": 21,
                "markers_area": null
            }
        },
        "mode": "default"
    }
}