{
    "dataset": {
        "name": "CIL",
        "label_name": "neuron",
        "indices": [
            3,
            19,
            7,
            79,
            86,
            31,
            44,
            24,
            36,
            0,
            22,
            51,
            18,
            75
        ]
    },
    "individual": {
        "sequence": "[[0, 0, 0, 0, 0], [0, 0, 0, 0, 0], [40, 1, 1, 41, 234], [11, 0, 1, 66, 52], [4, 3, 0, 129, 33], [31, 0, 0, 201, 189], [18, 2, 1, 100, 12], [2, 5, 6, 171, 160], [33, 3, 4, 14, 93], [0, 7, 2, 17, 168], [39, 8, 0, 11, 93], [20, 3, 8, 117, 88], [6, 9, 9, 47, 92], [2, 9, 10, 95, 33], [4, 12, 7, 176, 82], [28, 2, 5, 19, 120], [27, 8, 12, 131, 223], [7, 11, 7, 76, 56], [37, 15, 7, 216, 167], [18, 10, 1, 108, 250], [3, 17, 2, 105, 218], [13, 4, 12, 242, 91], [26, 3, 6, 235, 66], [3, 8, 0, 240, 197], [38, 20, 20, 52, 94], [27, 5, 0, 225, 122], [1, 10, 3, 25, 190], [28, 13, 7, 145, 74], [13, 6, 17, 192, 59], [30, 17, 8, 146, 243], [8, 10, 27, 233, 110], [28, 24, 26, 250, 113], [0, 13, 0, 0, 0], [0, 15, 0, 0, 0]]",
        "fitness": {
            "fitness": 0.08317301954541888,
            "time": 0.033643943922860284
        }
    },
    "decoding": {
        "metadata": {
            "rows": 1,
            "columns": 30,
            "n_in": 2,
            "n_out": 2,
            "n_para": 2,
            "n_conn": 2
        },
        "functions": [
            "max",
            "min",
            "mean",
            "add",
            "subtract",
            "bitwise_not",
            "bitwise_or",
            "bitwise_and",
            "bitwise_and_mask",
            "bitwise_xor",
            "sqrt",
            "pow2",
            "exp",
            "log",
            "median_blur",
            "gaussian_blur",
            "laplacian",
            "sobel",
            "robert_cross",
            "canny",
            "sharpen",
            "gabor",
            "abs_diff",
            "abs_diff2",
            "fluo_tophat",
            "rel_diff",
            "erode",
            "dilate",
            "open",
            "close",
            "morph_gradient",
            "morph_tophat",
            "morph_blackhat",
            "fill_holes",
            "remove_small_objects",
            "remove_small_holes",
            "threshold",
            "threshold_at_1",
            "distance_transform",
            "distance_transform_and_thresh",
            "inrange_bin",
            "inrange"
        ],
        "endpoint": {
            "name": "Marker-Based Watershed",
            "abbv": "WSHD",
            "arity": 2,
            "p": 0,
            "kwargs": {
                "use_dt": false,
                "markers_distance": 21,
                "markers_area": null
            }
        },
        "mode": "default"
    }
}