{
    "dataset": {
        "name": "Melanoma",
        "label_name": "melanoma",
        "indices": null
    },
    "individual": {
        "sequence": "[[0, 0, 0, 0, 0], [0, 0, 0, 0, 0], [0, 0, 0, 0, 0], [1, 2, 1, 6, 131], [36, 2, 1, 179, 161], [36, 1, 1, 207, 180], [20, 1, 4, 201, 142], [9, 1, 2, 67, 84], [31, 0, 1, 80, 211], [0, 6, 4, 39, 7], [0, 6, 9, 134, 182], [20, 10, 7, 90, 183], [1, 3, 1, 56, 244], [23, 10, 5, 94, 106], [8, 5, 4, 161, 74], [34, 3, 9, 231, 113], [12, 6, 0, 169, 195], [36, 3, 13, 89, 139], [1, 15, 17, 129, 19], [11, 13, 17, 16, 79], [40, 18, 18, 120, 100], [33, 16, 7, 25, 138], [21, 8, 5, 117, 108], [28, 16, 16, 235, 187], [41, 9, 1, 226, 171], [19, 18, 18, 75, 62], [30, 2, 6, 59, 223], [34, 14, 12, 178, 157], [37, 5, 3, 253, 249], [1, 2, 7, 190, 232], [27, 15, 7, 84, 117], [24, 8, 28, 152, 142], [14, 4, 31, 137, 160], [0, 17, 0, 0, 0], [0, 27, 0, 0, 0]]",
        "fitness": {
            "fitness": 0.17870040237903595,
            "time": 0.006487985452016194
        }
    },
    "decoding": {
        "metadata": {
            "rows": 1,
            "columns": 30,
            "n_in": 3,
            "n_out": 2,
            "n_para": 2,
            "n_conn": 2
        },
        "functions": [
            "max",
            "min",
            "mean",
            "add",
            "subtract",
            "bitwise_not",
            "bitwise_or",
            "bitwise_and",
            "bitwise_and_mask",
            "bitwise_xor",
            "sqrt",
            "pow2",
            "exp",
            "log",
            "median_blur",
            "gaussian_blur",
            "laplacian",
            "sobel",
            "robert_cross",
            "canny",
            "sharpen",
            "gabor",
            "abs_diff",
            "abs_diff2",
            "fluo_tophat",
            "rel_diff",
            "erode",
            "dilate",
            "open",
            "close",
            "morph_gradient",
            "morph_tophat",
            "morph_blackhat",
            "fill_holes",
            "remove_small_objects",
            "remove_small_holes",
            "threshold",
            "threshold_at_1",
            "distance_transform",
            "distance_transform_and_thresh",
            "inrange_bin",
            "inrange"
        ],
        "endpoint": {
            "name": "Marker-Based Watershed",
            "abbv": "WSHD",
            "arity": 2,
            "args": 0,
            "kwargs": {
                "use_dt": false,
                "markers_distance": 21,
                "markers_area": null
            }
        },
        "mode": "default"
    }
}