{
    "dataset": {
        "name": "CIL",
        "label_name": "neuron",
        "indices": [
            30,
            14,
            55,
            54,
            78,
            40,
            31,
            61,
            35,
            73,
            64,
            52,
            27,
            3,
            49
        ]
    },
    "individual": {
        "sequence": "[[0, 0, 0, 0, 0], [0, 0, 0, 0, 0], [7, 0, 0, 127, 67], [19, 1, 0, 9, 71], [36, 0, 1, 73, 40], [8, 4, 4, 95, 161], [18, 1, 2, 28, 65], [28, 1, 0, 12, 137], [25, 0, 6, 188, 112], [36, 7, 1, 170, 40], [11, 4, 3, 207, 198], [19, 7, 8, 210, 109], [2, 10, 10, 224, 185], [2, 3, 1, 39, 190], [3, 10, 8, 175, 98], [7, 4, 1, 227, 249], [3, 3, 15, 234, 120], [41, 0, 3, 10, 173], [6, 9, 2, 127, 36], [10, 15, 16, 54, 179], [35, 16, 0, 90, 5], [2, 17, 16, 239, 50], [5, 1, 12, 141, 158], [30, 6, 7, 138, 231], [22, 5, 3, 48, 208], [9, 21, 24, 86, 174], [26, 10, 13, 51, 153], [20, 22, 14, 192, 19], [18, 18, 3, 9, 231], [37, 11, 5, 51, 17], [12, 11, 4, 202, 16], [41, 26, 6, 87, 122], [0, 21, 0, 0, 0], [0, 9, 0, 0, 0]]",
        "fitness": {
            "fitness": 0.11558305422465007,
            "time": 0.023717689514160156
        }
    },
    "decoding": {
        "metadata": {
            "rows": 1,
            "columns": 30,
            "n_in": 2,
            "n_out": 2,
            "n_para": 2,
            "n_conn": 2
        },
        "functions": [
            "max",
            "min",
            "mean",
            "add",
            "subtract",
            "bitwise_not",
            "bitwise_or",
            "bitwise_and",
            "bitwise_and_mask",
            "bitwise_xor",
            "sqrt",
            "pow2",
            "exp",
            "log",
            "median_blur",
            "gaussian_blur",
            "laplacian",
            "sobel",
            "robert_cross",
            "canny",
            "sharpen",
            "gabor",
            "abs_diff",
            "abs_diff2",
            "fluo_tophat",
            "rel_diff",
            "erode",
            "dilate",
            "open",
            "close",
            "morph_gradient",
            "morph_tophat",
            "morph_blackhat",
            "fill_holes",
            "remove_small_objects",
            "remove_small_holes",
            "threshold",
            "threshold_at_1",
            "distance_transform",
            "distance_transform_and_thresh",
            "inrange_bin",
            "inrange"
        ],
        "endpoint": {
            "name": "W",
            "abbv": "WSHD",
            "arity": 2,
            "p": 0,
            "kwargs": {
                "use_dt": false,
                "markers_distance": 21,
                "markers_area": null
            }
        },
        "mode": "default"
    }
}