{
    "dataset": {
        "name": "CIL",
        "label_name": "neuron",
        "indices": [
            15,
            21,
            34,
            26,
            32,
            33,
            62,
            43,
            45,
            42,
            54,
            65
        ]
    },
    "individual": {
        "sequence": "[[0, 0, 0, 0, 0], [0, 0, 0, 0, 0], [10, 0, 0, 25, 70], [40, 0, 1, 232, 12], [10, 1, 2, 117, 196], [23, 2, 3, 30, 139], [1, 3, 0, 207, 156], [23, 3, 6, 10, 103], [3, 5, 1, 107, 249], [5, 1, 3, 115, 52], [0, 4, 9, 45, 19], [20, 1, 1, 62, 25], [2, 1, 8, 231, 70], [28, 4, 11, 28, 17], [36, 13, 5, 200, 92], [3, 8, 1, 107, 182], [18, 5, 1, 214, 110], [39, 14, 0, 69, 31], [14, 1, 10, 132, 16], [39, 17, 12, 43, 204], [2, 19, 8, 115, 9], [29, 17, 4, 202, 254], [6, 21, 19, 53, 83], [1, 3, 8, 200, 194], [12, 6, 1, 201, 115], [6, 15, 3, 96, 56], [40, 11, 6, 198, 6], [7, 19, 10, 19, 38], [39, 2, 0, 254, 144], [25, 15, 10, 85, 111], [1, 26, 17, 16, 82], [20, 18, 13, 33, 96], [0, 23, 0, 0, 0], [0, 17, 0, 0, 0]]",
        "fitness": {
            "fitness": 0.14150350292523703,
            "time": 0.032735069592793785
        }
    },
    "decoding": {
        "metadata": {
            "rows": 1,
            "columns": 30,
            "n_in": 2,
            "n_out": 2,
            "n_para": 2,
            "n_conn": 2
        },
        "functions": [
            "max",
            "min",
            "mean",
            "add",
            "subtract",
            "bitwise_not",
            "bitwise_or",
            "bitwise_and",
            "bitwise_and_mask",
            "bitwise_xor",
            "sqrt",
            "pow2",
            "exp",
            "log",
            "median_blur",
            "gaussian_blur",
            "laplacian",
            "sobel",
            "robert_cross",
            "canny",
            "sharpen",
            "gabor",
            "abs_diff",
            "abs_diff2",
            "fluo_tophat",
            "rel_diff",
            "erode",
            "dilate",
            "open",
            "close",
            "morph_gradient",
            "morph_tophat",
            "morph_blackhat",
            "fill_holes",
            "remove_small_objects",
            "remove_small_holes",
            "threshold",
            "threshold_at_1",
            "distance_transform",
            "distance_transform_and_thresh",
            "inrange_bin",
            "inrange"
        ],
        "endpoint": {
            "name": "Marker-Based Watershed",
            "abbv": "WSHD",
            "arity": 2,
            "p": 0,
            "kwargs": {
                "use_dt": false,
                "markers_distance": 21,
                "markers_area": null
            }
        },
        "mode": "default"
    }
}