{
    "dataset": {
        "name": "CIL",
        "label_name": "neuron",
        "indices": [
            9,
            57,
            26
        ]
    },
    "individual": {
        "sequence": "[[0, 0, 0, 0, 0], [0, 0, 0, 0, 0], [5, 1, 1, 250, 206], [28, 0, 2, 72, 80], [41, 2, 1, 217, 108], [31, 0, 2, 193, 45], [3, 1, 2, 80, 139], [4, 4, 0, 182, 176], [36, 3, 7, 241, 194], [36, 2, 8, 213, 41], [14, 9, 9, 188, 1], [37, 0, 3, 194, 145], [20, 7, 4, 106, 126], [6, 8, 2, 123, 135], [20, 4, 11, 225, 162], [34, 4, 8, 24, 146], [9, 6, 5, 23, 244], [35, 4, 12, 250, 2], [26, 3, 11, 184, 132], [15, 9, 18, 230, 63], [2, 5, 7, 155, 128], [30, 1, 19, 135, 43], [30, 10, 21, 72, 225], [30, 14, 7, 94, 234], [31, 20, 12, 165, 212], [13, 11, 20, 26, 240], [41, 12, 6, 246, 161], [39, 21, 0, 199, 166], [26, 21, 4, 194, 204], [34, 22, 11, 112, 151], [32, 6, 19, 81, 82], [4, 26, 6, 209, 185], [0, 24, 0, 0, 0], [0, 15, 0, 0, 0]]",
        "fitness": {
            "fitness": 0.13294694821039835,
            "time": 0.04479662577311198
        }
    },
    "decoding": {
        "metadata": {
            "rows": 1,
            "columns": 30,
            "n_in": 2,
            "n_out": 2,
            "n_para": 2,
            "n_conn": 2
        },
        "functions": [
            "max",
            "min",
            "mean",
            "add",
            "subtract",
            "bitwise_not",
            "bitwise_or",
            "bitwise_and",
            "bitwise_and_mask",
            "bitwise_xor",
            "sqrt",
            "pow2",
            "exp",
            "log",
            "median_blur",
            "gaussian_blur",
            "laplacian",
            "sobel",
            "robert_cross",
            "canny",
            "sharpen",
            "gabor",
            "abs_diff",
            "abs_diff2",
            "fluo_tophat",
            "rel_diff",
            "erode",
            "dilate",
            "open",
            "close",
            "morph_gradient",
            "morph_tophat",
            "morph_blackhat",
            "fill_holes",
            "remove_small_objects",
            "remove_small_holes",
            "threshold",
            "threshold_at_1",
            "distance_transform",
            "distance_transform_and_thresh",
            "inrange_bin",
            "inrange"
        ],
        "endpoint": {
            "name": "W",
            "abbv": "WSHD",
            "arity": 2,
            "p": 0,
            "kwargs": {
                "use_dt": false,
                "markers_distance": 21,
                "markers_area": null
            }
        },
        "mode": "default"
    }
}