{
    "dataset": {
        "name": "CIL",
        "label_name": "neuron",
        "indices": [
            82
        ]
    },
    "individual": {
        "sequence": "[[0, 0, 0, 0, 0], [0, 0, 0, 0, 0], [27, 0, 1, 171, 159], [13, 1, 2, 66, 71], [12, 1, 2, 12, 250], [35, 3, 0, 179, 61], [29, 2, 3, 208, 187], [1, 6, 4, 155, 232], [16, 3, 1, 89, 198], [12, 4, 1, 156, 119], [23, 0, 4, 5, 131], [40, 0, 2, 17, 185], [32, 0, 0, 218, 153], [41, 0, 2, 191, 55], [35, 1, 2, 17, 21], [27, 1, 10, 16, 176], [23, 5, 7, 26, 119], [2, 8, 11, 1, 211], [31, 6, 7, 101, 164], [23, 7, 2, 55, 132], [26, 0, 17, 99, 100], [8, 13, 18, 61, 197], [37, 20, 17, 18, 243], [40, 15, 21, 252, 66], [29, 3, 14, 224, 0], [14, 1, 8, 81, 93], [18, 13, 15, 173, 74], [7, 15, 23, 80, 237], [3, 19, 17, 229, 229], [28, 16, 13, 196, 177], [1, 10, 14, 160, 242], [35, 19, 21, 21, 27], [0, 11, 0, 0, 0], [0, 23, 0, 0, 0]]",
        "fitness": {
            "fitness": 0.07142859697341919,
            "time": 0.0073468685150146484
        }
    },
    "decoding": {
        "metadata": {
            "rows": 1,
            "columns": 30,
            "n_in": 2,
            "n_out": 2,
            "n_para": 2,
            "n_conn": 2
        },
        "functions": [
            "max",
            "min",
            "mean",
            "add",
            "subtract",
            "bitwise_not",
            "bitwise_or",
            "bitwise_and",
            "bitwise_and_mask",
            "bitwise_xor",
            "sqrt",
            "pow2",
            "exp",
            "log",
            "median_blur",
            "gaussian_blur",
            "laplacian",
            "sobel",
            "robert_cross",
            "canny",
            "sharpen",
            "gabor",
            "abs_diff",
            "abs_diff2",
            "fluo_tophat",
            "rel_diff",
            "erode",
            "dilate",
            "open",
            "close",
            "morph_gradient",
            "morph_tophat",
            "morph_blackhat",
            "fill_holes",
            "remove_small_objects",
            "remove_small_holes",
            "threshold",
            "threshold_at_1",
            "distance_transform",
            "distance_transform_and_thresh",
            "inrange_bin",
            "inrange"
        ],
        "endpoint": {
            "name": "W",
            "abbv": "WSHD",
            "arity": 2,
            "p": 0,
            "kwargs": {
                "use_dt": false,
                "markers_distance": 21,
                "markers_area": null
            }
        },
        "mode": "default"
    }
}