{
    "dataset": {
        "name": "Tumor",
        "label_name": "tumor",
        "indices": null
    },
    "individual": {
        "sequence": "[[0, 0, 0, 0, 0], [0, 0, 0, 0, 0], [0, 0, 0, 0, 0], [6, 0, 2, 159, 6], [15, 3, 2, 248, 227], [13, 1, 0, 186, 42], [5, 4, 3, 10, 157], [15, 3, 1, 34, 169], [36, 4, 5, 154, 232], [23, 7, 8, 137, 179], [4, 3, 1, 118, 117], [40, 9, 10, 109, 29], [22, 1, 7, 183, 124], [20, 4, 9, 114, 91], [38, 0, 1, 34, 30], [27, 12, 7, 193, 240], [5, 0, 5, 0, 154], [25, 1, 9, 185, 230], [36, 5, 1, 60, 163], [33, 6, 7, 221, 251], [13, 7, 1, 179, 27], [20, 14, 6, 110, 234], [30, 5, 16, 219, 46], [40, 0, 22, 198, 176], [33, 11, 11, 90, 253], [9, 1, 1, 25, 194], [8, 4, 25, 65, 71], [38, 13, 21, 102, 97], [27, 14, 14, 231, 82], [10, 0, 21, 76, 191], [12, 5, 27, 205, 14], [30, 29, 18, 33, 234], [28, 1, 15, 232, 4], [0, 24, 0, 0, 0]]",
        "fitness": {
            "fitness": 0.15314559342127945,
            "time": 0.01269543170928955
        }
    },
    "decoding": {
        "metadata": {
            "rows": 1,
            "columns": 30,
            "n_in": 3,
            "n_out": 1,
            "n_para": 2,
            "n_conn": 2
        },
        "functions": [
            "max",
            "min",
            "mean",
            "add",
            "subtract",
            "bitwise_not",
            "bitwise_or",
            "bitwise_and",
            "bitwise_and_mask",
            "bitwise_xor",
            "sqrt",
            "pow2",
            "exp",
            "log",
            "median_blur",
            "gaussian_blur",
            "laplacian",
            "sobel",
            "robert_cross",
            "canny",
            "sharpen",
            "gabor",
            "abs_diff",
            "abs_diff2",
            "fluo_tophat",
            "rel_diff",
            "erode",
            "dilate",
            "open",
            "close",
            "morph_gradient",
            "morph_tophat",
            "morph_blackhat",
            "fill_holes",
            "remove_small_objects",
            "remove_small_holes",
            "threshold",
            "threshold_at_1",
            "distance_transform",
            "distance_transform_and_thresh",
            "inrange_bin",
            "inrange"
        ],
        "endpoint": {
            "name": "Threshold (t=4)",
            "abbv": "TRSH",
            "arity": 1,
            "p": 0,
            "kwargs": {
                "threshold": 4
            }
        },
        "mode": "default"
    }
}