{
    "dataset": {
        "name": "CIL",
        "label_name": "neuron",
        "indices": [
            12,
            69,
            8,
            86,
            19,
            30,
            67,
            4,
            63,
            64,
            18
        ]
    },
    "individual": {
        "sequence": "[[0, 0, 0, 0, 0], [0, 0, 0, 0, 0], [24, 1, 0, 74, 249], [32, 1, 1, 115, 137], [2, 0, 3, 224, 124], [1, 4, 0, 156, 109], [38, 3, 2, 191, 49], [36, 6, 2, 81, 210], [31, 6, 0, 49, 161], [0, 8, 4, 121, 102], [31, 5, 4, 196, 213], [27, 0, 8, 101, 108], [15, 2, 6, 38, 175], [3, 2, 12, 123, 137], [39, 3, 6, 246, 119], [35, 3, 3, 203, 104], [36, 13, 6, 148, 128], [12, 9, 1, 245, 246], [3, 6, 13, 139, 146], [31, 9, 13, 36, 123], [18, 16, 18, 245, 49], [37, 17, 10, 149, 88], [13, 16, 13, 249, 218], [40, 12, 11, 180, 31], [29, 9, 2, 203, 174], [8, 6, 6, 225, 9], [2, 10, 20, 75, 36], [35, 19, 10, 192, 64], [15, 12, 4, 22, 71], [34, 7, 23, 237, 134], [24, 7, 8, 227, 171], [20, 26, 23, 227, 182], [0, 26, 0, 0, 0], [0, 16, 0, 0, 0]]",
        "fitness": {
            "fitness": 0.13511586731130426,
            "time": 0.0592549280686812
        }
    },
    "decoding": {
        "metadata": {
            "rows": 1,
            "columns": 30,
            "n_in": 2,
            "n_out": 2,
            "n_para": 2,
            "n_conn": 2
        },
        "functions": [
            "max",
            "min",
            "mean",
            "add",
            "subtract",
            "bitwise_not",
            "bitwise_or",
            "bitwise_and",
            "bitwise_and_mask",
            "bitwise_xor",
            "sqrt",
            "pow2",
            "exp",
            "log",
            "median_blur",
            "gaussian_blur",
            "laplacian",
            "sobel",
            "robert_cross",
            "canny",
            "sharpen",
            "gabor",
            "abs_diff",
            "abs_diff2",
            "fluo_tophat",
            "rel_diff",
            "erode",
            "dilate",
            "open",
            "close",
            "morph_gradient",
            "morph_tophat",
            "morph_blackhat",
            "fill_holes",
            "remove_small_objects",
            "remove_small_holes",
            "threshold",
            "threshold_at_1",
            "distance_transform",
            "distance_transform_and_thresh",
            "inrange_bin",
            "inrange"
        ],
        "endpoint": {
            "name": "Marker-Based Watershed",
            "abbv": "WSHD",
            "arity": 2,
            "p": 0,
            "kwargs": {
                "use_dt": false,
                "markers_distance": 21,
                "markers_area": null
            }
        },
        "mode": "default"
    }
}