{
    "dataset": {
        "name": "Melanoma",
        "label_name": "melanoma",
        "indices": null
    },
    "individual": {
        "sequence": "[[0, 0, 0, 0, 0], [0, 0, 0, 0, 0], [0, 0, 0, 0, 0], [20, 1, 1, 179, 81], [2, 3, 2, 141, 155], [38, 3, 3, 243, 47], [36, 4, 1, 138, 175], [28, 1, 3, 132, 48], [11, 2, 3, 243, 194], [6, 0, 3, 220, 253], [34, 6, 8, 234, 231], [36, 1, 7, 176, 151], [32, 9, 4, 178, 129], [11, 9, 3, 105, 36], [32, 3, 1, 248, 249], [11, 9, 14, 206, 0], [21, 12, 10, 174, 146], [40, 10, 9, 248, 80], [16, 15, 5, 39, 76], [31, 1, 9, 108, 250], [9, 12, 7, 100, 228], [35, 13, 7, 250, 104], [5, 4, 21, 208, 130], [36, 5, 9, 131, 171], [39, 0, 7, 149, 1], [7, 4, 18, 238, 0], [28, 22, 24, 88, 173], [35, 4, 19, 70, 205], [14, 2, 21, 22, 152], [9, 16, 9, 61, 163], [18, 12, 6, 183, 211], [7, 15, 30, 181, 6], [0, 10, 27, 127, 82], [0, 10, 0, 0, 0]]",
        "fitness": {
            "fitness": 0.2872655987739563,
            "time": 0.002370178699493408
        }
    },
    "decoding": {
        "metadata": {
            "rows": 1,
            "columns": 30,
            "n_in": 3,
            "n_out": 1,
            "n_para": 2,
            "n_conn": 2
        },
        "functions": [
            "max",
            "min",
            "mean",
            "add",
            "subtract",
            "bitwise_not",
            "bitwise_or",
            "bitwise_and",
            "bitwise_and_mask",
            "bitwise_xor",
            "sqrt",
            "pow2",
            "exp",
            "log",
            "median_blur",
            "gaussian_blur",
            "laplacian",
            "sobel",
            "robert_cross",
            "canny",
            "sharpen",
            "gabor",
            "abs_diff",
            "abs_diff2",
            "fluo_tophat",
            "rel_diff",
            "erode",
            "dilate",
            "open",
            "close",
            "morph_gradient",
            "morph_tophat",
            "morph_blackhat",
            "fill_holes",
            "remove_small_objects",
            "remove_small_holes",
            "threshold",
            "threshold_at_1",
            "distance_transform",
            "distance_transform_and_thresh",
            "inrange_bin",
            "inrange"
        ],
        "endpoint": {
            "name": "Labels",
            "abbv": "LABELS",
            "arity": 1,
            "args": 0,
            "kwargs": {
                "connectivity": 4
            }
        },
        "mode": "default"
    }
}