{
    "dataset": {
        "name": "CIL",
        "label_name": "neuron",
        "indices": [
            86,
            68,
            70,
            17,
            40,
            72,
            45,
            80,
            36,
            78,
            21,
            11,
            39,
            65,
            43,
            12,
            71,
            60,
            31,
            1,
            37,
            62,
            59,
            83,
            58,
            27,
            42,
            13,
            82,
            8,
            28,
            88,
            75,
            64,
            63,
            57,
            3,
            33,
            34,
            38,
            10,
            50,
            46,
            81,
            77,
            32,
            55,
            56,
            14,
            74,
            84,
            44,
            48,
            0,
            6,
            85,
            69,
            73,
            5,
            41,
            26,
            16,
            53,
            47,
            30,
            52,
            15,
            9,
            49,
            35
        ]
    },
    "individual": {
        "sequence": "[[0, 0, 0, 0, 0], [0, 0, 0, 0, 0], [20, 1, 1, 224, 214], [34, 0, 1, 91, 91], [36, 2, 1, 200, 44], [2, 1, 4, 225, 251], [36, 0, 1, 154, 9], [34, 4, 2, 24, 58], [4, 2, 0, 240, 62], [4, 8, 5, 219, 243], [38, 0, 9, 193, 205], [20, 4, 8, 53, 75], [20, 6, 9, 210, 84], [14, 6, 10, 57, 152], [4, 6, 11, 40, 251], [18, 6, 2, 215, 176], [15, 11, 12, 17, 230], [33, 16, 11, 226, 172], [12, 14, 9, 218, 28], [32, 17, 3, 241, 113], [40, 1, 14, 55, 149], [37, 18, 14, 147, 169], [6, 16, 14, 125, 143], [23, 11, 13, 214, 102], [8, 5, 14, 198, 89], [13, 4, 14, 27, 52], [33, 11, 12, 166, 62], [15, 23, 4, 84, 242], [24, 22, 23, 42, 220], [28, 20, 11, 134, 36], [2, 14, 25, 220, 223], [2, 22, 14, 116, 72], [0, 28, 0, 0, 0], [0, 7, 0, 0, 0]]",
        "fitness": {
            "fitness": 0.13629505464008876,
            "time": 0.04465491771697998
        }
    },
    "decoding": {
        "metadata": {
            "rows": 1,
            "columns": 30,
            "n_in": 2,
            "n_out": 2,
            "n_para": 2,
            "n_conn": 2
        },
        "functions": [
            "max",
            "min",
            "mean",
            "add",
            "subtract",
            "bitwise_not",
            "bitwise_or",
            "bitwise_and",
            "bitwise_and_mask",
            "bitwise_xor",
            "sqrt",
            "pow2",
            "exp",
            "log",
            "median_blur",
            "gaussian_blur",
            "laplacian",
            "sobel",
            "robert_cross",
            "canny",
            "sharpen",
            "gabor",
            "abs_diff",
            "abs_diff2",
            "fluo_tophat",
            "rel_diff",
            "erode",
            "dilate",
            "open",
            "close",
            "morph_gradient",
            "morph_tophat",
            "morph_blackhat",
            "fill_holes",
            "remove_small_objects",
            "remove_small_holes",
            "threshold",
            "threshold_at_1",
            "distance_transform",
            "distance_transform_and_thresh",
            "inrange_bin",
            "inrange"
        ],
        "endpoint": {
            "name": "Marker-Based Watershed",
            "abbv": "WSHD",
            "arity": 2,
            "args": 0,
            "kwargs": {
                "use_dt": false,
                "markers_distance": 21,
                "markers_area": null
            }
        },
        "mode": "default"
    }
}