{
    "dataset": {
        "name": "CIL",
        "label_name": "neuron",
        "indices": [
            22,
            80,
            40,
            27,
            69,
            32,
            39,
            26,
            79,
            1,
            35,
            86,
            41,
            33,
            36,
            64,
            75,
            31,
            21,
            38,
            30,
            2,
            29,
            87,
            61,
            83,
            4,
            47,
            9,
            11,
            77,
            58,
            8,
            43,
            50,
            42,
            88,
            3,
            68,
            34,
            0,
            72,
            65,
            44,
            16,
            74,
            81,
            53,
            78,
            76,
            14,
            25,
            55,
            23,
            20,
            48,
            5,
            60,
            85,
            17
        ]
    },
    "individual": {
        "sequence": "[[0, 0, 0, 0, 0], [0, 0, 0, 0, 0], [19, 1, 0, 142, 34], [3, 0, 0, 199, 240], [18, 2, 2, 53, 175], [3, 0, 3, 122, 184], [35, 4, 4, 251, 152], [24, 5, 0, 172, 143], [38, 3, 1, 235, 250], [7, 5, 1, 46, 46], [11, 5, 6, 227, 249], [16, 7, 5, 158, 55], [2, 5, 6, 0, 230], [9, 9, 12, 69, 72], [24, 7, 8, 76, 52], [4, 1, 1, 231, 188], [23, 12, 4, 201, 86], [11, 14, 2, 81, 125], [19, 3, 12, 212, 192], [6, 7, 11, 22, 165], [7, 0, 4, 0, 26], [37, 13, 5, 115, 49], [18, 17, 17, 85, 38], [9, 7, 22, 20, 120], [7, 15, 1, 248, 61], [1, 0, 18, 246, 165], [12, 24, 3, 4, 58], [9, 7, 5, 206, 149], [16, 20, 14, 174, 242], [0, 19, 6, 8, 30], [37, 14, 10, 252, 4], [36, 4, 5, 83, 162], [0, 17, 0, 0, 0], [0, 6, 0, 0, 0]]",
        "fitness": {
            "fitness": 0.13547135392824808,
            "time": 0.07392313480377197
        }
    },
    "decoding": {
        "metadata": {
            "rows": 1,
            "columns": 30,
            "n_in": 2,
            "n_out": 2,
            "n_para": 2,
            "n_conn": 2
        },
        "functions": [
            "max",
            "min",
            "mean",
            "add",
            "subtract",
            "bitwise_not",
            "bitwise_or",
            "bitwise_and",
            "bitwise_and_mask",
            "bitwise_xor",
            "sqrt",
            "pow2",
            "exp",
            "log",
            "median_blur",
            "gaussian_blur",
            "laplacian",
            "sobel",
            "robert_cross",
            "canny",
            "sharpen",
            "gabor",
            "abs_diff",
            "abs_diff2",
            "fluo_tophat",
            "rel_diff",
            "erode",
            "dilate",
            "open",
            "close",
            "morph_gradient",
            "morph_tophat",
            "morph_blackhat",
            "fill_holes",
            "remove_small_objects",
            "remove_small_holes",
            "threshold",
            "threshold_at_1",
            "distance_transform",
            "distance_transform_and_thresh",
            "inrange_bin",
            "inrange"
        ],
        "endpoint": {
            "name": "Marker-Based Watershed",
            "abbv": "WSHD",
            "arity": 2,
            "args": 0,
            "kwargs": {
                "use_dt": false,
                "markers_distance": 21,
                "markers_area": null
            }
        },
        "mode": "default"
    }
}