{
    "dataset": {
        "name": "CIL",
        "label_name": "neuron",
        "indices": [
            15
        ]
    },
    "individual": {
        "sequence": "[[0, 0, 0, 0, 0], [0, 0, 0, 0, 0], [13, 1, 0, 228, 97], [6, 2, 1, 68, 254], [41, 3, 3, 90, 208], [19, 4, 0, 18, 22], [21, 0, 4, 50, 40], [11, 0, 2, 213, 192], [31, 4, 4, 211, 198], [35, 4, 5, 199, 163], [10, 8, 4, 42, 134], [37, 4, 6, 93, 7], [20, 5, 8, 130, 173], [11, 11, 4, 205, 167], [29, 11, 8, 19, 23], [36, 1, 8, 104, 13], [7, 9, 10, 176, 232], [27, 10, 4, 75, 114], [27, 7, 15, 176, 141], [28, 12, 4, 174, 43], [6, 2, 4, 64, 228], [9, 4, 12, 229, 182], [27, 1, 5, 57, 70], [34, 10, 16, 79, 178], [9, 16, 10, 17, 1], [30, 11, 0, 247, 167], [6, 15, 7, 36, 170], [5, 11, 4, 184, 67], [40, 17, 24, 227, 154], [21, 1, 2, 128, 71], [0, 4, 23, 80, 216], [40, 23, 1, 144, 0], [0, 26, 0, 0, 0], [0, 21, 0, 0, 0]]",
        "fitness": {
            "fitness": 0.10526317358016968,
            "time": 0.036095619201660156
        }
    },
    "decoding": {
        "metadata": {
            "rows": 1,
            "columns": 30,
            "n_in": 2,
            "n_out": 2,
            "n_para": 2,
            "n_conn": 2
        },
        "functions": [
            "max",
            "min",
            "mean",
            "add",
            "subtract",
            "bitwise_not",
            "bitwise_or",
            "bitwise_and",
            "bitwise_and_mask",
            "bitwise_xor",
            "sqrt",
            "pow2",
            "exp",
            "log",
            "median_blur",
            "gaussian_blur",
            "laplacian",
            "sobel",
            "robert_cross",
            "canny",
            "sharpen",
            "gabor",
            "abs_diff",
            "abs_diff2",
            "fluo_tophat",
            "rel_diff",
            "erode",
            "dilate",
            "open",
            "close",
            "morph_gradient",
            "morph_tophat",
            "morph_blackhat",
            "fill_holes",
            "remove_small_objects",
            "remove_small_holes",
            "threshold",
            "threshold_at_1",
            "distance_transform",
            "distance_transform_and_thresh",
            "inrange_bin",
            "inrange"
        ],
        "endpoint": {
            "name": "W",
            "abbv": "WSHD",
            "arity": 2,
            "p": 0,
            "kwargs": {
                "use_dt": false,
                "markers_distance": 21,
                "markers_area": null
            }
        },
        "mode": "default"
    }
}