{
    "dataset": {
        "name": "CIL",
        "label_name": "neuron",
        "indices": [
            33,
            58,
            2,
            84,
            86,
            76,
            50,
            38,
            78,
            3,
            88,
            67,
            37,
            59,
            9,
            79,
            14,
            24,
            51,
            17,
            56,
            69,
            64,
            7,
            30
        ]
    },
    "individual": {
        "sequence": "[[0, 0, 0, 0, 0], [0, 0, 0, 0, 0], [11, 0, 1, 82, 178], [11, 1, 0, 254, 3], [8, 0, 1, 129, 244], [19, 3, 2, 13, 45], [17, 2, 1, 92, 190], [37, 3, 6, 76, 66], [29, 5, 0, 80, 83], [8, 6, 5, 71, 106], [8, 4, 0, 50, 150], [40, 0, 7, 248, 10], [6, 9, 11, 69, 47], [4, 9, 9, 118, 177], [24, 6, 0, 224, 121], [31, 4, 10, 28, 79], [5, 5, 3, 154, 234], [39, 7, 4, 215, 126], [39, 17, 4, 96, 75], [38, 3, 3, 167, 35], [8, 15, 9, 245, 207], [40, 1, 17, 101, 1], [20, 0, 0, 88, 254], [20, 3, 18, 147, 29], [29, 13, 7, 157, 255], [17, 6, 21, 203, 115], [16, 5, 16, 142, 28], [4, 15, 8, 249, 6], [3, 0, 22, 82, 57], [25, 20, 25, 155, 194], [8, 4, 12, 73, 223], [22, 11, 13, 194, 250], [0, 30, 0, 0, 0], [0, 26, 0, 0, 0]]",
        "fitness": {
            "fitness": 0.15440879821777342,
            "time": 0.034327831268310544
        }
    },
    "decoding": {
        "metadata": {
            "rows": 1,
            "columns": 30,
            "n_in": 2,
            "n_out": 2,
            "n_para": 2,
            "n_conn": 2
        },
        "functions": [
            "max",
            "min",
            "mean",
            "add",
            "subtract",
            "bitwise_not",
            "bitwise_or",
            "bitwise_and",
            "bitwise_and_mask",
            "bitwise_xor",
            "sqrt",
            "pow2",
            "exp",
            "log",
            "median_blur",
            "gaussian_blur",
            "laplacian",
            "sobel",
            "robert_cross",
            "canny",
            "sharpen",
            "gabor",
            "abs_diff",
            "abs_diff2",
            "fluo_tophat",
            "rel_diff",
            "erode",
            "dilate",
            "open",
            "close",
            "morph_gradient",
            "morph_tophat",
            "morph_blackhat",
            "fill_holes",
            "remove_small_objects",
            "remove_small_holes",
            "threshold",
            "threshold_at_1",
            "distance_transform",
            "distance_transform_and_thresh",
            "inrange_bin",
            "inrange"
        ],
        "endpoint": {
            "name": "W",
            "abbv": "WSHD",
            "arity": 2,
            "p": 0,
            "kwargs": {
                "use_dt": false,
                "markers_distance": 21,
                "markers_area": null
            }
        },
        "mode": "default"
    }
}