{
    "dataset": {
        "name": "CIL",
        "label_name": "neuron",
        "indices": [
            24,
            88,
            7,
            4,
            54,
            87,
            0,
            67,
            33,
            18,
            16,
            39,
            3,
            86
        ]
    },
    "individual": {
        "sequence": "[[0, 0, 0, 0, 0], [0, 0, 0, 0, 0], [40, 1, 1, 40, 196], [36, 0, 1, 123, 10], [5, 1, 3, 97, 129], [38, 2, 1, 91, 240], [40, 4, 3, 220, 52], [7, 0, 4, 149, 41], [8, 7, 5, 251, 219], [9, 8, 8, 9, 81], [7, 3, 0, 151, 7], [0, 10, 9, 157, 58], [14, 2, 5, 231, 253], [13, 7, 7, 197, 123], [40, 0, 9, 188, 217], [8, 9, 4, 119, 105], [6, 7, 15, 98, 240], [23, 1, 2, 33, 155], [5, 17, 7, 181, 21], [2, 10, 13, 68, 183], [38, 6, 3, 24, 46], [40, 1, 1, 194, 13], [20, 20, 13, 220, 155], [29, 4, 7, 48, 115], [5, 21, 8, 176, 56], [3, 6, 19, 163, 173], [16, 21, 3, 145, 101], [2, 6, 25, 240, 221], [36, 12, 22, 111, 219], [34, 2, 0, 20, 208], [12, 7, 11, 27, 129], [33, 15, 12, 10, 228], [0, 25, 0, 0, 0], [0, 29, 0, 0, 0]]",
        "fitness": {
            "fitness": 0.0879469130720411,
            "time": 0.04264725957598005
        }
    },
    "decoding": {
        "metadata": {
            "rows": 1,
            "columns": 30,
            "n_in": 2,
            "n_out": 2,
            "n_para": 2,
            "n_conn": 2
        },
        "functions": [
            "max",
            "min",
            "mean",
            "add",
            "subtract",
            "bitwise_not",
            "bitwise_or",
            "bitwise_and",
            "bitwise_and_mask",
            "bitwise_xor",
            "sqrt",
            "pow2",
            "exp",
            "log",
            "median_blur",
            "gaussian_blur",
            "laplacian",
            "sobel",
            "robert_cross",
            "canny",
            "sharpen",
            "gabor",
            "abs_diff",
            "abs_diff2",
            "fluo_tophat",
            "rel_diff",
            "erode",
            "dilate",
            "open",
            "close",
            "morph_gradient",
            "morph_tophat",
            "morph_blackhat",
            "fill_holes",
            "remove_small_objects",
            "remove_small_holes",
            "threshold",
            "threshold_at_1",
            "distance_transform",
            "distance_transform_and_thresh",
            "inrange_bin",
            "inrange"
        ],
        "endpoint": {
            "name": "Marker-Based Watershed",
            "abbv": "WSHD",
            "arity": 2,
            "p": 0,
            "kwargs": {
                "use_dt": false,
                "markers_distance": 21,
                "markers_area": null
            }
        },
        "mode": "default"
    }
}