{
    "dataset": {
        "name": "CIL",
        "label_name": "neuron",
        "indices": [
            14,
            75,
            28,
            6,
            56,
            30,
            33,
            16,
            84,
            29,
            48,
            51,
            88,
            42,
            38,
            62,
            80,
            68,
            85,
            47,
            39,
            34,
            44,
            40,
            22,
            73,
            1,
            77,
            3,
            18,
            24,
            57,
            12,
            17,
            81,
            31,
            9,
            35,
            87,
            64
        ]
    },
    "individual": {
        "sequence": "[[0, 0, 0, 0, 0], [0, 0, 0, 0, 0], [2, 0, 1, 76, 138], [1, 2, 0, 45, 19], [27, 2, 1, 104, 217], [36, 3, 3, 220, 157], [28, 1, 1, 8, 221], [21, 5, 5, 58, 31], [41, 3, 6, 149, 8], [41, 6, 3, 192, 34], [19, 8, 0, 155, 95], [40, 5, 1, 33, 187], [32, 7, 0, 201, 239], [10, 1, 10, 193, 207], [27, 3, 12, 197, 171], [36, 9, 1, 11, 220], [12, 4, 3, 158, 210], [9, 15, 10, 212, 244], [17, 12, 8, 84, 143], [4, 10, 0, 25, 83], [14, 5, 19, 205, 203], [0, 13, 1, 11, 142], [21, 5, 3, 106, 92], [9, 22, 11, 33, 170], [0, 18, 10, 220, 169], [23, 3, 17, 190, 255], [0, 22, 8, 17, 76], [33, 20, 13, 140, 168], [14, 20, 11, 42, 52], [21, 19, 9, 194, 181], [5, 19, 12, 42, 215], [26, 20, 13, 116, 58], [0, 8, 0, 0, 0], [0, 9, 0, 0, 0]]",
        "fitness": {
            "fitness": 0.15326572358608245,
            "time": 0.027420473098754884
        }
    },
    "decoding": {
        "metadata": {
            "rows": 1,
            "columns": 30,
            "n_in": 2,
            "n_out": 2,
            "n_para": 2,
            "n_conn": 2
        },
        "functions": [
            "max",
            "min",
            "mean",
            "add",
            "subtract",
            "bitwise_not",
            "bitwise_or",
            "bitwise_and",
            "bitwise_and_mask",
            "bitwise_xor",
            "sqrt",
            "pow2",
            "exp",
            "log",
            "median_blur",
            "gaussian_blur",
            "laplacian",
            "sobel",
            "robert_cross",
            "canny",
            "sharpen",
            "gabor",
            "abs_diff",
            "abs_diff2",
            "fluo_tophat",
            "rel_diff",
            "erode",
            "dilate",
            "open",
            "close",
            "morph_gradient",
            "morph_tophat",
            "morph_blackhat",
            "fill_holes",
            "remove_small_objects",
            "remove_small_holes",
            "threshold",
            "threshold_at_1",
            "distance_transform",
            "distance_transform_and_thresh",
            "inrange_bin",
            "inrange"
        ],
        "endpoint": {
            "name": "Marker-Based Watershed",
            "abbv": "WSHD",
            "arity": 2,
            "args": 0,
            "kwargs": {
                "use_dt": false,
                "markers_distance": 21,
                "markers_area": null
            }
        },
        "mode": "default"
    }
}