{
    "dataset": {
        "name": "CIL",
        "label_name": "neuron",
        "indices": [
            64,
            22,
            79,
            65,
            52,
            30,
            57,
            3,
            84,
            14,
            15,
            16,
            70,
            58,
            35,
            39,
            61,
            32,
            36,
            23
        ]
    },
    "individual": {
        "sequence": "[[0, 0, 0, 0, 0], [0, 0, 0, 0, 0], [12, 0, 1, 254, 49], [11, 2, 1, 171, 92], [3, 1, 1, 254, 250], [20, 4, 1, 19, 51], [17, 0, 3, 8, 114], [1, 2, 4, 130, 77], [5, 0, 3, 77, 28], [23, 1, 4, 118, 25], [39, 9, 9, 22, 25], [18, 7, 6, 157, 26], [23, 7, 8, 113, 168], [14, 9, 7, 1, 125], [40, 13, 2, 120, 218], [32, 10, 2, 42, 53], [9, 0, 7, 245, 53], [10, 7, 11, 117, 17], [24, 17, 13, 223, 87], [11, 12, 12, 25, 16], [27, 7, 18, 89, 145], [15, 4, 3, 82, 110], [26, 16, 1, 111, 199], [4, 21, 12, 99, 156], [21, 7, 23, 155, 129], [8, 14, 5, 58, 217], [32, 9, 13, 159, 181], [26, 19, 8, 181, 217], [21, 16, 22, 185, 26], [29, 3, 15, 57, 80], [36, 0, 22, 227, 145], [10, 30, 3, 13, 27], [0, 19, 0, 0, 0], [0, 25, 0, 0, 0]]",
        "fitness": {
            "fitness": 0.13871577084064485,
            "time": 0.027997756004333497
        }
    },
    "decoding": {
        "metadata": {
            "rows": 1,
            "columns": 30,
            "n_in": 2,
            "n_out": 2,
            "n_para": 2,
            "n_conn": 2
        },
        "functions": [
            "max",
            "min",
            "mean",
            "add",
            "subtract",
            "bitwise_not",
            "bitwise_or",
            "bitwise_and",
            "bitwise_and_mask",
            "bitwise_xor",
            "sqrt",
            "pow2",
            "exp",
            "log",
            "median_blur",
            "gaussian_blur",
            "laplacian",
            "sobel",
            "robert_cross",
            "canny",
            "sharpen",
            "gabor",
            "abs_diff",
            "abs_diff2",
            "fluo_tophat",
            "rel_diff",
            "erode",
            "dilate",
            "open",
            "close",
            "morph_gradient",
            "morph_tophat",
            "morph_blackhat",
            "fill_holes",
            "remove_small_objects",
            "remove_small_holes",
            "threshold",
            "threshold_at_1",
            "distance_transform",
            "distance_transform_and_thresh",
            "inrange_bin",
            "inrange"
        ],
        "endpoint": {
            "name": "W",
            "abbv": "WSHD",
            "arity": 2,
            "p": 0,
            "kwargs": {
                "use_dt": false,
                "markers_distance": 21,
                "markers_area": null
            }
        },
        "mode": "default"
    }
}