{
    "dataset": {
        "name": "CIL",
        "label_name": "neuron",
        "indices": [
            88,
            19,
            3
        ]
    },
    "individual": {
        "sequence": "[[0, 0, 0, 0, 0], [0, 0, 0, 0, 0], [24, 0, 0, 182, 139], [41, 0, 1, 83, 2], [0, 2, 3, 139, 202], [22, 1, 3, 230, 84], [40, 1, 5, 215, 228], [40, 0, 3, 197, 119], [35, 6, 2, 38, 72], [36, 5, 4, 142, 91], [24, 3, 3, 180, 133], [1, 10, 1, 152, 49], [2, 5, 4, 63, 3], [39, 9, 2, 19, 136], [9, 7, 4, 179, 89], [22, 10, 10, 200, 42], [3, 14, 12, 130, 104], [24, 8, 5, 126, 100], [0, 13, 2, 238, 165], [24, 18, 6, 94, 133], [4, 17, 17, 201, 94], [18, 9, 2, 228, 251], [14, 0, 12, 44, 219], [25, 11, 22, 41, 110], [12, 15, 5, 253, 89], [37, 3, 8, 137, 42], [34, 21, 23, 14, 110], [8, 12, 12, 251, 189], [28, 17, 20, 84, 93], [0, 7, 16, 232, 137], [11, 14, 4, 27, 63], [15, 18, 3, 250, 37], [0, 30, 0, 0, 0], [0, 26, 0, 0, 0]]",
        "fitness": {
            "fitness": 0.0619094173113505,
            "time": 0.052953481674194336
        }
    },
    "decoding": {
        "metadata": {
            "rows": 1,
            "columns": 30,
            "n_in": 2,
            "n_out": 2,
            "n_para": 2,
            "n_conn": 2
        },
        "functions": [
            "max",
            "min",
            "mean",
            "add",
            "subtract",
            "bitwise_not",
            "bitwise_or",
            "bitwise_and",
            "bitwise_and_mask",
            "bitwise_xor",
            "sqrt",
            "pow2",
            "exp",
            "log",
            "median_blur",
            "gaussian_blur",
            "laplacian",
            "sobel",
            "robert_cross",
            "canny",
            "sharpen",
            "gabor",
            "abs_diff",
            "abs_diff2",
            "fluo_tophat",
            "rel_diff",
            "erode",
            "dilate",
            "open",
            "close",
            "morph_gradient",
            "morph_tophat",
            "morph_blackhat",
            "fill_holes",
            "remove_small_objects",
            "remove_small_holes",
            "threshold",
            "threshold_at_1",
            "distance_transform",
            "distance_transform_and_thresh",
            "inrange_bin",
            "inrange"
        ],
        "endpoint": {
            "name": "W",
            "abbv": "WSHD",
            "arity": 2,
            "p": 0,
            "kwargs": {
                "use_dt": false,
                "markers_distance": 21,
                "markers_area": null
            }
        },
        "mode": "default"
    }
}