{
    "dataset": {
        "name": "CIL",
        "label_name": "neuron",
        "indices": [
            15,
            6,
            12,
            3,
            36,
            76
        ]
    },
    "individual": {
        "sequence": "[[0, 0, 0, 0, 0], [0, 0, 0, 0, 0], [24, 1, 1, 52, 141], [4, 2, 1, 188, 150], [2, 1, 2, 238, 150], [26, 2, 1, 48, 111], [16, 2, 2, 97, 227], [33, 3, 1, 240, 123], [19, 1, 4, 252, 100], [5, 0, 5, 241, 227], [2, 3, 0, 7, 162], [31, 10, 3, 205, 186], [14, 2, 0, 63, 39], [18, 12, 7, 72, 180], [25, 9, 3, 132, 77], [31, 12, 13, 70, 32], [36, 0, 12, 200, 122], [35, 1, 15, 89, 203], [5, 13, 13, 181, 32], [20, 2, 11, 251, 79], [0, 11, 13, 51, 107], [21, 5, 7, 55, 106], [40, 5, 14, 23, 244], [1, 10, 5, 33, 158], [8, 22, 19, 191, 96], [23, 8, 14, 198, 91], [36, 10, 14, 60, 59], [7, 3, 15, 28, 237], [0, 21, 9, 230, 164], [32, 18, 3, 61, 28], [38, 14, 4, 44, 187], [6, 24, 23, 249, 171], [0, 11, 0, 0, 0], [0, 24, 0, 0, 0]]",
        "fitness": {
            "fitness": 0.11429138978322347,
            "time": 0.06673936049143474
        }
    },
    "decoding": {
        "metadata": {
            "rows": 1,
            "columns": 30,
            "n_in": 2,
            "n_out": 2,
            "n_para": 2,
            "n_conn": 2
        },
        "functions": [
            "max",
            "min",
            "mean",
            "add",
            "subtract",
            "bitwise_not",
            "bitwise_or",
            "bitwise_and",
            "bitwise_and_mask",
            "bitwise_xor",
            "sqrt",
            "pow2",
            "exp",
            "log",
            "median_blur",
            "gaussian_blur",
            "laplacian",
            "sobel",
            "robert_cross",
            "canny",
            "sharpen",
            "gabor",
            "abs_diff",
            "abs_diff2",
            "fluo_tophat",
            "rel_diff",
            "erode",
            "dilate",
            "open",
            "close",
            "morph_gradient",
            "morph_tophat",
            "morph_blackhat",
            "fill_holes",
            "remove_small_objects",
            "remove_small_holes",
            "threshold",
            "threshold_at_1",
            "distance_transform",
            "distance_transform_and_thresh",
            "inrange_bin",
            "inrange"
        ],
        "endpoint": {
            "name": "W",
            "abbv": "WSHD",
            "arity": 2,
            "p": 0,
            "kwargs": {
                "use_dt": false,
                "markers_distance": 21,
                "markers_area": null
            }
        },
        "mode": "default"
    }
}