{
    "dataset": {
        "name": "CIL",
        "label_name": "neuron",
        "indices": [
            27,
            24,
            80,
            40
        ]
    },
    "individual": {
        "sequence": "[[0, 0, 0, 0, 0], [0, 0, 0, 0, 0], [13, 1, 1, 147, 144], [31, 1, 2, 11, 175], [28, 1, 2, 6, 24], [41, 4, 1, 49, 155], [21, 1, 0, 138, 34], [34, 2, 0, 247, 115], [9, 2, 6, 246, 9], [0, 0, 0, 129, 215], [8, 0, 1, 62, 195], [12, 9, 6, 107, 188], [41, 6, 0, 207, 108], [25, 10, 11, 32, 214], [26, 2, 4, 103, 1], [31, 1, 13, 61, 45], [36, 8, 1, 98, 102], [6, 10, 13, 255, 151], [25, 3, 0, 125, 185], [6, 18, 11, 250, 184], [11, 0, 11, 109, 30], [35, 5, 2, 251, 250], [27, 17, 12, 91, 184], [39, 3, 6, 94, 252], [28, 12, 10, 237, 126], [26, 13, 10, 195, 155], [40, 12, 17, 183, 168], [24, 10, 5, 189, 187], [35, 12, 0, 209, 195], [27, 16, 17, 165, 34], [12, 21, 17, 166, 162], [23, 30, 3, 29, 154], [0, 20, 0, 0, 0], [0, 5, 0, 0, 0]]",
        "fitness": {
            "fitness": 0.1308204084634781,
            "time": 0.019682765007019043
        }
    },
    "decoding": {
        "metadata": {
            "rows": 1,
            "columns": 30,
            "n_in": 2,
            "n_out": 2,
            "n_para": 2,
            "n_conn": 2
        },
        "functions": [
            "max",
            "min",
            "mean",
            "add",
            "subtract",
            "bitwise_not",
            "bitwise_or",
            "bitwise_and",
            "bitwise_and_mask",
            "bitwise_xor",
            "sqrt",
            "pow2",
            "exp",
            "log",
            "median_blur",
            "gaussian_blur",
            "laplacian",
            "sobel",
            "robert_cross",
            "canny",
            "sharpen",
            "gabor",
            "abs_diff",
            "abs_diff2",
            "fluo_tophat",
            "rel_diff",
            "erode",
            "dilate",
            "open",
            "close",
            "morph_gradient",
            "morph_tophat",
            "morph_blackhat",
            "fill_holes",
            "remove_small_objects",
            "remove_small_holes",
            "threshold",
            "threshold_at_1",
            "distance_transform",
            "distance_transform_and_thresh",
            "inrange_bin",
            "inrange"
        ],
        "endpoint": {
            "name": "W",
            "abbv": "WSHD",
            "arity": 2,
            "p": 0,
            "kwargs": {
                "use_dt": false,
                "markers_distance": 21,
                "markers_area": null
            }
        },
        "mode": "default"
    }
}