{
    "dataset": {
        "name": "CIL",
        "label_name": "neuron",
        "indices": [
            76,
            88,
            1,
            21,
            42,
            48,
            18,
            83,
            26,
            32,
            39,
            79,
            58,
            43,
            10,
            59,
            31,
            80,
            60,
            40,
            47,
            56,
            45,
            29,
            66,
            28,
            64,
            19,
            23,
            49,
            78,
            52,
            7,
            62,
            54,
            5,
            36,
            17,
            2,
            4,
            16,
            74,
            87,
            63,
            68,
            46,
            35,
            15,
            73,
            71
        ]
    },
    "individual": {
        "sequence": "[[0, 0, 0, 0, 0], [0, 0, 0, 0, 0], [3, 0, 1, 28, 14], [31, 2, 1, 252, 239], [3, 0, 3, 92, 2], [8, 3, 4, 196, 48], [11, 4, 4, 234, 154], [18, 4, 6, 195, 235], [41, 5, 5, 24, 106], [26, 5, 8, 165, 108], [28, 5, 0, 118, 59], [28, 0, 9, 105, 116], [0, 6, 1, 238, 202], [4, 9, 10, 211, 99], [30, 12, 8, 201, 237], [28, 1, 6, 6, 13], [24, 14, 11, 108, 17], [39, 14, 15, 82, 183], [11, 13, 12, 251, 243], [24, 6, 13, 172, 142], [24, 10, 7, 23, 44], [20, 7, 1, 42, 161], [40, 15, 19, 40, 210], [1, 22, 2, 221, 143], [41, 0, 21, 227, 44], [20, 11, 22, 254, 237], [1, 9, 2, 97, 160], [36, 8, 5, 83, 55], [17, 3, 15, 51, 216], [27, 23, 13, 61, 143], [39, 12, 7, 188, 166], [26, 3, 13, 79, 155], [0, 6, 0, 0, 0], [0, 23, 0, 0, 0]]",
        "fitness": {
            "fitness": 0.15168808221817018,
            "time": 0.026548194885253906
        }
    },
    "decoding": {
        "metadata": {
            "rows": 1,
            "columns": 30,
            "n_in": 2,
            "n_out": 2,
            "n_para": 2,
            "n_conn": 2
        },
        "functions": [
            "max",
            "min",
            "mean",
            "add",
            "subtract",
            "bitwise_not",
            "bitwise_or",
            "bitwise_and",
            "bitwise_and_mask",
            "bitwise_xor",
            "sqrt",
            "pow2",
            "exp",
            "log",
            "median_blur",
            "gaussian_blur",
            "laplacian",
            "sobel",
            "robert_cross",
            "canny",
            "sharpen",
            "gabor",
            "abs_diff",
            "abs_diff2",
            "fluo_tophat",
            "rel_diff",
            "erode",
            "dilate",
            "open",
            "close",
            "morph_gradient",
            "morph_tophat",
            "morph_blackhat",
            "fill_holes",
            "remove_small_objects",
            "remove_small_holes",
            "threshold",
            "threshold_at_1",
            "distance_transform",
            "distance_transform_and_thresh",
            "inrange_bin",
            "inrange"
        ],
        "endpoint": {
            "name": "W",
            "abbv": "WSHD",
            "arity": 2,
            "p": 0,
            "kwargs": {
                "use_dt": false,
                "markers_distance": 21,
                "markers_area": null
            }
        },
        "mode": "default"
    }
}