{
    "dataset": {
        "name": "CIL",
        "label_name": "neuron",
        "indices": [
            24,
            78,
            64
        ]
    },
    "individual": {
        "sequence": "[[0, 0, 0, 0, 0], [0, 0, 0, 0, 0], [36, 1, 1, 177, 37], [20, 0, 2, 134, 215], [11, 1, 0, 224, 210], [3, 0, 3, 126, 240], [31, 3, 4, 232, 127], [7, 6, 1, 118, 254], [11, 5, 1, 199, 143], [7, 1, 3, 12, 163], [17, 0, 6, 44, 26], [12, 7, 8, 43, 84], [7, 5, 1, 47, 0], [37, 1, 12, 133, 5], [40, 8, 13, 24, 28], [24, 11, 14, 120, 143], [3, 2, 5, 49, 16], [30, 1, 4, 224, 25], [37, 2, 13, 121, 33], [29, 11, 5, 29, 20], [28, 18, 15, 24, 176], [5, 20, 7, 84, 235], [31, 15, 21, 172, 60], [16, 6, 16, 120, 170], [6, 17, 14, 118, 107], [30, 7, 13, 115, 212], [28, 7, 15, 217, 75], [14, 14, 6, 144, 225], [35, 8, 19, 0, 151], [3, 28, 14, 9, 24], [40, 0, 22, 205, 4], [25, 8, 28, 126, 225], [0, 29, 0, 0, 0], [0, 20, 0, 0, 0]]",
        "fitness": {
            "fitness": 0.17194443941116333,
            "time": 0.014161427815755209
        }
    },
    "decoding": {
        "metadata": {
            "rows": 1,
            "columns": 30,
            "n_in": 2,
            "n_out": 2,
            "n_para": 2,
            "n_conn": 2
        },
        "functions": [
            "max",
            "min",
            "mean",
            "add",
            "subtract",
            "bitwise_not",
            "bitwise_or",
            "bitwise_and",
            "bitwise_and_mask",
            "bitwise_xor",
            "sqrt",
            "pow2",
            "exp",
            "log",
            "median_blur",
            "gaussian_blur",
            "laplacian",
            "sobel",
            "robert_cross",
            "canny",
            "sharpen",
            "gabor",
            "abs_diff",
            "abs_diff2",
            "fluo_tophat",
            "rel_diff",
            "erode",
            "dilate",
            "open",
            "close",
            "morph_gradient",
            "morph_tophat",
            "morph_blackhat",
            "fill_holes",
            "remove_small_objects",
            "remove_small_holes",
            "threshold",
            "threshold_at_1",
            "distance_transform",
            "distance_transform_and_thresh",
            "inrange_bin",
            "inrange"
        ],
        "endpoint": {
            "name": "W",
            "abbv": "WSHD",
            "arity": 2,
            "p": 0,
            "kwargs": {
                "use_dt": false,
                "markers_distance": 21,
                "markers_area": null
            }
        },
        "mode": "default"
    }
}