{
    "dataset": {
        "name": "CIL",
        "label_name": "neuron",
        "indices": [
            1,
            55,
            41,
            70,
            79,
            31,
            17,
            61,
            84
        ]
    },
    "individual": {
        "sequence": "[[0, 0, 0, 0, 0], [0, 0, 0, 0, 0], [3, 0, 0, 236, 92], [3, 0, 2, 248, 116], [4, 0, 1, 45, 216], [37, 3, 0, 234, 179], [30, 4, 3, 186, 85], [24, 5, 3, 128, 235], [7, 3, 4, 56, 13], [18, 2, 1, 38, 122], [16, 0, 3, 14, 21], [38, 9, 7, 174, 98], [15, 9, 3, 123, 142], [19, 7, 2, 99, 210], [6, 3, 9, 132, 21], [36, 14, 3, 177, 31], [10, 10, 4, 185, 193], [19, 5, 4, 87, 0], [14, 11, 17, 178, 227], [41, 8, 10, 201, 137], [11, 0, 6, 134, 188], [15, 6, 18, 38, 64], [33, 12, 14, 143, 143], [18, 14, 22, 148, 39], [33, 18, 3, 152, 194], [36, 7, 13, 186, 207], [29, 11, 0, 26, 196], [19, 1, 22, 104, 36], [16, 27, 11, 24, 127], [22, 12, 5, 74, 77], [32, 8, 12, 183, 68], [41, 24, 6, 41, 130], [0, 15, 0, 0, 0], [0, 28, 0, 0, 0]]",
        "fitness": {
            "fitness": 0.10758054918713039,
            "time": 0.02688961558871799
        }
    },
    "decoding": {
        "metadata": {
            "rows": 1,
            "columns": 30,
            "n_in": 2,
            "n_out": 2,
            "n_para": 2,
            "n_conn": 2
        },
        "functions": [
            "max",
            "min",
            "mean",
            "add",
            "subtract",
            "bitwise_not",
            "bitwise_or",
            "bitwise_and",
            "bitwise_and_mask",
            "bitwise_xor",
            "sqrt",
            "pow2",
            "exp",
            "log",
            "median_blur",
            "gaussian_blur",
            "laplacian",
            "sobel",
            "robert_cross",
            "canny",
            "sharpen",
            "gabor",
            "abs_diff",
            "abs_diff2",
            "fluo_tophat",
            "rel_diff",
            "erode",
            "dilate",
            "open",
            "close",
            "morph_gradient",
            "morph_tophat",
            "morph_blackhat",
            "fill_holes",
            "remove_small_objects",
            "remove_small_holes",
            "threshold",
            "threshold_at_1",
            "distance_transform",
            "distance_transform_and_thresh",
            "inrange_bin",
            "inrange"
        ],
        "endpoint": {
            "name": "W",
            "abbv": "WSHD",
            "arity": 2,
            "p": 0,
            "kwargs": {
                "use_dt": false,
                "markers_distance": 21,
                "markers_area": null
            }
        },
        "mode": "default"
    }
}