{
    "dataset": {
        "name": "CIL",
        "label_name": "neuron",
        "indices": [
            55,
            63,
            24,
            29,
            67,
            27
        ]
    },
    "individual": {
        "sequence": "[[0, 0, 0, 0, 0], [0, 0, 0, 0, 0], [30, 1, 0, 133, 2], [41, 1, 2, 254, 41], [28, 0, 2, 18, 54], [1, 4, 1, 226, 43], [32, 3, 0, 78, 201], [3, 5, 4, 206, 104], [26, 0, 7, 43, 122], [1, 1, 6, 193, 24], [31, 3, 4, 88, 220], [3, 8, 9, 51, 184], [28, 1, 1, 33, 133], [21, 3, 5, 71, 90], [29, 13, 3, 5, 66], [36, 12, 9, 12, 10], [34, 1, 10, 153, 55], [4, 3, 11, 175, 184], [35, 4, 2, 158, 250], [10, 7, 1, 204, 32], [29, 19, 13, 122, 231], [11, 7, 2, 188, 214], [6, 5, 17, 171, 171], [34, 17, 18, 23, 57], [17, 14, 10, 67, 61], [5, 4, 20, 239, 47], [33, 12, 12, 227, 158], [29, 3, 19, 88, 128], [35, 16, 27, 248, 154], [19, 16, 5, 81, 242], [28, 7, 5, 209, 42], [19, 7, 1, 106, 58], [0, 21, 0, 0, 0], [0, 23, 0, 0, 0]]",
        "fitness": {
            "fitness": 0.02361111839612325,
            "time": 0.027392109235127766
        }
    },
    "decoding": {
        "metadata": {
            "rows": 1,
            "columns": 30,
            "n_in": 2,
            "n_out": 2,
            "n_para": 2,
            "n_conn": 2
        },
        "functions": [
            "max",
            "min",
            "mean",
            "add",
            "subtract",
            "bitwise_not",
            "bitwise_or",
            "bitwise_and",
            "bitwise_and_mask",
            "bitwise_xor",
            "sqrt",
            "pow2",
            "exp",
            "log",
            "median_blur",
            "gaussian_blur",
            "laplacian",
            "sobel",
            "robert_cross",
            "canny",
            "sharpen",
            "gabor",
            "abs_diff",
            "abs_diff2",
            "fluo_tophat",
            "rel_diff",
            "erode",
            "dilate",
            "open",
            "close",
            "morph_gradient",
            "morph_tophat",
            "morph_blackhat",
            "fill_holes",
            "remove_small_objects",
            "remove_small_holes",
            "threshold",
            "threshold_at_1",
            "distance_transform",
            "distance_transform_and_thresh",
            "inrange_bin",
            "inrange"
        ],
        "endpoint": {
            "name": "W",
            "abbv": "WSHD",
            "arity": 2,
            "p": 0,
            "kwargs": {
                "use_dt": false,
                "markers_distance": 21,
                "markers_area": null
            }
        },
        "mode": "default"
    }
}