{
    "dataset": {
        "name": "4-Synapses",
        "label_name": "cell",
        "indices": null
    },
    "individual": {
        "sequence": "[[0, 0, 0, 0, 0], [0, 0, 0, 0, 0], [24, 1, 0, 22, 206], [28, 1, 0, 72, 226], [38, 1, 0, 233, 114], [17, 3, 4, 151, 74], [30, 1, 1, 157, 212], [26, 2, 3, 80, 122], [26, 3, 3, 6, 241], [4, 2, 6, 5, 208], [16, 3, 8, 94, 134], [26, 5, 1, 70, 37], [6, 8, 0, 206, 166], [14, 1, 4, 194, 240], [17, 5, 7, 234, 211], [1, 12, 4, 236, 44], [25, 15, 7, 114, 80], [4, 9, 12, 170, 61], [25, 6, 13, 77, 136], [40, 10, 10, 200, 110], [14, 12, 13, 239, 178], [4, 12, 1, 121, 6], [16, 13, 8, 156, 144], [16, 2, 14, 139, 168], [22, 21, 13, 189, 56], [41, 17, 3, 67, 142], [6, 0, 17, 151, 250], [24, 7, 19, 89, 219], [12, 20, 22, 11, 230], [23, 25, 16, 203, 3], [9, 18, 20, 149, 131], [29, 19, 7, 152, 223], [0, 15, 0, 0, 0], [0, 27, 0, 0, 0]]",
        "fitness": {
            "fitness": 0.2587253600358963,
            "time": 0.23521661758422852
        }
    },
    "decoding": {
        "metadata": {
            "rows": 1,
            "columns": 30,
            "n_in": 2,
            "n_out": 2,
            "n_para": 2,
            "n_conn": 2
        },
        "functions": [
            "max",
            "min",
            "mean",
            "add",
            "subtract",
            "bitwise_not",
            "bitwise_or",
            "bitwise_and",
            "bitwise_and_mask",
            "bitwise_xor",
            "sqrt",
            "pow2",
            "exp",
            "log",
            "median_blur",
            "gaussian_blur",
            "laplacian",
            "sobel",
            "robert_cross",
            "canny",
            "sharpen",
            "gabor",
            "abs_diff",
            "abs_diff2",
            "fluo_tophat",
            "rel_diff",
            "erode",
            "dilate",
            "open",
            "close",
            "morph_gradient",
            "morph_tophat",
            "morph_blackhat",
            "fill_holes",
            "remove_small_objects",
            "remove_small_holes",
            "threshold",
            "threshold_at_1",
            "distance_transform",
            "distance_transform_and_thresh",
            "inrange_bin",
            "inrange"
        ],
        "endpoint": {
            "name": "Marker-Based Watershed",
            "abbv": "WSHD",
            "arity": 2,
            "p": 0,
            "kwargs": {
                "use_dt": false,
                "markers_distance": 21,
                "markers_area": null
            }
        },
        "mode": "series",
        "stacker": {
            "name": "mean_stacker",
            "abbv": "MEAN",
            "arity": 2,
            "p": 0,
            "kwargs": {}
        }
    }
}