{
    "dataset": {
        "name": "CIL",
        "label_name": "neuron",
        "indices": [
            81,
            78,
            85,
            69,
            71,
            73,
            2,
            25,
            1,
            13,
            23,
            7
        ]
    },
    "individual": {
        "sequence": "[[0, 0, 0, 0, 0], [0, 0, 0, 0, 0], [0, 1, 0, 111, 98], [18, 2, 2, 251, 200], [21, 1, 3, 158, 94], [20, 1, 4, 145, 103], [14, 5, 4, 8, 48], [16, 0, 0, 85, 53], [6, 0, 3, 81, 134], [32, 5, 0, 46, 3], [25, 7, 3, 141, 10], [41, 8, 10, 8, 252], [23, 3, 7, 220, 226], [17, 4, 9, 117, 38], [35, 10, 6, 10, 200], [1, 14, 6, 111, 200], [7, 7, 8, 127, 219], [0, 10, 5, 153, 27], [38, 2, 4, 31, 64], [41, 6, 6, 39, 255], [10, 15, 2, 97, 137], [7, 8, 17, 249, 200], [12, 10, 4, 217, 64], [38, 0, 0, 246, 66], [38, 19, 7, 88, 138], [30, 23, 13, 184, 222], [37, 15, 10, 228, 215], [14, 8, 9, 181, 114], [24, 14, 23, 7, 184], [20, 10, 18, 217, 135], [2, 29, 3, 210, 119], [30, 19, 1, 38, 207], [0, 11, 0, 0, 0], [0, 19, 0, 0, 0]]",
        "fitness": {
            "fitness": 0.14801515638828278,
            "time": 0.0338667631149292
        }
    },
    "decoding": {
        "metadata": {
            "rows": 1,
            "columns": 30,
            "n_in": 2,
            "n_out": 2,
            "n_para": 2,
            "n_conn": 2
        },
        "functions": [
            "max",
            "min",
            "mean",
            "add",
            "subtract",
            "bitwise_not",
            "bitwise_or",
            "bitwise_and",
            "bitwise_and_mask",
            "bitwise_xor",
            "sqrt",
            "pow2",
            "exp",
            "log",
            "median_blur",
            "gaussian_blur",
            "laplacian",
            "sobel",
            "robert_cross",
            "canny",
            "sharpen",
            "gabor",
            "abs_diff",
            "abs_diff2",
            "fluo_tophat",
            "rel_diff",
            "erode",
            "dilate",
            "open",
            "close",
            "morph_gradient",
            "morph_tophat",
            "morph_blackhat",
            "fill_holes",
            "remove_small_objects",
            "remove_small_holes",
            "threshold",
            "threshold_at_1",
            "distance_transform",
            "distance_transform_and_thresh",
            "inrange_bin",
            "inrange"
        ],
        "endpoint": {
            "name": "Marker-Based Watershed",
            "abbv": "WSHD",
            "arity": 2,
            "p": 0,
            "kwargs": {
                "use_dt": false,
                "markers_distance": 21,
                "markers_area": null
            }
        },
        "mode": "default"
    }
}