{
    "dataset": {
        "name": "Tumor",
        "label_name": "tumor",
        "indices": null
    },
    "individual": {
        "sequence": "[[0, 0, 0, 0, 0], [0, 0, 0, 0, 0], [0, 0, 0, 0, 0], [23, 1, 2, 173, 102], [28, 3, 3, 136, 76], [15, 4, 0, 251, 86], [4, 3, 0, 44, 197], [41, 1, 1, 1, 219], [2, 5, 6, 186, 197], [40, 8, 8, 28, 175], [25, 7, 6, 59, 178], [37, 10, 4, 57, 135], [6, 7, 5, 56, 24], [12, 8, 5, 110, 37], [34, 9, 10, 184, 241], [33, 14, 13, 48, 169], [5, 15, 8, 22, 125], [11, 9, 2, 255, 187], [29, 10, 14, 79, 131], [20, 12, 7, 66, 112], [19, 0, 15, 207, 140], [22, 20, 16, 13, 83], [20, 18, 9, 195, 6], [26, 0, 19, 23, 213], [5, 1, 23, 112, 162], [13, 4, 22, 45, 192], [13, 11, 13, 48, 170], [36, 8, 2, 66, 108], [29, 9, 15, 255, 58], [5, 27, 2, 193, 146], [1, 8, 0, 236, 29], [14, 17, 11, 145, 22], [0, 17, 1, 4, 64], [0, 15, 0, 0, 0]]",
        "fitness": {
            "fitness": 0.15310457016077758,
            "time": 0.03141244252522787
        }
    },
    "decoding": {
        "metadata": {
            "rows": 1,
            "columns": 30,
            "n_in": 3,
            "n_out": 1,
            "n_para": 2,
            "n_conn": 2
        },
        "functions": [
            "max",
            "min",
            "mean",
            "add",
            "subtract",
            "bitwise_not",
            "bitwise_or",
            "bitwise_and",
            "bitwise_and_mask",
            "bitwise_xor",
            "sqrt",
            "pow2",
            "exp",
            "log",
            "median_blur",
            "gaussian_blur",
            "laplacian",
            "sobel",
            "robert_cross",
            "canny",
            "sharpen",
            "gabor",
            "abs_diff",
            "abs_diff2",
            "fluo_tophat",
            "rel_diff",
            "erode",
            "dilate",
            "open",
            "close",
            "morph_gradient",
            "morph_tophat",
            "morph_blackhat",
            "fill_holes",
            "remove_small_objects",
            "remove_small_holes",
            "threshold",
            "threshold_at_1",
            "distance_transform",
            "distance_transform_and_thresh",
            "inrange_bin",
            "inrange"
        ],
        "endpoint": {
            "name": "Threshold (t=4)",
            "abbv": "TRSH",
            "arity": 1,
            "p": 0,
            "kwargs": {
                "threshold": 4
            }
        },
        "mode": "default"
    }
}