{
    "dataset": {
        "name": "CIL",
        "label_name": "neuron",
        "indices": [
            16,
            25,
            79,
            70,
            74,
            8,
            42,
            35,
            49,
            72,
            45,
            7,
            58,
            62,
            81,
            19,
            0,
            14,
            84,
            6,
            26,
            69,
            87,
            23,
            68,
            75,
            27,
            44,
            88,
            1
        ]
    },
    "individual": {
        "sequence": "[[0, 0, 0, 0, 0], [0, 0, 0, 0, 0], [19, 1, 1, 108, 51], [25, 0, 1, 141, 62], [26, 0, 2, 5, 0], [41, 0, 3, 209, 9], [1, 5, 4, 161, 186], [27, 0, 6, 201, 255], [16, 2, 2, 223, 144], [2, 6, 8, 216, 135], [6, 9, 8, 226, 107], [38, 5, 5, 202, 136], [4, 4, 8, 19, 177], [17, 7, 7, 210, 220], [4, 3, 10, 54, 112], [41, 11, 2, 235, 3], [20, 0, 13, 44, 238], [41, 16, 16, 237, 222], [33, 8, 7, 54, 11], [19, 6, 16, 211, 225], [17, 5, 8, 93, 44], [38, 17, 4, 196, 25], [16, 19, 1, 218, 9], [19, 15, 8, 150, 45], [41, 2, 7, 108, 109], [33, 16, 11, 177, 202], [30, 10, 22, 148, 165], [2, 25, 17, 125, 18], [30, 24, 3, 248, 250], [12, 14, 3, 178, 226], [7, 3, 19, 37, 214], [32, 3, 23, 227, 109], [0, 10, 0, 0, 0], [0, 18, 0, 0, 0]]",
        "fitness": {
            "fitness": 0.12037604053815205,
            "time": 0.032799998919169106
        }
    },
    "decoding": {
        "metadata": {
            "rows": 1,
            "columns": 30,
            "n_in": 2,
            "n_out": 2,
            "n_para": 2,
            "n_conn": 2
        },
        "functions": [
            "max",
            "min",
            "mean",
            "add",
            "subtract",
            "bitwise_not",
            "bitwise_or",
            "bitwise_and",
            "bitwise_and_mask",
            "bitwise_xor",
            "sqrt",
            "pow2",
            "exp",
            "log",
            "median_blur",
            "gaussian_blur",
            "laplacian",
            "sobel",
            "robert_cross",
            "canny",
            "sharpen",
            "gabor",
            "abs_diff",
            "abs_diff2",
            "fluo_tophat",
            "rel_diff",
            "erode",
            "dilate",
            "open",
            "close",
            "morph_gradient",
            "morph_tophat",
            "morph_blackhat",
            "fill_holes",
            "remove_small_objects",
            "remove_small_holes",
            "threshold",
            "threshold_at_1",
            "distance_transform",
            "distance_transform_and_thresh",
            "inrange_bin",
            "inrange"
        ],
        "endpoint": {
            "name": "Marker-Based Watershed",
            "abbv": "WSHD",
            "arity": 2,
            "args": 0,
            "kwargs": {
                "use_dt": false,
                "markers_distance": 21,
                "markers_area": null
            }
        },
        "mode": "default"
    }
}