{
    "dataset": {
        "name": "CIL",
        "label_name": "neuron",
        "indices": [
            85,
            20,
            39,
            49,
            32,
            60,
            29,
            14,
            63,
            78,
            7,
            3
        ]
    },
    "individual": {
        "sequence": "[[0, 0, 0, 0, 0], [0, 0, 0, 0, 0], [24, 0, 1, 35, 121], [24, 1, 0, 71, 145], [36, 3, 3, 117, 29], [3, 2, 3, 149, 108], [26, 4, 4, 4, 228], [21, 6, 6, 254, 13], [4, 4, 3, 153, 94], [25, 7, 6, 123, 167], [0, 5, 4, 116, 76], [12, 9, 8, 206, 34], [26, 9, 1, 121, 64], [7, 6, 5, 87, 78], [1, 13, 12, 115, 190], [23, 13, 12, 65, 208], [11, 7, 3, 78, 62], [32, 2, 7, 190, 248], [2, 8, 9, 25, 230], [8, 7, 9, 37, 181], [28, 12, 3, 62, 86], [12, 0, 16, 34, 58], [9, 20, 17, 238, 228], [29, 4, 4, 14, 174], [11, 10, 5, 221, 225], [7, 14, 16, 150, 248], [35, 16, 10, 50, 182], [12, 1, 22, 117, 222], [9, 21, 0, 215, 34], [10, 25, 12, 160, 99], [35, 16, 1, 171, 254], [0, 21, 23, 72, 88], [0, 24, 0, 0, 0], [0, 6, 0, 0, 0]]",
        "fitness": {
            "fitness": 0.12622223794460297,
            "time": 0.07427382469177246
        }
    },
    "decoding": {
        "metadata": {
            "rows": 1,
            "columns": 30,
            "n_in": 2,
            "n_out": 2,
            "n_para": 2,
            "n_conn": 2
        },
        "functions": [
            "max",
            "min",
            "mean",
            "add",
            "subtract",
            "bitwise_not",
            "bitwise_or",
            "bitwise_and",
            "bitwise_and_mask",
            "bitwise_xor",
            "sqrt",
            "pow2",
            "exp",
            "log",
            "median_blur",
            "gaussian_blur",
            "laplacian",
            "sobel",
            "robert_cross",
            "canny",
            "sharpen",
            "gabor",
            "abs_diff",
            "abs_diff2",
            "fluo_tophat",
            "rel_diff",
            "erode",
            "dilate",
            "open",
            "close",
            "morph_gradient",
            "morph_tophat",
            "morph_blackhat",
            "fill_holes",
            "remove_small_objects",
            "remove_small_holes",
            "threshold",
            "threshold_at_1",
            "distance_transform",
            "distance_transform_and_thresh",
            "inrange_bin",
            "inrange"
        ],
        "endpoint": {
            "name": "Marker-Based Watershed",
            "abbv": "WSHD",
            "arity": 2,
            "p": 0,
            "kwargs": {
                "use_dt": false,
                "markers_distance": 21,
                "markers_area": null
            }
        },
        "mode": "default"
    }
}