{
    "dataset": {
        "name": "CIL",
        "label_name": "neuron",
        "indices": [
            82,
            86,
            78,
            18,
            42,
            7,
            29,
            79,
            40,
            85,
            46,
            0,
            1,
            38,
            59,
            25,
            55,
            32,
            4,
            12,
            6,
            26,
            35,
            66,
            44
        ]
    },
    "individual": {
        "sequence": "[[0, 0, 0, 0, 0], [0, 0, 0, 0, 0], [19, 0, 1, 35, 41], [30, 2, 2, 62, 249], [40, 1, 1, 33, 237], [27, 2, 3, 150, 52], [28, 1, 0, 228, 109], [3, 4, 5, 24, 103], [34, 4, 2, 32, 42], [7, 4, 5, 96, 188], [37, 7, 6, 217, 189], [28, 9, 6, 1, 194], [14, 5, 11, 155, 133], [37, 9, 7, 3, 33], [18, 8, 1, 131, 220], [19, 3, 10, 0, 177], [23, 15, 5, 51, 187], [34, 11, 15, 24, 184], [11, 14, 15, 199, 155], [13, 0, 12, 158, 22], [25, 18, 3, 191, 16], [32, 11, 12, 111, 76], [9, 1, 5, 217, 25], [6, 19, 7, 129, 84], [12, 10, 8, 15, 250], [5, 8, 19, 67, 227], [3, 10, 21, 117, 201], [5, 9, 13, 127, 142], [30, 1, 14, 224, 150], [23, 17, 6, 97, 134], [12, 19, 15, 234, 17], [41, 13, 29, 63, 248], [0, 30, 0, 0, 0], [0, 11, 0, 0, 0]]",
        "fitness": {
            "fitness": 0.14447323560714723,
            "time": 0.0405162525177002
        }
    },
    "decoding": {
        "metadata": {
            "rows": 1,
            "columns": 30,
            "n_in": 2,
            "n_out": 2,
            "n_para": 2,
            "n_conn": 2
        },
        "functions": [
            "max",
            "min",
            "mean",
            "add",
            "subtract",
            "bitwise_not",
            "bitwise_or",
            "bitwise_and",
            "bitwise_and_mask",
            "bitwise_xor",
            "sqrt",
            "pow2",
            "exp",
            "log",
            "median_blur",
            "gaussian_blur",
            "laplacian",
            "sobel",
            "robert_cross",
            "canny",
            "sharpen",
            "gabor",
            "abs_diff",
            "abs_diff2",
            "fluo_tophat",
            "rel_diff",
            "erode",
            "dilate",
            "open",
            "close",
            "morph_gradient",
            "morph_tophat",
            "morph_blackhat",
            "fill_holes",
            "remove_small_objects",
            "remove_small_holes",
            "threshold",
            "threshold_at_1",
            "distance_transform",
            "distance_transform_and_thresh",
            "inrange_bin",
            "inrange"
        ],
        "endpoint": {
            "name": "W",
            "abbv": "WSHD",
            "arity": 2,
            "p": 0,
            "kwargs": {
                "use_dt": false,
                "markers_distance": 21,
                "markers_area": null
            }
        },
        "mode": "default"
    }
}