{
    "dataset": {
        "name": "CIL",
        "label_name": "neuron",
        "indices": [
            22,
            23,
            11,
            56,
            46,
            41,
            49,
            45,
            65,
            5,
            42,
            50,
            47
        ]
    },
    "individual": {
        "sequence": "[[0, 0, 0, 0, 0], [0, 0, 0, 0, 0], [3, 1, 0, 254, 43], [28, 1, 1, 17, 28], [8, 3, 0, 84, 55], [6, 3, 1, 139, 137], [28, 0, 2, 225, 130], [24, 2, 1, 27, 174], [12, 0, 6, 150, 59], [27, 8, 2, 34, 161], [14, 5, 2, 78, 30], [13, 6, 7, 106, 230], [4, 7, 10, 148, 135], [5, 5, 1, 189, 123], [4, 9, 9, 239, 113], [27, 0, 10, 168, 3], [30, 0, 1, 88, 227], [9, 16, 7, 166, 158], [8, 7, 16, 225, 206], [21, 0, 16, 151, 187], [13, 10, 6, 159, 238], [3, 15, 5, 56, 232], [5, 14, 12, 93, 182], [36, 4, 9, 157, 37], [30, 22, 1, 36, 251], [40, 3, 15, 181, 170], [23, 3, 10, 149, 9], [33, 14, 7, 27, 94], [39, 21, 18, 214, 190], [11, 13, 25, 117, 214], [33, 3, 10, 123, 46], [30, 20, 12, 97, 7], [0, 12, 0, 0, 0], [0, 23, 0, 0, 0]]",
        "fitness": {
            "fitness": 0.13613068140470064,
            "time": 0.05301657089820275
        }
    },
    "decoding": {
        "metadata": {
            "rows": 1,
            "columns": 30,
            "n_in": 2,
            "n_out": 2,
            "n_para": 2,
            "n_conn": 2
        },
        "functions": [
            "max",
            "min",
            "mean",
            "add",
            "subtract",
            "bitwise_not",
            "bitwise_or",
            "bitwise_and",
            "bitwise_and_mask",
            "bitwise_xor",
            "sqrt",
            "pow2",
            "exp",
            "log",
            "median_blur",
            "gaussian_blur",
            "laplacian",
            "sobel",
            "robert_cross",
            "canny",
            "sharpen",
            "gabor",
            "abs_diff",
            "abs_diff2",
            "fluo_tophat",
            "rel_diff",
            "erode",
            "dilate",
            "open",
            "close",
            "morph_gradient",
            "morph_tophat",
            "morph_blackhat",
            "fill_holes",
            "remove_small_objects",
            "remove_small_holes",
            "threshold",
            "threshold_at_1",
            "distance_transform",
            "distance_transform_and_thresh",
            "inrange_bin",
            "inrange"
        ],
        "endpoint": {
            "name": "Marker-Based Watershed",
            "abbv": "WSHD",
            "arity": 2,
            "p": 0,
            "kwargs": {
                "use_dt": false,
                "markers_distance": 21,
                "markers_area": null
            }
        },
        "mode": "default"
    }
}