{
    "dataset": {
        "name": "CIL",
        "label_name": "neuron",
        "indices": [
            35,
            7,
            28,
            58,
            53,
            24,
            18,
            27,
            61,
            79,
            60,
            20,
            62,
            39,
            81,
            31,
            48,
            76,
            2,
            67,
            84,
            30,
            73,
            70,
            14
        ]
    },
    "individual": {
        "sequence": "[[0, 0, 0, 0, 0], [0, 0, 0, 0, 0], [38, 1, 1, 177, 114], [2, 1, 0, 233, 236], [28, 1, 2, 9, 61], [28, 0, 0, 71, 9], [31, 1, 4, 215, 136], [31, 3, 0, 235, 209], [8, 0, 6, 171, 231], [20, 5, 0, 34, 119], [29, 0, 8, 174, 33], [6, 7, 0, 207, 153], [2, 11, 6, 20, 181], [31, 2, 6, 105, 55], [7, 8, 9, 148, 44], [41, 4, 4, 196, 44], [31, 1, 10, 173, 154], [13, 12, 0, 108, 9], [27, 3, 13, 173, 62], [1, 1, 2, 212, 15], [3, 1, 2, 245, 67], [2, 14, 2, 49, 132], [26, 16, 7, 239, 192], [10, 14, 17, 233, 171], [10, 4, 20, 140, 206], [11, 19, 3, 223, 63], [22, 14, 11, 55, 133], [7, 4, 0, 153, 61], [21, 5, 18, 130, 15], [34, 25, 13, 237, 103], [12, 17, 25, 149, 50], [25, 21, 29, 101, 224], [0, 30, 0, 0, 0], [0, 15, 0, 0, 0]]",
        "fitness": {
            "fitness": 0.12925513505935668,
            "time": 0.02851308822631836
        }
    },
    "decoding": {
        "metadata": {
            "rows": 1,
            "columns": 30,
            "n_in": 2,
            "n_out": 2,
            "n_para": 2,
            "n_conn": 2
        },
        "functions": [
            "max",
            "min",
            "mean",
            "add",
            "subtract",
            "bitwise_not",
            "bitwise_or",
            "bitwise_and",
            "bitwise_and_mask",
            "bitwise_xor",
            "sqrt",
            "pow2",
            "exp",
            "log",
            "median_blur",
            "gaussian_blur",
            "laplacian",
            "sobel",
            "robert_cross",
            "canny",
            "sharpen",
            "gabor",
            "abs_diff",
            "abs_diff2",
            "fluo_tophat",
            "rel_diff",
            "erode",
            "dilate",
            "open",
            "close",
            "morph_gradient",
            "morph_tophat",
            "morph_blackhat",
            "fill_holes",
            "remove_small_objects",
            "remove_small_holes",
            "threshold",
            "threshold_at_1",
            "distance_transform",
            "distance_transform_and_thresh",
            "inrange_bin",
            "inrange"
        ],
        "endpoint": {
            "name": "W",
            "abbv": "WSHD",
            "arity": 2,
            "p": 0,
            "kwargs": {
                "use_dt": false,
                "markers_distance": 21,
                "markers_area": null
            }
        },
        "mode": "default"
    }
}