{
    "dataset": {
        "name": "CIL",
        "label_name": "neuron",
        "indices": [
            65,
            61,
            50,
            45,
            57,
            40,
            79,
            71,
            77,
            4,
            23,
            22,
            25,
            80,
            16,
            3,
            2,
            88,
            34,
            12,
            36,
            87,
            83,
            43,
            30,
            64,
            1,
            21,
            62,
            27,
            69,
            73,
            54,
            13,
            55,
            9,
            49,
            52,
            82,
            81,
            14,
            20,
            75,
            58,
            74,
            86,
            38,
            84,
            18,
            60
        ]
    },
    "individual": {
        "sequence": "[[0, 0, 0, 0, 0], [0, 0, 0, 0, 0], [35, 1, 1, 199, 64], [3, 0, 1, 190, 156], [3, 3, 3, 93, 159], [24, 4, 1, 52, 177], [37, 3, 4, 94, 119], [28, 1, 2, 20, 86], [21, 2, 3, 151, 41], [10, 2, 1, 124, 226], [11, 1, 6, 134, 79], [29, 7, 5, 34, 44], [36, 7, 7, 127, 39], [25, 0, 7, 37, 106], [35, 6, 1, 94, 3], [25, 2, 11, 153, 26], [12, 13, 15, 172, 180], [28, 1, 9, 144, 142], [13, 2, 15, 189, 178], [2, 6, 11, 233, 100], [15, 1, 11, 0, 141], [31, 20, 6, 11, 175], [10, 21, 0, 9, 149], [26, 13, 3, 212, 73], [27, 22, 10, 244, 56], [11, 5, 17, 221, 164], [35, 9, 9, 20, 96], [18, 2, 15, 67, 78], [7, 18, 13, 112, 96], [37, 2, 3, 39, 107], [26, 8, 26, 49, 57], [40, 22, 5, 38, 129], [0, 25, 0, 0, 0], [0, 12, 0, 0, 0]]",
        "fitness": {
            "fitness": 0.11923655986785889,
            "time": 0.04079215526580811
        }
    },
    "decoding": {
        "metadata": {
            "rows": 1,
            "columns": 30,
            "n_in": 2,
            "n_out": 2,
            "n_para": 2,
            "n_conn": 2
        },
        "functions": [
            "max",
            "min",
            "mean",
            "add",
            "subtract",
            "bitwise_not",
            "bitwise_or",
            "bitwise_and",
            "bitwise_and_mask",
            "bitwise_xor",
            "sqrt",
            "pow2",
            "exp",
            "log",
            "median_blur",
            "gaussian_blur",
            "laplacian",
            "sobel",
            "robert_cross",
            "canny",
            "sharpen",
            "gabor",
            "abs_diff",
            "abs_diff2",
            "fluo_tophat",
            "rel_diff",
            "erode",
            "dilate",
            "open",
            "close",
            "morph_gradient",
            "morph_tophat",
            "morph_blackhat",
            "fill_holes",
            "remove_small_objects",
            "remove_small_holes",
            "threshold",
            "threshold_at_1",
            "distance_transform",
            "distance_transform_and_thresh",
            "inrange_bin",
            "inrange"
        ],
        "endpoint": {
            "name": "W",
            "abbv": "WSHD",
            "arity": 2,
            "p": 0,
            "kwargs": {
                "use_dt": false,
                "markers_distance": 21,
                "markers_area": null
            }
        },
        "mode": "default"
    }
}