{
    "dataset": {
        "name": "CIL",
        "label_name": "neuron",
        "indices": [
            23,
            49,
            60
        ]
    },
    "individual": {
        "sequence": "[[0, 0, 0, 0, 0], [0, 0, 0, 0, 0], [23, 0, 0, 232, 235], [40, 1, 1, 41, 236], [11, 0, 3, 207, 112], [24, 0, 2, 60, 102], [23, 0, 4, 32, 60], [30, 3, 6, 152, 112], [33, 6, 7, 204, 145], [32, 3, 3, 62, 205], [38, 4, 7, 169, 50], [16, 4, 8, 116, 100], [1, 11, 1, 29, 91], [6, 12, 10, 215, 3], [9, 3, 0, 246, 156], [19, 9, 1, 13, 51], [21, 2, 10, 39, 46], [37, 14, 6, 57, 104], [41, 17, 5, 254, 138], [5, 10, 3, 50, 142], [18, 14, 0, 191, 142], [21, 7, 12, 176, 238], [19, 8, 12, 61, 234], [21, 17, 20, 254, 130], [8, 10, 1, 16, 14], [29, 3, 8, 13, 251], [6, 21, 19, 98, 20], [12, 18, 18, 251, 22], [4, 4, 27, 217, 149], [14, 19, 16, 246, 162], [26, 11, 25, 85, 34], [27, 16, 9, 128, 17], [0, 13, 0, 0, 0], [0, 3, 0, 0, 0]]",
        "fitness": {
            "fitness": 0.1948916713396708,
            "time": 0.0192416508992513
        }
    },
    "decoding": {
        "metadata": {
            "rows": 1,
            "columns": 30,
            "n_in": 2,
            "n_out": 2,
            "n_para": 2,
            "n_conn": 2
        },
        "functions": [
            "max",
            "min",
            "mean",
            "add",
            "subtract",
            "bitwise_not",
            "bitwise_or",
            "bitwise_and",
            "bitwise_and_mask",
            "bitwise_xor",
            "sqrt",
            "pow2",
            "exp",
            "log",
            "median_blur",
            "gaussian_blur",
            "laplacian",
            "sobel",
            "robert_cross",
            "canny",
            "sharpen",
            "gabor",
            "abs_diff",
            "abs_diff2",
            "fluo_tophat",
            "rel_diff",
            "erode",
            "dilate",
            "open",
            "close",
            "morph_gradient",
            "morph_tophat",
            "morph_blackhat",
            "fill_holes",
            "remove_small_objects",
            "remove_small_holes",
            "threshold",
            "threshold_at_1",
            "distance_transform",
            "distance_transform_and_thresh",
            "inrange_bin",
            "inrange"
        ],
        "endpoint": {
            "name": "W",
            "abbv": "WSHD",
            "arity": 2,
            "p": 0,
            "kwargs": {
                "use_dt": false,
                "markers_distance": 21,
                "markers_area": null
            }
        },
        "mode": "default"
    }
}