{
    "dataset": {
        "name": "CIL",
        "label_name": "neuron",
        "indices": [
            64,
            56,
            22,
            60,
            55
        ]
    },
    "individual": {
        "sequence": "[[0, 0, 0, 0, 0], [0, 0, 0, 0, 0], [2, 0, 1, 125, 29], [36, 1, 1, 53, 37], [40, 2, 1, 88, 52], [21, 0, 0, 198, 227], [36, 2, 4, 14, 115], [9, 4, 2, 158, 195], [11, 2, 5, 138, 69], [9, 4, 7, 244, 238], [31, 6, 5, 229, 73], [3, 9, 0, 55, 221], [0, 11, 4, 33, 167], [1, 1, 7, 178, 215], [15, 10, 7, 56, 162], [34, 1, 1, 181, 124], [40, 15, 9, 95, 165], [8, 8, 7, 45, 55], [7, 0, 5, 245, 12], [34, 5, 11, 32, 191], [12, 16, 18, 203, 165], [8, 9, 10, 147, 118], [12, 14, 12, 147, 33], [39, 14, 16, 249, 156], [30, 13, 21, 221, 75], [33, 24, 24, 208, 48], [7, 23, 1, 189, 41], [11, 13, 14, 113, 59], [28, 3, 24, 20, 238], [31, 7, 23, 120, 170], [3, 11, 26, 88, 68], [6, 25, 15, 158, 100], [0, 8, 0, 0, 0], [0, 28, 0, 0, 0]]",
        "fitness": {
            "fitness": 0.11576796770095825,
            "time": 0.029782199859619142
        }
    },
    "decoding": {
        "metadata": {
            "rows": 1,
            "columns": 30,
            "n_in": 2,
            "n_out": 2,
            "n_para": 2,
            "n_conn": 2
        },
        "functions": [
            "max",
            "min",
            "mean",
            "add",
            "subtract",
            "bitwise_not",
            "bitwise_or",
            "bitwise_and",
            "bitwise_and_mask",
            "bitwise_xor",
            "sqrt",
            "pow2",
            "exp",
            "log",
            "median_blur",
            "gaussian_blur",
            "laplacian",
            "sobel",
            "robert_cross",
            "canny",
            "sharpen",
            "gabor",
            "abs_diff",
            "abs_diff2",
            "fluo_tophat",
            "rel_diff",
            "erode",
            "dilate",
            "open",
            "close",
            "morph_gradient",
            "morph_tophat",
            "morph_blackhat",
            "fill_holes",
            "remove_small_objects",
            "remove_small_holes",
            "threshold",
            "threshold_at_1",
            "distance_transform",
            "distance_transform_and_thresh",
            "inrange_bin",
            "inrange"
        ],
        "endpoint": {
            "name": "W",
            "abbv": "WSHD",
            "arity": 2,
            "p": 0,
            "kwargs": {
                "use_dt": false,
                "markers_distance": 21,
                "markers_area": null
            }
        },
        "mode": "default"
    }
}