{
    "dataset": {
        "name": "CIL",
        "label_name": "neuron",
        "indices": [
            31,
            52,
            64,
            59,
            71
        ]
    },
    "individual": {
        "sequence": "[[0, 0, 0, 0, 0], [0, 0, 0, 0, 0], [13, 0, 1, 95, 82], [24, 1, 0, 13, 214], [15, 2, 2, 96, 208], [17, 2, 3, 244, 156], [15, 3, 1, 56, 60], [40, 0, 3, 160, 9], [31, 4, 6, 98, 248], [25, 8, 7, 26, 175], [37, 2, 5, 145, 99], [0, 7, 3, 218, 27], [7, 1, 2, 0, 200], [34, 10, 8, 236, 247], [24, 6, 3, 150, 230], [40, 4, 12, 2, 235], [41, 11, 6, 12, 251], [22, 7, 12, 210, 168], [9, 8, 14, 185, 212], [35, 2, 17, 13, 9], [41, 14, 6, 255, 127], [24, 10, 4, 243, 173], [3, 10, 16, 118, 107], [18, 8, 21, 10, 184], [16, 22, 2, 159, 87], [27, 2, 3, 229, 51], [17, 16, 23, 159, 49], [26, 3, 9, 143, 106], [30, 27, 13, 177, 80], [8, 3, 0, 52, 96], [19, 7, 7, 110, 120], [3, 2, 21, 102, 242], [0, 22, 0, 0, 0], [0, 20, 0, 0, 0]]",
        "fitness": {
            "fitness": 0.09626249074935914,
            "time": 0.14494881629943848
        }
    },
    "decoding": {
        "metadata": {
            "rows": 1,
            "columns": 30,
            "n_in": 2,
            "n_out": 2,
            "n_para": 2,
            "n_conn": 2
        },
        "functions": [
            "max",
            "min",
            "mean",
            "add",
            "subtract",
            "bitwise_not",
            "bitwise_or",
            "bitwise_and",
            "bitwise_and_mask",
            "bitwise_xor",
            "sqrt",
            "pow2",
            "exp",
            "log",
            "median_blur",
            "gaussian_blur",
            "laplacian",
            "sobel",
            "robert_cross",
            "canny",
            "sharpen",
            "gabor",
            "abs_diff",
            "abs_diff2",
            "fluo_tophat",
            "rel_diff",
            "erode",
            "dilate",
            "open",
            "close",
            "morph_gradient",
            "morph_tophat",
            "morph_blackhat",
            "fill_holes",
            "remove_small_objects",
            "remove_small_holes",
            "threshold",
            "threshold_at_1",
            "distance_transform",
            "distance_transform_and_thresh",
            "inrange_bin",
            "inrange"
        ],
        "endpoint": {
            "name": "W",
            "abbv": "WSHD",
            "arity": 2,
            "p": 0,
            "kwargs": {
                "use_dt": false,
                "markers_distance": 21,
                "markers_area": null
            }
        },
        "mode": "default"
    }
}