{
    "dataset": {
        "name": "CIL",
        "label_name": "neuron",
        "indices": [
            55,
            36,
            52,
            60,
            23,
            2,
            15,
            47,
            73,
            41,
            76,
            50,
            80,
            72
        ]
    },
    "individual": {
        "sequence": "[[0, 0, 0, 0, 0], [0, 0, 0, 0, 0], [24, 0, 1, 236, 207], [34, 2, 1, 14, 252], [28, 1, 2, 105, 140], [31, 1, 1, 145, 233], [3, 5, 2, 95, 67], [1, 5, 5, 44, 171], [24, 5, 6, 24, 224], [28, 7, 8, 45, 4], [26, 1, 4, 1, 56], [11, 6, 0, 64, 187], [8, 3, 2, 113, 143], [3, 1, 1, 215, 136], [30, 4, 13, 192, 157], [18, 12, 14, 75, 147], [24, 2, 4, 12, 37], [22, 10, 3, 56, 130], [40, 10, 13, 41, 225], [21, 4, 6, 52, 190], [9, 16, 3, 76, 29], [29, 8, 18, 192, 238], [22, 12, 11, 148, 29], [18, 7, 12, 165, 24], [35, 9, 5, 135, 200], [8, 18, 5, 53, 119], [25, 6, 8, 54, 244], [12, 18, 24, 46, 190], [30, 13, 27, 66, 119], [37, 8, 6, 157, 73], [6, 22, 24, 80, 215], [37, 0, 0, 108, 157], [0, 11, 0, 0, 0], [0, 18, 0, 0, 0]]",
        "fitness": {
            "fitness": 0.17724468878337316,
            "time": 0.03676244190761021
        }
    },
    "decoding": {
        "metadata": {
            "rows": 1,
            "columns": 30,
            "n_in": 2,
            "n_out": 2,
            "n_para": 2,
            "n_conn": 2
        },
        "functions": [
            "max",
            "min",
            "mean",
            "add",
            "subtract",
            "bitwise_not",
            "bitwise_or",
            "bitwise_and",
            "bitwise_and_mask",
            "bitwise_xor",
            "sqrt",
            "pow2",
            "exp",
            "log",
            "median_blur",
            "gaussian_blur",
            "laplacian",
            "sobel",
            "robert_cross",
            "canny",
            "sharpen",
            "gabor",
            "abs_diff",
            "abs_diff2",
            "fluo_tophat",
            "rel_diff",
            "erode",
            "dilate",
            "open",
            "close",
            "morph_gradient",
            "morph_tophat",
            "morph_blackhat",
            "fill_holes",
            "remove_small_objects",
            "remove_small_holes",
            "threshold",
            "threshold_at_1",
            "distance_transform",
            "distance_transform_and_thresh",
            "inrange_bin",
            "inrange"
        ],
        "endpoint": {
            "name": "Marker-Based Watershed",
            "abbv": "WSHD",
            "arity": 2,
            "p": 0,
            "kwargs": {
                "use_dt": false,
                "markers_distance": 21,
                "markers_area": null
            }
        },
        "mode": "default"
    }
}