{
    "dataset": {
        "name": "CIL",
        "label_name": "neuron",
        "indices": [
            70,
            50,
            46,
            74,
            3,
            20,
            57,
            21,
            54,
            67,
            1,
            35,
            82,
            16,
            56,
            33,
            76,
            71,
            11,
            59,
            19,
            22,
            88,
            80,
            52,
            63,
            61,
            2,
            40,
            13,
            44,
            18,
            77,
            65,
            66,
            81,
            49,
            84,
            73,
            87
        ]
    },
    "individual": {
        "sequence": "[[0, 0, 0, 0, 0], [0, 0, 0, 0, 0], [13, 0, 0, 26, 89], [19, 1, 0, 130, 33], [2, 3, 3, 113, 200], [16, 1, 4, 22, 86], [1, 1, 4, 32, 107], [35, 6, 3, 250, 44], [18, 7, 6, 212, 246], [41, 3, 5, 110, 6], [36, 1, 9, 74, 147], [12, 2, 4, 139, 243], [36, 6, 7, 57, 154], [22, 2, 10, 12, 204], [37, 10, 7, 7, 189], [19, 0, 13, 160, 82], [30, 7, 1, 212, 151], [14, 15, 7, 177, 152], [4, 15, 3, 149, 252], [33, 8, 7, 63, 207], [0, 15, 11, 210, 163], [23, 2, 17, 130, 85], [26, 17, 0, 183, 193], [30, 9, 6, 79, 23], [6, 18, 11, 45, 109], [38, 11, 5, 77, 207], [12, 14, 10, 41, 81], [41, 6, 10, 203, 124], [24, 24, 25, 58, 141], [20, 9, 19, 53, 108], [11, 16, 15, 100, 62], [24, 22, 0, 243, 19], [0, 28, 0, 0, 0], [0, 19, 0, 0, 0]]",
        "fitness": {
            "fitness": 0.17343071699142457,
            "time": 0.054334229230880736
        }
    },
    "decoding": {
        "metadata": {
            "rows": 1,
            "columns": 30,
            "n_in": 2,
            "n_out": 2,
            "n_para": 2,
            "n_conn": 2
        },
        "functions": [
            "max",
            "min",
            "mean",
            "add",
            "subtract",
            "bitwise_not",
            "bitwise_or",
            "bitwise_and",
            "bitwise_and_mask",
            "bitwise_xor",
            "sqrt",
            "pow2",
            "exp",
            "log",
            "median_blur",
            "gaussian_blur",
            "laplacian",
            "sobel",
            "robert_cross",
            "canny",
            "sharpen",
            "gabor",
            "abs_diff",
            "abs_diff2",
            "fluo_tophat",
            "rel_diff",
            "erode",
            "dilate",
            "open",
            "close",
            "morph_gradient",
            "morph_tophat",
            "morph_blackhat",
            "fill_holes",
            "remove_small_objects",
            "remove_small_holes",
            "threshold",
            "threshold_at_1",
            "distance_transform",
            "distance_transform_and_thresh",
            "inrange_bin",
            "inrange"
        ],
        "endpoint": {
            "name": "Marker-Based Watershed",
            "abbv": "WSHD",
            "arity": 2,
            "args": 0,
            "kwargs": {
                "use_dt": false,
                "markers_distance": 21,
                "markers_area": null
            }
        },
        "mode": "default"
    }
}