{
    "dataset": {
        "name": "CIL",
        "label_name": "neuron",
        "indices": [
            84,
            83,
            26,
            44,
            68,
            59,
            73
        ]
    },
    "individual": {
        "sequence": "[[0, 0, 0, 0, 0], [0, 0, 0, 0, 0], [15, 1, 1, 36, 224], [13, 0, 0, 70, 166], [37, 3, 2, 250, 93], [39, 3, 2, 97, 164], [34, 4, 4, 113, 198], [34, 6, 5, 163, 107], [10, 6, 7, 58, 156], [21, 3, 6, 12, 252], [11, 9, 7, 244, 186], [31, 10, 0, 198, 30], [41, 4, 11, 97, 151], [0, 6, 12, 101, 185], [41, 3, 6, 41, 247], [27, 14, 3, 58, 95], [38, 10, 10, 182, 39], [3, 8, 0, 19, 67], [36, 15, 2, 229, 175], [5, 18, 6, 251, 254], [9, 15, 4, 243, 139], [8, 15, 8, 145, 104], [1, 14, 0, 97, 211], [26, 8, 13, 99, 37], [19, 16, 20, 120, 4], [36, 2, 21, 168, 254], [12, 18, 16, 70, 26], [17, 0, 8, 8, 102], [24, 24, 5, 163, 31], [41, 2, 17, 53, 193], [33, 23, 19, 221, 81], [27, 1, 19, 223, 47], [0, 4, 0, 0, 0], [0, 29, 0, 0, 0]]",
        "fitness": {
            "fitness": 0.1589610746928624,
            "time": 0.026373318263462613
        }
    },
    "decoding": {
        "metadata": {
            "rows": 1,
            "columns": 30,
            "n_in": 2,
            "n_out": 2,
            "n_para": 2,
            "n_conn": 2
        },
        "functions": [
            "max",
            "min",
            "mean",
            "add",
            "subtract",
            "bitwise_not",
            "bitwise_or",
            "bitwise_and",
            "bitwise_and_mask",
            "bitwise_xor",
            "sqrt",
            "pow2",
            "exp",
            "log",
            "median_blur",
            "gaussian_blur",
            "laplacian",
            "sobel",
            "robert_cross",
            "canny",
            "sharpen",
            "gabor",
            "abs_diff",
            "abs_diff2",
            "fluo_tophat",
            "rel_diff",
            "erode",
            "dilate",
            "open",
            "close",
            "morph_gradient",
            "morph_tophat",
            "morph_blackhat",
            "fill_holes",
            "remove_small_objects",
            "remove_small_holes",
            "threshold",
            "threshold_at_1",
            "distance_transform",
            "distance_transform_and_thresh",
            "inrange_bin",
            "inrange"
        ],
        "endpoint": {
            "name": "W",
            "abbv": "WSHD",
            "arity": 2,
            "p": 0,
            "kwargs": {
                "use_dt": false,
                "markers_distance": 21,
                "markers_area": null
            }
        },
        "mode": "default"
    }
}