{
    "dataset": {
        "name": "CIL",
        "label_name": "neuron",
        "indices": [
            27,
            19,
            76,
            34,
            49,
            5,
            33,
            13,
            53,
            18,
            66,
            65,
            69,
            16,
            7,
            55,
            54,
            63,
            38,
            10,
            11,
            61,
            58,
            51,
            15,
            30,
            42,
            24,
            82,
            88,
            87,
            52,
            85,
            43,
            84,
            72,
            47,
            25,
            80,
            48,
            62,
            70,
            40,
            50,
            75,
            32,
            3,
            57,
            29,
            73,
            59,
            37,
            74,
            35,
            81,
            86,
            77,
            14,
            9,
            78
        ]
    },
    "individual": {
        "sequence": "[[0, 0, 0, 0, 0], [0, 0, 0, 0, 0], [16, 1, 0, 145, 71], [11, 0, 2, 167, 156], [34, 3, 3, 154, 62], [24, 1, 0, 61, 18], [40, 3, 1, 205, 180], [36, 5, 3, 161, 68], [12, 0, 3, 118, 225], [13, 8, 4, 73, 86], [5, 7, 3, 85, 8], [6, 3, 9, 159, 105], [14, 7, 11, 51, 79], [37, 7, 7, 148, 183], [36, 8, 11, 11, 173], [25, 13, 8, 4, 38], [1, 13, 3, 57, 131], [26, 9, 14, 68, 108], [31, 9, 7, 201, 99], [5, 14, 13, 213, 65], [14, 9, 4, 24, 235], [9, 14, 8, 199, 60], [38, 18, 2, 175, 244], [4, 20, 0, 91, 76], [13, 8, 20, 220, 26], [1, 13, 12, 40, 24], [2, 11, 7, 5, 78], [27, 0, 6, 145, 105], [17, 8, 16, 15, 115], [16, 7, 24, 248, 28], [5, 28, 19, 130, 96], [28, 19, 22, 95, 245], [0, 26, 0, 0, 0], [0, 25, 0, 0, 0]]",
        "fitness": {
            "fitness": 0.14433162411053976,
            "time": 0.08337345123291015
        }
    },
    "decoding": {
        "metadata": {
            "rows": 1,
            "columns": 30,
            "n_in": 2,
            "n_out": 2,
            "n_para": 2,
            "n_conn": 2
        },
        "functions": [
            "max",
            "min",
            "mean",
            "add",
            "subtract",
            "bitwise_not",
            "bitwise_or",
            "bitwise_and",
            "bitwise_and_mask",
            "bitwise_xor",
            "sqrt",
            "pow2",
            "exp",
            "log",
            "median_blur",
            "gaussian_blur",
            "laplacian",
            "sobel",
            "robert_cross",
            "canny",
            "sharpen",
            "gabor",
            "abs_diff",
            "abs_diff2",
            "fluo_tophat",
            "rel_diff",
            "erode",
            "dilate",
            "open",
            "close",
            "morph_gradient",
            "morph_tophat",
            "morph_blackhat",
            "fill_holes",
            "remove_small_objects",
            "remove_small_holes",
            "threshold",
            "threshold_at_1",
            "distance_transform",
            "distance_transform_and_thresh",
            "inrange_bin",
            "inrange"
        ],
        "endpoint": {
            "name": "Marker-Based Watershed",
            "abbv": "WSHD",
            "arity": 2,
            "args": 0,
            "kwargs": {
                "use_dt": false,
                "markers_distance": 21,
                "markers_area": null
            }
        },
        "mode": "default"
    }
}