{
    "dataset": {
        "name": "CIL",
        "label_name": "neuron",
        "indices": [
            52,
            12,
            68,
            78,
            34,
            7,
            23,
            28,
            60,
            71
        ]
    },
    "individual": {
        "sequence": "[[0, 0, 0, 0, 0], [0, 0, 0, 0, 0], [41, 0, 0, 10, 185], [14, 1, 2, 11, 4], [13, 2, 0, 179, 136], [26, 4, 3, 204, 105], [24, 1, 2, 154, 238], [37, 2, 0, 14, 87], [7, 2, 0, 240, 2], [0, 1, 2, 107, 82], [2, 1, 7, 9, 204], [32, 2, 9, 135, 196], [23, 11, 11, 84, 87], [11, 10, 8, 144, 185], [1, 6, 13, 67, 172], [3, 14, 2, 238, 128], [33, 5, 11, 62, 181], [2, 10, 3, 216, 207], [11, 13, 2, 113, 242], [22, 12, 13, 181, 13], [18, 18, 17, 202, 198], [29, 16, 12, 197, 234], [0, 13, 7, 125, 138], [16, 21, 9, 175, 107], [40, 3, 1, 42, 142], [0, 8, 18, 158, 44], [14, 13, 9, 186, 192], [19, 15, 20, 98, 218], [1, 22, 27, 28, 2], [23, 5, 2, 78, 208], [0, 13, 17, 139, 43], [13, 4, 18, 135, 140], [0, 15, 0, 0, 0], [0, 24, 0, 0, 0]]",
        "fitness": {
            "fitness": 0.18576000928878783,
            "time": 0.045029711723327634
        }
    },
    "decoding": {
        "metadata": {
            "rows": 1,
            "columns": 30,
            "n_in": 2,
            "n_out": 2,
            "n_para": 2,
            "n_conn": 2
        },
        "functions": [
            "max",
            "min",
            "mean",
            "add",
            "subtract",
            "bitwise_not",
            "bitwise_or",
            "bitwise_and",
            "bitwise_and_mask",
            "bitwise_xor",
            "sqrt",
            "pow2",
            "exp",
            "log",
            "median_blur",
            "gaussian_blur",
            "laplacian",
            "sobel",
            "robert_cross",
            "canny",
            "sharpen",
            "gabor",
            "abs_diff",
            "abs_diff2",
            "fluo_tophat",
            "rel_diff",
            "erode",
            "dilate",
            "open",
            "close",
            "morph_gradient",
            "morph_tophat",
            "morph_blackhat",
            "fill_holes",
            "remove_small_objects",
            "remove_small_holes",
            "threshold",
            "threshold_at_1",
            "distance_transform",
            "distance_transform_and_thresh",
            "inrange_bin",
            "inrange"
        ],
        "endpoint": {
            "name": "W",
            "abbv": "WSHD",
            "arity": 2,
            "p": 0,
            "kwargs": {
                "use_dt": false,
                "markers_distance": 21,
                "markers_area": null
            }
        },
        "mode": "default"
    }
}