training,test
0.54977685,0.5511638
