{
    "dataset": {
        "name": "CIL",
        "label_name": "neuron",
        "indices": [
            67,
            61,
            58,
            69,
            38,
            86,
            13,
            4,
            84,
            85,
            80,
            34,
            7,
            45,
            62,
            70,
            12,
            73,
            2,
            88,
            72,
            76,
            56,
            8,
            19,
            77,
            14,
            26,
            15,
            41,
            43,
            49,
            63,
            1,
            35,
            23,
            16,
            82,
            64,
            60
        ]
    },
    "individual": {
        "sequence": "[[0, 0, 0, 0, 0], [0, 0, 0, 0, 0], [20, 1, 0, 96, 245], [14, 2, 1, 19, 146], [41, 3, 2, 250, 41], [29, 0, 3, 216, 233], [3, 0, 3, 13, 185], [8, 5, 4, 158, 147], [29, 0, 0, 160, 30], [14, 6, 0, 139, 168], [13, 7, 7, 37, 227], [17, 5, 7, 29, 199], [7, 10, 1, 116, 120], [15, 0, 10, 231, 167], [41, 3, 4, 103, 225], [30, 0, 7, 149, 234], [41, 7, 9, 16, 47], [5, 9, 10, 194, 137], [20, 7, 3, 75, 137], [1, 5, 7, 120, 243], [10, 1, 19, 38, 37], [31, 9, 12, 174, 85], [38, 11, 19, 5, 37], [32, 6, 6, 98, 206], [36, 0, 5, 174, 8], [21, 11, 15, 191, 148], [17, 7, 24, 63, 68], [32, 22, 4, 190, 161], [26, 6, 6, 1, 57], [26, 16, 4, 185, 72], [40, 8, 24, 178, 194], [16, 12, 20, 106, 239], [0, 24, 0, 0, 0], [0, 31, 0, 0, 0]]",
        "fitness": {
            "fitness": 0.13796506822109222,
            "time": 0.03611566424369812
        }
    },
    "decoding": {
        "metadata": {
            "rows": 1,
            "columns": 30,
            "n_in": 2,
            "n_out": 2,
            "n_para": 2,
            "n_conn": 2
        },
        "functions": [
            "max",
            "min",
            "mean",
            "add",
            "subtract",
            "bitwise_not",
            "bitwise_or",
            "bitwise_and",
            "bitwise_and_mask",
            "bitwise_xor",
            "sqrt",
            "pow2",
            "exp",
            "log",
            "median_blur",
            "gaussian_blur",
            "laplacian",
            "sobel",
            "robert_cross",
            "canny",
            "sharpen",
            "gabor",
            "abs_diff",
            "abs_diff2",
            "fluo_tophat",
            "rel_diff",
            "erode",
            "dilate",
            "open",
            "close",
            "morph_gradient",
            "morph_tophat",
            "morph_blackhat",
            "fill_holes",
            "remove_small_objects",
            "remove_small_holes",
            "threshold",
            "threshold_at_1",
            "distance_transform",
            "distance_transform_and_thresh",
            "inrange_bin",
            "inrange"
        ],
        "endpoint": {
            "name": "Marker-Based Watershed",
            "abbv": "WSHD",
            "arity": 2,
            "args": 0,
            "kwargs": {
                "use_dt": false,
                "markers_distance": 21,
                "markers_area": null
            }
        },
        "mode": "default"
    }
}