{
    "dataset": {
        "name": "Tumor",
        "label_name": "tumor",
        "indices": null
    },
    "individual": {
        "sequence": "[[0, 0, 0, 0, 0], [0, 0, 0, 0, 0], [0, 0, 0, 0, 0], [40, 0, 2, 121, 49], [35, 0, 2, 238, 79], [6, 3, 2, 2, 109], [24, 0, 1, 121, 81], [14, 5, 4, 33, 219], [0, 2, 2, 143, 212], [32, 0, 6, 239, 30], [27, 6, 9, 98, 189], [14, 7, 3, 99, 13], [14, 6, 10, 73, 201], [23, 1, 2, 55, 56], [25, 11, 6, 50, 189], [19, 12, 10, 167, 137], [13, 3, 4, 141, 99], [16, 14, 2, 203, 16], [7, 15, 12, 44, 146], [20, 14, 11, 31, 117], [40, 16, 15, 3, 200], [40, 11, 14, 50, 221], [23, 4, 4, 10, 128], [0, 14, 10, 13, 160], [17, 5, 12, 106, 165], [31, 1, 22, 71, 200], [6, 1, 2, 90, 137], [32, 26, 18, 20, 25], [26, 2, 15, 58, 173], [9, 2, 18, 137, 68], [26, 16, 16, 233, 68], [3, 19, 4, 192, 239], [5, 26, 27, 72, 138], [0, 21, 0, 0, 0]]",
        "fitness": {
            "fitness": 0.14284513646894023,
            "time": 0.06189058224360148
        }
    },
    "decoding": {
        "metadata": {
            "rows": 1,
            "columns": 30,
            "n_in": 3,
            "n_out": 1,
            "n_para": 2,
            "n_conn": 2
        },
        "functions": [
            "max",
            "min",
            "mean",
            "add",
            "subtract",
            "bitwise_not",
            "bitwise_or",
            "bitwise_and",
            "bitwise_and_mask",
            "bitwise_xor",
            "sqrt",
            "pow2",
            "exp",
            "log",
            "median_blur",
            "gaussian_blur",
            "laplacian",
            "sobel",
            "robert_cross",
            "canny",
            "sharpen",
            "gabor",
            "abs_diff",
            "abs_diff2",
            "fluo_tophat",
            "rel_diff",
            "erode",
            "dilate",
            "open",
            "close",
            "morph_gradient",
            "morph_tophat",
            "morph_blackhat",
            "fill_holes",
            "remove_small_objects",
            "remove_small_holes",
            "threshold",
            "threshold_at_1",
            "distance_transform",
            "distance_transform_and_thresh",
            "inrange_bin",
            "inrange"
        ],
        "endpoint": {
            "name": "Threshold (t=4)",
            "abbv": "TRSH",
            "arity": 1,
            "p": 0,
            "kwargs": {
                "threshold": 4
            }
        },
        "mode": "default"
    }
}