{
    "dataset": {
        "name": "CIL",
        "label_name": "neuron",
        "indices": [
            80,
            28,
            1,
            24,
            47,
            11,
            73,
            63,
            78,
            72,
            83
        ]
    },
    "individual": {
        "sequence": "[[0, 0, 0, 0, 0], [0, 0, 0, 0, 0], [38, 1, 0, 111, 246], [40, 1, 0, 53, 232], [32, 3, 0, 74, 130], [7, 3, 0, 138, 222], [14, 3, 4, 153, 19], [13, 0, 3, 97, 124], [5, 2, 0, 71, 246], [31, 1, 1, 29, 192], [40, 5, 6, 153, 210], [33, 2, 1, 122, 218], [35, 3, 8, 173, 189], [3, 7, 1, 215, 195], [17, 0, 0, 213, 30], [1, 3, 9, 170, 5], [28, 13, 4, 199, 69], [40, 12, 7, 231, 92], [26, 9, 10, 173, 61], [25, 6, 11, 143, 194], [37, 7, 6, 210, 54], [3, 1, 13, 136, 214], [7, 1, 12, 108, 154], [34, 15, 12, 11, 72], [9, 0, 9, 87, 33], [28, 16, 18, 234, 174], [0, 9, 2, 0, 31], [13, 2, 1, 151, 216], [17, 27, 23, 109, 238], [9, 11, 5, 230, 147], [36, 2, 6, 241, 60], [15, 30, 2, 166, 47], [0, 20, 0, 0, 0], [0, 23, 0, 0, 0]]",
        "fitness": {
            "fitness": 0.19224710897965866,
            "time": 0.030223044482144443
        }
    },
    "decoding": {
        "metadata": {
            "rows": 1,
            "columns": 30,
            "n_in": 2,
            "n_out": 2,
            "n_para": 2,
            "n_conn": 2
        },
        "functions": [
            "max",
            "min",
            "mean",
            "add",
            "subtract",
            "bitwise_not",
            "bitwise_or",
            "bitwise_and",
            "bitwise_and_mask",
            "bitwise_xor",
            "sqrt",
            "pow2",
            "exp",
            "log",
            "median_blur",
            "gaussian_blur",
            "laplacian",
            "sobel",
            "robert_cross",
            "canny",
            "sharpen",
            "gabor",
            "abs_diff",
            "abs_diff2",
            "fluo_tophat",
            "rel_diff",
            "erode",
            "dilate",
            "open",
            "close",
            "morph_gradient",
            "morph_tophat",
            "morph_blackhat",
            "fill_holes",
            "remove_small_objects",
            "remove_small_holes",
            "threshold",
            "threshold_at_1",
            "distance_transform",
            "distance_transform_and_thresh",
            "inrange_bin",
            "inrange"
        ],
        "endpoint": {
            "name": "Marker-Based Watershed",
            "abbv": "WSHD",
            "arity": 2,
            "p": 0,
            "kwargs": {
                "use_dt": false,
                "markers_distance": 21,
                "markers_area": null
            }
        },
        "mode": "default"
    }
}