{
    "dataset": {
        "name": "Tumor",
        "label_name": "tumor",
        "indices": null
    },
    "individual": {
        "sequence": "[[0, 0, 0, 0, 0], [0, 0, 0, 0, 0], [0, 0, 0, 0, 0], [19, 2, 2, 180, 97], [29, 1, 2, 182, 190], [2, 4, 3, 119, 154], [40, 0, 0, 94, 53], [26, 6, 3, 49, 126], [24, 5, 7, 119, 192], [23, 8, 2, 66, 18], [9, 6, 9, 59, 196], [28, 10, 9, 64, 222], [16, 3, 5, 185, 123], [8, 1, 1, 233, 113], [28, 8, 11, 166, 27], [14, 1, 9, 86, 251], [8, 7, 15, 21, 221], [5, 10, 2, 89, 178], [9, 14, 2, 79, 60], [36, 3, 13, 194, 228], [12, 12, 10, 135, 239], [40, 11, 1, 189, 45], [16, 15, 3, 50, 239], [33, 21, 6, 136, 155], [2, 11, 14, 49, 212], [21, 15, 9, 47, 201], [27, 6, 0, 29, 187], [33, 6, 3, 216, 253], [34, 27, 27, 74, 101], [11, 1, 20, 72, 156], [12, 10, 26, 40, 216], [13, 25, 21, 96, 129], [34, 9, 1, 85, 236], [0, 23, 0, 0, 0]]",
        "fitness": {
            "fitness": 0.15732197909132786,
            "time": 0.05762350559234619
        }
    },
    "decoding": {
        "metadata": {
            "rows": 1,
            "columns": 30,
            "n_in": 3,
            "n_out": 1,
            "n_para": 2,
            "n_conn": 2
        },
        "functions": [
            "max",
            "min",
            "mean",
            "add",
            "subtract",
            "bitwise_not",
            "bitwise_or",
            "bitwise_and",
            "bitwise_and_mask",
            "bitwise_xor",
            "sqrt",
            "pow2",
            "exp",
            "log",
            "median_blur",
            "gaussian_blur",
            "laplacian",
            "sobel",
            "robert_cross",
            "canny",
            "sharpen",
            "gabor",
            "abs_diff",
            "abs_diff2",
            "fluo_tophat",
            "rel_diff",
            "erode",
            "dilate",
            "open",
            "close",
            "morph_gradient",
            "morph_tophat",
            "morph_blackhat",
            "fill_holes",
            "remove_small_objects",
            "remove_small_holes",
            "threshold",
            "threshold_at_1",
            "distance_transform",
            "distance_transform_and_thresh",
            "inrange_bin",
            "inrange"
        ],
        "endpoint": {
            "name": "Threshold (t=4)",
            "abbv": "TRSH",
            "arity": 1,
            "p": 0,
            "kwargs": {
                "threshold": 4
            }
        },
        "mode": "default"
    }
}