{
    "dataset": {
        "name": "CIL",
        "label_name": "neuron",
        "indices": [
            32,
            68,
            27,
            55,
            17,
            50,
            54,
            43,
            75,
            25,
            39,
            15,
            71,
            64,
            86,
            61,
            21,
            72,
            36,
            69,
            30,
            88,
            26,
            70,
            67,
            82,
            44,
            79,
            76,
            28,
            53,
            33,
            46,
            29,
            18,
            10,
            84,
            66,
            60,
            1,
            65,
            4,
            23,
            8,
            62,
            24,
            52,
            9,
            7,
            42,
            41,
            2,
            37,
            14,
            40,
            48,
            12,
            77,
            20,
            22,
            13,
            73,
            59,
            83,
            34,
            47,
            5,
            85,
            56,
            19
        ]
    },
    "individual": {
        "sequence": "[[0, 0, 0, 0, 0], [0, 0, 0, 0, 0], [14, 1, 1, 9, 54], [31, 2, 0, 246, 192], [2, 0, 3, 44, 99], [20, 3, 2, 54, 214], [32, 1, 0, 157, 104], [40, 6, 0, 74, 212], [40, 2, 4, 46, 181], [14, 0, 0, 6, 67], [20, 3, 9, 223, 7], [7, 5, 4, 255, 59], [34, 1, 7, 158, 174], [30, 5, 3, 173, 48], [12, 2, 1, 63, 163], [17, 12, 3, 84, 141], [34, 15, 4, 228, 96], [38, 11, 13, 75, 73], [27, 1, 9, 91, 252], [36, 4, 3, 224, 5], [2, 7, 3, 207, 114], [0, 10, 7, 223, 147], [33, 2, 12, 129, 228], [17, 7, 1, 137, 32], [8, 20, 11, 228, 61], [11, 11, 20, 79, 212], [20, 25, 12, 215, 204], [2, 0, 7, 57, 19], [31, 9, 14, 143, 156], [21, 9, 13, 110, 177], [41, 13, 8, 155, 29], [13, 23, 20, 228, 105], [0, 19, 0, 0, 0], [0, 8, 0, 0, 0]]",
        "fitness": {
            "fitness": 0.1425863870552608,
            "time": 0.03084536279950823
        }
    },
    "decoding": {
        "metadata": {
            "rows": 1,
            "columns": 30,
            "n_in": 2,
            "n_out": 2,
            "n_para": 2,
            "n_conn": 2
        },
        "functions": [
            "max",
            "min",
            "mean",
            "add",
            "subtract",
            "bitwise_not",
            "bitwise_or",
            "bitwise_and",
            "bitwise_and_mask",
            "bitwise_xor",
            "sqrt",
            "pow2",
            "exp",
            "log",
            "median_blur",
            "gaussian_blur",
            "laplacian",
            "sobel",
            "robert_cross",
            "canny",
            "sharpen",
            "gabor",
            "abs_diff",
            "abs_diff2",
            "fluo_tophat",
            "rel_diff",
            "erode",
            "dilate",
            "open",
            "close",
            "morph_gradient",
            "morph_tophat",
            "morph_blackhat",
            "fill_holes",
            "remove_small_objects",
            "remove_small_holes",
            "threshold",
            "threshold_at_1",
            "distance_transform",
            "distance_transform_and_thresh",
            "inrange_bin",
            "inrange"
        ],
        "endpoint": {
            "name": "Marker-Based Watershed",
            "abbv": "WSHD",
            "arity": 2,
            "args": 0,
            "kwargs": {
                "use_dt": false,
                "markers_distance": 21,
                "markers_area": null
            }
        },
        "mode": "default"
    }
}