{
    "dataset": {
        "name": "CIL",
        "label_name": "neuron",
        "indices": [
            47,
            49,
            69,
            61,
            63,
            46,
            87,
            85,
            4,
            0,
            76,
            29,
            30
        ]
    },
    "individual": {
        "sequence": "[[0, 0, 0, 0, 0], [0, 0, 0, 0, 0], [3, 1, 0, 208, 183], [16, 0, 1, 4, 196], [36, 1, 3, 204, 32], [22, 4, 3, 217, 175], [8, 2, 2, 231, 138], [6, 1, 6, 191, 228], [32, 1, 0, 66, 249], [33, 5, 6, 178, 6], [4, 0, 0, 20, 44], [40, 0, 9, 9, 227], [26, 4, 3, 12, 207], [40, 11, 0, 202, 184], [1, 11, 2, 90, 35], [21, 6, 14, 49, 11], [20, 6, 15, 237, 205], [29, 16, 8, 108, 252], [26, 1, 12, 78, 30], [15, 11, 16, 220, 82], [30, 19, 10, 193, 10], [31, 9, 19, 17, 202], [5, 19, 0, 206, 160], [19, 1, 1, 161, 189], [16, 5, 14, 183, 18], [36, 11, 22, 185, 238], [34, 16, 10, 207, 254], [16, 22, 16, 198, 149], [17, 16, 21, 243, 106], [22, 3, 18, 92, 35], [29, 12, 26, 199, 129], [24, 21, 18, 106, 245], [0, 14, 0, 0, 0], [0, 12, 0, 0, 0]]",
        "fitness": {
            "fitness": 0.08509816573216365,
            "time": 0.026293369439932015
        }
    },
    "decoding": {
        "metadata": {
            "rows": 1,
            "columns": 30,
            "n_in": 2,
            "n_out": 2,
            "n_para": 2,
            "n_conn": 2
        },
        "functions": [
            "max",
            "min",
            "mean",
            "add",
            "subtract",
            "bitwise_not",
            "bitwise_or",
            "bitwise_and",
            "bitwise_and_mask",
            "bitwise_xor",
            "sqrt",
            "pow2",
            "exp",
            "log",
            "median_blur",
            "gaussian_blur",
            "laplacian",
            "sobel",
            "robert_cross",
            "canny",
            "sharpen",
            "gabor",
            "abs_diff",
            "abs_diff2",
            "fluo_tophat",
            "rel_diff",
            "erode",
            "dilate",
            "open",
            "close",
            "morph_gradient",
            "morph_tophat",
            "morph_blackhat",
            "fill_holes",
            "remove_small_objects",
            "remove_small_holes",
            "threshold",
            "threshold_at_1",
            "distance_transform",
            "distance_transform_and_thresh",
            "inrange_bin",
            "inrange"
        ],
        "endpoint": {
            "name": "Marker-Based Watershed",
            "abbv": "WSHD",
            "arity": 2,
            "p": 0,
            "kwargs": {
                "use_dt": false,
                "markers_distance": 21,
                "markers_area": null
            }
        },
        "mode": "default"
    }
}