{
    "dataset": {
        "name": "CIL",
        "label_name": "neuron",
        "indices": [
            53,
            82,
            27,
            73
        ]
    },
    "individual": {
        "sequence": "[[0, 0, 0, 0, 0], [0, 0, 0, 0, 0], [20, 1, 1, 231, 112], [36, 2, 2, 103, 37], [3, 0, 3, 160, 140], [20, 4, 2, 40, 186], [11, 4, 5, 226, 50], [27, 4, 1, 79, 43], [25, 4, 3, 119, 212], [29, 3, 7, 165, 215], [18, 5, 9, 167, 194], [10, 10, 6, 167, 23], [33, 7, 4, 150, 23], [28, 4, 5, 236, 116], [20, 7, 12, 154, 180], [7, 9, 10, 31, 204], [18, 2, 12, 143, 70], [4, 13, 2, 148, 16], [25, 9, 11, 136, 68], [20, 15, 16, 149, 49], [15, 6, 6, 5, 83], [13, 16, 9, 212, 36], [34, 1, 12, 9, 76], [26, 12, 16, 149, 215], [6, 10, 3, 63, 161], [34, 3, 11, 26, 50], [33, 24, 25, 82, 143], [25, 3, 16, 242, 72], [17, 22, 16, 225, 92], [16, 19, 13, 141, 42], [26, 14, 5, 246, 33], [22, 5, 4, 211, 147], [0, 20, 0, 0, 0], [0, 25, 0, 0, 0]]",
        "fitness": {
            "fitness": 0.09621535241603851,
            "time": 0.019729554653167725
        }
    },
    "decoding": {
        "metadata": {
            "rows": 1,
            "columns": 30,
            "n_in": 2,
            "n_out": 2,
            "n_para": 2,
            "n_conn": 2
        },
        "functions": [
            "max",
            "min",
            "mean",
            "add",
            "subtract",
            "bitwise_not",
            "bitwise_or",
            "bitwise_and",
            "bitwise_and_mask",
            "bitwise_xor",
            "sqrt",
            "pow2",
            "exp",
            "log",
            "median_blur",
            "gaussian_blur",
            "laplacian",
            "sobel",
            "robert_cross",
            "canny",
            "sharpen",
            "gabor",
            "abs_diff",
            "abs_diff2",
            "fluo_tophat",
            "rel_diff",
            "erode",
            "dilate",
            "open",
            "close",
            "morph_gradient",
            "morph_tophat",
            "morph_blackhat",
            "fill_holes",
            "remove_small_objects",
            "remove_small_holes",
            "threshold",
            "threshold_at_1",
            "distance_transform",
            "distance_transform_and_thresh",
            "inrange_bin",
            "inrange"
        ],
        "endpoint": {
            "name": "W",
            "abbv": "WSHD",
            "arity": 2,
            "p": 0,
            "kwargs": {
                "use_dt": false,
                "markers_distance": 21,
                "markers_area": null
            }
        },
        "mode": "default"
    }
}