{
    "dataset": {
        "name": "CIL",
        "label_name": "neuron",
        "indices": [
            47,
            27,
            22,
            48,
            83,
            29,
            11,
            34,
            5,
            54,
            31,
            67,
            32,
            37,
            58,
            71,
            7,
            56,
            49,
            2,
            76,
            82,
            4,
            51,
            57
        ]
    },
    "individual": {
        "sequence": "[[0, 0, 0, 0, 0], [0, 0, 0, 0, 0], [31, 0, 1, 248, 171], [18, 2, 2, 224, 100], [14, 3, 2, 64, 166], [11, 0, 0, 231, 91], [19, 1, 3, 137, 54], [33, 5, 6, 88, 154], [8, 0, 3, 92, 240], [38, 1, 3, 252, 183], [0, 6, 9, 83, 60], [16, 6, 1, 114, 114], [14, 4, 2, 240, 186], [20, 2, 8, 206, 224], [1, 4, 11, 206, 107], [2, 13, 7, 124, 46], [23, 4, 15, 47, 191], [4, 16, 3, 29, 57], [29, 11, 1, 211, 204], [15, 7, 2, 160, 211], [10, 0, 1, 166, 91], [28, 8, 6, 123, 248], [38, 10, 21, 86, 112], [1, 7, 1, 31, 138], [6, 8, 23, 161, 30], [38, 23, 2, 5, 251], [23, 19, 8, 23, 167], [10, 8, 7, 23, 84], [10, 24, 14, 146, 149], [35, 19, 27, 219, 21], [5, 23, 10, 170, 142], [35, 18, 10, 218, 231], [0, 15, 0, 0, 0], [0, 14, 0, 0, 0]]",
        "fitness": {
            "fitness": 0.1445421838760376,
            "time": 0.04369597434997559
        }
    },
    "decoding": {
        "metadata": {
            "rows": 1,
            "columns": 30,
            "n_in": 2,
            "n_out": 2,
            "n_para": 2,
            "n_conn": 2
        },
        "functions": [
            "max",
            "min",
            "mean",
            "add",
            "subtract",
            "bitwise_not",
            "bitwise_or",
            "bitwise_and",
            "bitwise_and_mask",
            "bitwise_xor",
            "sqrt",
            "pow2",
            "exp",
            "log",
            "median_blur",
            "gaussian_blur",
            "laplacian",
            "sobel",
            "robert_cross",
            "canny",
            "sharpen",
            "gabor",
            "abs_diff",
            "abs_diff2",
            "fluo_tophat",
            "rel_diff",
            "erode",
            "dilate",
            "open",
            "close",
            "morph_gradient",
            "morph_tophat",
            "morph_blackhat",
            "fill_holes",
            "remove_small_objects",
            "remove_small_holes",
            "threshold",
            "threshold_at_1",
            "distance_transform",
            "distance_transform_and_thresh",
            "inrange_bin",
            "inrange"
        ],
        "endpoint": {
            "name": "W",
            "abbv": "WSHD",
            "arity": 2,
            "p": 0,
            "kwargs": {
                "use_dt": false,
                "markers_distance": 21,
                "markers_area": null
            }
        },
        "mode": "default"
    }
}