{
    "dataset": {
        "name": "4-Synapses",
        "label_name": "cell",
        "indices": null
    },
    "individual": {
        "sequence": "[[0, 0, 0, 0, 0], [0, 0, 0, 0, 0], [26, 1, 0, 84, 112], [2, 0, 2, 93, 143], [38, 3, 3, 98, 174], [5, 0, 2, 111, 1], [26, 0, 0, 74, 253], [3, 4, 5, 210, 84], [9, 2, 1, 146, 133], [40, 7, 1, 232, 93], [22, 8, 2, 54, 114], [21, 9, 3, 222, 122], [18, 1, 9, 110, 191], [12, 4, 2, 30, 236], [20, 13, 9, 150, 41], [5, 3, 10, 191, 154], [37, 11, 15, 220, 163], [19, 8, 13, 164, 237], [12, 17, 9, 31, 62], [2, 3, 1, 26, 234], [39, 17, 14, 176, 2], [9, 12, 14, 251, 30], [10, 4, 15, 111, 229], [8, 19, 8, 231, 130], [17, 11, 14, 119, 53], [30, 9, 13, 144, 15], [33, 13, 18, 22, 82], [24, 2, 12, 15, 18], [17, 6, 25, 240, 11], [2, 28, 14, 82, 109], [21, 26, 14, 239, 86], [39, 19, 2, 122, 51], [0, 23, 0, 0, 0], [0, 27, 0, 0, 0]]",
        "fitness": {
            "fitness": 0.26426540315151215,
            "time": 0.15500769019126892
        }
    },
    "decoding": {
        "metadata": {
            "rows": 1,
            "columns": 30,
            "n_in": 2,
            "n_out": 2,
            "n_para": 2,
            "n_conn": 2
        },
        "functions": [
            "max",
            "min",
            "mean",
            "add",
            "subtract",
            "bitwise_not",
            "bitwise_or",
            "bitwise_and",
            "bitwise_and_mask",
            "bitwise_xor",
            "sqrt",
            "pow2",
            "exp",
            "log",
            "median_blur",
            "gaussian_blur",
            "laplacian",
            "sobel",
            "robert_cross",
            "canny",
            "sharpen",
            "gabor",
            "abs_diff",
            "abs_diff2",
            "fluo_tophat",
            "rel_diff",
            "erode",
            "dilate",
            "open",
            "close",
            "morph_gradient",
            "morph_tophat",
            "morph_blackhat",
            "fill_holes",
            "remove_small_objects",
            "remove_small_holes",
            "threshold",
            "threshold_at_1",
            "distance_transform",
            "distance_transform_and_thresh",
            "inrange_bin",
            "inrange"
        ],
        "endpoint": {
            "name": "Marker-Based Watershed",
            "abbv": "WSHD",
            "arity": 2,
            "p": 0,
            "kwargs": {
                "use_dt": false,
                "markers_distance": 21,
                "markers_area": null
            }
        },
        "mode": "series",
        "stacker": {
            "name": "mean_stacker",
            "abbv": "MEAN",
            "arity": 2,
            "p": 0,
            "kwargs": {}
        }
    }
}