{
    "dataset": {
        "name": "CIL",
        "label_name": "neuron",
        "indices": [
            22,
            30,
            31,
            66,
            64,
            60,
            14
        ]
    },
    "individual": {
        "sequence": "[[0, 0, 0, 0, 0], [0, 0, 0, 0, 0], [15, 1, 0, 85, 56], [16, 0, 1, 95, 218], [26, 2, 1, 7, 40], [27, 4, 0, 96, 77], [17, 1, 2, 132, 77], [18, 5, 6, 187, 81], [24, 0, 4, 14, 141], [11, 3, 4, 22, 82], [13, 6, 1, 155, 37], [31, 0, 6, 156, 191], [2, 2, 1, 123, 95], [12, 1, 2, 231, 230], [22, 2, 13, 220, 72], [41, 8, 6, 109, 252], [36, 14, 13, 84, 76], [29, 2, 1, 23, 175], [31, 14, 1, 129, 236], [38, 6, 15, 1, 51], [31, 10, 9, 69, 217], [38, 15, 1, 159, 133], [37, 16, 1, 8, 118], [23, 8, 16, 138, 2], [35, 11, 13, 17, 132], [36, 0, 3, 242, 160], [29, 13, 24, 2, 49], [31, 25, 1, 92, 99], [11, 9, 12, 224, 182], [8, 9, 23, 54, 65], [33, 12, 22, 83, 133], [24, 9, 20, 224, 174], [0, 11, 0, 0, 0], [0, 16, 0, 0, 0]]",
        "fitness": {
            "fitness": 0.15484005212783813,
            "time": 0.03162217140197754
        }
    },
    "decoding": {
        "metadata": {
            "rows": 1,
            "columns": 30,
            "n_in": 2,
            "n_out": 2,
            "n_para": 2,
            "n_conn": 2
        },
        "functions": [
            "max",
            "min",
            "mean",
            "add",
            "subtract",
            "bitwise_not",
            "bitwise_or",
            "bitwise_and",
            "bitwise_and_mask",
            "bitwise_xor",
            "sqrt",
            "pow2",
            "exp",
            "log",
            "median_blur",
            "gaussian_blur",
            "laplacian",
            "sobel",
            "robert_cross",
            "canny",
            "sharpen",
            "gabor",
            "abs_diff",
            "abs_diff2",
            "fluo_tophat",
            "rel_diff",
            "erode",
            "dilate",
            "open",
            "close",
            "morph_gradient",
            "morph_tophat",
            "morph_blackhat",
            "fill_holes",
            "remove_small_objects",
            "remove_small_holes",
            "threshold",
            "threshold_at_1",
            "distance_transform",
            "distance_transform_and_thresh",
            "inrange_bin",
            "inrange"
        ],
        "endpoint": {
            "name": "W",
            "abbv": "WSHD",
            "arity": 2,
            "p": 0,
            "kwargs": {
                "use_dt": false,
                "markers_distance": 21,
                "markers_area": null
            }
        },
        "mode": "default"
    }
}