{
    "dataset": {
        "name": "CIL",
        "label_name": "neuron",
        "indices": [
            56,
            24,
            50,
            32,
            68,
            58,
            4,
            63,
            59,
            28
        ]
    },
    "individual": {
        "sequence": "[[0, 0, 0, 0, 0], [0, 0, 0, 0, 0], [3, 0, 0, 92, 8], [36, 1, 1, 128, 55], [4, 2, 0, 41, 183], [8, 3, 1, 37, 160], [7, 3, 4, 138, 200], [16, 6, 2, 43, 2], [16, 7, 4, 131, 175], [13, 8, 5, 125, 78], [3, 0, 9, 145, 41], [20, 9, 4, 201, 200], [24, 6, 9, 205, 220], [28, 10, 10, 241, 190], [4, 2, 9, 160, 196], [3, 8, 13, 218, 149], [2, 10, 2, 115, 37], [26, 6, 2, 76, 137], [20, 2, 13, 213, 195], [36, 4, 12, 3, 236], [15, 7, 17, 57, 109], [11, 18, 6, 90, 9], [2, 14, 10, 198, 239], [30, 11, 7, 89, 254], [2, 1, 5, 181, 117], [9, 10, 7, 160, 33], [22, 16, 6, 73, 77], [22, 7, 5, 145, 225], [0, 10, 22, 138, 77], [12, 14, 13, 56, 238], [17, 7, 18, 97, 47], [19, 13, 3, 120, 33], [0, 21, 0, 0, 0], [0, 8, 0, 0, 0]]",
        "fitness": {
            "fitness": 0.1594282329082489,
            "time": 0.024119806289672852
        }
    },
    "decoding": {
        "metadata": {
            "rows": 1,
            "columns": 30,
            "n_in": 2,
            "n_out": 2,
            "n_para": 2,
            "n_conn": 2
        },
        "functions": [
            "max",
            "min",
            "mean",
            "add",
            "subtract",
            "bitwise_not",
            "bitwise_or",
            "bitwise_and",
            "bitwise_and_mask",
            "bitwise_xor",
            "sqrt",
            "pow2",
            "exp",
            "log",
            "median_blur",
            "gaussian_blur",
            "laplacian",
            "sobel",
            "robert_cross",
            "canny",
            "sharpen",
            "gabor",
            "abs_diff",
            "abs_diff2",
            "fluo_tophat",
            "rel_diff",
            "erode",
            "dilate",
            "open",
            "close",
            "morph_gradient",
            "morph_tophat",
            "morph_blackhat",
            "fill_holes",
            "remove_small_objects",
            "remove_small_holes",
            "threshold",
            "threshold_at_1",
            "distance_transform",
            "distance_transform_and_thresh",
            "inrange_bin",
            "inrange"
        ],
        "endpoint": {
            "name": "W",
            "abbv": "WSHD",
            "arity": 2,
            "p": 0,
            "kwargs": {
                "use_dt": false,
                "markers_distance": 21,
                "markers_area": null
            }
        },
        "mode": "default"
    }
}