{
    "dataset": {
        "name": "CIL",
        "label_name": "neuron",
        "indices": [
            46,
            34,
            77,
            35,
            28,
            25,
            78,
            69,
            30,
            20,
            56,
            68
        ]
    },
    "individual": {
        "sequence": "[[0, 0, 0, 0, 0], [0, 0, 0, 0, 0], [36, 1, 0, 131, 31], [4, 2, 0, 143, 173], [2, 0, 2, 61, 158], [15, 4, 0, 230, 60], [26, 1, 4, 79, 238], [29, 6, 0, 20, 15], [36, 4, 5, 82, 104], [3, 5, 7, 99, 124], [31, 1, 7, 164, 101], [31, 4, 2, 238, 134], [5, 6, 2, 222, 210], [26, 10, 9, 121, 235], [34, 3, 10, 24, 83], [4, 6, 6, 221, 1], [27, 8, 11, 252, 44], [0, 7, 3, 32, 240], [24, 15, 4, 100, 111], [28, 17, 12, 169, 16], [8, 13, 6, 176, 159], [19, 5, 1, 154, 231], [13, 5, 11, 152, 172], [20, 4, 12, 172, 115], [41, 23, 16, 75, 173], [0, 20, 23, 104, 236], [2, 11, 8, 107, 225], [32, 23, 8, 130, 212], [1, 2, 26, 238, 62], [9, 15, 17, 8, 77], [9, 2, 7, 246, 83], [17, 28, 28, 186, 222], [0, 26, 0, 0, 0], [0, 14, 0, 0, 0]]",
        "fitness": {
            "fitness": 0.1471314678589503,
            "time": 0.027666866779327393
        }
    },
    "decoding": {
        "metadata": {
            "rows": 1,
            "columns": 30,
            "n_in": 2,
            "n_out": 2,
            "n_para": 2,
            "n_conn": 2
        },
        "functions": [
            "max",
            "min",
            "mean",
            "add",
            "subtract",
            "bitwise_not",
            "bitwise_or",
            "bitwise_and",
            "bitwise_and_mask",
            "bitwise_xor",
            "sqrt",
            "pow2",
            "exp",
            "log",
            "median_blur",
            "gaussian_blur",
            "laplacian",
            "sobel",
            "robert_cross",
            "canny",
            "sharpen",
            "gabor",
            "abs_diff",
            "abs_diff2",
            "fluo_tophat",
            "rel_diff",
            "erode",
            "dilate",
            "open",
            "close",
            "morph_gradient",
            "morph_tophat",
            "morph_blackhat",
            "fill_holes",
            "remove_small_objects",
            "remove_small_holes",
            "threshold",
            "threshold_at_1",
            "distance_transform",
            "distance_transform_and_thresh",
            "inrange_bin",
            "inrange"
        ],
        "endpoint": {
            "name": "Marker-Based Watershed",
            "abbv": "WSHD",
            "arity": 2,
            "p": 0,
            "kwargs": {
                "use_dt": false,
                "markers_distance": 21,
                "markers_area": null
            }
        },
        "mode": "default"
    }
}