{
    "dataset": {
        "name": "CIL",
        "label_name": "neuron",
        "indices": [
            88,
            76,
            39,
            32,
            38,
            2,
            47,
            27,
            28,
            68,
            79,
            5,
            34
        ]
    },
    "individual": {
        "sequence": "[[0, 0, 0, 0, 0], [0, 0, 0, 0, 0], [40, 1, 1, 35, 171], [1, 2, 2, 48, 148], [12, 0, 3, 225, 211], [8, 3, 3, 96, 77], [20, 4, 4, 164, 208], [13, 4, 2, 135, 31], [13, 0, 6, 90, 86], [6, 6, 8, 225, 206], [26, 8, 9, 9, 238], [19, 3, 4, 91, 229], [4, 0, 10, 73, 82], [0, 7, 3, 80, 135], [37, 9, 7, 165, 245], [26, 2, 6, 230, 243], [15, 5, 0, 168, 200], [30, 9, 3, 62, 238], [11, 6, 10, 188, 20], [14, 2, 10, 0, 67], [6, 12, 13, 175, 210], [25, 1, 0, 96, 5], [9, 17, 4, 195, 66], [21, 9, 15, 235, 224], [12, 14, 22, 187, 171], [20, 6, 15, 20, 23], [31, 13, 10, 210, 120], [24, 1, 9, 195, 93], [40, 9, 27, 117, 151], [30, 11, 1, 252, 84], [9, 16, 7, 249, 138], [2, 18, 13, 189, 70], [0, 31, 0, 0, 0], [0, 19, 0, 0, 0]]",
        "fitness": {
            "fitness": 0.12494916182297927,
            "time": 0.03697598897493803
        }
    },
    "decoding": {
        "metadata": {
            "rows": 1,
            "columns": 30,
            "n_in": 2,
            "n_out": 2,
            "n_para": 2,
            "n_conn": 2
        },
        "functions": [
            "max",
            "min",
            "mean",
            "add",
            "subtract",
            "bitwise_not",
            "bitwise_or",
            "bitwise_and",
            "bitwise_and_mask",
            "bitwise_xor",
            "sqrt",
            "pow2",
            "exp",
            "log",
            "median_blur",
            "gaussian_blur",
            "laplacian",
            "sobel",
            "robert_cross",
            "canny",
            "sharpen",
            "gabor",
            "abs_diff",
            "abs_diff2",
            "fluo_tophat",
            "rel_diff",
            "erode",
            "dilate",
            "open",
            "close",
            "morph_gradient",
            "morph_tophat",
            "morph_blackhat",
            "fill_holes",
            "remove_small_objects",
            "remove_small_holes",
            "threshold",
            "threshold_at_1",
            "distance_transform",
            "distance_transform_and_thresh",
            "inrange_bin",
            "inrange"
        ],
        "endpoint": {
            "name": "Marker-Based Watershed",
            "abbv": "WSHD",
            "arity": 2,
            "p": 0,
            "kwargs": {
                "use_dt": false,
                "markers_distance": 21,
                "markers_area": null
            }
        },
        "mode": "default"
    }
}