{
    "dataset": {
        "name": "CIL",
        "label_name": "neuron",
        "indices": [
            4,
            39,
            15,
            19,
            58,
            50,
            51,
            63,
            22,
            78,
            62,
            72,
            32,
            54,
            8
        ]
    },
    "individual": {
        "sequence": "[[0, 0, 0, 0, 0], [0, 0, 0, 0, 0], [2, 1, 0, 174, 182], [12, 0, 0, 180, 157], [1, 2, 0, 33, 230], [5, 4, 4, 159, 103], [15, 1, 4, 21, 235], [10, 6, 6, 240, 103], [12, 2, 1, 157, 163], [12, 4, 2, 33, 115], [38, 1, 5, 125, 139], [12, 5, 8, 239, 206], [16, 1, 8, 200, 90], [6, 12, 2, 186, 12], [13, 6, 7, 65, 143], [36, 6, 0, 7, 47], [28, 14, 0, 46, 131], [25, 9, 12, 99, 253], [35, 13, 6, 135, 128], [8, 8, 5, 190, 91], [25, 10, 15, 228, 40], [18, 1, 19, 164, 215], [30, 16, 9, 251, 27], [36, 9, 8, 134, 171], [37, 5, 18, 161, 69], [12, 14, 0, 142, 111], [25, 21, 0, 47, 96], [36, 9, 7, 212, 7], [27, 24, 7, 61, 175], [1, 3, 18, 29, 173], [20, 8, 2, 109, 126], [40, 25, 12, 89, 229], [0, 27, 0, 0, 0], [0, 15, 0, 0, 0]]",
        "fitness": {
            "fitness": 0.16168677409489948,
            "time": 0.02462011973063151
        }
    },
    "decoding": {
        "metadata": {
            "rows": 1,
            "columns": 30,
            "n_in": 2,
            "n_out": 2,
            "n_para": 2,
            "n_conn": 2
        },
        "functions": [
            "max",
            "min",
            "mean",
            "add",
            "subtract",
            "bitwise_not",
            "bitwise_or",
            "bitwise_and",
            "bitwise_and_mask",
            "bitwise_xor",
            "sqrt",
            "pow2",
            "exp",
            "log",
            "median_blur",
            "gaussian_blur",
            "laplacian",
            "sobel",
            "robert_cross",
            "canny",
            "sharpen",
            "gabor",
            "abs_diff",
            "abs_diff2",
            "fluo_tophat",
            "rel_diff",
            "erode",
            "dilate",
            "open",
            "close",
            "morph_gradient",
            "morph_tophat",
            "morph_blackhat",
            "fill_holes",
            "remove_small_objects",
            "remove_small_holes",
            "threshold",
            "threshold_at_1",
            "distance_transform",
            "distance_transform_and_thresh",
            "inrange_bin",
            "inrange"
        ],
        "endpoint": {
            "name": "W",
            "abbv": "WSHD",
            "arity": 2,
            "p": 0,
            "kwargs": {
                "use_dt": false,
                "markers_distance": 21,
                "markers_area": null
            }
        },
        "mode": "default"
    }
}