{
    "dataset": {
        "name": "CIL",
        "label_name": "neuron",
        "indices": [
            76,
            1,
            27,
            59,
            34,
            0,
            2,
            70,
            85,
            53,
            63,
            47,
            40,
            9,
            58,
            5,
            15,
            16,
            36,
            66,
            33,
            51,
            48,
            72,
            77,
            4,
            60,
            49,
            62,
            3,
            55,
            38,
            41,
            54,
            44,
            32,
            52,
            7,
            24,
            74,
            65,
            28,
            31,
            22,
            87,
            84,
            86,
            64,
            19,
            73
        ]
    },
    "individual": {
        "sequence": "[[0, 0, 0, 0, 0], [0, 0, 0, 0, 0], [31, 0, 0, 228, 194], [13, 0, 0, 64, 36], [1, 2, 3, 128, 39], [37, 4, 1, 249, 99], [26, 5, 5, 125, 228], [19, 1, 4, 79, 5], [30, 7, 2, 162, 70], [37, 5, 3, 156, 210], [14, 1, 6, 8, 117], [39, 9, 3, 215, 184], [37, 10, 9, 63, 29], [36, 10, 8, 226, 45], [1, 8, 13, 16, 100], [38, 2, 0, 113, 121], [28, 13, 0, 50, 108], [39, 14, 5, 154, 249], [10, 14, 5, 55, 189], [11, 5, 12, 161, 61], [9, 6, 12, 176, 83], [31, 6, 16, 131, 244], [4, 12, 1, 159, 9], [7, 10, 18, 186, 7], [38, 7, 0, 30, 23], [4, 22, 0, 173, 50], [6, 2, 11, 56, 247], [0, 18, 13, 19, 233], [9, 24, 7, 132, 217], [9, 19, 3, 49, 147], [38, 22, 27, 39, 55], [20, 30, 27, 200, 88], [0, 9, 0, 0, 0], [0, 14, 0, 0, 0]]",
        "fitness": {
            "fitness": 0.15562546849250794,
            "time": 0.03790368556976318
        }
    },
    "decoding": {
        "metadata": {
            "rows": 1,
            "columns": 30,
            "n_in": 2,
            "n_out": 2,
            "n_para": 2,
            "n_conn": 2
        },
        "functions": [
            "max",
            "min",
            "mean",
            "add",
            "subtract",
            "bitwise_not",
            "bitwise_or",
            "bitwise_and",
            "bitwise_and_mask",
            "bitwise_xor",
            "sqrt",
            "pow2",
            "exp",
            "log",
            "median_blur",
            "gaussian_blur",
            "laplacian",
            "sobel",
            "robert_cross",
            "canny",
            "sharpen",
            "gabor",
            "abs_diff",
            "abs_diff2",
            "fluo_tophat",
            "rel_diff",
            "erode",
            "dilate",
            "open",
            "close",
            "morph_gradient",
            "morph_tophat",
            "morph_blackhat",
            "fill_holes",
            "remove_small_objects",
            "remove_small_holes",
            "threshold",
            "threshold_at_1",
            "distance_transform",
            "distance_transform_and_thresh",
            "inrange_bin",
            "inrange"
        ],
        "endpoint": {
            "name": "W",
            "abbv": "WSHD",
            "arity": 2,
            "p": 0,
            "kwargs": {
                "use_dt": false,
                "markers_distance": 21,
                "markers_area": null
            }
        },
        "mode": "default"
    }
}