{
    "dataset": {
        "name": "CIL",
        "label_name": "neuron",
        "indices": [
            71,
            65,
            72,
            17,
            57,
            25,
            8,
            83,
            79,
            20,
            9,
            56,
            41,
            26,
            88,
            10,
            11,
            40,
            50,
            59,
            45,
            86,
            28,
            78,
            33,
            14,
            61,
            13,
            12,
            18,
            32,
            16,
            47,
            48,
            31,
            84,
            38,
            73,
            60,
            6,
            82,
            55,
            35,
            67,
            54,
            2,
            23,
            62,
            22,
            37,
            0,
            51,
            7,
            46,
            15,
            75,
            81,
            42,
            69,
            39
        ]
    },
    "individual": {
        "sequence": "[[0, 0, 0, 0, 0], [0, 0, 0, 0, 0], [13, 0, 1, 194, 147], [5, 1, 0, 124, 190], [31, 2, 3, 167, 217], [28, 3, 3, 212, 244], [29, 4, 5, 172, 134], [14, 1, 2, 16, 53], [32, 0, 1, 170, 88], [12, 2, 4, 32, 206], [22, 1, 2, 66, 57], [30, 6, 10, 154, 69], [1, 10, 7, 60, 37], [6, 12, 12, 164, 194], [4, 0, 1, 122, 99], [10, 9, 1, 138, 99], [36, 15, 3, 111, 229], [27, 11, 14, 203, 144], [19, 12, 6, 111, 5], [31, 12, 17, 94, 20], [28, 1, 11, 245, 251], [24, 9, 5, 81, 183], [38, 1, 20, 111, 238], [32, 2, 3, 250, 113], [33, 16, 12, 235, 200], [8, 10, 5, 193, 4], [24, 20, 17, 107, 134], [17, 9, 24, 155, 180], [1, 12, 26, 126, 48], [4, 5, 19, 39, 74], [14, 1, 8, 197, 131], [36, 13, 13, 40, 45], [0, 21, 0, 0, 0], [0, 31, 0, 0, 0]]",
        "fitness": {
            "fitness": 0.143772691488266,
            "time": 0.050234941641489665
        }
    },
    "decoding": {
        "metadata": {
            "rows": 1,
            "columns": 30,
            "n_in": 2,
            "n_out": 2,
            "n_para": 2,
            "n_conn": 2
        },
        "functions": [
            "max",
            "min",
            "mean",
            "add",
            "subtract",
            "bitwise_not",
            "bitwise_or",
            "bitwise_and",
            "bitwise_and_mask",
            "bitwise_xor",
            "sqrt",
            "pow2",
            "exp",
            "log",
            "median_blur",
            "gaussian_blur",
            "laplacian",
            "sobel",
            "robert_cross",
            "canny",
            "sharpen",
            "gabor",
            "abs_diff",
            "abs_diff2",
            "fluo_tophat",
            "rel_diff",
            "erode",
            "dilate",
            "open",
            "close",
            "morph_gradient",
            "morph_tophat",
            "morph_blackhat",
            "fill_holes",
            "remove_small_objects",
            "remove_small_holes",
            "threshold",
            "threshold_at_1",
            "distance_transform",
            "distance_transform_and_thresh",
            "inrange_bin",
            "inrange"
        ],
        "endpoint": {
            "name": "Marker-Based Watershed",
            "abbv": "WSHD",
            "arity": 2,
            "args": 0,
            "kwargs": {
                "use_dt": false,
                "markers_distance": 21,
                "markers_area": null
            }
        },
        "mode": "default"
    }
}