{
    "dataset": {
        "name": "Melanoma",
        "label_name": "melanoma",
        "indices": null
    },
    "individual": {
        "sequence": "[[0, 0, 0, 0, 0], [0, 0, 0, 0, 0], [0, 0, 0, 0, 0], [23, 0, 2, 252, 65], [36, 3, 3, 56, 121], [0, 4, 2, 183, 118], [18, 5, 3, 195, 224], [17, 4, 4, 203, 45], [21, 0, 4, 83, 168], [10, 6, 8, 43, 15], [19, 3, 6, 71, 110], [26, 6, 2, 153, 164], [26, 2, 11, 107, 211], [0, 11, 0, 249, 226], [33, 2, 5, 15, 205], [4, 14, 8, 30, 95], [9, 12, 10, 120, 61], [29, 11, 10, 12, 92], [23, 6, 6, 218, 119], [39, 17, 0, 215, 27], [32, 10, 4, 208, 122], [35, 4, 15, 135, 201], [31, 13, 17, 175, 158], [32, 22, 6, 112, 169], [18, 2, 1, 218, 145], [14, 5, 13, 20, 32], [23, 11, 18, 87, 63], [22, 1, 11, 50, 131], [39, 9, 22, 61, 210], [16, 15, 7, 10, 100], [32, 27, 1, 137, 65], [33, 6, 17, 12, 31], [34, 31, 24, 250, 55], [0, 32, 0, 0, 0]]",
        "fitness": {
            "fitness": 0.2492702752351761,
            "time": 0.0032178560892740884
        }
    },
    "decoding": {
        "metadata": {
            "rows": 1,
            "columns": 30,
            "n_in": 3,
            "n_out": 1,
            "n_para": 2,
            "n_conn": 2
        },
        "functions": [
            "max",
            "min",
            "mean",
            "add",
            "subtract",
            "bitwise_not",
            "bitwise_or",
            "bitwise_and",
            "bitwise_and_mask",
            "bitwise_xor",
            "sqrt",
            "pow2",
            "exp",
            "log",
            "median_blur",
            "gaussian_blur",
            "laplacian",
            "sobel",
            "robert_cross",
            "canny",
            "sharpen",
            "gabor",
            "abs_diff",
            "abs_diff2",
            "fluo_tophat",
            "rel_diff",
            "erode",
            "dilate",
            "open",
            "close",
            "morph_gradient",
            "morph_tophat",
            "morph_blackhat",
            "fill_holes",
            "remove_small_objects",
            "remove_small_holes",
            "threshold",
            "threshold_at_1",
            "distance_transform",
            "distance_transform_and_thresh",
            "inrange_bin",
            "inrange"
        ],
        "endpoint": {
            "name": "Labels",
            "abbv": "LABELS",
            "arity": 1,
            "args": 0,
            "kwargs": {
                "connectivity": 4
            }
        },
        "mode": "default"
    }
}