{
    "dataset": {
        "name": "CIL",
        "label_name": "neuron",
        "indices": [
            53,
            2,
            71,
            33,
            82,
            80,
            68,
            17,
            27,
            47,
            60,
            13,
            75,
            12,
            3,
            39,
            49,
            73,
            79,
            41,
            74,
            72,
            69,
            81,
            43,
            45,
            51,
            23,
            0,
            22,
            4,
            50,
            67,
            30,
            36,
            26,
            31,
            63,
            38,
            11,
            24,
            44,
            57,
            46,
            76,
            8,
            35,
            88,
            62,
            83,
            34,
            21,
            54,
            55,
            78,
            87,
            14,
            86,
            64,
            58,
            19,
            52,
            77,
            25,
            65,
            5,
            61,
            15,
            28,
            1
        ]
    },
    "individual": {
        "sequence": "[[0, 0, 0, 0, 0], [0, 0, 0, 0, 0], [31, 1, 0, 235, 205], [35, 0, 0, 193, 159], [31, 2, 1, 174, 109], [30, 4, 4, 22, 34], [41, 0, 3, 205, 11], [9, 2, 4, 106, 28], [15, 0, 5, 237, 184], [25, 7, 4, 182, 182], [5, 6, 9, 59, 124], [28, 2, 3, 16, 194], [16, 6, 7, 104, 136], [37, 5, 6, 86, 113], [40, 11, 1, 223, 25], [7, 2, 10, 245, 227], [7, 12, 5, 97, 204], [13, 16, 3, 41, 46], [39, 15, 14, 53, 212], [41, 7, 8, 28, 36], [18, 9, 1, 32, 135], [25, 12, 17, 218, 216], [18, 0, 3, 46, 159], [37, 9, 15, 192, 191], [22, 3, 0, 80, 239], [18, 24, 3, 204, 184], [25, 9, 15, 38, 223], [7, 21, 3, 17, 157], [2, 16, 6, 150, 198], [11, 7, 12, 120, 113], [25, 13, 20, 15, 152], [5, 22, 29, 151, 227], [0, 28, 0, 0, 0], [0, 14, 0, 0, 0]]",
        "fitness": {
            "fitness": 0.13417016693523953,
            "time": 0.03214983599526541
        }
    },
    "decoding": {
        "metadata": {
            "rows": 1,
            "columns": 30,
            "n_in": 2,
            "n_out": 2,
            "n_para": 2,
            "n_conn": 2
        },
        "functions": [
            "max",
            "min",
            "mean",
            "add",
            "subtract",
            "bitwise_not",
            "bitwise_or",
            "bitwise_and",
            "bitwise_and_mask",
            "bitwise_xor",
            "sqrt",
            "pow2",
            "exp",
            "log",
            "median_blur",
            "gaussian_blur",
            "laplacian",
            "sobel",
            "robert_cross",
            "canny",
            "sharpen",
            "gabor",
            "abs_diff",
            "abs_diff2",
            "fluo_tophat",
            "rel_diff",
            "erode",
            "dilate",
            "open",
            "close",
            "morph_gradient",
            "morph_tophat",
            "morph_blackhat",
            "fill_holes",
            "remove_small_objects",
            "remove_small_holes",
            "threshold",
            "threshold_at_1",
            "distance_transform",
            "distance_transform_and_thresh",
            "inrange_bin",
            "inrange"
        ],
        "endpoint": {
            "name": "Marker-Based Watershed",
            "abbv": "WSHD",
            "arity": 2,
            "args": 0,
            "kwargs": {
                "use_dt": false,
                "markers_distance": 21,
                "markers_area": null
            }
        },
        "mode": "default"
    }
}