{
    "dataset": {
        "name": "CIL",
        "label_name": "neuron",
        "indices": [
            52,
            74,
            23,
            50,
            62,
            48,
            60,
            0,
            61,
            33,
            46,
            26,
            30,
            83,
            41
        ]
    },
    "individual": {
        "sequence": "[[0, 0, 0, 0, 0], [0, 0, 0, 0, 0], [2, 1, 0, 174, 196], [3, 2, 2, 64, 110], [4, 3, 1, 53, 44], [19, 1, 2, 145, 54], [33, 0, 0, 136, 126], [3, 4, 0, 142, 93], [0, 3, 2, 123, 227], [7, 7, 7, 106, 178], [28, 4, 3, 176, 246], [40, 8, 3, 57, 0], [3, 11, 9, 53, 176], [20, 11, 11, 46, 43], [30, 7, 9, 158, 191], [24, 8, 5, 102, 199], [11, 7, 13, 182, 78], [6, 1, 16, 101, 19], [24, 4, 16, 41, 191], [11, 17, 9, 51, 144], [1, 12, 18, 203, 129], [12, 20, 12, 178, 231], [33, 5, 16, 248, 157], [13, 22, 17, 190, 198], [17, 20, 20, 86, 125], [33, 15, 21, 245, 125], [34, 1, 0, 216, 193], [30, 12, 11, 180, 143], [6, 16, 21, 58, 166], [21, 22, 6, 79, 63], [18, 22, 9, 96, 127], [28, 25, 10, 8, 204], [0, 16, 0, 0, 0], [0, 30, 0, 0, 0]]",
        "fitness": {
            "fitness": 0.1794926961263021,
            "time": 0.027672576904296874
        }
    },
    "decoding": {
        "metadata": {
            "rows": 1,
            "columns": 30,
            "n_in": 2,
            "n_out": 2,
            "n_para": 2,
            "n_conn": 2
        },
        "functions": [
            "max",
            "min",
            "mean",
            "add",
            "subtract",
            "bitwise_not",
            "bitwise_or",
            "bitwise_and",
            "bitwise_and_mask",
            "bitwise_xor",
            "sqrt",
            "pow2",
            "exp",
            "log",
            "median_blur",
            "gaussian_blur",
            "laplacian",
            "sobel",
            "robert_cross",
            "canny",
            "sharpen",
            "gabor",
            "abs_diff",
            "abs_diff2",
            "fluo_tophat",
            "rel_diff",
            "erode",
            "dilate",
            "open",
            "close",
            "morph_gradient",
            "morph_tophat",
            "morph_blackhat",
            "fill_holes",
            "remove_small_objects",
            "remove_small_holes",
            "threshold",
            "threshold_at_1",
            "distance_transform",
            "distance_transform_and_thresh",
            "inrange_bin",
            "inrange"
        ],
        "endpoint": {
            "name": "W",
            "abbv": "WSHD",
            "arity": 2,
            "p": 0,
            "kwargs": {
                "use_dt": false,
                "markers_distance": 21,
                "markers_area": null
            }
        },
        "mode": "default"
    }
}