{
    "dataset": {
        "name": "Tumor",
        "label_name": "tumor",
        "indices": null
    },
    "individual": {
        "sequence": "[[0, 0, 0, 0, 0], [0, 0, 0, 0, 0], [0, 0, 0, 0, 0], [2, 0, 1, 145, 180], [4, 1, 3, 46, 162], [27, 0, 4, 91, 105], [13, 3, 5, 227, 39], [40, 2, 6, 220, 82], [15, 7, 6, 58, 133], [8, 8, 4, 197, 71], [31, 6, 5, 13, 104], [2, 10, 7, 139, 211], [33, 4, 10, 215, 148], [22, 12, 0, 243, 251], [37, 0, 1, 177, 121], [7, 1, 9, 27, 86], [8, 14, 10, 94, 209], [27, 4, 3, 65, 209], [29, 12, 16, 130, 71], [25, 1, 9, 194, 45], [21, 10, 18, 223, 178], [27, 7, 8, 30, 140], [37, 9, 10, 98, 189], [29, 15, 10, 171, 68], [18, 4, 1, 128, 232], [22, 4, 10, 227, 196], [25, 3, 16, 233, 58], [2, 4, 16, 96, 231], [3, 8, 22, 106, 242], [10, 0, 28, 169, 67], [32, 27, 5, 52, 127], [9, 17, 26, 200, 98], [12, 7, 8, 235, 58], [0, 23, 0, 0, 0]]",
        "fitness": {
            "fitness": 0.1680616321397175,
            "time": 0.021816154321034748
        }
    },
    "decoding": {
        "metadata": {
            "rows": 1,
            "columns": 30,
            "n_in": 3,
            "n_out": 1,
            "n_para": 2,
            "n_conn": 2
        },
        "functions": [
            "max",
            "min",
            "mean",
            "add",
            "subtract",
            "bitwise_not",
            "bitwise_or",
            "bitwise_and",
            "bitwise_and_mask",
            "bitwise_xor",
            "sqrt",
            "pow2",
            "exp",
            "log",
            "median_blur",
            "gaussian_blur",
            "laplacian",
            "sobel",
            "robert_cross",
            "canny",
            "sharpen",
            "gabor",
            "abs_diff",
            "abs_diff2",
            "fluo_tophat",
            "rel_diff",
            "erode",
            "dilate",
            "open",
            "close",
            "morph_gradient",
            "morph_tophat",
            "morph_blackhat",
            "fill_holes",
            "remove_small_objects",
            "remove_small_holes",
            "threshold",
            "threshold_at_1",
            "distance_transform",
            "distance_transform_and_thresh",
            "inrange_bin",
            "inrange"
        ],
        "endpoint": {
            "name": "Threshold (t=4)",
            "abbv": "TRSH",
            "arity": 1,
            "p": 0,
            "kwargs": {
                "threshold": 4
            }
        },
        "mode": "default"
    }
}