{
    "dataset": {
        "name": "CIL",
        "label_name": "neuron",
        "indices": [
            77,
            50,
            28,
            11,
            2,
            4,
            6,
            63,
            74,
            45,
            14,
            78,
            83,
            9
        ]
    },
    "individual": {
        "sequence": "[[0, 0, 0, 0, 0], [0, 0, 0, 0, 0], [23, 1, 1, 151, 122], [35, 2, 2, 0, 199], [0, 3, 2, 13, 22], [6, 3, 3, 217, 151], [36, 3, 2, 227, 104], [9, 5, 1, 139, 131], [8, 7, 3, 150, 58], [14, 7, 7, 18, 225], [1, 3, 6, 69, 6], [40, 7, 7, 124, 245], [12, 6, 1, 103, 148], [41, 6, 1, 198, 4], [12, 13, 4, 111, 1], [22, 8, 1, 137, 105], [8, 13, 11, 212, 72], [12, 0, 1, 6, 52], [12, 4, 12, 24, 159], [29, 11, 9, 168, 140], [13, 11, 9, 98, 38], [36, 17, 11, 216, 7], [23, 10, 3, 161, 24], [1, 13, 18, 27, 185], [24, 21, 21, 67, 115], [6, 4, 11, 242, 15], [41, 9, 2, 248, 49], [10, 26, 0, 199, 157], [1, 5, 1, 207, 145], [10, 2, 15, 138, 38], [27, 28, 16, 84, 106], [17, 28, 27, 16, 19], [0, 21, 0, 0, 0], [0, 26, 0, 0, 0]]",
        "fitness": {
            "fitness": 0.14165409973689488,
            "time": 0.03480151721409389
        }
    },
    "decoding": {
        "metadata": {
            "rows": 1,
            "columns": 30,
            "n_in": 2,
            "n_out": 2,
            "n_para": 2,
            "n_conn": 2
        },
        "functions": [
            "max",
            "min",
            "mean",
            "add",
            "subtract",
            "bitwise_not",
            "bitwise_or",
            "bitwise_and",
            "bitwise_and_mask",
            "bitwise_xor",
            "sqrt",
            "pow2",
            "exp",
            "log",
            "median_blur",
            "gaussian_blur",
            "laplacian",
            "sobel",
            "robert_cross",
            "canny",
            "sharpen",
            "gabor",
            "abs_diff",
            "abs_diff2",
            "fluo_tophat",
            "rel_diff",
            "erode",
            "dilate",
            "open",
            "close",
            "morph_gradient",
            "morph_tophat",
            "morph_blackhat",
            "fill_holes",
            "remove_small_objects",
            "remove_small_holes",
            "threshold",
            "threshold_at_1",
            "distance_transform",
            "distance_transform_and_thresh",
            "inrange_bin",
            "inrange"
        ],
        "endpoint": {
            "name": "Marker-Based Watershed",
            "abbv": "WSHD",
            "arity": 2,
            "p": 0,
            "kwargs": {
                "use_dt": false,
                "markers_distance": 21,
                "markers_area": null
            }
        },
        "mode": "default"
    }
}