{
    "dataset": {
        "name": "CIL",
        "label_name": "neuron",
        "indices": [
            20,
            10,
            28,
            22,
            65,
            9,
            66,
            1,
            86,
            5,
            84,
            40,
            69,
            56,
            39,
            42,
            4,
            54,
            59,
            68,
            14,
            80,
            35,
            29,
            33,
            37,
            21,
            83,
            12,
            31,
            67,
            46,
            41,
            38,
            78,
            19,
            75,
            58,
            52,
            24,
            7,
            43,
            11,
            76,
            47,
            15,
            71,
            34,
            60,
            27,
            73,
            55,
            57,
            44,
            26,
            0,
            48,
            6,
            25,
            85
        ]
    },
    "individual": {
        "sequence": "[[0, 0, 0, 0, 0], [0, 0, 0, 0, 0], [26, 1, 1, 9, 231], [6, 1, 0, 169, 37], [12, 0, 1, 68, 48], [41, 4, 3, 9, 236], [32, 2, 0, 173, 127], [29, 5, 1, 4, 58], [8, 3, 7, 105, 85], [16, 1, 7, 94, 17], [18, 1, 2, 80, 101], [27, 0, 1, 124, 19], [5, 10, 3, 167, 210], [7, 11, 1, 88, 203], [9, 8, 8, 93, 247], [33, 12, 0, 216, 209], [13, 11, 6, 125, 164], [40, 15, 13, 250, 164], [10, 5, 6, 204, 205], [5, 8, 2, 60, 138], [0, 6, 4, 14, 221], [15, 7, 18, 198, 48], [14, 15, 14, 143, 112], [6, 5, 19, 150, 230], [36, 2, 7, 0, 36], [16, 24, 1, 133, 33], [17, 5, 13, 75, 218], [16, 25, 25, 21, 246], [12, 25, 18, 158, 1], [16, 23, 6, 198, 13], [2, 7, 11, 85, 32], [3, 7, 29, 147, 15], [0, 8, 0, 0, 0], [0, 27, 0, 0, 0]]",
        "fitness": {
            "fitness": 0.14940817256768543,
            "time": 0.033340760072072345
        }
    },
    "decoding": {
        "metadata": {
            "rows": 1,
            "columns": 30,
            "n_in": 2,
            "n_out": 2,
            "n_para": 2,
            "n_conn": 2
        },
        "functions": [
            "max",
            "min",
            "mean",
            "add",
            "subtract",
            "bitwise_not",
            "bitwise_or",
            "bitwise_and",
            "bitwise_and_mask",
            "bitwise_xor",
            "sqrt",
            "pow2",
            "exp",
            "log",
            "median_blur",
            "gaussian_blur",
            "laplacian",
            "sobel",
            "robert_cross",
            "canny",
            "sharpen",
            "gabor",
            "abs_diff",
            "abs_diff2",
            "fluo_tophat",
            "rel_diff",
            "erode",
            "dilate",
            "open",
            "close",
            "morph_gradient",
            "morph_tophat",
            "morph_blackhat",
            "fill_holes",
            "remove_small_objects",
            "remove_small_holes",
            "threshold",
            "threshold_at_1",
            "distance_transform",
            "distance_transform_and_thresh",
            "inrange_bin",
            "inrange"
        ],
        "endpoint": {
            "name": "Marker-Based Watershed",
            "abbv": "WSHD",
            "arity": 2,
            "args": 0,
            "kwargs": {
                "use_dt": false,
                "markers_distance": 21,
                "markers_area": null
            }
        },
        "mode": "default"
    }
}