{
    "dataset": {
        "name": "CIL",
        "label_name": "neuron",
        "indices": [
            62,
            53,
            15,
            24,
            52,
            76,
            19,
            54,
            72,
            82,
            29,
            39,
            71,
            35,
            20,
            0,
            21,
            18,
            31,
            51,
            17,
            87,
            8,
            48,
            79,
            73,
            27,
            14,
            22,
            50
        ]
    },
    "individual": {
        "sequence": "[[0, 0, 0, 0, 0], [0, 0, 0, 0, 0], [9, 0, 1, 247, 208], [18, 0, 0, 249, 36], [35, 0, 3, 132, 217], [36, 3, 0, 174, 231], [31, 1, 0, 222, 134], [3, 0, 6, 236, 31], [36, 1, 7, 4, 48], [31, 2, 1, 186, 23], [35, 8, 7, 215, 251], [36, 7, 3, 187, 11], [10, 10, 8, 123, 56], [18, 11, 10, 54, 83], [16, 4, 4, 107, 230], [22, 13, 14, 238, 193], [40, 10, 6, 170, 86], [28, 10, 7, 10, 137], [13, 3, 5, 205, 147], [2, 15, 17, 196, 59], [5, 7, 18, 141, 33], [5, 3, 20, 148, 48], [18, 9, 1, 62, 143], [1, 12, 20, 175, 128], [25, 18, 11, 43, 177], [10, 7, 11, 48, 39], [10, 1, 19, 75, 174], [9, 8, 19, 52, 146], [27, 17, 18, 35, 76], [21, 25, 17, 52, 113], [25, 18, 11, 64, 93], [24, 11, 30, 88, 224], [0, 11, 0, 0, 0], [0, 17, 0, 0, 0]]",
        "fitness": {
            "fitness": 0.12042525808016459,
            "time": 0.032021005948384605
        }
    },
    "decoding": {
        "metadata": {
            "rows": 1,
            "columns": 30,
            "n_in": 2,
            "n_out": 2,
            "n_para": 2,
            "n_conn": 2
        },
        "functions": [
            "max",
            "min",
            "mean",
            "add",
            "subtract",
            "bitwise_not",
            "bitwise_or",
            "bitwise_and",
            "bitwise_and_mask",
            "bitwise_xor",
            "sqrt",
            "pow2",
            "exp",
            "log",
            "median_blur",
            "gaussian_blur",
            "laplacian",
            "sobel",
            "robert_cross",
            "canny",
            "sharpen",
            "gabor",
            "abs_diff",
            "abs_diff2",
            "fluo_tophat",
            "rel_diff",
            "erode",
            "dilate",
            "open",
            "close",
            "morph_gradient",
            "morph_tophat",
            "morph_blackhat",
            "fill_holes",
            "remove_small_objects",
            "remove_small_holes",
            "threshold",
            "threshold_at_1",
            "distance_transform",
            "distance_transform_and_thresh",
            "inrange_bin",
            "inrange"
        ],
        "endpoint": {
            "name": "Marker-Based Watershed",
            "abbv": "WSHD",
            "arity": 2,
            "args": 0,
            "kwargs": {
                "use_dt": false,
                "markers_distance": 21,
                "markers_area": null
            }
        },
        "mode": "default"
    }
}