{
    "dataset": {
        "name": "CIL",
        "label_name": "neuron",
        "indices": [
            19,
            63,
            41,
            56,
            14,
            71,
            45,
            64,
            0,
            34
        ]
    },
    "individual": {
        "sequence": "[[0, 0, 0, 0, 0], [0, 0, 0, 0, 0], [41, 1, 0, 46, 214], [1, 1, 0, 96, 165], [40, 1, 0, 83, 179], [3, 0, 3, 88, 123], [33, 2, 0, 140, 201], [28, 6, 3, 10, 141], [9, 5, 4, 83, 209], [7, 7, 4, 3, 98], [11, 5, 6, 191, 203], [14, 5, 4, 85, 91], [5, 4, 8, 162, 12], [21, 5, 0, 104, 86], [24, 8, 4, 25, 196], [1, 10, 14, 233, 17], [29, 12, 9, 224, 245], [34, 2, 9, 184, 44], [6, 7, 12, 18, 138], [3, 7, 4, 195, 39], [25, 11, 11, 180, 88], [36, 0, 6, 245, 97], [5, 1, 13, 39, 129], [36, 14, 2, 204, 11], [10, 15, 12, 250, 70], [36, 24, 24, 221, 46], [28, 21, 23, 236, 144], [35, 5, 22, 40, 190], [2, 15, 2, 184, 42], [23, 28, 2, 92, 147], [10, 20, 15, 135, 241], [35, 2, 6, 184, 104], [0, 15, 0, 0, 0], [0, 19, 0, 0, 0]]",
        "fitness": {
            "fitness": 0.0876117467880249,
            "time": 0.04500434398651123
        }
    },
    "decoding": {
        "metadata": {
            "rows": 1,
            "columns": 30,
            "n_in": 2,
            "n_out": 2,
            "n_para": 2,
            "n_conn": 2
        },
        "functions": [
            "max",
            "min",
            "mean",
            "add",
            "subtract",
            "bitwise_not",
            "bitwise_or",
            "bitwise_and",
            "bitwise_and_mask",
            "bitwise_xor",
            "sqrt",
            "pow2",
            "exp",
            "log",
            "median_blur",
            "gaussian_blur",
            "laplacian",
            "sobel",
            "robert_cross",
            "canny",
            "sharpen",
            "gabor",
            "abs_diff",
            "abs_diff2",
            "fluo_tophat",
            "rel_diff",
            "erode",
            "dilate",
            "open",
            "close",
            "morph_gradient",
            "morph_tophat",
            "morph_blackhat",
            "fill_holes",
            "remove_small_objects",
            "remove_small_holes",
            "threshold",
            "threshold_at_1",
            "distance_transform",
            "distance_transform_and_thresh",
            "inrange_bin",
            "inrange"
        ],
        "endpoint": {
            "name": "W",
            "abbv": "WSHD",
            "arity": 2,
            "p": 0,
            "kwargs": {
                "use_dt": false,
                "markers_distance": 21,
                "markers_area": null
            }
        },
        "mode": "default"
    }
}