{
    "dataset": {
        "name": "CIL",
        "label_name": "neuron",
        "indices": [
            0,
            26,
            42,
            62,
            80,
            35,
            81,
            4,
            39,
            29,
            21,
            12,
            63,
            70,
            87,
            16,
            57,
            83,
            15,
            11,
            75,
            50,
            72,
            33,
            55,
            34,
            78,
            73,
            31,
            22,
            18,
            54,
            88,
            53,
            76,
            52,
            77,
            17,
            19,
            58,
            86,
            32,
            74,
            41,
            1,
            13,
            24,
            59,
            44,
            47,
            79,
            37,
            85,
            49,
            5,
            66,
            84,
            36,
            56,
            7
        ]
    },
    "individual": {
        "sequence": "[[0, 0, 0, 0, 0], [0, 0, 0, 0, 0], [11, 0, 0, 221, 116], [15, 2, 0, 113, 159], [41, 1, 1, 168, 57], [13, 3, 2, 199, 103], [16, 2, 1, 39, 42], [1, 6, 6, 77, 49], [33, 7, 3, 153, 205], [31, 2, 5, 51, 114], [7, 9, 1, 137, 190], [20, 4, 2, 146, 140], [20, 7, 9, 220, 189], [37, 5, 0, 242, 204], [7, 2, 12, 211, 99], [28, 1, 1, 10, 91], [35, 10, 15, 55, 212], [2, 4, 13, 50, 113], [21, 5, 16, 43, 214], [37, 1, 18, 234, 161], [23, 5, 6, 198, 59], [30, 14, 5, 14, 8], [31, 15, 11, 254, 15], [33, 3, 11, 113, 2], [10, 21, 15, 57, 73], [0, 20, 22, 235, 203], [32, 15, 19, 217, 159], [11, 22, 24, 21, 124], [6, 27, 21, 211, 129], [5, 13, 6, 145, 187], [40, 15, 14, 142, 47], [36, 17, 21, 93, 237], [0, 28, 0, 0, 0], [0, 30, 0, 0, 0]]",
        "fitness": {
            "fitness": 0.1546618551015854,
            "time": 0.03617859681447347
        }
    },
    "decoding": {
        "metadata": {
            "rows": 1,
            "columns": 30,
            "n_in": 2,
            "n_out": 2,
            "n_para": 2,
            "n_conn": 2
        },
        "functions": [
            "max",
            "min",
            "mean",
            "add",
            "subtract",
            "bitwise_not",
            "bitwise_or",
            "bitwise_and",
            "bitwise_and_mask",
            "bitwise_xor",
            "sqrt",
            "pow2",
            "exp",
            "log",
            "median_blur",
            "gaussian_blur",
            "laplacian",
            "sobel",
            "robert_cross",
            "canny",
            "sharpen",
            "gabor",
            "abs_diff",
            "abs_diff2",
            "fluo_tophat",
            "rel_diff",
            "erode",
            "dilate",
            "open",
            "close",
            "morph_gradient",
            "morph_tophat",
            "morph_blackhat",
            "fill_holes",
            "remove_small_objects",
            "remove_small_holes",
            "threshold",
            "threshold_at_1",
            "distance_transform",
            "distance_transform_and_thresh",
            "inrange_bin",
            "inrange"
        ],
        "endpoint": {
            "name": "Marker-Based Watershed",
            "abbv": "WSHD",
            "arity": 2,
            "args": 0,
            "kwargs": {
                "use_dt": false,
                "markers_distance": 21,
                "markers_area": null
            }
        },
        "mode": "default"
    }
}