{
    "dataset": {
        "name": "CIL",
        "label_name": "neuron",
        "indices": [
            4,
            76,
            10,
            64,
            87,
            0,
            86,
            12,
            20,
            42,
            63,
            25,
            14,
            26,
            29,
            34,
            48,
            11,
            65,
            74,
            41,
            80,
            83,
            72,
            2,
            8,
            37,
            33,
            61,
            46,
            51,
            78,
            57,
            38,
            79,
            19,
            44,
            6,
            28,
            35
        ]
    },
    "individual": {
        "sequence": "[[0, 0, 0, 0, 0], [0, 0, 0, 0, 0], [26, 1, 1, 140, 200], [35, 0, 1, 217, 162], [41, 0, 1, 195, 10], [0, 4, 2, 131, 53], [39, 4, 5, 17, 119], [32, 1, 1, 106, 70], [10, 5, 3, 204, 40], [18, 2, 7, 108, 134], [2, 7, 6, 67, 245], [15, 1, 4, 5, 217], [31, 10, 0, 53, 50], [40, 5, 1, 25, 79], [36, 11, 12, 26, 40], [11, 7, 6, 102, 77], [12, 1, 10, 250, 204], [3, 9, 2, 154, 19], [37, 11, 14, 79, 232], [19, 16, 1, 48, 200], [16, 18, 16, 156, 231], [0, 11, 2, 198, 110], [35, 21, 15, 183, 253], [6, 4, 19, 194, 86], [12, 21, 12, 8, 207], [40, 21, 8, 109, 156], [27, 12, 24, 84, 128], [4, 20, 0, 106, 152], [1, 24, 8, 123, 156], [8, 23, 9, 169, 240], [11, 14, 9, 227, 59], [14, 23, 27, 113, 143], [0, 23, 0, 0, 0], [0, 14, 0, 0, 0]]",
        "fitness": {
            "fitness": 0.14174344688653945,
            "time": 0.03237677216529846
        }
    },
    "decoding": {
        "metadata": {
            "rows": 1,
            "columns": 30,
            "n_in": 2,
            "n_out": 2,
            "n_para": 2,
            "n_conn": 2
        },
        "functions": [
            "max",
            "min",
            "mean",
            "add",
            "subtract",
            "bitwise_not",
            "bitwise_or",
            "bitwise_and",
            "bitwise_and_mask",
            "bitwise_xor",
            "sqrt",
            "pow2",
            "exp",
            "log",
            "median_blur",
            "gaussian_blur",
            "laplacian",
            "sobel",
            "robert_cross",
            "canny",
            "sharpen",
            "gabor",
            "abs_diff",
            "abs_diff2",
            "fluo_tophat",
            "rel_diff",
            "erode",
            "dilate",
            "open",
            "close",
            "morph_gradient",
            "morph_tophat",
            "morph_blackhat",
            "fill_holes",
            "remove_small_objects",
            "remove_small_holes",
            "threshold",
            "threshold_at_1",
            "distance_transform",
            "distance_transform_and_thresh",
            "inrange_bin",
            "inrange"
        ],
        "endpoint": {
            "name": "Marker-Based Watershed",
            "abbv": "WSHD",
            "arity": 2,
            "args": 0,
            "kwargs": {
                "use_dt": false,
                "markers_distance": 21,
                "markers_area": null
            }
        },
        "mode": "default"
    }
}