{
    "dataset": {
        "name": "CIL",
        "label_name": "neuron",
        "indices": [
            58,
            6,
            51,
            47,
            76,
            53,
            9,
            54,
            24,
            61,
            49,
            23,
            70,
            73,
            20
        ]
    },
    "individual": {
        "sequence": "[[0, 0, 0, 0, 0], [0, 0, 0, 0, 0], [41, 1, 1, 44, 193], [18, 0, 0, 39, 71], [4, 2, 0, 182, 200], [19, 4, 2, 75, 102], [20, 2, 5, 124, 201], [20, 0, 0, 189, 51], [20, 0, 0, 179, 134], [30, 3, 7, 68, 219], [22, 8, 6, 234, 148], [6, 5, 7, 58, 6], [11, 9, 11, 163, 64], [41, 7, 9, 180, 49], [13, 10, 3, 227, 208], [11, 5, 11, 122, 174], [11, 11, 14, 175, 86], [8, 2, 8, 152, 150], [40, 3, 14, 93, 111], [21, 4, 3, 16, 230], [32, 11, 8, 89, 15], [15, 16, 20, 7, 28], [8, 14, 9, 123, 130], [6, 17, 6, 181, 199], [8, 19, 8, 187, 187], [9, 19, 14, 139, 58], [24, 6, 3, 217, 60], [37, 18, 19, 57, 127], [5, 9, 0, 149, 157], [29, 17, 8, 60, 81], [3, 15, 8, 127, 195], [14, 17, 30, 32, 85], [0, 21, 0, 0, 0], [0, 31, 0, 0, 0]]",
        "fitness": {
            "fitness": 0.1483845313390096,
            "time": 0.03166357676188151
        }
    },
    "decoding": {
        "metadata": {
            "rows": 1,
            "columns": 30,
            "n_in": 2,
            "n_out": 2,
            "n_para": 2,
            "n_conn": 2
        },
        "functions": [
            "max",
            "min",
            "mean",
            "add",
            "subtract",
            "bitwise_not",
            "bitwise_or",
            "bitwise_and",
            "bitwise_and_mask",
            "bitwise_xor",
            "sqrt",
            "pow2",
            "exp",
            "log",
            "median_blur",
            "gaussian_blur",
            "laplacian",
            "sobel",
            "robert_cross",
            "canny",
            "sharpen",
            "gabor",
            "abs_diff",
            "abs_diff2",
            "fluo_tophat",
            "rel_diff",
            "erode",
            "dilate",
            "open",
            "close",
            "morph_gradient",
            "morph_tophat",
            "morph_blackhat",
            "fill_holes",
            "remove_small_objects",
            "remove_small_holes",
            "threshold",
            "threshold_at_1",
            "distance_transform",
            "distance_transform_and_thresh",
            "inrange_bin",
            "inrange"
        ],
        "endpoint": {
            "name": "W",
            "abbv": "WSHD",
            "arity": 2,
            "p": 0,
            "kwargs": {
                "use_dt": false,
                "markers_distance": 21,
                "markers_area": null
            }
        },
        "mode": "default"
    }
}