{
    "dataset": {
        "name": "CIL",
        "label_name": "neuron",
        "indices": [
            57,
            73,
            44,
            61,
            50
        ]
    },
    "individual": {
        "sequence": "[[0, 0, 0, 0, 0], [0, 0, 0, 0, 0], [1, 0, 1, 17, 231], [15, 0, 2, 145, 72], [2, 1, 2, 184, 190], [13, 4, 1, 3, 199], [1, 2, 2, 93, 144], [41, 4, 4, 121, 11], [19, 3, 2, 238, 98], [3, 4, 0, 190, 1], [25, 5, 4, 38, 6], [25, 3, 10, 111, 95], [11, 9, 6, 145, 168], [38, 9, 12, 201, 62], [19, 8, 9, 76, 109], [32, 5, 7, 24, 77], [2, 13, 13, 45, 227], [28, 1, 4, 39, 156], [0, 4, 16, 108, 5], [6, 7, 8, 122, 13], [5, 10, 10, 84, 148], [0, 14, 2, 115, 63], [27, 5, 6, 181, 145], [16, 15, 10, 227, 180], [31, 11, 19, 127, 151], [38, 11, 12, 77, 16], [15, 15, 17, 89, 131], [39, 1, 18, 150, 226], [22, 13, 3, 83, 28], [36, 17, 8, 73, 42], [14, 29, 8, 164, 253], [4, 3, 23, 1, 24], [0, 12, 0, 0, 0], [0, 29, 0, 0, 0]]",
        "fitness": {
            "fitness": 0.14908403158187866,
            "time": 0.0499840259552002
        }
    },
    "decoding": {
        "metadata": {
            "rows": 1,
            "columns": 30,
            "n_in": 2,
            "n_out": 2,
            "n_para": 2,
            "n_conn": 2
        },
        "functions": [
            "max",
            "min",
            "mean",
            "add",
            "subtract",
            "bitwise_not",
            "bitwise_or",
            "bitwise_and",
            "bitwise_and_mask",
            "bitwise_xor",
            "sqrt",
            "pow2",
            "exp",
            "log",
            "median_blur",
            "gaussian_blur",
            "laplacian",
            "sobel",
            "robert_cross",
            "canny",
            "sharpen",
            "gabor",
            "abs_diff",
            "abs_diff2",
            "fluo_tophat",
            "rel_diff",
            "erode",
            "dilate",
            "open",
            "close",
            "morph_gradient",
            "morph_tophat",
            "morph_blackhat",
            "fill_holes",
            "remove_small_objects",
            "remove_small_holes",
            "threshold",
            "threshold_at_1",
            "distance_transform",
            "distance_transform_and_thresh",
            "inrange_bin",
            "inrange"
        ],
        "endpoint": {
            "name": "W",
            "abbv": "WSHD",
            "arity": 2,
            "p": 0,
            "kwargs": {
                "use_dt": false,
                "markers_distance": 21,
                "markers_area": null
            }
        },
        "mode": "default"
    }
}