{
    "dataset": {
        "name": "CIL",
        "label_name": "neuron",
        "indices": [
            37,
            12,
            67,
            29,
            78,
            6,
            74,
            72,
            62,
            31,
            3,
            68,
            13,
            34,
            14
        ]
    },
    "individual": {
        "sequence": "[[0, 0, 0, 0, 0], [0, 0, 0, 0, 0], [1, 1, 0, 30, 169], [3, 0, 2, 204, 237], [36, 1, 0, 205, 49], [1, 0, 4, 127, 131], [14, 5, 5, 1, 143], [29, 6, 0, 95, 146], [2, 7, 4, 33, 90], [34, 3, 3, 79, 169], [30, 0, 4, 204, 228], [28, 9, 4, 122, 85], [25, 3, 0, 241, 13], [6, 3, 10, 202, 125], [41, 12, 3, 90, 150], [14, 10, 9, 62, 154], [24, 3, 9, 27, 226], [16, 9, 7, 48, 83], [39, 1, 7, 252, 37], [34, 13, 10, 34, 17], [32, 3, 17, 137, 21], [19, 14, 12, 98, 239], [20, 17, 9, 17, 28], [40, 10, 1, 27, 233], [39, 11, 5, 136, 239], [11, 16, 21, 49, 128], [1, 6, 4, 196, 192], [34, 26, 24, 81, 217], [20, 10, 3, 195, 217], [22, 26, 24, 107, 60], [11, 26, 14, 159, 69], [21, 8, 0, 180, 169], [0, 25, 0, 0, 0], [0, 26, 0, 0, 0]]",
        "fitness": {
            "fitness": 0.11370208660761515,
            "time": 0.0423730214436849
        }
    },
    "decoding": {
        "metadata": {
            "rows": 1,
            "columns": 30,
            "n_in": 2,
            "n_out": 2,
            "n_para": 2,
            "n_conn": 2
        },
        "functions": [
            "max",
            "min",
            "mean",
            "add",
            "subtract",
            "bitwise_not",
            "bitwise_or",
            "bitwise_and",
            "bitwise_and_mask",
            "bitwise_xor",
            "sqrt",
            "pow2",
            "exp",
            "log",
            "median_blur",
            "gaussian_blur",
            "laplacian",
            "sobel",
            "robert_cross",
            "canny",
            "sharpen",
            "gabor",
            "abs_diff",
            "abs_diff2",
            "fluo_tophat",
            "rel_diff",
            "erode",
            "dilate",
            "open",
            "close",
            "morph_gradient",
            "morph_tophat",
            "morph_blackhat",
            "fill_holes",
            "remove_small_objects",
            "remove_small_holes",
            "threshold",
            "threshold_at_1",
            "distance_transform",
            "distance_transform_and_thresh",
            "inrange_bin",
            "inrange"
        ],
        "endpoint": {
            "name": "W",
            "abbv": "WSHD",
            "arity": 2,
            "p": 0,
            "kwargs": {
                "use_dt": false,
                "markers_distance": 21,
                "markers_area": null
            }
        },
        "mode": "default"
    }
}