training,test
0.614439394590577,0.4420153756244025
