{
    "dataset": {
        "name": "CIL",
        "label_name": "neuron",
        "indices": [
            66,
            86,
            73,
            23,
            70,
            72,
            54,
            33,
            47
        ]
    },
    "individual": {
        "sequence": "[[0, 0, 0, 0, 0], [0, 0, 0, 0, 0], [26, 1, 1, 17, 137], [13, 0, 1, 19, 118], [21, 0, 1, 174, 209], [17, 2, 1, 144, 125], [40, 0, 3, 40, 181], [34, 3, 4, 11, 158], [35, 5, 1, 121, 116], [30, 0, 3, 61, 20], [37, 5, 3, 140, 49], [40, 2, 6, 155, 35], [40, 5, 6, 63, 243], [12, 5, 0, 83, 135], [22, 12, 1, 208, 57], [13, 7, 10, 50, 210], [3, 3, 8, 125, 210], [0, 8, 6, 163, 243], [34, 13, 0, 185, 129], [37, 6, 3, 35, 216], [39, 10, 8, 254, 96], [17, 12, 7, 117, 101], [39, 6, 20, 201, 216], [7, 15, 7, 230, 61], [30, 18, 20, 180, 84], [27, 11, 8, 17, 181], [5, 18, 2, 4, 39], [16, 14, 5, 120, 60], [41, 7, 15, 13, 117], [37, 3, 13, 172, 166], [6, 0, 2, 124, 169], [4, 26, 12, 229, 253], [0, 29, 0, 0, 0], [0, 25, 0, 0, 0]]",
        "fitness": {
            "fitness": 0.13378487692938912,
            "time": 0.024026579327053495
        }
    },
    "decoding": {
        "metadata": {
            "rows": 1,
            "columns": 30,
            "n_in": 2,
            "n_out": 2,
            "n_para": 2,
            "n_conn": 2
        },
        "functions": [
            "max",
            "min",
            "mean",
            "add",
            "subtract",
            "bitwise_not",
            "bitwise_or",
            "bitwise_and",
            "bitwise_and_mask",
            "bitwise_xor",
            "sqrt",
            "pow2",
            "exp",
            "log",
            "median_blur",
            "gaussian_blur",
            "laplacian",
            "sobel",
            "robert_cross",
            "canny",
            "sharpen",
            "gabor",
            "abs_diff",
            "abs_diff2",
            "fluo_tophat",
            "rel_diff",
            "erode",
            "dilate",
            "open",
            "close",
            "morph_gradient",
            "morph_tophat",
            "morph_blackhat",
            "fill_holes",
            "remove_small_objects",
            "remove_small_holes",
            "threshold",
            "threshold_at_1",
            "distance_transform",
            "distance_transform_and_thresh",
            "inrange_bin",
            "inrange"
        ],
        "endpoint": {
            "name": "W",
            "abbv": "WSHD",
            "arity": 2,
            "p": 0,
            "kwargs": {
                "use_dt": false,
                "markers_distance": 21,
                "markers_area": null
            }
        },
        "mode": "default"
    }
}