{
    "dataset": {
        "name": "CIL",
        "label_name": "neuron",
        "indices": [
            7,
            85,
            60,
            20,
            39,
            11,
            50,
            28,
            49,
            9,
            57,
            10
        ]
    },
    "individual": {
        "sequence": "[[0, 0, 0, 0, 0], [0, 0, 0, 0, 0], [1, 1, 0, 129, 157], [41, 2, 1, 149, 12], [24, 3, 3, 11, 32], [24, 0, 0, 154, 226], [9, 5, 3, 53, 204], [10, 3, 4, 57, 121], [31, 4, 4, 114, 72], [28, 3, 4, 245, 91], [7, 9, 2, 214, 85], [29, 3, 0, 75, 85], [35, 10, 1, 228, 225], [9, 7, 5, 232, 174], [25, 3, 3, 48, 130], [22, 4, 2, 16, 234], [3, 8, 5, 168, 27], [7, 6, 13, 99, 191], [41, 1, 13, 250, 45], [11, 16, 3, 159, 124], [28, 18, 18, 228, 13], [4, 18, 3, 132, 187], [5, 18, 1, 58, 106], [28, 8, 21, 79, 218], [26, 12, 20, 13, 253], [38, 3, 22, 69, 161], [10, 17, 7, 149, 68], [5, 16, 3, 228, 109], [21, 24, 5, 232, 66], [22, 12, 4, 26, 129], [19, 3, 20, 192, 202], [16, 21, 19, 130, 74], [0, 19, 0, 0, 0], [0, 31, 0, 0, 0]]",
        "fitness": {
            "fitness": 0.1403142213821411,
            "time": 0.060661772886912026
        }
    },
    "decoding": {
        "metadata": {
            "rows": 1,
            "columns": 30,
            "n_in": 2,
            "n_out": 2,
            "n_para": 2,
            "n_conn": 2
        },
        "functions": [
            "max",
            "min",
            "mean",
            "add",
            "subtract",
            "bitwise_not",
            "bitwise_or",
            "bitwise_and",
            "bitwise_and_mask",
            "bitwise_xor",
            "sqrt",
            "pow2",
            "exp",
            "log",
            "median_blur",
            "gaussian_blur",
            "laplacian",
            "sobel",
            "robert_cross",
            "canny",
            "sharpen",
            "gabor",
            "abs_diff",
            "abs_diff2",
            "fluo_tophat",
            "rel_diff",
            "erode",
            "dilate",
            "open",
            "close",
            "morph_gradient",
            "morph_tophat",
            "morph_blackhat",
            "fill_holes",
            "remove_small_objects",
            "remove_small_holes",
            "threshold",
            "threshold_at_1",
            "distance_transform",
            "distance_transform_and_thresh",
            "inrange_bin",
            "inrange"
        ],
        "endpoint": {
            "name": "Marker-Based Watershed",
            "abbv": "WSHD",
            "arity": 2,
            "p": 0,
            "kwargs": {
                "use_dt": false,
                "markers_distance": 21,
                "markers_area": null
            }
        },
        "mode": "default"
    }
}