{
    "dataset": {
        "name": "CIL",
        "label_name": "neuron",
        "indices": [
            56,
            50,
            45,
            19,
            64,
            24,
            87,
            68,
            3,
            18
        ]
    },
    "individual": {
        "sequence": "[[0, 0, 0, 0, 0], [0, 0, 0, 0, 0], [36, 0, 0, 155, 7], [4, 1, 2, 32, 227], [23, 1, 0, 113, 144], [10, 1, 4, 111, 189], [4, 3, 1, 65, 45], [20, 2, 6, 124, 84], [26, 2, 0, 145, 37], [12, 4, 7, 147, 111], [6, 0, 5, 217, 57], [36, 1, 4, 190, 45], [10, 9, 7, 56, 185], [28, 8, 9, 72, 92], [13, 7, 1, 246, 90], [13, 8, 4, 139, 117], [0, 11, 4, 149, 118], [2, 8, 2, 87, 131], [30, 2, 3, 20, 37], [16, 6, 4, 162, 164], [17, 1, 5, 10, 42], [28, 11, 18, 12, 182], [18, 2, 7, 44, 57], [18, 20, 19, 42, 233], [24, 23, 21, 97, 214], [18, 2, 1, 150, 228], [14, 2, 10, 225, 109], [18, 15, 6, 69, 14], [12, 27, 5, 219, 189], [34, 25, 9, 171, 74], [41, 3, 10, 213, 248], [6, 29, 8, 170, 111], [0, 14, 0, 0, 0], [0, 21, 0, 0, 0]]",
        "fitness": {
            "fitness": 0.1470683991909027,
            "time": 0.031000041961669923
        }
    },
    "decoding": {
        "metadata": {
            "rows": 1,
            "columns": 30,
            "n_in": 2,
            "n_out": 2,
            "n_para": 2,
            "n_conn": 2
        },
        "functions": [
            "max",
            "min",
            "mean",
            "add",
            "subtract",
            "bitwise_not",
            "bitwise_or",
            "bitwise_and",
            "bitwise_and_mask",
            "bitwise_xor",
            "sqrt",
            "pow2",
            "exp",
            "log",
            "median_blur",
            "gaussian_blur",
            "laplacian",
            "sobel",
            "robert_cross",
            "canny",
            "sharpen",
            "gabor",
            "abs_diff",
            "abs_diff2",
            "fluo_tophat",
            "rel_diff",
            "erode",
            "dilate",
            "open",
            "close",
            "morph_gradient",
            "morph_tophat",
            "morph_blackhat",
            "fill_holes",
            "remove_small_objects",
            "remove_small_holes",
            "threshold",
            "threshold_at_1",
            "distance_transform",
            "distance_transform_and_thresh",
            "inrange_bin",
            "inrange"
        ],
        "endpoint": {
            "name": "W",
            "abbv": "WSHD",
            "arity": 2,
            "p": 0,
            "kwargs": {
                "use_dt": false,
                "markers_distance": 21,
                "markers_area": null
            }
        },
        "mode": "default"
    }
}