{
    "dataset": {
        "name": "CIL",
        "label_name": "neuron",
        "indices": [
            83,
            40,
            17,
            63,
            65,
            48,
            55,
            37,
            35,
            36,
            85,
            13,
            69,
            20,
            4,
            43,
            52,
            22,
            58,
            1,
            38,
            64,
            29,
            86,
            24,
            44,
            84,
            16,
            15,
            62,
            0,
            14,
            11,
            79,
            67,
            50,
            47,
            73,
            46,
            39,
            41,
            28,
            7,
            34,
            76,
            49,
            42,
            60,
            78,
            87,
            75,
            59,
            80,
            31,
            8,
            2,
            82,
            21,
            51,
            56,
            6,
            3,
            81,
            72,
            25,
            30,
            32,
            53,
            88,
            57,
            68,
            18,
            10,
            61,
            5,
            54,
            27,
            71,
            9,
            19
        ]
    },
    "individual": {
        "sequence": "[[0, 0, 0, 0, 0], [0, 0, 0, 0, 0], [1, 1, 1, 139, 119], [36, 0, 2, 136, 9], [5, 1, 0, 68, 229], [41, 4, 0, 212, 8], [36, 3, 5, 54, 109], [20, 0, 4, 84, 205], [18, 2, 0, 108, 41], [8, 3, 5, 40, 205], [37, 0, 1, 165, 186], [34, 9, 1, 15, 64], [30, 9, 7, 56, 109], [0, 0, 1, 89, 12], [5, 13, 0, 153, 95], [1, 12, 8, 73, 124], [3, 15, 3, 121, 246], [17, 12, 16, 246, 182], [15, 3, 8, 137, 116], [6, 1, 7, 226, 55], [4, 12, 15, 1, 38], [34, 12, 17, 113, 117], [12, 12, 1, 226, 192], [0, 4, 3, 222, 135], [40, 22, 22, 206, 190], [18, 13, 4, 226, 192], [41, 20, 24, 66, 95], [20, 14, 12, 91, 120], [19, 18, 1, 181, 22], [26, 3, 24, 125, 213], [2, 16, 7, 244, 121], [24, 9, 17, 63, 184], [0, 16, 0, 0, 0], [0, 11, 0, 0, 0]]",
        "fitness": {
            "fitness": 0.13030181899666787,
            "time": 0.03471454083919525
        }
    },
    "decoding": {
        "metadata": {
            "rows": 1,
            "columns": 30,
            "n_in": 2,
            "n_out": 2,
            "n_para": 2,
            "n_conn": 2
        },
        "functions": [
            "max",
            "min",
            "mean",
            "add",
            "subtract",
            "bitwise_not",
            "bitwise_or",
            "bitwise_and",
            "bitwise_and_mask",
            "bitwise_xor",
            "sqrt",
            "pow2",
            "exp",
            "log",
            "median_blur",
            "gaussian_blur",
            "laplacian",
            "sobel",
            "robert_cross",
            "canny",
            "sharpen",
            "gabor",
            "abs_diff",
            "abs_diff2",
            "fluo_tophat",
            "rel_diff",
            "erode",
            "dilate",
            "open",
            "close",
            "morph_gradient",
            "morph_tophat",
            "morph_blackhat",
            "fill_holes",
            "remove_small_objects",
            "remove_small_holes",
            "threshold",
            "threshold_at_1",
            "distance_transform",
            "distance_transform_and_thresh",
            "inrange_bin",
            "inrange"
        ],
        "endpoint": {
            "name": "Marker-Based Watershed",
            "abbv": "WSHD",
            "arity": 2,
            "args": 0,
            "kwargs": {
                "use_dt": false,
                "markers_distance": 21,
                "markers_area": null
            }
        },
        "mode": "default"
    }
}