{
    "dataset": {
        "name": "CIL",
        "label_name": "neuron",
        "indices": [
            50,
            5,
            0,
            82,
            3,
            86,
            48,
            32,
            39,
            8,
            55,
            10,
            53,
            49,
            38
        ]
    },
    "individual": {
        "sequence": "[[0, 0, 0, 0, 0], [0, 0, 0, 0, 0], [0, 1, 1, 133, 231], [3, 0, 0, 239, 198], [32, 3, 1, 234, 157], [12, 3, 0, 170, 13], [0, 5, 4, 122, 188], [16, 2, 6, 183, 240], [3, 0, 6, 150, 251], [1, 1, 8, 184, 49], [10, 8, 0, 216, 178], [32, 4, 4, 219, 185], [14, 9, 9, 179, 84], [11, 3, 5, 226, 246], [19, 9, 0, 18, 125], [24, 11, 8, 75, 219], [40, 7, 4, 106, 236], [22, 1, 2, 233, 126], [15, 16, 15, 64, 70], [21, 17, 1, 228, 104], [24, 17, 3, 108, 222], [19, 20, 6, 47, 254], [18, 14, 7, 45, 35], [0, 7, 20, 180, 126], [41, 16, 11, 195, 207], [1, 9, 14, 254, 63], [13, 20, 22, 27, 27], [25, 12, 22, 132, 170], [26, 7, 17, 134, 28], [30, 12, 15, 176, 21], [36, 12, 20, 56, 67], [21, 17, 5, 239, 143], [0, 13, 0, 0, 0], [0, 22, 0, 0, 0]]",
        "fitness": {
            "fitness": 0.11476784547170003,
            "time": 0.03556140263875326
        }
    },
    "decoding": {
        "metadata": {
            "rows": 1,
            "columns": 30,
            "n_in": 2,
            "n_out": 2,
            "n_para": 2,
            "n_conn": 2
        },
        "functions": [
            "max",
            "min",
            "mean",
            "add",
            "subtract",
            "bitwise_not",
            "bitwise_or",
            "bitwise_and",
            "bitwise_and_mask",
            "bitwise_xor",
            "sqrt",
            "pow2",
            "exp",
            "log",
            "median_blur",
            "gaussian_blur",
            "laplacian",
            "sobel",
            "robert_cross",
            "canny",
            "sharpen",
            "gabor",
            "abs_diff",
            "abs_diff2",
            "fluo_tophat",
            "rel_diff",
            "erode",
            "dilate",
            "open",
            "close",
            "morph_gradient",
            "morph_tophat",
            "morph_blackhat",
            "fill_holes",
            "remove_small_objects",
            "remove_small_holes",
            "threshold",
            "threshold_at_1",
            "distance_transform",
            "distance_transform_and_thresh",
            "inrange_bin",
            "inrange"
        ],
        "endpoint": {
            "name": "W",
            "abbv": "WSHD",
            "arity": 2,
            "p": 0,
            "kwargs": {
                "use_dt": false,
                "markers_distance": 21,
                "markers_area": null
            }
        },
        "mode": "default"
    }
}