{
    "dataset": {
        "name": "CIL",
        "label_name": "neuron",
        "indices": [
            43,
            21,
            10,
            55,
            76,
            75,
            60,
            27,
            74,
            84,
            58,
            37,
            13,
            2,
            39,
            12,
            7,
            85,
            79,
            22
        ]
    },
    "individual": {
        "sequence": "[[0, 0, 0, 0, 0], [0, 0, 0, 0, 0], [19, 1, 1, 124, 14], [11, 0, 0, 44, 207], [18, 2, 2, 3, 132], [20, 3, 1, 72, 127], [2, 5, 2, 89, 149], [30, 5, 2, 12, 123], [35, 4, 3, 249, 224], [30, 0, 2, 100, 32], [19, 3, 9, 85, 216], [22, 10, 10, 221, 25], [36, 1, 1, 190, 222], [31, 5, 8, 139, 19], [26, 13, 4, 102, 81], [37, 4, 5, 121, 32], [31, 10, 6, 234, 71], [22, 16, 11, 176, 73], [29, 11, 11, 204, 236], [27, 16, 11, 220, 177], [23, 7, 16, 123, 238], [4, 15, 11, 254, 254], [0, 7, 21, 156, 75], [18, 11, 18, 119, 48], [30, 12, 5, 120, 195], [25, 11, 20, 65, 188], [10, 10, 23, 69, 223], [6, 7, 6, 194, 188], [23, 7, 10, 168, 212], [26, 5, 17, 118, 212], [15, 15, 5, 199, 249], [39, 23, 10, 75, 126], [0, 27, 0, 0, 0], [0, 8, 0, 0, 0]]",
        "fitness": {
            "fitness": 0.12100250422954559,
            "time": 0.038344311714172366
        }
    },
    "decoding": {
        "metadata": {
            "rows": 1,
            "columns": 30,
            "n_in": 2,
            "n_out": 2,
            "n_para": 2,
            "n_conn": 2
        },
        "functions": [
            "max",
            "min",
            "mean",
            "add",
            "subtract",
            "bitwise_not",
            "bitwise_or",
            "bitwise_and",
            "bitwise_and_mask",
            "bitwise_xor",
            "sqrt",
            "pow2",
            "exp",
            "log",
            "median_blur",
            "gaussian_blur",
            "laplacian",
            "sobel",
            "robert_cross",
            "canny",
            "sharpen",
            "gabor",
            "abs_diff",
            "abs_diff2",
            "fluo_tophat",
            "rel_diff",
            "erode",
            "dilate",
            "open",
            "close",
            "morph_gradient",
            "morph_tophat",
            "morph_blackhat",
            "fill_holes",
            "remove_small_objects",
            "remove_small_holes",
            "threshold",
            "threshold_at_1",
            "distance_transform",
            "distance_transform_and_thresh",
            "inrange_bin",
            "inrange"
        ],
        "endpoint": {
            "name": "W",
            "abbv": "WSHD",
            "arity": 2,
            "p": 0,
            "kwargs": {
                "use_dt": false,
                "markers_distance": 21,
                "markers_area": null
            }
        },
        "mode": "default"
    }
}