{
    "dataset": {
        "name": "CIL",
        "label_name": "neuron",
        "indices": [
            56,
            5,
            87,
            66,
            27,
            73,
            62,
            3,
            45,
            76,
            2,
            54,
            43,
            58,
            81,
            29,
            52,
            42,
            30,
            13,
            75,
            68,
            82,
            9,
            11,
            20,
            69,
            34,
            24,
            23,
            88,
            1,
            18,
            26,
            49,
            47,
            84,
            67,
            59,
            8,
            32,
            19,
            86,
            41,
            46,
            0,
            31,
            35,
            57,
            39
        ]
    },
    "individual": {
        "sequence": "[[0, 0, 0, 0, 0], [0, 0, 0, 0, 0], [1, 1, 0, 62, 147], [24, 0, 2, 32, 110], [38, 0, 0, 178, 52], [3, 3, 2, 137, 187], [15, 3, 1, 224, 142], [11, 5, 4, 247, 32], [7, 2, 3, 194, 67], [32, 4, 8, 165, 123], [41, 8, 6, 99, 243], [4, 6, 3, 15, 53], [21, 5, 6, 74, 123], [36, 1, 1, 177, 38], [19, 9, 6, 205, 49], [15, 9, 1, 242, 139], [31, 7, 7, 196, 68], [41, 4, 1, 12, 187], [36, 13, 11, 69, 16], [8, 13, 16, 221, 23], [35, 3, 6, 173, 163], [28, 6, 17, 46, 239], [36, 21, 15, 95, 150], [10, 14, 2, 197, 96], [15, 7, 2, 93, 64], [29, 8, 1, 197, 52], [34, 19, 21, 25, 35], [15, 6, 15, 109, 50], [26, 9, 26, 91, 63], [31, 0, 3, 250, 88], [12, 6, 29, 229, 32], [35, 3, 3, 47, 104], [0, 7, 0, 0, 0], [0, 26, 0, 0, 0]]",
        "fitness": {
            "fitness": 0.137854905128479,
            "time": 0.06695645809173584
        }
    },
    "decoding": {
        "metadata": {
            "rows": 1,
            "columns": 30,
            "n_in": 2,
            "n_out": 2,
            "n_para": 2,
            "n_conn": 2
        },
        "functions": [
            "max",
            "min",
            "mean",
            "add",
            "subtract",
            "bitwise_not",
            "bitwise_or",
            "bitwise_and",
            "bitwise_and_mask",
            "bitwise_xor",
            "sqrt",
            "pow2",
            "exp",
            "log",
            "median_blur",
            "gaussian_blur",
            "laplacian",
            "sobel",
            "robert_cross",
            "canny",
            "sharpen",
            "gabor",
            "abs_diff",
            "abs_diff2",
            "fluo_tophat",
            "rel_diff",
            "erode",
            "dilate",
            "open",
            "close",
            "morph_gradient",
            "morph_tophat",
            "morph_blackhat",
            "fill_holes",
            "remove_small_objects",
            "remove_small_holes",
            "threshold",
            "threshold_at_1",
            "distance_transform",
            "distance_transform_and_thresh",
            "inrange_bin",
            "inrange"
        ],
        "endpoint": {
            "name": "W",
            "abbv": "WSHD",
            "arity": 2,
            "p": 0,
            "kwargs": {
                "use_dt": false,
                "markers_distance": 21,
                "markers_area": null
            }
        },
        "mode": "default"
    }
}