{
    "dataset": {
        "name": "CIL",
        "label_name": "neuron",
        "indices": [
            83,
            65,
            7,
            56,
            71,
            48,
            2,
            84,
            81,
            42,
            20
        ]
    },
    "individual": {
        "sequence": "[[0, 0, 0, 0, 0], [0, 0, 0, 0, 0], [3, 1, 0, 105, 174], [24, 2, 1, 47, 158], [1, 0, 3, 103, 73], [26, 2, 0, 21, 81], [20, 1, 2, 32, 156], [36, 6, 4, 139, 41], [20, 4, 5, 72, 249], [4, 7, 8, 98, 235], [26, 3, 2, 96, 128], [8, 9, 10, 251, 6], [34, 11, 8, 22, 31], [3, 3, 8, 87, 209], [31, 3, 8, 80, 85], [40, 8, 10, 171, 31], [13, 9, 6, 161, 213], [34, 10, 13, 47, 218], [8, 2, 12, 161, 91], [12, 4, 14, 175, 172], [11, 13, 4, 11, 35], [34, 3, 16, 24, 144], [41, 11, 5, 79, 65], [12, 10, 16, 128, 155], [18, 8, 15, 116, 48], [15, 16, 6, 118, 5], [38, 22, 7, 18, 165], [1, 21, 20, 26, 247], [9, 15, 10, 247, 123], [41, 11, 6, 32, 20], [40, 20, 1, 222, 97], [12, 16, 14, 207, 121], [0, 20, 0, 0, 0], [0, 18, 0, 0, 0]]",
        "fitness": {
            "fitness": 0.07520658319646661,
            "time": 0.061117909171364525
        }
    },
    "decoding": {
        "metadata": {
            "rows": 1,
            "columns": 30,
            "n_in": 2,
            "n_out": 2,
            "n_para": 2,
            "n_conn": 2
        },
        "functions": [
            "max",
            "min",
            "mean",
            "add",
            "subtract",
            "bitwise_not",
            "bitwise_or",
            "bitwise_and",
            "bitwise_and_mask",
            "bitwise_xor",
            "sqrt",
            "pow2",
            "exp",
            "log",
            "median_blur",
            "gaussian_blur",
            "laplacian",
            "sobel",
            "robert_cross",
            "canny",
            "sharpen",
            "gabor",
            "abs_diff",
            "abs_diff2",
            "fluo_tophat",
            "rel_diff",
            "erode",
            "dilate",
            "open",
            "close",
            "morph_gradient",
            "morph_tophat",
            "morph_blackhat",
            "fill_holes",
            "remove_small_objects",
            "remove_small_holes",
            "threshold",
            "threshold_at_1",
            "distance_transform",
            "distance_transform_and_thresh",
            "inrange_bin",
            "inrange"
        ],
        "endpoint": {
            "name": "Marker-Based Watershed",
            "abbv": "WSHD",
            "arity": 2,
            "p": 0,
            "kwargs": {
                "use_dt": false,
                "markers_distance": 21,
                "markers_area": null
            }
        },
        "mode": "default"
    }
}