{
    "dataset": {
        "name": "CIL",
        "label_name": "neuron",
        "indices": [
            1,
            15
        ]
    },
    "individual": {
        "sequence": "[[0, 0, 0, 0, 0], [0, 0, 0, 0, 0], [3, 1, 0, 239, 57], [35, 2, 2, 22, 90], [41, 1, 0, 234, 155], [2, 4, 4, 130, 17], [15, 1, 2, 52, 179], [40, 1, 4, 245, 33], [6, 2, 7, 57, 75], [11, 8, 3, 59, 4], [39, 7, 1, 88, 231], [3, 2, 8, 217, 12], [6, 6, 10, 113, 56], [22, 10, 1, 233, 249], [35, 11, 3, 157, 160], [33, 11, 5, 93, 32], [35, 1, 5, 131, 210], [18, 12, 2, 71, 204], [24, 6, 16, 161, 150], [33, 10, 13, 109, 224], [37, 9, 2, 160, 132], [13, 3, 18, 44, 50], [33, 8, 0, 187, 215], [35, 1, 1, 187, 137], [11, 9, 13, 213, 168], [32, 13, 16, 239, 66], [9, 16, 20, 152, 231], [7, 24, 3, 24, 74], [13, 15, 15, 232, 82], [40, 0, 27, 120, 49], [39, 9, 1, 51, 20], [3, 14, 9, 29, 209], [0, 9, 0, 0, 0], [0, 10, 0, 0, 0]]",
        "fitness": {
            "fitness": 0.08282163739204407,
            "time": 0.03210639953613281
        }
    },
    "decoding": {
        "metadata": {
            "rows": 1,
            "columns": 30,
            "n_in": 2,
            "n_out": 2,
            "n_para": 2,
            "n_conn": 2
        },
        "functions": [
            "max",
            "min",
            "mean",
            "add",
            "subtract",
            "bitwise_not",
            "bitwise_or",
            "bitwise_and",
            "bitwise_and_mask",
            "bitwise_xor",
            "sqrt",
            "pow2",
            "exp",
            "log",
            "median_blur",
            "gaussian_blur",
            "laplacian",
            "sobel",
            "robert_cross",
            "canny",
            "sharpen",
            "gabor",
            "abs_diff",
            "abs_diff2",
            "fluo_tophat",
            "rel_diff",
            "erode",
            "dilate",
            "open",
            "close",
            "morph_gradient",
            "morph_tophat",
            "morph_blackhat",
            "fill_holes",
            "remove_small_objects",
            "remove_small_holes",
            "threshold",
            "threshold_at_1",
            "distance_transform",
            "distance_transform_and_thresh",
            "inrange_bin",
            "inrange"
        ],
        "endpoint": {
            "name": "W",
            "abbv": "WSHD",
            "arity": 2,
            "p": 0,
            "kwargs": {
                "use_dt": false,
                "markers_distance": 21,
                "markers_area": null
            }
        },
        "mode": "default"
    }
}