{
    "dataset": {
        "name": "CIL",
        "label_name": "neuron",
        "indices": [
            40,
            15,
            66,
            70,
            46,
            2,
            59,
            52,
            21,
            20,
            80,
            81,
            7,
            12,
            26,
            69,
            30,
            50,
            8,
            73,
            44,
            39,
            88,
            14,
            28,
            53,
            25,
            17,
            64,
            5,
            60,
            71,
            32,
            41,
            76,
            43,
            82,
            23,
            37,
            0,
            68,
            83,
            27,
            31,
            67,
            75,
            49,
            77,
            6,
            9,
            84,
            19,
            62,
            79,
            13,
            48,
            87,
            56,
            18,
            36
        ]
    },
    "individual": {
        "sequence": "[[0, 0, 0, 0, 0], [0, 0, 0, 0, 0], [19, 1, 0, 9, 134], [31, 2, 1, 122, 22], [38, 0, 1, 17, 221], [10, 0, 1, 150, 91], [17, 0, 2, 239, 85], [16, 4, 3, 252, 190], [40, 7, 3, 204, 54], [18, 2, 8, 250, 52], [14, 3, 9, 97, 113], [41, 5, 3, 49, 250], [16, 6, 1, 222, 9], [37, 1, 8, 212, 196], [39, 5, 10, 251, 186], [31, 0, 1, 169, 104], [7, 6, 10, 194, 15], [36, 14, 11, 138, 191], [24, 11, 9, 128, 157], [35, 9, 17, 200, 230], [30, 1, 13, 69, 243], [7, 18, 15, 107, 175], [17, 5, 1, 211, 218], [6, 9, 10, 249, 28], [18, 23, 0, 107, 67], [1, 19, 11, 202, 117], [16, 24, 16, 137, 113], [14, 19, 8, 64, 237], [6, 5, 3, 241, 92], [33, 13, 24, 62, 232], [16, 6, 4, 191, 90], [25, 8, 21, 172, 206], [0, 18, 0, 0, 0], [0, 19, 0, 0, 0]]",
        "fitness": {
            "fitness": 0.1737490639090538,
            "time": 0.05222572485605876
        }
    },
    "decoding": {
        "metadata": {
            "rows": 1,
            "columns": 30,
            "n_in": 2,
            "n_out": 2,
            "n_para": 2,
            "n_conn": 2
        },
        "functions": [
            "max",
            "min",
            "mean",
            "add",
            "subtract",
            "bitwise_not",
            "bitwise_or",
            "bitwise_and",
            "bitwise_and_mask",
            "bitwise_xor",
            "sqrt",
            "pow2",
            "exp",
            "log",
            "median_blur",
            "gaussian_blur",
            "laplacian",
            "sobel",
            "robert_cross",
            "canny",
            "sharpen",
            "gabor",
            "abs_diff",
            "abs_diff2",
            "fluo_tophat",
            "rel_diff",
            "erode",
            "dilate",
            "open",
            "close",
            "morph_gradient",
            "morph_tophat",
            "morph_blackhat",
            "fill_holes",
            "remove_small_objects",
            "remove_small_holes",
            "threshold",
            "threshold_at_1",
            "distance_transform",
            "distance_transform_and_thresh",
            "inrange_bin",
            "inrange"
        ],
        "endpoint": {
            "name": "Marker-Based Watershed",
            "abbv": "WSHD",
            "arity": 2,
            "args": 0,
            "kwargs": {
                "use_dt": false,
                "markers_distance": 21,
                "markers_area": null
            }
        },
        "mode": "default"
    }
}