{
    "dataset": {
        "name": "CIL",
        "label_name": "neuron",
        "indices": [
            27,
            59,
            6,
            53,
            61,
            81,
            44,
            14,
            73,
            85,
            10,
            22
        ]
    },
    "individual": {
        "sequence": "[[0, 0, 0, 0, 0], [0, 0, 0, 0, 0], [36, 1, 0, 195, 44], [16, 2, 1, 225, 83], [4, 3, 0, 75, 19], [28, 0, 3, 1, 138], [9, 2, 1, 194, 170], [8, 0, 0, 32, 48], [31, 5, 7, 156, 250], [30, 6, 5, 144, 153], [2, 4, 4, 37, 139], [2, 7, 0, 189, 195], [20, 9, 10, 167, 212], [3, 2, 10, 101, 195], [4, 0, 7, 233, 87], [2, 8, 3, 79, 152], [25, 12, 7, 170, 109], [2, 11, 16, 55, 147], [2, 13, 8, 157, 101], [3, 13, 11, 14, 64], [13, 17, 8, 7, 129], [32, 19, 11, 205, 234], [25, 13, 12, 97, 113], [26, 22, 19, 11, 225], [13, 15, 23, 175, 144], [15, 9, 24, 142, 19], [17, 2, 2, 96, 1], [13, 15, 16, 170, 152], [35, 13, 22, 227, 39], [36, 21, 5, 239, 111], [40, 2, 26, 159, 154], [23, 27, 8, 50, 65], [0, 15, 0, 0, 0], [0, 23, 0, 0, 0]]",
        "fitness": {
            "fitness": 0.10167495906352997,
            "time": 0.03605804840723673
        }
    },
    "decoding": {
        "metadata": {
            "rows": 1,
            "columns": 30,
            "n_in": 2,
            "n_out": 2,
            "n_para": 2,
            "n_conn": 2
        },
        "functions": [
            "max",
            "min",
            "mean",
            "add",
            "subtract",
            "bitwise_not",
            "bitwise_or",
            "bitwise_and",
            "bitwise_and_mask",
            "bitwise_xor",
            "sqrt",
            "pow2",
            "exp",
            "log",
            "median_blur",
            "gaussian_blur",
            "laplacian",
            "sobel",
            "robert_cross",
            "canny",
            "sharpen",
            "gabor",
            "abs_diff",
            "abs_diff2",
            "fluo_tophat",
            "rel_diff",
            "erode",
            "dilate",
            "open",
            "close",
            "morph_gradient",
            "morph_tophat",
            "morph_blackhat",
            "fill_holes",
            "remove_small_objects",
            "remove_small_holes",
            "threshold",
            "threshold_at_1",
            "distance_transform",
            "distance_transform_and_thresh",
            "inrange_bin",
            "inrange"
        ],
        "endpoint": {
            "name": "Marker-Based Watershed",
            "abbv": "WSHD",
            "arity": 2,
            "p": 0,
            "kwargs": {
                "use_dt": false,
                "markers_distance": 21,
                "markers_area": null
            }
        },
        "mode": "default"
    }
}