{
    "dataset": {
        "name": "CIL",
        "label_name": "neuron",
        "indices": [
            50,
            81,
            43
        ]
    },
    "individual": {
        "sequence": "[[0, 0, 0, 0, 0], [0, 0, 0, 0, 0], [24, 1, 1, 18, 225], [24, 1, 2, 29, 182], [26, 1, 2, 72, 16], [24, 0, 2, 116, 225], [3, 2, 5, 67, 47], [22, 3, 1, 86, 207], [36, 2, 2, 200, 92], [20, 3, 5, 106, 34], [4, 8, 5, 128, 170], [29, 9, 0, 108, 38], [8, 5, 3, 36, 70], [34, 10, 7, 25, 64], [25, 2, 12, 123, 39], [15, 12, 12, 200, 176], [11, 6, 6, 191, 156], [36, 12, 15, 93, 216], [32, 8, 6, 234, 184], [11, 12, 18, 76, 73], [0, 19, 12, 62, 126], [34, 2, 7, 168, 146], [23, 0, 7, 102, 246], [1, 11, 14, 173, 47], [23, 17, 15, 216, 102], [31, 4, 8, 104, 67], [27, 18, 1, 136, 215], [36, 20, 7, 18, 179], [14, 19, 13, 156, 85], [8, 15, 23, 248, 118], [0, 29, 12, 27, 154], [9, 14, 29, 126, 225], [0, 16, 0, 0, 0], [0, 13, 0, 0, 0]]",
        "fitness": {
            "fitness": 0.09582358598709106,
            "time": 0.07924421628316243
        }
    },
    "decoding": {
        "metadata": {
            "rows": 1,
            "columns": 30,
            "n_in": 2,
            "n_out": 2,
            "n_para": 2,
            "n_conn": 2
        },
        "functions": [
            "max",
            "min",
            "mean",
            "add",
            "subtract",
            "bitwise_not",
            "bitwise_or",
            "bitwise_and",
            "bitwise_and_mask",
            "bitwise_xor",
            "sqrt",
            "pow2",
            "exp",
            "log",
            "median_blur",
            "gaussian_blur",
            "laplacian",
            "sobel",
            "robert_cross",
            "canny",
            "sharpen",
            "gabor",
            "abs_diff",
            "abs_diff2",
            "fluo_tophat",
            "rel_diff",
            "erode",
            "dilate",
            "open",
            "close",
            "morph_gradient",
            "morph_tophat",
            "morph_blackhat",
            "fill_holes",
            "remove_small_objects",
            "remove_small_holes",
            "threshold",
            "threshold_at_1",
            "distance_transform",
            "distance_transform_and_thresh",
            "inrange_bin",
            "inrange"
        ],
        "endpoint": {
            "name": "W",
            "abbv": "WSHD",
            "arity": 2,
            "p": 0,
            "kwargs": {
                "use_dt": false,
                "markers_distance": 21,
                "markers_area": null
            }
        },
        "mode": "default"
    }
}