{
    "dataset": {
        "name": "CIL",
        "label_name": "neuron",
        "indices": [
            2,
            58,
            28,
            61,
            64,
            43,
            57,
            68,
            52,
            31,
            63,
            76,
            50,
            73,
            72,
            0,
            19,
            70,
            87,
            39,
            41,
            34,
            77,
            32,
            25,
            66,
            83,
            53,
            24,
            74,
            7,
            11,
            37,
            81,
            55,
            18,
            67,
            45,
            8,
            14,
            85,
            78,
            15,
            44,
            54,
            47,
            9,
            10,
            1,
            48,
            33,
            60,
            62,
            42,
            79,
            49,
            13,
            20,
            56,
            4,
            69,
            27,
            40,
            86,
            51,
            36,
            30,
            21,
            16,
            12
        ]
    },
    "individual": {
        "sequence": "[[0, 0, 0, 0, 0], [0, 0, 0, 0, 0], [41, 0, 0, 11, 138], [41, 1, 2, 35, 255], [26, 3, 2, 24, 121], [15, 3, 2, 63, 146], [24, 0, 0, 82, 7], [41, 3, 4, 51, 171], [24, 3, 1, 60, 212], [2, 2, 5, 57, 120], [28, 2, 9, 217, 186], [38, 4, 2, 169, 177], [3, 3, 9, 146, 246], [2, 12, 2, 111, 4], [7, 3, 6, 174, 197], [20, 4, 2, 141, 195], [0, 11, 12, 17, 121], [20, 7, 11, 239, 17], [0, 10, 6, 143, 246], [37, 16, 8, 123, 184], [27, 10, 6, 84, 34], [7, 5, 12, 236, 215], [28, 17, 3, 121, 36], [16, 19, 13, 255, 206], [36, 1, 14, 129, 74], [8, 0, 11, 108, 114], [31, 8, 10, 204, 122], [41, 8, 2, 36, 42], [37, 4, 5, 48, 51], [38, 19, 15, 209, 160], [18, 11, 22, 164, 37], [4, 20, 30, 160, 87], [0, 12, 0, 0, 0], [0, 30, 0, 0, 0]]",
        "fitness": {
            "fitness": 0.1365776240825653,
            "time": 0.03148423603602818
        }
    },
    "decoding": {
        "metadata": {
            "rows": 1,
            "columns": 30,
            "n_in": 2,
            "n_out": 2,
            "n_para": 2,
            "n_conn": 2
        },
        "functions": [
            "max",
            "min",
            "mean",
            "add",
            "subtract",
            "bitwise_not",
            "bitwise_or",
            "bitwise_and",
            "bitwise_and_mask",
            "bitwise_xor",
            "sqrt",
            "pow2",
            "exp",
            "log",
            "median_blur",
            "gaussian_blur",
            "laplacian",
            "sobel",
            "robert_cross",
            "canny",
            "sharpen",
            "gabor",
            "abs_diff",
            "abs_diff2",
            "fluo_tophat",
            "rel_diff",
            "erode",
            "dilate",
            "open",
            "close",
            "morph_gradient",
            "morph_tophat",
            "morph_blackhat",
            "fill_holes",
            "remove_small_objects",
            "remove_small_holes",
            "threshold",
            "threshold_at_1",
            "distance_transform",
            "distance_transform_and_thresh",
            "inrange_bin",
            "inrange"
        ],
        "endpoint": {
            "name": "Marker-Based Watershed",
            "abbv": "WSHD",
            "arity": 2,
            "args": 0,
            "kwargs": {
                "use_dt": false,
                "markers_distance": 21,
                "markers_area": null
            }
        },
        "mode": "default"
    }
}