{
    "dataset": {
        "name": "CIL",
        "label_name": "neuron",
        "indices": [
            22,
            66,
            16,
            18,
            36,
            3,
            8,
            31,
            6,
            4
        ]
    },
    "individual": {
        "sequence": "[[0, 0, 0, 0, 0], [0, 0, 0, 0, 0], [36, 1, 0, 206, 42], [0, 0, 2, 125, 9], [27, 0, 3, 205, 48], [41, 1, 3, 19, 194], [6, 4, 4, 31, 184], [13, 3, 2, 158, 184], [14, 7, 2, 2, 145], [14, 2, 5, 19, 3], [13, 6, 6, 131, 49], [28, 2, 2, 95, 254], [15, 3, 2, 75, 238], [15, 12, 4, 108, 140], [25, 7, 11, 39, 91], [40, 5, 10, 179, 159], [17, 10, 10, 137, 137], [15, 6, 12, 49, 13], [1, 11, 1, 121, 230], [40, 12, 0, 50, 198], [39, 10, 15, 110, 21], [33, 1, 3, 40, 239], [26, 6, 7, 115, 167], [37, 21, 20, 132, 178], [41, 4, 9, 212, 172], [7, 2, 5, 75, 167], [2, 22, 7, 89, 229], [2, 25, 24, 45, 44], [32, 8, 21, 2, 24], [17, 2, 2, 105, 138], [37, 8, 21, 232, 146], [4, 0, 24, 149, 44], [0, 30, 0, 0, 0], [0, 9, 0, 0, 0]]",
        "fitness": {
            "fitness": 0.08301222920417786,
            "time": 0.03994665145874023
        }
    },
    "decoding": {
        "metadata": {
            "rows": 1,
            "columns": 30,
            "n_in": 2,
            "n_out": 2,
            "n_para": 2,
            "n_conn": 2
        },
        "functions": [
            "max",
            "min",
            "mean",
            "add",
            "subtract",
            "bitwise_not",
            "bitwise_or",
            "bitwise_and",
            "bitwise_and_mask",
            "bitwise_xor",
            "sqrt",
            "pow2",
            "exp",
            "log",
            "median_blur",
            "gaussian_blur",
            "laplacian",
            "sobel",
            "robert_cross",
            "canny",
            "sharpen",
            "gabor",
            "abs_diff",
            "abs_diff2",
            "fluo_tophat",
            "rel_diff",
            "erode",
            "dilate",
            "open",
            "close",
            "morph_gradient",
            "morph_tophat",
            "morph_blackhat",
            "fill_holes",
            "remove_small_objects",
            "remove_small_holes",
            "threshold",
            "threshold_at_1",
            "distance_transform",
            "distance_transform_and_thresh",
            "inrange_bin",
            "inrange"
        ],
        "endpoint": {
            "name": "W",
            "abbv": "WSHD",
            "arity": 2,
            "p": 0,
            "kwargs": {
                "use_dt": false,
                "markers_distance": 21,
                "markers_area": null
            }
        },
        "mode": "default"
    }
}