{
    "dataset": {
        "name": "CIL",
        "label_name": "neuron",
        "indices": [
            70,
            66,
            0,
            23,
            52,
            40,
            1,
            12,
            57,
            75,
            30,
            62,
            64,
            72,
            22,
            71,
            13,
            14,
            37,
            77,
            35,
            46,
            60,
            27,
            63,
            76,
            38,
            81,
            16,
            59,
            32,
            26,
            7,
            4,
            10,
            67,
            44,
            36,
            86,
            53,
            18,
            58,
            34,
            8,
            28,
            3,
            56,
            21,
            61,
            5,
            49,
            39,
            69,
            79,
            9,
            47,
            73,
            87,
            43,
            78,
            17,
            20,
            68,
            74,
            42,
            88,
            29,
            82,
            83,
            31
        ]
    },
    "individual": {
        "sequence": "[[0, 0, 0, 0, 0], [0, 0, 0, 0, 0], [19, 1, 1, 123, 15], [3, 0, 0, 33, 16], [24, 3, 3, 20, 215], [19, 2, 2, 199, 116], [2, 3, 4, 142, 0], [40, 5, 0, 216, 142], [18, 2, 4, 44, 163], [35, 8, 2, 190, 142], [35, 6, 3, 18, 92], [6, 9, 8, 122, 32], [38, 7, 2, 200, 117], [28, 8, 7, 73, 119], [8, 12, 7, 165, 252], [5, 10, 13, 4, 97], [20, 11, 4, 64, 176], [8, 4, 9, 224, 228], [15, 11, 9, 197, 76], [34, 17, 12, 32, 106], [28, 12, 13, 30, 13], [1, 11, 12, 211, 146], [22, 16, 20, 117, 197], [5, 22, 19, 235, 55], [14, 3, 7, 108, 104], [39, 16, 18, 77, 136], [10, 0, 14, 53, 253], [11, 6, 6, 214, 240], [38, 8, 0, 129, 1], [24, 5, 7, 156, 197], [10, 17, 1, 175, 90], [9, 12, 10, 122, 23], [0, 27, 0, 0, 0], [0, 19, 0, 0, 0]]",
        "fitness": {
            "fitness": 0.13628618887492588,
            "time": 0.0634713820048741
        }
    },
    "decoding": {
        "metadata": {
            "rows": 1,
            "columns": 30,
            "n_in": 2,
            "n_out": 2,
            "n_para": 2,
            "n_conn": 2
        },
        "functions": [
            "max",
            "min",
            "mean",
            "add",
            "subtract",
            "bitwise_not",
            "bitwise_or",
            "bitwise_and",
            "bitwise_and_mask",
            "bitwise_xor",
            "sqrt",
            "pow2",
            "exp",
            "log",
            "median_blur",
            "gaussian_blur",
            "laplacian",
            "sobel",
            "robert_cross",
            "canny",
            "sharpen",
            "gabor",
            "abs_diff",
            "abs_diff2",
            "fluo_tophat",
            "rel_diff",
            "erode",
            "dilate",
            "open",
            "close",
            "morph_gradient",
            "morph_tophat",
            "morph_blackhat",
            "fill_holes",
            "remove_small_objects",
            "remove_small_holes",
            "threshold",
            "threshold_at_1",
            "distance_transform",
            "distance_transform_and_thresh",
            "inrange_bin",
            "inrange"
        ],
        "endpoint": {
            "name": "Marker-Based Watershed",
            "abbv": "WSHD",
            "arity": 2,
            "args": 0,
            "kwargs": {
                "use_dt": false,
                "markers_distance": 21,
                "markers_area": null
            }
        },
        "mode": "default"
    }
}