{
    "dataset": {
        "name": "CIL",
        "label_name": "neuron",
        "indices": [
            77,
            13,
            58,
            16,
            61,
            50,
            36,
            41,
            73,
            53,
            19,
            48,
            69,
            28,
            64,
            21,
            12,
            65,
            22,
            84,
            14,
            35,
            46,
            1,
            71,
            62,
            7,
            83,
            63,
            11,
            80,
            51,
            86,
            32,
            52,
            5,
            45,
            25,
            29,
            82,
            27,
            38,
            4,
            55,
            56,
            60,
            70,
            66,
            49,
            3,
            87,
            20,
            57,
            54,
            59,
            79,
            18,
            44,
            6,
            78
        ]
    },
    "individual": {
        "sequence": "[[0, 0, 0, 0, 0], [0, 0, 0, 0, 0], [26, 1, 1, 31, 61], [3, 0, 1, 226, 183], [36, 2, 0, 61, 34], [3, 3, 3, 109, 117], [24, 5, 5, 40, 65], [11, 6, 0, 51, 30], [22, 2, 4, 93, 173], [18, 4, 5, 219, 246], [35, 0, 5, 179, 88], [40, 8, 6, 225, 47], [1, 2, 2, 175, 100], [4, 0, 7, 103, 246], [20, 4, 4, 30, 163], [1, 9, 12, 42, 234], [20, 5, 6, 12, 74], [8, 7, 9, 182, 6], [40, 9, 7, 102, 212], [17, 2, 13, 33, 208], [7, 4, 17, 46, 15], [3, 11, 7, 58, 129], [31, 6, 9, 230, 194], [19, 14, 11, 242, 97], [26, 9, 5, 224, 56], [13, 19, 19, 164, 231], [23, 23, 14, 0, 46], [26, 10, 1, 171, 192], [38, 1, 15, 23, 232], [15, 20, 26, 53, 143], [21, 3, 17, 98, 84], [26, 25, 29, 90, 126], [0, 7, 0, 0, 0], [0, 17, 0, 0, 0]]",
        "fitness": {
            "fitness": 0.12536357939243317,
            "time": 0.062044199307759604
        }
    },
    "decoding": {
        "metadata": {
            "rows": 1,
            "columns": 30,
            "n_in": 2,
            "n_out": 2,
            "n_para": 2,
            "n_conn": 2
        },
        "functions": [
            "max",
            "min",
            "mean",
            "add",
            "subtract",
            "bitwise_not",
            "bitwise_or",
            "bitwise_and",
            "bitwise_and_mask",
            "bitwise_xor",
            "sqrt",
            "pow2",
            "exp",
            "log",
            "median_blur",
            "gaussian_blur",
            "laplacian",
            "sobel",
            "robert_cross",
            "canny",
            "sharpen",
            "gabor",
            "abs_diff",
            "abs_diff2",
            "fluo_tophat",
            "rel_diff",
            "erode",
            "dilate",
            "open",
            "close",
            "morph_gradient",
            "morph_tophat",
            "morph_blackhat",
            "fill_holes",
            "remove_small_objects",
            "remove_small_holes",
            "threshold",
            "threshold_at_1",
            "distance_transform",
            "distance_transform_and_thresh",
            "inrange_bin",
            "inrange"
        ],
        "endpoint": {
            "name": "Marker-Based Watershed",
            "abbv": "WSHD",
            "arity": 2,
            "args": 0,
            "kwargs": {
                "use_dt": false,
                "markers_distance": 21,
                "markers_area": null
            }
        },
        "mode": "default"
    }
}