{
    "dataset": {
        "name": "CIL",
        "label_name": "neuron",
        "indices": [
            23,
            7,
            82,
            32,
            15,
            20,
            45,
            5,
            46,
            80,
            34,
            50,
            53,
            4
        ]
    },
    "individual": {
        "sequence": "[[0, 0, 0, 0, 0], [0, 0, 0, 0, 0], [10, 0, 0, 14, 240], [41, 2, 1, 52, 191], [18, 0, 2, 93, 190], [18, 3, 3, 4, 127], [2, 1, 0, 36, 129], [34, 2, 2, 56, 223], [22, 7, 2, 146, 61], [15, 3, 5, 186, 75], [28, 1, 5, 40, 172], [22, 0, 0, 132, 13], [38, 5, 11, 113, 255], [32, 7, 5, 6, 63], [34, 7, 6, 122, 130], [32, 1, 3, 111, 252], [26, 15, 12, 254, 196], [17, 11, 4, 107, 228], [1, 6, 12, 208, 9], [4, 9, 18, 97, 91], [6, 1, 11, 64, 249], [36, 17, 13, 115, 182], [12, 13, 7, 106, 170], [25, 22, 21, 9, 67], [28, 17, 11, 190, 57], [12, 20, 3, 10, 120], [13, 3, 8, 217, 33], [29, 17, 16, 247, 110], [2, 0, 20, 189, 205], [40, 10, 10, 36, 221], [26, 16, 4, 127, 40], [28, 19, 13, 147, 127], [0, 18, 0, 0, 0], [0, 29, 0, 0, 0]]",
        "fitness": {
            "fitness": 0.154546286378588,
            "time": 0.03619941643306187
        }
    },
    "decoding": {
        "metadata": {
            "rows": 1,
            "columns": 30,
            "n_in": 2,
            "n_out": 2,
            "n_para": 2,
            "n_conn": 2
        },
        "functions": [
            "max",
            "min",
            "mean",
            "add",
            "subtract",
            "bitwise_not",
            "bitwise_or",
            "bitwise_and",
            "bitwise_and_mask",
            "bitwise_xor",
            "sqrt",
            "pow2",
            "exp",
            "log",
            "median_blur",
            "gaussian_blur",
            "laplacian",
            "sobel",
            "robert_cross",
            "canny",
            "sharpen",
            "gabor",
            "abs_diff",
            "abs_diff2",
            "fluo_tophat",
            "rel_diff",
            "erode",
            "dilate",
            "open",
            "close",
            "morph_gradient",
            "morph_tophat",
            "morph_blackhat",
            "fill_holes",
            "remove_small_objects",
            "remove_small_holes",
            "threshold",
            "threshold_at_1",
            "distance_transform",
            "distance_transform_and_thresh",
            "inrange_bin",
            "inrange"
        ],
        "endpoint": {
            "name": "Marker-Based Watershed",
            "abbv": "WSHD",
            "arity": 2,
            "p": 0,
            "kwargs": {
                "use_dt": false,
                "markers_distance": 21,
                "markers_area": null
            }
        },
        "mode": "default"
    }
}