{
    "dataset": {
        "name": "CIL",
        "label_name": "neuron",
        "indices": [
            38,
            49,
            69,
            55,
            24,
            82,
            13,
            40,
            85,
            16,
            17,
            39,
            51,
            73,
            1,
            79,
            70,
            6,
            50,
            28,
            14,
            11,
            64,
            66,
            10,
            9,
            48,
            86,
            68,
            67,
            35,
            44,
            84,
            4,
            77,
            75,
            59,
            21,
            12,
            20,
            42,
            31,
            43,
            29,
            18,
            61,
            3,
            41,
            2,
            47,
            32,
            36,
            53,
            58,
            27,
            76,
            57,
            5,
            88,
            65
        ]
    },
    "individual": {
        "sequence": "[[0, 0, 0, 0, 0], [0, 0, 0, 0, 0], [19, 1, 1, 22, 99], [31, 1, 0, 121, 219], [15, 2, 1, 76, 145], [40, 3, 0, 240, 31], [8, 3, 5, 149, 187], [31, 0, 0, 238, 204], [2, 2, 7, 98, 101], [26, 8, 2, 90, 184], [38, 0, 2, 204, 92], [28, 1, 0, 13, 15], [0, 6, 2, 102, 31], [25, 5, 1, 160, 210], [26, 9, 4, 250, 41], [34, 10, 13, 42, 76], [20, 2, 5, 16, 26], [33, 15, 4, 36, 133], [16, 3, 4, 199, 241], [2, 8, 5, 248, 13], [41, 11, 2, 37, 208], [39, 4, 17, 52, 156], [5, 16, 14, 48, 220], [23, 16, 12, 167, 153], [18, 14, 0, 222, 123], [9, 21, 16, 38, 133], [15, 10, 12, 167, 32], [16, 2, 0, 225, 22], [15, 14, 26, 180, 26], [17, 19, 22, 36, 168], [36, 1, 10, 153, 62], [36, 3, 5, 244, 237], [0, 19, 0, 0, 0], [0, 20, 0, 0, 0]]",
        "fitness": {
            "fitness": 0.13044601480166118,
            "time": 0.03289484977722168
        }
    },
    "decoding": {
        "metadata": {
            "rows": 1,
            "columns": 30,
            "n_in": 2,
            "n_out": 2,
            "n_para": 2,
            "n_conn": 2
        },
        "functions": [
            "max",
            "min",
            "mean",
            "add",
            "subtract",
            "bitwise_not",
            "bitwise_or",
            "bitwise_and",
            "bitwise_and_mask",
            "bitwise_xor",
            "sqrt",
            "pow2",
            "exp",
            "log",
            "median_blur",
            "gaussian_blur",
            "laplacian",
            "sobel",
            "robert_cross",
            "canny",
            "sharpen",
            "gabor",
            "abs_diff",
            "abs_diff2",
            "fluo_tophat",
            "rel_diff",
            "erode",
            "dilate",
            "open",
            "close",
            "morph_gradient",
            "morph_tophat",
            "morph_blackhat",
            "fill_holes",
            "remove_small_objects",
            "remove_small_holes",
            "threshold",
            "threshold_at_1",
            "distance_transform",
            "distance_transform_and_thresh",
            "inrange_bin",
            "inrange"
        ],
        "endpoint": {
            "name": "Marker-Based Watershed",
            "abbv": "WSHD",
            "arity": 2,
            "args": 0,
            "kwargs": {
                "use_dt": false,
                "markers_distance": 21,
                "markers_area": null
            }
        },
        "mode": "default"
    }
}