{
    "dataset": {
        "name": "CIL",
        "label_name": "neuron",
        "indices": [
            59,
            24,
            28,
            55
        ]
    },
    "individual": {
        "sequence": "[[0, 0, 0, 0, 0], [0, 0, 0, 0, 0], [13, 0, 1, 241, 245], [17, 1, 1, 39, 26], [37, 2, 2, 116, 33], [22, 2, 1, 44, 31], [12, 2, 2, 205, 159], [16, 0, 0, 27, 214], [22, 3, 6, 183, 4], [15, 6, 1, 199, 56], [1, 6, 9, 206, 241], [17, 7, 7, 232, 172], [34, 3, 2, 89, 148], [40, 5, 7, 203, 241], [14, 6, 6, 89, 21], [32, 13, 12, 74, 79], [40, 8, 1, 144, 15], [16, 11, 9, 153, 253], [26, 3, 5, 2, 161], [5, 11, 9, 38, 11], [6, 7, 1, 236, 242], [32, 19, 17, 157, 149], [20, 8, 17, 172, 99], [19, 1, 3, 137, 27], [30, 23, 17, 3, 54], [5, 7, 0, 213, 119], [19, 0, 1, 212, 149], [2, 5, 2, 115, 54], [20, 25, 5, 115, 25], [38, 1, 13, 233, 209], [29, 29, 16, 141, 58], [29, 26, 13, 60, 247], [0, 10, 0, 0, 0], [0, 24, 0, 0, 0]]",
        "fitness": {
            "fitness": 0.13252800703048706,
            "time": 0.026667654514312744
        }
    },
    "decoding": {
        "metadata": {
            "rows": 1,
            "columns": 30,
            "n_in": 2,
            "n_out": 2,
            "n_para": 2,
            "n_conn": 2
        },
        "functions": [
            "max",
            "min",
            "mean",
            "add",
            "subtract",
            "bitwise_not",
            "bitwise_or",
            "bitwise_and",
            "bitwise_and_mask",
            "bitwise_xor",
            "sqrt",
            "pow2",
            "exp",
            "log",
            "median_blur",
            "gaussian_blur",
            "laplacian",
            "sobel",
            "robert_cross",
            "canny",
            "sharpen",
            "gabor",
            "abs_diff",
            "abs_diff2",
            "fluo_tophat",
            "rel_diff",
            "erode",
            "dilate",
            "open",
            "close",
            "morph_gradient",
            "morph_tophat",
            "morph_blackhat",
            "fill_holes",
            "remove_small_objects",
            "remove_small_holes",
            "threshold",
            "threshold_at_1",
            "distance_transform",
            "distance_transform_and_thresh",
            "inrange_bin",
            "inrange"
        ],
        "endpoint": {
            "name": "W",
            "abbv": "WSHD",
            "arity": 2,
            "p": 0,
            "kwargs": {
                "use_dt": false,
                "markers_distance": 21,
                "markers_area": null
            }
        },
        "mode": "default"
    }
}