{
    "dataset": {
        "name": "CIL",
        "label_name": "neuron",
        "indices": [
            73,
            28,
            45,
            71,
            44,
            18,
            75,
            33,
            57,
            78,
            58,
            20,
            54,
            82,
            53,
            2,
            24,
            23,
            13,
            21,
            0,
            12,
            79,
            6,
            42,
            88,
            14,
            38,
            37,
            66,
            84,
            67,
            34,
            87,
            11,
            61,
            77,
            8,
            22,
            59,
            17,
            81,
            51,
            35,
            85,
            3,
            4,
            19,
            15,
            55,
            25,
            46,
            70,
            5,
            27,
            30,
            65,
            10,
            47,
            76,
            16,
            80,
            49,
            68,
            74,
            69,
            64,
            86,
            7,
            36
        ]
    },
    "individual": {
        "sequence": "[[0, 0, 0, 0, 0], [0, 0, 0, 0, 0], [14, 1, 0, 10, 247], [1, 2, 1, 205, 198], [15, 0, 0, 202, 240], [36, 0, 0, 23, 8], [36, 4, 0, 13, 1], [23, 3, 4, 173, 146], [3, 2, 2, 194, 40], [10, 3, 1, 113, 85], [20, 5, 7, 178, 4], [36, 9, 0, 108, 107], [33, 4, 1, 208, 143], [17, 12, 11, 29, 109], [1, 7, 2, 13, 99], [2, 4, 10, 68, 117], [29, 1, 14, 8, 61], [6, 14, 9, 106, 215], [2, 3, 0, 79, 168], [8, 4, 8, 69, 63], [3, 2, 4, 25, 173], [12, 0, 17, 181, 124], [21, 8, 7, 146, 202], [11, 4, 9, 2, 117], [6, 23, 3, 118, 251], [28, 23, 19, 32, 122], [29, 9, 25, 108, 115], [12, 11, 4, 7, 104], [7, 18, 5, 53, 94], [13, 9, 10, 250, 56], [23, 28, 6, 83, 148], [4, 17, 18, 137, 128], [0, 28, 0, 0, 0], [0, 11, 0, 0, 0]]",
        "fitness": {
            "fitness": 0.13000182935169766,
            "time": 0.03293877669743129
        }
    },
    "decoding": {
        "metadata": {
            "rows": 1,
            "columns": 30,
            "n_in": 2,
            "n_out": 2,
            "n_para": 2,
            "n_conn": 2
        },
        "functions": [
            "max",
            "min",
            "mean",
            "add",
            "subtract",
            "bitwise_not",
            "bitwise_or",
            "bitwise_and",
            "bitwise_and_mask",
            "bitwise_xor",
            "sqrt",
            "pow2",
            "exp",
            "log",
            "median_blur",
            "gaussian_blur",
            "laplacian",
            "sobel",
            "robert_cross",
            "canny",
            "sharpen",
            "gabor",
            "abs_diff",
            "abs_diff2",
            "fluo_tophat",
            "rel_diff",
            "erode",
            "dilate",
            "open",
            "close",
            "morph_gradient",
            "morph_tophat",
            "morph_blackhat",
            "fill_holes",
            "remove_small_objects",
            "remove_small_holes",
            "threshold",
            "threshold_at_1",
            "distance_transform",
            "distance_transform_and_thresh",
            "inrange_bin",
            "inrange"
        ],
        "endpoint": {
            "name": "Marker-Based Watershed",
            "abbv": "WSHD",
            "arity": 2,
            "args": 0,
            "kwargs": {
                "use_dt": false,
                "markers_distance": 21,
                "markers_area": null
            }
        },
        "mode": "default"
    }
}