{
    "dataset": {
        "name": "Tumor",
        "label_name": "tumor",
        "indices": null
    },
    "individual": {
        "sequence": "[[0, 0, 0, 0, 0], [0, 0, 0, 0, 0], [0, 0, 0, 0, 0], [4, 1, 0, 134, 32], [15, 3, 1, 30, 48], [30, 1, 0, 118, 114], [2, 4, 2, 19, 10], [20, 2, 0, 235, 250], [5, 6, 4, 31, 33], [0, 0, 4, 175, 245], [16, 4, 3, 108, 227], [17, 0, 3, 2, 116], [40, 2, 1, 49, 229], [25, 0, 12, 185, 48], [26, 9, 8, 114, 189], [9, 6, 13, 159, 12], [6, 1, 14, 212, 151], [32, 10, 5, 88, 11], [10, 15, 5, 190, 253], [1, 12, 17, 54, 180], [12, 14, 11, 210, 99], [33, 19, 19, 231, 52], [16, 5, 16, 167, 245], [0, 17, 21, 139, 4], [35, 10, 23, 168, 140], [28, 9, 9, 46, 173], [18, 16, 15, 189, 216], [31, 26, 3, 14, 102], [5, 27, 21, 193, 171], [30, 28, 20, 169, 40], [7, 23, 9, 146, 35], [14, 21, 9, 27, 168], [41, 5, 26, 140, 80], [0, 31, 0, 0, 0]]",
        "fitness": {
            "fitness": 0.10686272916411281,
            "time": 0.0295673410097758
        }
    },
    "decoding": {
        "metadata": {
            "rows": 1,
            "columns": 30,
            "n_in": 3,
            "n_out": 1,
            "n_para": 2,
            "n_conn": 2
        },
        "functions": [
            "max",
            "min",
            "mean",
            "add",
            "subtract",
            "bitwise_not",
            "bitwise_or",
            "bitwise_and",
            "bitwise_and_mask",
            "bitwise_xor",
            "sqrt",
            "pow2",
            "exp",
            "log",
            "median_blur",
            "gaussian_blur",
            "laplacian",
            "sobel",
            "robert_cross",
            "canny",
            "sharpen",
            "gabor",
            "abs_diff",
            "abs_diff2",
            "fluo_tophat",
            "rel_diff",
            "erode",
            "dilate",
            "open",
            "close",
            "morph_gradient",
            "morph_tophat",
            "morph_blackhat",
            "fill_holes",
            "remove_small_objects",
            "remove_small_holes",
            "threshold",
            "threshold_at_1",
            "distance_transform",
            "distance_transform_and_thresh",
            "inrange_bin",
            "inrange"
        ],
        "endpoint": {
            "name": "Threshold (t=4)",
            "abbv": "TRSH",
            "arity": 1,
            "p": 0,
            "kwargs": {
                "threshold": 4
            }
        },
        "mode": "default"
    }
}