{
    "dataset": {
        "name": "CIL",
        "label_name": "neuron",
        "indices": [
            69,
            5,
            53,
            4,
            60,
            1
        ]
    },
    "individual": {
        "sequence": "[[0, 0, 0, 0, 0], [0, 0, 0, 0, 0], [2, 1, 0, 30, 196], [5, 0, 0, 73, 42], [26, 1, 3, 42, 1], [8, 4, 3, 44, 129], [14, 1, 3, 34, 210], [31, 3, 4, 100, 102], [40, 7, 6, 250, 249], [18, 4, 7, 229, 21], [2, 9, 2, 140, 76], [31, 10, 0, 194, 136], [34, 10, 10, 179, 130], [24, 2, 11, 183, 175], [1, 1, 6, 146, 169], [41, 14, 9, 47, 205], [32, 11, 5, 180, 109], [40, 10, 1, 121, 170], [39, 16, 8, 232, 63], [6, 2, 15, 254, 65], [19, 18, 11, 199, 2], [8, 1, 14, 207, 163], [33, 4, 11, 236, 93], [35, 0, 1, 125, 166], [17, 15, 20, 114, 121], [17, 21, 2, 203, 220], [38, 5, 2, 215, 27], [41, 26, 16, 98, 34], [23, 13, 10, 16, 143], [37, 13, 11, 114, 8], [39, 29, 21, 89, 240], [0, 8, 13, 185, 215], [0, 11, 0, 0, 0], [0, 15, 0, 0, 0]]",
        "fitness": {
            "fitness": 0.08904146154721577,
            "time": 0.035498857498168945
        }
    },
    "decoding": {
        "metadata": {
            "rows": 1,
            "columns": 30,
            "n_in": 2,
            "n_out": 2,
            "n_para": 2,
            "n_conn": 2
        },
        "functions": [
            "max",
            "min",
            "mean",
            "add",
            "subtract",
            "bitwise_not",
            "bitwise_or",
            "bitwise_and",
            "bitwise_and_mask",
            "bitwise_xor",
            "sqrt",
            "pow2",
            "exp",
            "log",
            "median_blur",
            "gaussian_blur",
            "laplacian",
            "sobel",
            "robert_cross",
            "canny",
            "sharpen",
            "gabor",
            "abs_diff",
            "abs_diff2",
            "fluo_tophat",
            "rel_diff",
            "erode",
            "dilate",
            "open",
            "close",
            "morph_gradient",
            "morph_tophat",
            "morph_blackhat",
            "fill_holes",
            "remove_small_objects",
            "remove_small_holes",
            "threshold",
            "threshold_at_1",
            "distance_transform",
            "distance_transform_and_thresh",
            "inrange_bin",
            "inrange"
        ],
        "endpoint": {
            "name": "W",
            "abbv": "WSHD",
            "arity": 2,
            "p": 0,
            "kwargs": {
                "use_dt": false,
                "markers_distance": 21,
                "markers_area": null
            }
        },
        "mode": "default"
    }
}