{
    "dataset": {
        "name": "CIL",
        "label_name": "neuron",
        "indices": [
            23
        ]
    },
    "individual": {
        "sequence": "[[0, 0, 0, 0, 0], [0, 0, 0, 0, 0], [11, 1, 0, 42, 232], [1, 0, 0, 107, 4], [20, 1, 0, 66, 19], [10, 3, 3, 84, 132], [37, 2, 0, 27, 244], [7, 1, 3, 251, 25], [11, 3, 5, 193, 117], [30, 8, 6, 119, 146], [1, 4, 2, 99, 57], [29, 6, 7, 150, 78], [22, 7, 8, 33, 100], [3, 8, 8, 95, 226], [26, 13, 0, 238, 83], [27, 14, 3, 217, 14], [37, 13, 3, 249, 14], [19, 3, 16, 97, 13], [13, 11, 8, 163, 183], [8, 8, 0, 45, 252], [34, 9, 10, 122, 43], [31, 19, 14, 164, 204], [18, 11, 13, 119, 188], [2, 7, 16, 112, 8], [41, 17, 1, 160, 80], [3, 18, 1, 64, 94], [39, 6, 22, 1, 124], [26, 1, 10, 128, 107], [37, 25, 17, 190, 205], [6, 21, 17, 197, 10], [37, 10, 28, 161, 226], [22, 3, 17, 200, 183], [0, 29, 0, 0, 0], [0, 10, 0, 0, 0]]",
        "fitness": {
            "fitness": 0.06578946113586426,
            "time": 0.027629852294921875
        }
    },
    "decoding": {
        "metadata": {
            "rows": 1,
            "columns": 30,
            "n_in": 2,
            "n_out": 2,
            "n_para": 2,
            "n_conn": 2
        },
        "functions": [
            "max",
            "min",
            "mean",
            "add",
            "subtract",
            "bitwise_not",
            "bitwise_or",
            "bitwise_and",
            "bitwise_and_mask",
            "bitwise_xor",
            "sqrt",
            "pow2",
            "exp",
            "log",
            "median_blur",
            "gaussian_blur",
            "laplacian",
            "sobel",
            "robert_cross",
            "canny",
            "sharpen",
            "gabor",
            "abs_diff",
            "abs_diff2",
            "fluo_tophat",
            "rel_diff",
            "erode",
            "dilate",
            "open",
            "close",
            "morph_gradient",
            "morph_tophat",
            "morph_blackhat",
            "fill_holes",
            "remove_small_objects",
            "remove_small_holes",
            "threshold",
            "threshold_at_1",
            "distance_transform",
            "distance_transform_and_thresh",
            "inrange_bin",
            "inrange"
        ],
        "endpoint": {
            "name": "W",
            "abbv": "WSHD",
            "arity": 2,
            "p": 0,
            "kwargs": {
                "use_dt": false,
                "markers_distance": 21,
                "markers_area": null
            }
        },
        "mode": "default"
    }
}