{
    "dataset": {
        "name": "CIL",
        "label_name": "neuron",
        "indices": [
            67,
            40,
            60,
            38
        ]
    },
    "individual": {
        "sequence": "[[0, 0, 0, 0, 0], [0, 0, 0, 0, 0], [36, 1, 1, 218, 50], [1, 2, 0, 3, 99], [22, 2, 3, 30, 100], [18, 4, 4, 79, 176], [19, 1, 4, 60, 191], [25, 6, 5, 106, 78], [30, 0, 7, 12, 74], [21, 2, 4, 11, 63], [30, 6, 9, 102, 91], [29, 7, 1, 24, 131], [39, 11, 9, 96, 13], [19, 4, 9, 170, 61], [1, 4, 0, 75, 18], [27, 5, 2, 170, 82], [37, 6, 0, 162, 60], [36, 1, 8, 39, 137], [41, 14, 11, 6, 182], [17, 2, 3, 81, 157], [9, 9, 13, 10, 150], [13, 12, 9, 224, 180], [39, 5, 9, 17, 195], [0, 22, 5, 3, 72], [17, 3, 4, 95, 161], [0, 6, 3, 143, 237], [35, 22, 8, 134, 0], [12, 13, 20, 174, 131], [25, 13, 14, 137, 16], [22, 8, 5, 191, 170], [21, 1, 5, 104, 28], [17, 14, 16, 51, 231], [0, 18, 0, 0, 0], [0, 25, 0, 0, 0]]",
        "fitness": {
            "fitness": 0.10966385900974274,
            "time": 0.02247244119644165
        }
    },
    "decoding": {
        "metadata": {
            "rows": 1,
            "columns": 30,
            "n_in": 2,
            "n_out": 2,
            "n_para": 2,
            "n_conn": 2
        },
        "functions": [
            "max",
            "min",
            "mean",
            "add",
            "subtract",
            "bitwise_not",
            "bitwise_or",
            "bitwise_and",
            "bitwise_and_mask",
            "bitwise_xor",
            "sqrt",
            "pow2",
            "exp",
            "log",
            "median_blur",
            "gaussian_blur",
            "laplacian",
            "sobel",
            "robert_cross",
            "canny",
            "sharpen",
            "gabor",
            "abs_diff",
            "abs_diff2",
            "fluo_tophat",
            "rel_diff",
            "erode",
            "dilate",
            "open",
            "close",
            "morph_gradient",
            "morph_tophat",
            "morph_blackhat",
            "fill_holes",
            "remove_small_objects",
            "remove_small_holes",
            "threshold",
            "threshold_at_1",
            "distance_transform",
            "distance_transform_and_thresh",
            "inrange_bin",
            "inrange"
        ],
        "endpoint": {
            "name": "W",
            "abbv": "WSHD",
            "arity": 2,
            "p": 0,
            "kwargs": {
                "use_dt": false,
                "markers_distance": 21,
                "markers_area": null
            }
        },
        "mode": "default"
    }
}