{
    "dataset": {
        "name": "CIL",
        "label_name": "neuron",
        "indices": [
            82,
            68,
            17,
            33,
            24,
            59,
            78,
            3,
            84,
            45,
            42,
            66,
            62,
            77,
            39,
            58,
            2,
            51,
            49,
            52,
            25,
            56,
            28,
            41,
            4,
            64,
            86,
            0,
            73,
            32,
            71,
            14,
            6,
            36,
            69,
            50,
            21,
            83,
            31,
            8,
            12,
            26,
            57,
            13,
            54,
            61,
            37,
            10,
            1,
            46
        ]
    },
    "individual": {
        "sequence": "[[0, 0, 0, 0, 0], [0, 0, 0, 0, 0], [14, 1, 0, 173, 158], [15, 1, 0, 203, 255], [15, 0, 3, 14, 38], [28, 1, 1, 19, 117], [40, 3, 0, 121, 184], [36, 4, 2, 248, 10], [41, 5, 6, 175, 39], [4, 4, 6, 163, 224], [16, 6, 7, 59, 126], [41, 6, 4, 66, 132], [38, 10, 11, 194, 204], [25, 9, 5, 79, 171], [32, 9, 5, 42, 78], [16, 7, 13, 145, 107], [7, 8, 3, 72, 204], [8, 9, 10, 129, 166], [10, 2, 12, 228, 179], [11, 12, 6, 62, 239], [41, 7, 11, 202, 225], [1, 5, 10, 53, 112], [20, 14, 12, 61, 192], [37, 16, 17, 56, 193], [34, 21, 14, 71, 179], [41, 16, 19, 26, 243], [10, 18, 6, 220, 94], [9, 7, 23, 26, 2], [38, 7, 12, 90, 93], [2, 24, 7, 241, 133], [25, 6, 1, 83, 48], [22, 15, 13, 162, 20], [0, 27, 0, 0, 0], [0, 8, 0, 0, 0]]",
        "fitness": {
            "fitness": 0.1399763596057892,
            "time": 0.029192624092102052
        }
    },
    "decoding": {
        "metadata": {
            "rows": 1,
            "columns": 30,
            "n_in": 2,
            "n_out": 2,
            "n_para": 2,
            "n_conn": 2
        },
        "functions": [
            "max",
            "min",
            "mean",
            "add",
            "subtract",
            "bitwise_not",
            "bitwise_or",
            "bitwise_and",
            "bitwise_and_mask",
            "bitwise_xor",
            "sqrt",
            "pow2",
            "exp",
            "log",
            "median_blur",
            "gaussian_blur",
            "laplacian",
            "sobel",
            "robert_cross",
            "canny",
            "sharpen",
            "gabor",
            "abs_diff",
            "abs_diff2",
            "fluo_tophat",
            "rel_diff",
            "erode",
            "dilate",
            "open",
            "close",
            "morph_gradient",
            "morph_tophat",
            "morph_blackhat",
            "fill_holes",
            "remove_small_objects",
            "remove_small_holes",
            "threshold",
            "threshold_at_1",
            "distance_transform",
            "distance_transform_and_thresh",
            "inrange_bin",
            "inrange"
        ],
        "endpoint": {
            "name": "W",
            "abbv": "WSHD",
            "arity": 2,
            "p": 0,
            "kwargs": {
                "use_dt": false,
                "markers_distance": 21,
                "markers_area": null
            }
        },
        "mode": "default"
    }
}