{
    "dataset": {
        "name": "CIL",
        "label_name": "neuron",
        "indices": [
            24,
            70,
            80
        ]
    },
    "individual": {
        "sequence": "[[0, 0, 0, 0, 0], [0, 0, 0, 0, 0], [4, 1, 1, 25, 169], [28, 1, 1, 23, 180], [41, 3, 3, 179, 31], [0, 2, 3, 89, 208], [4, 5, 4, 190, 91], [37, 4, 1, 77, 119], [10, 5, 4, 103, 192], [10, 5, 8, 141, 21], [40, 2, 0, 87, 220], [26, 6, 10, 0, 3], [7, 0, 6, 226, 39], [11, 7, 4, 240, 155], [18, 7, 0, 196, 113], [18, 6, 7, 166, 134], [33, 15, 3, 29, 128], [27, 13, 14, 247, 118], [23, 15, 16, 113, 69], [10, 4, 9, 33, 238], [6, 15, 14, 90, 39], [6, 2, 1, 188, 228], [16, 14, 20, 35, 133], [32, 21, 12, 49, 242], [12, 18, 19, 129, 200], [26, 1, 0, 192, 209], [4, 0, 11, 28, 90], [1, 13, 1, 241, 93], [8, 3, 2, 136, 215], [35, 11, 7, 33, 52], [12, 11, 22, 69, 94], [2, 5, 23, 220, 225], [0, 26, 0, 0, 0], [0, 4, 0, 0, 0]]",
        "fitness": {
            "fitness": 0.17230373620986938,
            "time": 0.017009576161702473
        }
    },
    "decoding": {
        "metadata": {
            "rows": 1,
            "columns": 30,
            "n_in": 2,
            "n_out": 2,
            "n_para": 2,
            "n_conn": 2
        },
        "functions": [
            "max",
            "min",
            "mean",
            "add",
            "subtract",
            "bitwise_not",
            "bitwise_or",
            "bitwise_and",
            "bitwise_and_mask",
            "bitwise_xor",
            "sqrt",
            "pow2",
            "exp",
            "log",
            "median_blur",
            "gaussian_blur",
            "laplacian",
            "sobel",
            "robert_cross",
            "canny",
            "sharpen",
            "gabor",
            "abs_diff",
            "abs_diff2",
            "fluo_tophat",
            "rel_diff",
            "erode",
            "dilate",
            "open",
            "close",
            "morph_gradient",
            "morph_tophat",
            "morph_blackhat",
            "fill_holes",
            "remove_small_objects",
            "remove_small_holes",
            "threshold",
            "threshold_at_1",
            "distance_transform",
            "distance_transform_and_thresh",
            "inrange_bin",
            "inrange"
        ],
        "endpoint": {
            "name": "W",
            "abbv": "WSHD",
            "arity": 2,
            "p": 0,
            "kwargs": {
                "use_dt": false,
                "markers_distance": 21,
                "markers_area": null
            }
        },
        "mode": "default"
    }
}