{
    "dataset": {
        "name": "Melanoma",
        "label_name": "melanoma",
        "indices": null
    },
    "individual": {
        "sequence": "[[0, 0, 0, 0, 0], [0, 0, 0, 0, 0], [0, 0, 0, 0, 0], [36, 2, 0, 125, 62], [16, 2, 3, 210, 149], [29, 0, 2, 20, 160], [41, 1, 2, 69, 104], [17, 4, 5, 18, 180], [11, 2, 3, 136, 231], [22, 7, 5, 67, 10], [40, 6, 0, 80, 33], [2, 1, 4, 11, 204], [30, 10, 4, 248, 231], [22, 10, 2, 14, 38], [28, 11, 11, 70, 119], [4, 8, 14, 103, 218], [36, 10, 1, 171, 171], [0, 8, 14, 96, 192], [9, 11, 2, 115, 190], [37, 15, 1, 196, 71], [8, 3, 0, 17, 82], [5, 10, 18, 53, 4], [34, 19, 12, 254, 175], [38, 13, 14, 198, 166], [5, 22, 0, 128, 192], [3, 24, 1, 135, 238], [10, 15, 12, 188, 232], [4, 22, 0, 245, 26], [17, 11, 7, 220, 65], [39, 27, 25, 109, 175], [2, 11, 12, 50, 240], [33, 2, 12, 245, 46], [8, 29, 5, 2, 141], [0, 27, 0, 0, 0], [0, 29, 0, 0, 0]]",
        "fitness": {
            "fitness": 0.1875585416952769,
            "time": 0.012901882330576578
        }
    },
    "decoding": {
        "metadata": {
            "rows": 1,
            "columns": 30,
            "n_in": 3,
            "n_out": 2,
            "n_para": 2,
            "n_conn": 2
        },
        "functions": [
            "max",
            "min",
            "mean",
            "add",
            "subtract",
            "bitwise_not",
            "bitwise_or",
            "bitwise_and",
            "bitwise_and_mask",
            "bitwise_xor",
            "sqrt",
            "pow2",
            "exp",
            "log",
            "median_blur",
            "gaussian_blur",
            "laplacian",
            "sobel",
            "robert_cross",
            "canny",
            "sharpen",
            "gabor",
            "abs_diff",
            "abs_diff2",
            "fluo_tophat",
            "rel_diff",
            "erode",
            "dilate",
            "open",
            "close",
            "morph_gradient",
            "morph_tophat",
            "morph_blackhat",
            "fill_holes",
            "remove_small_objects",
            "remove_small_holes",
            "threshold",
            "threshold_at_1",
            "distance_transform",
            "distance_transform_and_thresh",
            "inrange_bin",
            "inrange"
        ],
        "endpoint": {
            "name": "Marker-Based Watershed",
            "abbv": "WSHD",
            "arity": 2,
            "args": 0,
            "kwargs": {
                "use_dt": false,
                "markers_distance": 21,
                "markers_area": null
            }
        },
        "mode": "default"
    }
}