{
    "dataset": {
        "name": "CIL",
        "label_name": "neuron",
        "indices": [
            74,
            31,
            15,
            12,
            41,
            21,
            79,
            85,
            29,
            88,
            35,
            26,
            7,
            66,
            56,
            24,
            78,
            27,
            65,
            34,
            17,
            57,
            81,
            84,
            16,
            63,
            22,
            46,
            62,
            75,
            3,
            10,
            33,
            2,
            64,
            39,
            6,
            25,
            42,
            44,
            36,
            47,
            13,
            53,
            48,
            5,
            51,
            87,
            73,
            86,
            1,
            19,
            0,
            20,
            32,
            58,
            23,
            77,
            61,
            80
        ]
    },
    "individual": {
        "sequence": "[[0, 0, 0, 0, 0], [0, 0, 0, 0, 0], [36, 1, 1, 5, 39], [34, 2, 1, 9, 7], [29, 1, 1, 47, 99], [31, 0, 0, 185, 203], [2, 3, 5, 194, 63], [35, 5, 6, 177, 21], [15, 4, 7, 246, 166], [4, 4, 8, 85, 154], [28, 6, 3, 0, 135], [11, 9, 4, 245, 152], [2, 9, 10, 237, 118], [3, 7, 4, 70, 75], [37, 13, 6, 88, 29], [27, 6, 4, 237, 146], [10, 5, 6, 116, 180], [22, 0, 16, 20, 53], [14, 10, 4, 76, 46], [29, 12, 3, 202, 86], [4, 14, 7, 180, 134], [2, 16, 3, 72, 42], [25, 11, 14, 255, 30], [23, 22, 2, 10, 37], [17, 14, 11, 127, 100], [20, 21, 2, 239, 64], [7, 12, 6, 23, 54], [21, 24, 1, 209, 54], [41, 3, 16, 213, 123], [5, 8, 25, 255, 148], [30, 27, 12, 88, 151], [35, 19, 9, 22, 114], [0, 12, 0, 0, 0], [0, 3, 0, 0, 0]]",
        "fitness": {
            "fitness": 0.13874719242254893,
            "time": 0.0405537207921346
        }
    },
    "decoding": {
        "metadata": {
            "rows": 1,
            "columns": 30,
            "n_in": 2,
            "n_out": 2,
            "n_para": 2,
            "n_conn": 2
        },
        "functions": [
            "max",
            "min",
            "mean",
            "add",
            "subtract",
            "bitwise_not",
            "bitwise_or",
            "bitwise_and",
            "bitwise_and_mask",
            "bitwise_xor",
            "sqrt",
            "pow2",
            "exp",
            "log",
            "median_blur",
            "gaussian_blur",
            "laplacian",
            "sobel",
            "robert_cross",
            "canny",
            "sharpen",
            "gabor",
            "abs_diff",
            "abs_diff2",
            "fluo_tophat",
            "rel_diff",
            "erode",
            "dilate",
            "open",
            "close",
            "morph_gradient",
            "morph_tophat",
            "morph_blackhat",
            "fill_holes",
            "remove_small_objects",
            "remove_small_holes",
            "threshold",
            "threshold_at_1",
            "distance_transform",
            "distance_transform_and_thresh",
            "inrange_bin",
            "inrange"
        ],
        "endpoint": {
            "name": "Marker-Based Watershed",
            "abbv": "WSHD",
            "arity": 2,
            "args": 0,
            "kwargs": {
                "use_dt": false,
                "markers_distance": 21,
                "markers_area": null
            }
        },
        "mode": "default"
    }
}