{
    "dataset": {
        "name": "CIL",
        "label_name": "neuron",
        "indices": [
            21,
            81,
            64,
            5,
            30,
            50,
            87,
            58,
            63,
            68,
            10,
            61
        ]
    },
    "individual": {
        "sequence": "[[0, 0, 0, 0, 0], [0, 0, 0, 0, 0], [20, 1, 0, 224, 247], [14, 1, 2, 4, 228], [22, 1, 3, 162, 237], [40, 0, 4, 160, 15], [31, 0, 4, 206, 238], [3, 6, 0, 190, 249], [1, 3, 0, 181, 13], [5, 0, 6, 44, 202], [41, 7, 1, 138, 70], [28, 8, 1, 71, 253], [22, 4, 10, 127, 254], [6, 11, 7, 125, 24], [11, 13, 0, 45, 19], [35, 3, 4, 74, 189], [19, 0, 6, 101, 16], [10, 9, 9, 42, 104], [12, 16, 17, 153, 199], [9, 13, 16, 132, 250], [11, 13, 7, 29, 147], [2, 3, 18, 182, 196], [14, 8, 5, 9, 72], [11, 5, 22, 165, 35], [25, 1, 6, 23, 79], [23, 9, 2, 53, 237], [39, 3, 15, 27, 98], [35, 1, 16, 249, 192], [36, 3, 17, 219, 39], [31, 21, 20, 34, 164], [23, 16, 26, 103, 107], [11, 10, 9, 115, 62], [0, 14, 0, 0, 0], [0, 28, 0, 0, 0]]",
        "fitness": {
            "fitness": 0.13083588083585104,
            "time": 0.025331974029541016
        }
    },
    "decoding": {
        "metadata": {
            "rows": 1,
            "columns": 30,
            "n_in": 2,
            "n_out": 2,
            "n_para": 2,
            "n_conn": 2
        },
        "functions": [
            "max",
            "min",
            "mean",
            "add",
            "subtract",
            "bitwise_not",
            "bitwise_or",
            "bitwise_and",
            "bitwise_and_mask",
            "bitwise_xor",
            "sqrt",
            "pow2",
            "exp",
            "log",
            "median_blur",
            "gaussian_blur",
            "laplacian",
            "sobel",
            "robert_cross",
            "canny",
            "sharpen",
            "gabor",
            "abs_diff",
            "abs_diff2",
            "fluo_tophat",
            "rel_diff",
            "erode",
            "dilate",
            "open",
            "close",
            "morph_gradient",
            "morph_tophat",
            "morph_blackhat",
            "fill_holes",
            "remove_small_objects",
            "remove_small_holes",
            "threshold",
            "threshold_at_1",
            "distance_transform",
            "distance_transform_and_thresh",
            "inrange_bin",
            "inrange"
        ],
        "endpoint": {
            "name": "Marker-Based Watershed",
            "abbv": "WSHD",
            "arity": 2,
            "p": 0,
            "kwargs": {
                "use_dt": false,
                "markers_distance": 21,
                "markers_area": null
            }
        },
        "mode": "default"
    }
}