{
    "dataset": {
        "name": "Tumor",
        "label_name": "tumor",
        "indices": null
    },
    "individual": {
        "sequence": "[[0, 0, 0, 0, 0], [0, 0, 0, 0, 0], [0, 0, 0, 0, 0], [24, 1, 0, 194, 186], [41, 0, 1, 118, 94], [15, 2, 0, 127, 44], [6, 0, 2, 185, 227], [14, 4, 1, 90, 44], [38, 4, 2, 44, 124], [4, 1, 7, 233, 69], [2, 3, 1, 248, 36], [11, 0, 4, 81, 111], [14, 10, 9, 112, 120], [15, 2, 8, 178, 33], [15, 12, 13, 121, 187], [16, 2, 12, 210, 148], [11, 14, 6, 192, 47], [4, 0, 2, 193, 19], [11, 7, 17, 177, 160], [3, 18, 6, 190, 179], [16, 9, 15, 117, 233], [1, 20, 16, 65, 213], [3, 6, 16, 8, 31], [35, 9, 9, 53, 186], [11, 0, 23, 38, 254], [29, 20, 24, 237, 78], [0, 2, 24, 42, 227], [33, 21, 7, 211, 121], [32, 22, 22, 119, 250], [31, 20, 13, 211, 139], [19, 6, 5, 212, 52], [8, 12, 3, 5, 174], [35, 7, 7, 46, 6], [0, 27, 0, 0, 0]]",
        "fitness": {
            "fitness": 0.12171521863077299,
            "time": 0.11932907501856486
        }
    },
    "decoding": {
        "metadata": {
            "rows": 1,
            "columns": 30,
            "n_in": 3,
            "n_out": 1,
            "n_para": 2,
            "n_conn": 2
        },
        "functions": [
            "max",
            "min",
            "mean",
            "add",
            "subtract",
            "bitwise_not",
            "bitwise_or",
            "bitwise_and",
            "bitwise_and_mask",
            "bitwise_xor",
            "sqrt",
            "pow2",
            "exp",
            "log",
            "median_blur",
            "gaussian_blur",
            "laplacian",
            "sobel",
            "robert_cross",
            "canny",
            "sharpen",
            "gabor",
            "abs_diff",
            "abs_diff2",
            "fluo_tophat",
            "rel_diff",
            "erode",
            "dilate",
            "open",
            "close",
            "morph_gradient",
            "morph_tophat",
            "morph_blackhat",
            "fill_holes",
            "remove_small_objects",
            "remove_small_holes",
            "threshold",
            "threshold_at_1",
            "distance_transform",
            "distance_transform_and_thresh",
            "inrange_bin",
            "inrange"
        ],
        "endpoint": {
            "name": "Threshold (t=4)",
            "abbv": "TRSH",
            "arity": 1,
            "p": 0,
            "kwargs": {
                "threshold": 4
            }
        },
        "mode": "default"
    }
}