{
    "dataset": {
        "name": "CIL",
        "label_name": "neuron",
        "indices": [
            32,
            80,
            50,
            39,
            1,
            10,
            24,
            30,
            40,
            46,
            2
        ]
    },
    "individual": {
        "sequence": "[[0, 0, 0, 0, 0], [0, 0, 0, 0, 0], [1, 0, 1, 37, 227], [3, 2, 0, 197, 255], [18, 0, 1, 79, 159], [27, 1, 1, 151, 164], [41, 1, 3, 57, 106], [10, 2, 4, 176, 123], [38, 4, 3, 170, 176], [40, 1, 2, 31, 193], [15, 6, 4, 17, 208], [11, 3, 5, 100, 206], [1, 5, 11, 210, 153], [27, 7, 9, 67, 132], [31, 10, 8, 102, 114], [34, 4, 13, 189, 60], [39, 15, 14, 93, 130], [33, 1, 6, 234, 3], [13, 4, 7, 195, 13], [39, 9, 0, 73, 224], [3, 19, 6, 74, 97], [1, 10, 3, 67, 27], [9, 11, 9, 74, 66], [6, 3, 13, 106, 59], [24, 16, 19, 145, 246], [24, 17, 4, 48, 144], [34, 9, 10, 26, 101], [10, 21, 23, 51, 42], [38, 1, 24, 149, 26], [3, 17, 19, 122, 225], [27, 19, 22, 166, 141], [14, 26, 10, 44, 103], [0, 12, 0, 0, 0], [0, 26, 0, 0, 0]]",
        "fitness": {
            "fitness": 0.1670562679117376,
            "time": 0.033384843306107956
        }
    },
    "decoding": {
        "metadata": {
            "rows": 1,
            "columns": 30,
            "n_in": 2,
            "n_out": 2,
            "n_para": 2,
            "n_conn": 2
        },
        "functions": [
            "max",
            "min",
            "mean",
            "add",
            "subtract",
            "bitwise_not",
            "bitwise_or",
            "bitwise_and",
            "bitwise_and_mask",
            "bitwise_xor",
            "sqrt",
            "pow2",
            "exp",
            "log",
            "median_blur",
            "gaussian_blur",
            "laplacian",
            "sobel",
            "robert_cross",
            "canny",
            "sharpen",
            "gabor",
            "abs_diff",
            "abs_diff2",
            "fluo_tophat",
            "rel_diff",
            "erode",
            "dilate",
            "open",
            "close",
            "morph_gradient",
            "morph_tophat",
            "morph_blackhat",
            "fill_holes",
            "remove_small_objects",
            "remove_small_holes",
            "threshold",
            "threshold_at_1",
            "distance_transform",
            "distance_transform_and_thresh",
            "inrange_bin",
            "inrange"
        ],
        "endpoint": {
            "name": "Marker-Based Watershed",
            "abbv": "WSHD",
            "arity": 2,
            "p": 0,
            "kwargs": {
                "use_dt": false,
                "markers_distance": 21,
                "markers_area": null
            }
        },
        "mode": "default"
    }
}