{
    "dataset": {
        "name": "CIL",
        "label_name": "neuron",
        "indices": [
            14,
            2,
            42,
            77,
            38,
            9,
            15,
            80,
            30,
            46,
            79,
            64,
            10,
            7,
            88,
            69,
            13,
            87,
            4,
            83,
            23,
            45,
            25,
            55,
            85,
            54,
            6,
            66,
            31,
            58,
            56,
            62,
            75,
            36,
            84,
            63,
            82,
            5,
            16,
            53
        ]
    },
    "individual": {
        "sequence": "[[0, 0, 0, 0, 0], [0, 0, 0, 0, 0], [20, 0, 1, 27, 236], [3, 2, 0, 46, 207], [5, 0, 1, 238, 25], [2, 3, 2, 148, 164], [40, 3, 4, 99, 109], [37, 0, 5, 250, 116], [15, 3, 1, 14, 97], [35, 1, 0, 17, 109], [3, 6, 2, 207, 161], [28, 4, 2, 197, 186], [31, 6, 7, 48, 57], [3, 4, 10, 154, 17], [40, 1, 0, 37, 234], [11, 8, 4, 245, 187], [28, 14, 14, 4, 251], [18, 0, 5, 143, 41], [19, 3, 1, 184, 250], [37, 13, 0, 107, 236], [2, 7, 6, 29, 159], [40, 18, 10, 71, 247], [18, 18, 18, 40, 174], [2, 10, 19, 200, 164], [26, 5, 20, 239, 29], [5, 5, 19, 190, 17], [26, 15, 13, 233, 250], [22, 26, 6, 44, 167], [37, 23, 5, 234, 120], [31, 17, 16, 202, 197], [17, 22, 15, 127, 221], [4, 21, 6, 231, 109], [0, 15, 0, 0, 0], [0, 16, 0, 0, 0]]",
        "fitness": {
            "fitness": 0.11856111884117126,
            "time": 0.029808467626571654
        }
    },
    "decoding": {
        "metadata": {
            "rows": 1,
            "columns": 30,
            "n_in": 2,
            "n_out": 2,
            "n_para": 2,
            "n_conn": 2
        },
        "functions": [
            "max",
            "min",
            "mean",
            "add",
            "subtract",
            "bitwise_not",
            "bitwise_or",
            "bitwise_and",
            "bitwise_and_mask",
            "bitwise_xor",
            "sqrt",
            "pow2",
            "exp",
            "log",
            "median_blur",
            "gaussian_blur",
            "laplacian",
            "sobel",
            "robert_cross",
            "canny",
            "sharpen",
            "gabor",
            "abs_diff",
            "abs_diff2",
            "fluo_tophat",
            "rel_diff",
            "erode",
            "dilate",
            "open",
            "close",
            "morph_gradient",
            "morph_tophat",
            "morph_blackhat",
            "fill_holes",
            "remove_small_objects",
            "remove_small_holes",
            "threshold",
            "threshold_at_1",
            "distance_transform",
            "distance_transform_and_thresh",
            "inrange_bin",
            "inrange"
        ],
        "endpoint": {
            "name": "Marker-Based Watershed",
            "abbv": "WSHD",
            "arity": 2,
            "args": 0,
            "kwargs": {
                "use_dt": false,
                "markers_distance": 21,
                "markers_area": null
            }
        },
        "mode": "default"
    }
}