{
    "dataset": {
        "name": "CIL",
        "label_name": "neuron",
        "indices": [
            35,
            40,
            57,
            19,
            22,
            49,
            77,
            32,
            33
        ]
    },
    "individual": {
        "sequence": "[[0, 0, 0, 0, 0], [0, 0, 0, 0, 0], [27, 1, 0, 142, 65], [31, 1, 0, 22, 210], [4, 1, 3, 201, 74], [19, 1, 4, 56, 76], [23, 0, 4, 113, 81], [2, 0, 5, 141, 232], [41, 7, 0, 254, 57], [33, 0, 7, 91, 149], [18, 5, 5, 84, 218], [38, 4, 1, 143, 47], [20, 5, 6, 131, 242], [16, 11, 5, 236, 20], [16, 12, 6, 248, 94], [31, 4, 5, 253, 213], [33, 10, 3, 157, 230], [40, 1, 0, 83, 228], [4, 17, 9, 32, 235], [17, 11, 9, 248, 20], [19, 19, 4, 40, 68], [7, 5, 7, 137, 25], [40, 3, 17, 199, 119], [13, 3, 8, 255, 51], [41, 13, 19, 222, 44], [11, 15, 17, 168, 146], [7, 1, 20, 165, 54], [22, 5, 1, 43, 223], [31, 21, 23, 123, 135], [11, 11, 9, 249, 54], [31, 7, 27, 169, 174], [40, 7, 23, 190, 164], [0, 30, 0, 0, 0], [0, 25, 0, 0, 0]]",
        "fitness": {
            "fitness": 0.15687496794594658,
            "time": 0.030418899324205186
        }
    },
    "decoding": {
        "metadata": {
            "rows": 1,
            "columns": 30,
            "n_in": 2,
            "n_out": 2,
            "n_para": 2,
            "n_conn": 2
        },
        "functions": [
            "max",
            "min",
            "mean",
            "add",
            "subtract",
            "bitwise_not",
            "bitwise_or",
            "bitwise_and",
            "bitwise_and_mask",
            "bitwise_xor",
            "sqrt",
            "pow2",
            "exp",
            "log",
            "median_blur",
            "gaussian_blur",
            "laplacian",
            "sobel",
            "robert_cross",
            "canny",
            "sharpen",
            "gabor",
            "abs_diff",
            "abs_diff2",
            "fluo_tophat",
            "rel_diff",
            "erode",
            "dilate",
            "open",
            "close",
            "morph_gradient",
            "morph_tophat",
            "morph_blackhat",
            "fill_holes",
            "remove_small_objects",
            "remove_small_holes",
            "threshold",
            "threshold_at_1",
            "distance_transform",
            "distance_transform_and_thresh",
            "inrange_bin",
            "inrange"
        ],
        "endpoint": {
            "name": "W",
            "abbv": "WSHD",
            "arity": 2,
            "p": 0,
            "kwargs": {
                "use_dt": false,
                "markers_distance": 21,
                "markers_area": null
            }
        },
        "mode": "default"
    }
}