{
    "dataset": {
        "name": "CIL",
        "label_name": "neuron",
        "indices": [
            61,
            52,
            53,
            15,
            31,
            1,
            45,
            16,
            37,
            85,
            23,
            22,
            14,
            80,
            67,
            48,
            18,
            21,
            28,
            46,
            75,
            83,
            55,
            57,
            42
        ]
    },
    "individual": {
        "sequence": "[[0, 0, 0, 0, 0], [0, 0, 0, 0, 0], [10, 0, 0, 92, 101], [14, 0, 1, 48, 33], [25, 2, 3, 112, 229], [36, 3, 0, 153, 67], [23, 5, 1, 103, 55], [35, 6, 6, 106, 102], [41, 3, 3, 51, 164], [3, 2, 8, 186, 182], [34, 5, 8, 231, 43], [40, 6, 9, 127, 37], [36, 9, 9, 159, 51], [19, 1, 2, 14, 146], [18, 7, 0, 96, 82], [18, 13, 4, 131, 180], [15, 12, 15, 229, 240], [23, 1, 13, 251, 150], [16, 12, 10, 244, 95], [12, 3, 10, 19, 116], [20, 2, 17, 201, 128], [32, 20, 16, 32, 88], [34, 21, 1, 109, 141], [6, 2, 1, 247, 63], [41, 5, 7, 143, 210], [32, 9, 7, 252, 120], [40, 16, 2, 40, 176], [37, 20, 16, 180, 70], [33, 15, 10, 64, 200], [30, 23, 6, 254, 109], [33, 9, 26, 56, 87], [20, 22, 4, 99, 131], [0, 12, 0, 0, 0], [0, 28, 0, 0, 0]]",
        "fitness": {
            "fitness": 0.1616912889480591,
            "time": 0.03709971427917481
        }
    },
    "decoding": {
        "metadata": {
            "rows": 1,
            "columns": 30,
            "n_in": 2,
            "n_out": 2,
            "n_para": 2,
            "n_conn": 2
        },
        "functions": [
            "max",
            "min",
            "mean",
            "add",
            "subtract",
            "bitwise_not",
            "bitwise_or",
            "bitwise_and",
            "bitwise_and_mask",
            "bitwise_xor",
            "sqrt",
            "pow2",
            "exp",
            "log",
            "median_blur",
            "gaussian_blur",
            "laplacian",
            "sobel",
            "robert_cross",
            "canny",
            "sharpen",
            "gabor",
            "abs_diff",
            "abs_diff2",
            "fluo_tophat",
            "rel_diff",
            "erode",
            "dilate",
            "open",
            "close",
            "morph_gradient",
            "morph_tophat",
            "morph_blackhat",
            "fill_holes",
            "remove_small_objects",
            "remove_small_holes",
            "threshold",
            "threshold_at_1",
            "distance_transform",
            "distance_transform_and_thresh",
            "inrange_bin",
            "inrange"
        ],
        "endpoint": {
            "name": "W",
            "abbv": "WSHD",
            "arity": 2,
            "p": 0,
            "kwargs": {
                "use_dt": false,
                "markers_distance": 21,
                "markers_area": null
            }
        },
        "mode": "default"
    }
}