{
    "dataset": {
        "name": "CIL",
        "label_name": "neuron",
        "indices": [
            59,
            58,
            35,
            29,
            45,
            2,
            24,
            41,
            26,
            43,
            28,
            49,
            69,
            57
        ]
    },
    "individual": {
        "sequence": "[[0, 0, 0, 0, 0], [0, 0, 0, 0, 0], [28, 1, 0, 201, 230], [40, 1, 2, 100, 24], [13, 0, 0, 13, 33], [18, 0, 0, 0, 17], [36, 0, 4, 245, 8], [31, 6, 1, 59, 196], [34, 3, 3, 18, 65], [22, 1, 7, 70, 2], [4, 2, 1, 115, 194], [20, 6, 3, 178, 1], [17, 0, 5, 115, 198], [3, 3, 10, 124, 99], [15, 8, 10, 123, 60], [8, 8, 1, 222, 70], [32, 3, 11, 234, 247], [38, 13, 11, 146, 35], [35, 4, 15, 106, 93], [30, 6, 4, 125, 142], [8, 19, 8, 213, 75], [35, 9, 10, 32, 250], [21, 5, 20, 95, 81], [24, 17, 7, 156, 244], [4, 7, 23, 197, 196], [24, 6, 6, 1, 171], [3, 25, 3, 26, 225], [34, 23, 10, 52, 145], [27, 23, 11, 143, 241], [17, 2, 22, 233, 158], [23, 9, 19, 62, 77], [17, 25, 6, 205, 14], [0, 11, 0, 0, 0], [0, 20, 0, 0, 0]]",
        "fitness": {
            "fitness": 0.1077221589429038,
            "time": 0.03387582302093506
        }
    },
    "decoding": {
        "metadata": {
            "rows": 1,
            "columns": 30,
            "n_in": 2,
            "n_out": 2,
            "n_para": 2,
            "n_conn": 2
        },
        "functions": [
            "max",
            "min",
            "mean",
            "add",
            "subtract",
            "bitwise_not",
            "bitwise_or",
            "bitwise_and",
            "bitwise_and_mask",
            "bitwise_xor",
            "sqrt",
            "pow2",
            "exp",
            "log",
            "median_blur",
            "gaussian_blur",
            "laplacian",
            "sobel",
            "robert_cross",
            "canny",
            "sharpen",
            "gabor",
            "abs_diff",
            "abs_diff2",
            "fluo_tophat",
            "rel_diff",
            "erode",
            "dilate",
            "open",
            "close",
            "morph_gradient",
            "morph_tophat",
            "morph_blackhat",
            "fill_holes",
            "remove_small_objects",
            "remove_small_holes",
            "threshold",
            "threshold_at_1",
            "distance_transform",
            "distance_transform_and_thresh",
            "inrange_bin",
            "inrange"
        ],
        "endpoint": {
            "name": "Marker-Based Watershed",
            "abbv": "WSHD",
            "arity": 2,
            "p": 0,
            "kwargs": {
                "use_dt": false,
                "markers_distance": 21,
                "markers_area": null
            }
        },
        "mode": "default"
    }
}