{
    "dataset": {
        "name": "CIL",
        "label_name": "neuron",
        "indices": [
            46,
            49,
            79,
            16,
            27,
            72,
            61,
            24,
            17,
            69,
            9,
            76,
            80,
            71
        ]
    },
    "individual": {
        "sequence": "[[0, 0, 0, 0, 0], [0, 0, 0, 0, 0], [41, 0, 0, 8, 213], [16, 1, 2, 47, 153], [19, 1, 2, 137, 14], [3, 0, 1, 200, 193], [16, 4, 0, 82, 85], [20, 1, 5, 179, 216], [36, 5, 3, 222, 170], [36, 5, 6, 43, 203], [1, 6, 7, 63, 181], [16, 5, 0, 34, 86], [37, 7, 7, 111, 68], [8, 2, 5, 115, 37], [29, 9, 6, 253, 217], [15, 8, 1, 19, 28], [25, 11, 5, 140, 175], [40, 1, 14, 103, 144], [32, 2, 16, 162, 206], [34, 10, 4, 43, 188], [8, 8, 1, 172, 207], [16, 17, 9, 142, 125], [20, 21, 7, 105, 3], [26, 13, 12, 0, 31], [5, 9, 21, 85, 217], [2, 2, 15, 95, 89], [6, 24, 17, 71, 184], [32, 8, 0, 246, 18], [8, 2, 21, 132, 129], [10, 1, 12, 193, 195], [19, 20, 15, 157, 141], [30, 26, 16, 89, 184], [0, 25, 0, 0, 0], [0, 10, 0, 0, 0]]",
        "fitness": {
            "fitness": 0.14047861099243164,
            "time": 0.029110329491751536
        }
    },
    "decoding": {
        "metadata": {
            "rows": 1,
            "columns": 30,
            "n_in": 2,
            "n_out": 2,
            "n_para": 2,
            "n_conn": 2
        },
        "functions": [
            "max",
            "min",
            "mean",
            "add",
            "subtract",
            "bitwise_not",
            "bitwise_or",
            "bitwise_and",
            "bitwise_and_mask",
            "bitwise_xor",
            "sqrt",
            "pow2",
            "exp",
            "log",
            "median_blur",
            "gaussian_blur",
            "laplacian",
            "sobel",
            "robert_cross",
            "canny",
            "sharpen",
            "gabor",
            "abs_diff",
            "abs_diff2",
            "fluo_tophat",
            "rel_diff",
            "erode",
            "dilate",
            "open",
            "close",
            "morph_gradient",
            "morph_tophat",
            "morph_blackhat",
            "fill_holes",
            "remove_small_objects",
            "remove_small_holes",
            "threshold",
            "threshold_at_1",
            "distance_transform",
            "distance_transform_and_thresh",
            "inrange_bin",
            "inrange"
        ],
        "endpoint": {
            "name": "Marker-Based Watershed",
            "abbv": "WSHD",
            "arity": 2,
            "p": 0,
            "kwargs": {
                "use_dt": false,
                "markers_distance": 21,
                "markers_area": null
            }
        },
        "mode": "default"
    }
}