{
    "dataset": {
        "name": "CIL",
        "label_name": "neuron",
        "indices": [
            49,
            2,
            10,
            36,
            3,
            62,
            33,
            71,
            15,
            4,
            14,
            44,
            63,
            64,
            48,
            43,
            52,
            17,
            69,
            23,
            13,
            19,
            9,
            26,
            27,
            46,
            50,
            54,
            85,
            56,
            35,
            24,
            1,
            8,
            5,
            76,
            51,
            83,
            34,
            32,
            37,
            18,
            67,
            80,
            53,
            65,
            31,
            70,
            6,
            0,
            20,
            86,
            42,
            40,
            45,
            84,
            47,
            30,
            61,
            60
        ]
    },
    "individual": {
        "sequence": "[[0, 0, 0, 0, 0], [0, 0, 0, 0, 0], [27, 1, 1, 127, 132], [31, 0, 1, 195, 102], [36, 1, 2, 196, 38], [2, 4, 3, 121, 74], [32, 5, 3, 66, 184], [13, 5, 5, 138, 94], [3, 4, 6, 168, 120], [18, 1, 5, 125, 20], [28, 8, 4, 136, 84], [29, 8, 3, 85, 36], [27, 11, 4, 176, 128], [16, 8, 11, 253, 35], [24, 1, 5, 7, 186], [36, 7, 14, 182, 168], [20, 14, 3, 170, 63], [28, 5, 4, 248, 207], [0, 16, 16, 65, 43], [26, 12, 16, 92, 6], [24, 1, 7, 201, 71], [11, 16, 14, 83, 60], [28, 21, 0, 17, 36], [5, 9, 15, 190, 81], [6, 12, 6, 6, 222], [25, 7, 0, 133, 222], [17, 6, 10, 49, 65], [10, 24, 12, 50, 180], [27, 11, 27, 208, 194], [40, 8, 3, 225, 177], [26, 24, 10, 38, 26], [1, 22, 19, 13, 17], [0, 5, 0, 0, 0], [0, 31, 0, 0, 0]]",
        "fitness": {
            "fitness": 0.13664193352063497,
            "time": 0.05830040375391642
        }
    },
    "decoding": {
        "metadata": {
            "rows": 1,
            "columns": 30,
            "n_in": 2,
            "n_out": 2,
            "n_para": 2,
            "n_conn": 2
        },
        "functions": [
            "max",
            "min",
            "mean",
            "add",
            "subtract",
            "bitwise_not",
            "bitwise_or",
            "bitwise_and",
            "bitwise_and_mask",
            "bitwise_xor",
            "sqrt",
            "pow2",
            "exp",
            "log",
            "median_blur",
            "gaussian_blur",
            "laplacian",
            "sobel",
            "robert_cross",
            "canny",
            "sharpen",
            "gabor",
            "abs_diff",
            "abs_diff2",
            "fluo_tophat",
            "rel_diff",
            "erode",
            "dilate",
            "open",
            "close",
            "morph_gradient",
            "morph_tophat",
            "morph_blackhat",
            "fill_holes",
            "remove_small_objects",
            "remove_small_holes",
            "threshold",
            "threshold_at_1",
            "distance_transform",
            "distance_transform_and_thresh",
            "inrange_bin",
            "inrange"
        ],
        "endpoint": {
            "name": "Marker-Based Watershed",
            "abbv": "WSHD",
            "arity": 2,
            "args": 0,
            "kwargs": {
                "use_dt": false,
                "markers_distance": 21,
                "markers_area": null
            }
        },
        "mode": "default"
    }
}