{
    "dataset": {
        "name": "CIL",
        "label_name": "neuron",
        "indices": [
            28
        ]
    },
    "individual": {
        "sequence": "[[0, 0, 0, 0, 0], [0, 0, 0, 0, 0], [9, 0, 1, 70, 53], [15, 2, 0, 100, 35], [11, 2, 0, 171, 114], [22, 4, 1, 191, 94], [17, 5, 2, 255, 12], [22, 4, 2, 42, 118], [35, 4, 3, 144, 164], [26, 0, 6, 96, 241], [36, 2, 4, 153, 222], [8, 2, 3, 199, 176], [35, 4, 5, 168, 106], [15, 11, 1, 160, 179], [7, 11, 12, 201, 38], [41, 6, 3, 167, 84], [41, 1, 15, 51, 169], [38, 11, 13, 72, 204], [40, 13, 15, 251, 84], [8, 9, 9, 191, 224], [9, 5, 5, 191, 121], [26, 2, 19, 31, 167], [10, 4, 19, 34, 123], [10, 21, 8, 74, 241], [4, 16, 0, 168, 91], [32, 17, 11, 54, 169], [17, 12, 24, 229, 137], [13, 3, 12, 181, 11], [22, 0, 27, 127, 199], [18, 6, 21, 244, 155], [28, 5, 27, 92, 160], [19, 27, 15, 240, 95], [0, 12, 0, 0, 0], [0, 24, 0, 0, 0]]",
        "fitness": {
            "fitness": 0.08928573131561279,
            "time": 0.015500783920288086
        }
    },
    "decoding": {
        "metadata": {
            "rows": 1,
            "columns": 30,
            "n_in": 2,
            "n_out": 2,
            "n_para": 2,
            "n_conn": 2
        },
        "functions": [
            "max",
            "min",
            "mean",
            "add",
            "subtract",
            "bitwise_not",
            "bitwise_or",
            "bitwise_and",
            "bitwise_and_mask",
            "bitwise_xor",
            "sqrt",
            "pow2",
            "exp",
            "log",
            "median_blur",
            "gaussian_blur",
            "laplacian",
            "sobel",
            "robert_cross",
            "canny",
            "sharpen",
            "gabor",
            "abs_diff",
            "abs_diff2",
            "fluo_tophat",
            "rel_diff",
            "erode",
            "dilate",
            "open",
            "close",
            "morph_gradient",
            "morph_tophat",
            "morph_blackhat",
            "fill_holes",
            "remove_small_objects",
            "remove_small_holes",
            "threshold",
            "threshold_at_1",
            "distance_transform",
            "distance_transform_and_thresh",
            "inrange_bin",
            "inrange"
        ],
        "endpoint": {
            "name": "W",
            "abbv": "WSHD",
            "arity": 2,
            "p": 0,
            "kwargs": {
                "use_dt": false,
                "markers_distance": 21,
                "markers_area": null
            }
        },
        "mode": "default"
    }
}