{
    "dataset": {
        "name": "CIL",
        "label_name": "neuron",
        "indices": [
            55,
            21,
            57,
            77,
            3
        ]
    },
    "individual": {
        "sequence": "[[0, 0, 0, 0, 0], [0, 0, 0, 0, 0], [41, 1, 1, 47, 235], [31, 2, 1, 9, 15], [39, 0, 3, 6, 237], [3, 2, 0, 138, 77], [10, 3, 0, 117, 8], [13, 5, 1, 3, 69], [24, 0, 6, 191, 216], [30, 7, 2, 129, 208], [16, 2, 6, 65, 161], [24, 7, 10, 227, 149], [7, 9, 2, 78, 5], [8, 8, 11, 255, 88], [31, 13, 10, 220, 158], [16, 12, 6, 91, 239], [2, 3, 14, 182, 251], [15, 6, 11, 207, 99], [33, 5, 9, 153, 182], [24, 17, 10, 185, 152], [3, 15, 3, 253, 173], [9, 10, 13, 255, 242], [29, 2, 2, 173, 46], [25, 17, 3, 42, 181], [2, 14, 3, 222, 220], [34, 0, 11, 233, 112], [26, 11, 23, 55, 139], [18, 20, 0, 202, 59], [26, 7, 18, 141, 2], [29, 13, 6, 230, 31], [29, 25, 8, 152, 226], [17, 15, 20, 172, 82], [0, 24, 0, 0, 0], [0, 15, 0, 0, 0]]",
        "fitness": {
            "fitness": 0.15416221618652343,
            "time": 0.1836458683013916
        }
    },
    "decoding": {
        "metadata": {
            "rows": 1,
            "columns": 30,
            "n_in": 2,
            "n_out": 2,
            "n_para": 2,
            "n_conn": 2
        },
        "functions": [
            "max",
            "min",
            "mean",
            "add",
            "subtract",
            "bitwise_not",
            "bitwise_or",
            "bitwise_and",
            "bitwise_and_mask",
            "bitwise_xor",
            "sqrt",
            "pow2",
            "exp",
            "log",
            "median_blur",
            "gaussian_blur",
            "laplacian",
            "sobel",
            "robert_cross",
            "canny",
            "sharpen",
            "gabor",
            "abs_diff",
            "abs_diff2",
            "fluo_tophat",
            "rel_diff",
            "erode",
            "dilate",
            "open",
            "close",
            "morph_gradient",
            "morph_tophat",
            "morph_blackhat",
            "fill_holes",
            "remove_small_objects",
            "remove_small_holes",
            "threshold",
            "threshold_at_1",
            "distance_transform",
            "distance_transform_and_thresh",
            "inrange_bin",
            "inrange"
        ],
        "endpoint": {
            "name": "W",
            "abbv": "WSHD",
            "arity": 2,
            "p": 0,
            "kwargs": {
                "use_dt": false,
                "markers_distance": 21,
                "markers_area": null
            }
        },
        "mode": "default"
    }
}