{
    "dataset": {
        "name": "CIL",
        "label_name": "neuron",
        "indices": [
            72,
            34,
            84,
            25,
            8,
            40,
            63,
            70,
            54,
            22,
            19,
            46,
            73,
            5,
            1,
            6,
            30,
            17,
            77,
            49,
            81,
            38,
            7,
            35,
            26,
            10,
            2,
            16,
            79,
            56,
            57,
            28,
            33,
            59,
            66,
            74,
            52,
            86,
            85,
            47,
            76,
            11,
            83,
            42,
            64,
            55,
            62,
            14,
            82,
            13,
            20,
            32,
            27,
            75,
            36,
            44,
            67,
            15,
            61,
            53,
            21,
            60,
            87,
            80,
            69,
            9,
            65,
            0,
            3,
            24,
            71,
            29,
            12,
            68,
            78,
            23,
            41,
            39,
            37,
            45
        ]
    },
    "individual": {
        "sequence": "[[0, 0, 0, 0, 0], [0, 0, 0, 0, 0], [19, 1, 0, 133, 26], [9, 0, 2, 162, 232], [32, 3, 1, 18, 115], [11, 3, 1, 237, 231], [2, 5, 0, 91, 167], [36, 4, 1, 1, 232], [5, 6, 1, 79, 11], [36, 2, 3, 143, 76], [21, 5, 5, 99, 134], [17, 1, 9, 142, 25], [31, 3, 7, 221, 105], [13, 10, 8, 245, 9], [2, 5, 12, 46, 171], [19, 12, 11, 214, 209], [2, 14, 15, 187, 5], [38, 8, 8, 221, 4], [4, 5, 14, 42, 136], [38, 17, 4, 14, 210], [35, 2, 17, 250, 20], [1, 19, 19, 195, 7], [41, 10, 2, 5, 16], [29, 3, 6, 203, 114], [7, 9, 6, 246, 14], [37, 19, 16, 58, 68], [41, 23, 4, 238, 194], [18, 20, 17, 220, 111], [40, 5, 7, 108, 76], [39, 21, 14, 223, 61], [20, 27, 0, 230, 82], [15, 30, 14, 173, 76], [0, 16, 0, 0, 0], [0, 27, 0, 0, 0]]",
        "fitness": {
            "fitness": 0.15894264727830887,
            "time": 0.04399484694004059
        }
    },
    "decoding": {
        "metadata": {
            "rows": 1,
            "columns": 30,
            "n_in": 2,
            "n_out": 2,
            "n_para": 2,
            "n_conn": 2
        },
        "functions": [
            "max",
            "min",
            "mean",
            "add",
            "subtract",
            "bitwise_not",
            "bitwise_or",
            "bitwise_and",
            "bitwise_and_mask",
            "bitwise_xor",
            "sqrt",
            "pow2",
            "exp",
            "log",
            "median_blur",
            "gaussian_blur",
            "laplacian",
            "sobel",
            "robert_cross",
            "canny",
            "sharpen",
            "gabor",
            "abs_diff",
            "abs_diff2",
            "fluo_tophat",
            "rel_diff",
            "erode",
            "dilate",
            "open",
            "close",
            "morph_gradient",
            "morph_tophat",
            "morph_blackhat",
            "fill_holes",
            "remove_small_objects",
            "remove_small_holes",
            "threshold",
            "threshold_at_1",
            "distance_transform",
            "distance_transform_and_thresh",
            "inrange_bin",
            "inrange"
        ],
        "endpoint": {
            "name": "Marker-Based Watershed",
            "abbv": "WSHD",
            "arity": 2,
            "args": 0,
            "kwargs": {
                "use_dt": false,
                "markers_distance": 21,
                "markers_area": null
            }
        },
        "mode": "default"
    }
}