{
    "dataset": {
        "name": "CIL",
        "label_name": "neuron",
        "indices": [
            3,
            88,
            33,
            53,
            28,
            65,
            69,
            15,
            27,
            57,
            77,
            26,
            4,
            36,
            21,
            43,
            5,
            14,
            68,
            20,
            41,
            40,
            32,
            19,
            52,
            10,
            0,
            18,
            80,
            87,
            31,
            63,
            2,
            42,
            49,
            7,
            47,
            9,
            74,
            81,
            11,
            16,
            85,
            48,
            37,
            38,
            83,
            29,
            54,
            12,
            17,
            60,
            82,
            71,
            45,
            35,
            30,
            6,
            1,
            58,
            61,
            79,
            70,
            67,
            51,
            73,
            50,
            56,
            46,
            34
        ]
    },
    "individual": {
        "sequence": "[[0, 0, 0, 0, 0], [0, 0, 0, 0, 0], [40, 1, 0, 249, 33], [2, 0, 2, 2, 181], [12, 0, 3, 3, 114], [31, 3, 4, 155, 244], [1, 3, 0, 233, 251], [11, 2, 0, 159, 58], [6, 6, 2, 113, 20], [41, 4, 7, 15, 174], [38, 8, 9, 246, 57], [28, 2, 7, 36, 129], [32, 7, 9, 104, 90], [17, 4, 3, 204, 48], [15, 9, 2, 231, 88], [4, 11, 3, 183, 228], [28, 11, 6, 163, 54], [16, 4, 12, 243, 87], [7, 7, 13, 88, 204], [32, 4, 2, 24, 13], [39, 18, 2, 83, 231], [23, 19, 4, 29, 166], [24, 9, 8, 127, 67], [16, 5, 8, 178, 66], [22, 11, 14, 53, 188], [9, 18, 4, 106, 67], [2, 22, 5, 250, 154], [39, 3, 19, 144, 254], [34, 17, 13, 52, 186], [1, 11, 14, 163, 37], [8, 29, 15, 234, 57], [33, 23, 9, 77, 248], [0, 26, 0, 0, 0], [0, 29, 0, 0, 0]]",
        "fitness": {
            "fitness": 0.15044657332556588,
            "time": 0.06749657562800816
        }
    },
    "decoding": {
        "metadata": {
            "rows": 1,
            "columns": 30,
            "n_in": 2,
            "n_out": 2,
            "n_para": 2,
            "n_conn": 2
        },
        "functions": [
            "max",
            "min",
            "mean",
            "add",
            "subtract",
            "bitwise_not",
            "bitwise_or",
            "bitwise_and",
            "bitwise_and_mask",
            "bitwise_xor",
            "sqrt",
            "pow2",
            "exp",
            "log",
            "median_blur",
            "gaussian_blur",
            "laplacian",
            "sobel",
            "robert_cross",
            "canny",
            "sharpen",
            "gabor",
            "abs_diff",
            "abs_diff2",
            "fluo_tophat",
            "rel_diff",
            "erode",
            "dilate",
            "open",
            "close",
            "morph_gradient",
            "morph_tophat",
            "morph_blackhat",
            "fill_holes",
            "remove_small_objects",
            "remove_small_holes",
            "threshold",
            "threshold_at_1",
            "distance_transform",
            "distance_transform_and_thresh",
            "inrange_bin",
            "inrange"
        ],
        "endpoint": {
            "name": "Marker-Based Watershed",
            "abbv": "WSHD",
            "arity": 2,
            "args": 0,
            "kwargs": {
                "use_dt": false,
                "markers_distance": 21,
                "markers_area": null
            }
        },
        "mode": "default"
    }
}