{
    "dataset": {
        "name": "CIL",
        "label_name": "neuron",
        "indices": [
            43,
            20,
            73,
            25,
            88,
            84,
            28,
            59,
            78,
            66,
            18
        ]
    },
    "individual": {
        "sequence": "[[0, 0, 0, 0, 0], [0, 0, 0, 0, 0], [14, 1, 1, 9, 52], [24, 1, 2, 64, 140], [40, 2, 2, 47, 225], [3, 3, 0, 207, 231], [1, 4, 4, 224, 100], [33, 2, 6, 131, 3], [11, 5, 6, 213, 50], [40, 2, 3, 184, 159], [31, 0, 5, 241, 185], [15, 8, 7, 141, 212], [15, 0, 7, 202, 133], [41, 8, 12, 69, 205], [1, 8, 10, 73, 14], [14, 6, 5, 223, 143], [40, 3, 13, 201, 246], [16, 15, 1, 243, 35], [10, 0, 5, 90, 137], [28, 6, 13, 134, 200], [35, 0, 8, 81, 23], [34, 11, 6, 37, 124], [20, 1, 11, 10, 173], [10, 0, 18, 137, 189], [24, 1, 23, 160, 109], [27, 3, 23, 75, 220], [9, 23, 1, 251, 107], [28, 15, 5, 187, 241], [24, 1, 25, 178, 140], [41, 26, 1, 146, 38], [35, 9, 15, 230, 139], [28, 19, 25, 104, 38], [0, 14, 0, 0, 0], [0, 4, 0, 0, 0]]",
        "fitness": {
            "fitness": 0.1760025295344266,
            "time": 0.03970850597728382
        }
    },
    "decoding": {
        "metadata": {
            "rows": 1,
            "columns": 30,
            "n_in": 2,
            "n_out": 2,
            "n_para": 2,
            "n_conn": 2
        },
        "functions": [
            "max",
            "min",
            "mean",
            "add",
            "subtract",
            "bitwise_not",
            "bitwise_or",
            "bitwise_and",
            "bitwise_and_mask",
            "bitwise_xor",
            "sqrt",
            "pow2",
            "exp",
            "log",
            "median_blur",
            "gaussian_blur",
            "laplacian",
            "sobel",
            "robert_cross",
            "canny",
            "sharpen",
            "gabor",
            "abs_diff",
            "abs_diff2",
            "fluo_tophat",
            "rel_diff",
            "erode",
            "dilate",
            "open",
            "close",
            "morph_gradient",
            "morph_tophat",
            "morph_blackhat",
            "fill_holes",
            "remove_small_objects",
            "remove_small_holes",
            "threshold",
            "threshold_at_1",
            "distance_transform",
            "distance_transform_and_thresh",
            "inrange_bin",
            "inrange"
        ],
        "endpoint": {
            "name": "Marker-Based Watershed",
            "abbv": "WSHD",
            "arity": 2,
            "p": 0,
            "kwargs": {
                "use_dt": false,
                "markers_distance": 21,
                "markers_area": null
            }
        },
        "mode": "default"
    }
}