{
    "dataset": {
        "name": "CIL",
        "label_name": "neuron",
        "indices": [
            65
        ]
    },
    "individual": {
        "sequence": "[[0, 0, 0, 0, 0], [0, 0, 0, 0, 0], [29, 1, 1, 107, 227], [7, 2, 1, 122, 146], [6, 0, 3, 48, 66], [0, 0, 1, 122, 187], [40, 3, 4, 242, 37], [11, 5, 3, 211, 37], [9, 6, 3, 179, 198], [13, 0, 8, 160, 170], [31, 5, 3, 121, 1], [9, 1, 1, 28, 193], [23, 8, 3, 199, 163], [8, 7, 1, 180, 99], [34, 4, 3, 254, 91], [1, 1, 10, 89, 89], [10, 11, 11, 235, 150], [18, 8, 7, 205, 158], [14, 0, 16, 11, 202], [34, 12, 18, 181, 243], [27, 0, 4, 180, 162], [34, 6, 10, 7, 71], [27, 16, 19, 122, 157], [5, 15, 9, 39, 24], [1, 17, 12, 156, 94], [15, 24, 6, 171, 79], [12, 2, 0, 219, 130], [29, 13, 21, 45, 146], [8, 12, 19, 59, 150], [4, 16, 4, 0, 208], [27, 1, 4, 123, 92], [40, 24, 16, 137, 62], [0, 7, 0, 0, 0], [0, 21, 0, 0, 0]]",
        "fitness": {
            "fitness": 0.08064514398574829,
            "time": 0.022253990173339844
        }
    },
    "decoding": {
        "metadata": {
            "rows": 1,
            "columns": 30,
            "n_in": 2,
            "n_out": 2,
            "n_para": 2,
            "n_conn": 2
        },
        "functions": [
            "max",
            "min",
            "mean",
            "add",
            "subtract",
            "bitwise_not",
            "bitwise_or",
            "bitwise_and",
            "bitwise_and_mask",
            "bitwise_xor",
            "sqrt",
            "pow2",
            "exp",
            "log",
            "median_blur",
            "gaussian_blur",
            "laplacian",
            "sobel",
            "robert_cross",
            "canny",
            "sharpen",
            "gabor",
            "abs_diff",
            "abs_diff2",
            "fluo_tophat",
            "rel_diff",
            "erode",
            "dilate",
            "open",
            "close",
            "morph_gradient",
            "morph_tophat",
            "morph_blackhat",
            "fill_holes",
            "remove_small_objects",
            "remove_small_holes",
            "threshold",
            "threshold_at_1",
            "distance_transform",
            "distance_transform_and_thresh",
            "inrange_bin",
            "inrange"
        ],
        "endpoint": {
            "name": "W",
            "abbv": "WSHD",
            "arity": 2,
            "p": 0,
            "kwargs": {
                "use_dt": false,
                "markers_distance": 21,
                "markers_area": null
            }
        },
        "mode": "default"
    }
}