{
    "dataset": {
        "name": "CIL",
        "label_name": "neuron",
        "indices": [
            2,
            16,
            77,
            53
        ]
    },
    "individual": {
        "sequence": "[[0, 0, 0, 0, 0], [0, 0, 0, 0, 0], [1, 0, 1, 232, 248], [12, 2, 0, 183, 49], [3, 2, 0, 1, 215], [2, 4, 3, 187, 29], [11, 4, 2, 65, 182], [41, 6, 0, 10, 168], [20, 1, 3, 211, 127], [22, 4, 8, 40, 7], [21, 0, 0, 116, 54], [36, 1, 9, 179, 46], [28, 11, 4, 7, 55], [2, 2, 4, 234, 171], [40, 12, 3, 229, 87], [41, 6, 5, 25, 195], [17, 12, 6, 36, 216], [11, 1, 0, 73, 43], [4, 5, 9, 13, 128], [9, 15, 1, 6, 224], [14, 18, 11, 80, 112], [25, 10, 5, 21, 197], [27, 0, 1, 247, 227], [4, 17, 20, 175, 143], [11, 18, 11, 156, 212], [15, 6, 22, 144, 138], [39, 7, 23, 102, 221], [40, 8, 0, 175, 62], [4, 8, 26, 218, 31], [39, 5, 2, 137, 247], [6, 17, 12, 53, 63], [1, 6, 19, 119, 8], [0, 31, 0, 0, 0], [0, 12, 0, 0, 0]]",
        "fitness": {
            "fitness": 0.08731220662593842,
            "time": 0.02896052598953247
        }
    },
    "decoding": {
        "metadata": {
            "rows": 1,
            "columns": 30,
            "n_in": 2,
            "n_out": 2,
            "n_para": 2,
            "n_conn": 2
        },
        "functions": [
            "max",
            "min",
            "mean",
            "add",
            "subtract",
            "bitwise_not",
            "bitwise_or",
            "bitwise_and",
            "bitwise_and_mask",
            "bitwise_xor",
            "sqrt",
            "pow2",
            "exp",
            "log",
            "median_blur",
            "gaussian_blur",
            "laplacian",
            "sobel",
            "robert_cross",
            "canny",
            "sharpen",
            "gabor",
            "abs_diff",
            "abs_diff2",
            "fluo_tophat",
            "rel_diff",
            "erode",
            "dilate",
            "open",
            "close",
            "morph_gradient",
            "morph_tophat",
            "morph_blackhat",
            "fill_holes",
            "remove_small_objects",
            "remove_small_holes",
            "threshold",
            "threshold_at_1",
            "distance_transform",
            "distance_transform_and_thresh",
            "inrange_bin",
            "inrange"
        ],
        "endpoint": {
            "name": "W",
            "abbv": "WSHD",
            "arity": 2,
            "p": 0,
            "kwargs": {
                "use_dt": false,
                "markers_distance": 21,
                "markers_area": null
            }
        },
        "mode": "default"
    }
}