{
    "dataset": {
        "name": "Tumor",
        "label_name": "tumor",
        "indices": null
    },
    "individual": {
        "sequence": "[[0, 0, 0, 0, 0], [0, 0, 0, 0, 0], [0, 0, 0, 0, 0], [4, 1, 0, 251, 29], [30, 3, 2, 67, 70], [33, 4, 0, 157, 162], [1, 5, 1, 26, 79], [41, 5, 6, 136, 155], [28, 2, 0, 127, 75], [2, 6, 3, 217, 26], [18, 2, 7, 200, 93], [14, 9, 3, 196, 172], [19, 2, 10, 188, 216], [30, 10, 1, 103, 42], [11, 10, 9, 96, 59], [25, 7, 10, 79, 208], [2, 2, 6, 54, 41], [34, 13, 6, 224, 220], [27, 4, 15, 248, 193], [15, 7, 8, 165, 162], [30, 1, 8, 148, 175], [25, 7, 12, 73, 88], [10, 10, 1, 77, 16], [37, 3, 13, 119, 242], [28, 10, 14, 65, 128], [35, 23, 18, 43, 18], [41, 14, 1, 117, 97], [36, 0, 8, 235, 115], [17, 0, 24, 211, 240], [22, 6, 25, 27, 30], [4, 22, 10, 9, 178], [1, 10, 5, 129, 129], [14, 1, 25, 117, 234], [0, 11, 0, 0, 0]]",
        "fitness": {
            "fitness": 0.13285434944916097,
            "time": 0.016027192274729412
        }
    },
    "decoding": {
        "metadata": {
            "rows": 1,
            "columns": 30,
            "n_in": 3,
            "n_out": 1,
            "n_para": 2,
            "n_conn": 2
        },
        "functions": [
            "max",
            "min",
            "mean",
            "add",
            "subtract",
            "bitwise_not",
            "bitwise_or",
            "bitwise_and",
            "bitwise_and_mask",
            "bitwise_xor",
            "sqrt",
            "pow2",
            "exp",
            "log",
            "median_blur",
            "gaussian_blur",
            "laplacian",
            "sobel",
            "robert_cross",
            "canny",
            "sharpen",
            "gabor",
            "abs_diff",
            "abs_diff2",
            "fluo_tophat",
            "rel_diff",
            "erode",
            "dilate",
            "open",
            "close",
            "morph_gradient",
            "morph_tophat",
            "morph_blackhat",
            "fill_holes",
            "remove_small_objects",
            "remove_small_holes",
            "threshold",
            "threshold_at_1",
            "distance_transform",
            "distance_transform_and_thresh",
            "inrange_bin",
            "inrange"
        ],
        "endpoint": {
            "name": "Threshold (t=4)",
            "abbv": "TRSH",
            "arity": 1,
            "p": 0,
            "kwargs": {
                "threshold": 4
            }
        },
        "mode": "default"
    }
}