{
    "dataset": {
        "name": "CIL",
        "label_name": "neuron",
        "indices": [
            21,
            32,
            70,
            17,
            26,
            15,
            28,
            65,
            55,
            79,
            53,
            58,
            25,
            23,
            46,
            57,
            22,
            87,
            10,
            83,
            84,
            38,
            9,
            63,
            16,
            60,
            88,
            48,
            29,
            51,
            43,
            2,
            8,
            4,
            34,
            3,
            11,
            13,
            31,
            40
        ]
    },
    "individual": {
        "sequence": "[[0, 0, 0, 0, 0], [0, 0, 0, 0, 0], [3, 0, 1, 152, 214], [12, 2, 0, 66, 138], [3, 3, 2, 36, 236], [41, 1, 4, 75, 226], [36, 1, 1, 188, 48], [41, 2, 3, 227, 194], [29, 4, 4, 101, 196], [13, 4, 1, 12, 239], [26, 6, 9, 225, 11], [18, 8, 0, 173, 52], [34, 6, 9, 11, 135], [27, 0, 10, 66, 99], [38, 13, 12, 14, 166], [9, 9, 3, 66, 36], [16, 9, 6, 17, 81], [25, 0, 2, 70, 224], [13, 4, 10, 174, 31], [37, 5, 11, 66, 113], [40, 6, 6, 94, 68], [24, 4, 2, 213, 15], [0, 2, 8, 244, 49], [9, 12, 22, 205, 193], [17, 4, 3, 241, 10], [40, 23, 0, 39, 147], [36, 12, 3, 233, 110], [7, 3, 14, 197, 54], [22, 5, 6, 197, 79], [39, 1, 0, 7, 47], [24, 4, 9, 44, 161], [11, 30, 7, 242, 200], [0, 31, 0, 0, 0], [0, 12, 0, 0, 0]]",
        "fitness": {
            "fitness": 0.11768790036439895,
            "time": 0.04804139137268067
        }
    },
    "decoding": {
        "metadata": {
            "rows": 1,
            "columns": 30,
            "n_in": 2,
            "n_out": 2,
            "n_para": 2,
            "n_conn": 2
        },
        "functions": [
            "max",
            "min",
            "mean",
            "add",
            "subtract",
            "bitwise_not",
            "bitwise_or",
            "bitwise_and",
            "bitwise_and_mask",
            "bitwise_xor",
            "sqrt",
            "pow2",
            "exp",
            "log",
            "median_blur",
            "gaussian_blur",
            "laplacian",
            "sobel",
            "robert_cross",
            "canny",
            "sharpen",
            "gabor",
            "abs_diff",
            "abs_diff2",
            "fluo_tophat",
            "rel_diff",
            "erode",
            "dilate",
            "open",
            "close",
            "morph_gradient",
            "morph_tophat",
            "morph_blackhat",
            "fill_holes",
            "remove_small_objects",
            "remove_small_holes",
            "threshold",
            "threshold_at_1",
            "distance_transform",
            "distance_transform_and_thresh",
            "inrange_bin",
            "inrange"
        ],
        "endpoint": {
            "name": "Marker-Based Watershed",
            "abbv": "WSHD",
            "arity": 2,
            "args": 0,
            "kwargs": {
                "use_dt": false,
                "markers_distance": 21,
                "markers_area": null
            }
        },
        "mode": "default"
    }
}