{
    "dataset": {
        "name": "CIL",
        "label_name": "neuron",
        "indices": [
            20,
            52,
            60,
            42,
            47,
            77,
            72,
            40,
            22,
            67,
            44,
            33,
            30,
            68,
            86,
            50,
            58,
            88,
            70,
            28,
            0,
            10,
            84,
            26,
            11,
            8,
            59,
            29,
            16,
            79,
            48,
            75,
            51,
            61,
            38,
            23,
            25,
            1,
            19,
            2,
            12,
            39,
            87,
            64,
            49,
            66,
            45,
            65,
            32,
            15,
            37,
            81,
            57,
            62,
            9,
            4,
            13,
            35,
            24,
            27,
            55,
            41,
            69,
            7,
            43,
            3,
            78,
            56,
            74,
            34
        ]
    },
    "individual": {
        "sequence": "[[0, 0, 0, 0, 0], [0, 0, 0, 0, 0], [25, 0, 1, 25, 114], [18, 1, 2, 69, 216], [28, 1, 1, 11, 92], [11, 3, 2, 175, 92], [41, 4, 2, 27, 109], [35, 3, 5, 87, 188], [41, 0, 3, 10, 242], [8, 4, 6, 135, 9], [7, 7, 1, 98, 164], [40, 4, 6, 202, 40], [37, 8, 0, 138, 137], [7, 0, 3, 200, 112], [27, 4, 11, 188, 205], [29, 6, 6, 79, 233], [7, 6, 15, 119, 191], [35, 14, 15, 36, 58], [28, 7, 9, 144, 156], [19, 6, 15, 151, 38], [40, 11, 0, 46, 51], [18, 16, 18, 255, 93], [37, 11, 9, 175, 210], [3, 9, 20, 248, 118], [10, 17, 8, 20, 211], [2, 13, 12, 227, 231], [9, 12, 15, 102, 163], [16, 14, 23, 10, 52], [41, 3, 12, 231, 114], [9, 26, 27, 92, 33], [9, 1, 25, 40, 168], [3, 19, 12, 157, 11], [0, 31, 0, 0, 0], [0, 22, 0, 0, 0]]",
        "fitness": {
            "fitness": 0.146929931640625,
            "time": 0.030247770036969865
        }
    },
    "decoding": {
        "metadata": {
            "rows": 1,
            "columns": 30,
            "n_in": 2,
            "n_out": 2,
            "n_para": 2,
            "n_conn": 2
        },
        "functions": [
            "max",
            "min",
            "mean",
            "add",
            "subtract",
            "bitwise_not",
            "bitwise_or",
            "bitwise_and",
            "bitwise_and_mask",
            "bitwise_xor",
            "sqrt",
            "pow2",
            "exp",
            "log",
            "median_blur",
            "gaussian_blur",
            "laplacian",
            "sobel",
            "robert_cross",
            "canny",
            "sharpen",
            "gabor",
            "abs_diff",
            "abs_diff2",
            "fluo_tophat",
            "rel_diff",
            "erode",
            "dilate",
            "open",
            "close",
            "morph_gradient",
            "morph_tophat",
            "morph_blackhat",
            "fill_holes",
            "remove_small_objects",
            "remove_small_holes",
            "threshold",
            "threshold_at_1",
            "distance_transform",
            "distance_transform_and_thresh",
            "inrange_bin",
            "inrange"
        ],
        "endpoint": {
            "name": "Marker-Based Watershed",
            "abbv": "WSHD",
            "arity": 2,
            "args": 0,
            "kwargs": {
                "use_dt": false,
                "markers_distance": 21,
                "markers_area": null
            }
        },
        "mode": "default"
    }
}