{
    "dataset": {
        "name": "CIL",
        "label_name": "neuron",
        "indices": [
            40,
            72,
            53,
            68,
            41,
            0,
            49,
            2,
            74,
            47,
            71,
            45,
            30,
            29,
            52,
            73,
            70,
            10,
            60,
            36,
            7,
            59,
            88,
            4,
            32
        ]
    },
    "individual": {
        "sequence": "[[0, 0, 0, 0, 0], [0, 0, 0, 0, 0], [19, 1, 0, 15, 141], [13, 2, 1, 228, 9], [31, 0, 2, 201, 241], [25, 3, 4, 16, 75], [2, 4, 5, 207, 201], [22, 3, 3, 96, 42], [35, 2, 4, 249, 185], [19, 1, 6, 37, 129], [15, 7, 0, 83, 218], [18, 8, 3, 72, 232], [33, 11, 7, 18, 34], [17, 8, 4, 104, 90], [10, 4, 9, 174, 136], [14, 8, 9, 97, 114], [24, 13, 2, 96, 188], [4, 16, 7, 225, 29], [13, 14, 7, 125, 91], [12, 10, 3, 91, 2], [36, 17, 8, 241, 189], [14, 9, 3, 59, 78], [11, 17, 15, 32, 59], [25, 22, 7, 0, 0], [22, 12, 12, 199, 10], [27, 15, 18, 107, 22], [37, 6, 11, 151, 211], [37, 12, 4, 196, 108], [33, 17, 16, 187, 248], [24, 17, 19, 202, 175], [40, 4, 29, 79, 138], [22, 21, 11, 193, 227], [0, 26, 0, 0, 0], [0, 12, 0, 0, 0]]",
        "fitness": {
            "fitness": 0.15458268642425538,
            "time": 0.04460822105407715
        }
    },
    "decoding": {
        "metadata": {
            "rows": 1,
            "columns": 30,
            "n_in": 2,
            "n_out": 2,
            "n_para": 2,
            "n_conn": 2
        },
        "functions": [
            "max",
            "min",
            "mean",
            "add",
            "subtract",
            "bitwise_not",
            "bitwise_or",
            "bitwise_and",
            "bitwise_and_mask",
            "bitwise_xor",
            "sqrt",
            "pow2",
            "exp",
            "log",
            "median_blur",
            "gaussian_blur",
            "laplacian",
            "sobel",
            "robert_cross",
            "canny",
            "sharpen",
            "gabor",
            "abs_diff",
            "abs_diff2",
            "fluo_tophat",
            "rel_diff",
            "erode",
            "dilate",
            "open",
            "close",
            "morph_gradient",
            "morph_tophat",
            "morph_blackhat",
            "fill_holes",
            "remove_small_objects",
            "remove_small_holes",
            "threshold",
            "threshold_at_1",
            "distance_transform",
            "distance_transform_and_thresh",
            "inrange_bin",
            "inrange"
        ],
        "endpoint": {
            "name": "W",
            "abbv": "WSHD",
            "arity": 2,
            "p": 0,
            "kwargs": {
                "use_dt": false,
                "markers_distance": 21,
                "markers_area": null
            }
        },
        "mode": "default"
    }
}