{
    "dataset": {
        "name": "CIL",
        "label_name": "neuron",
        "indices": [
            80,
            72,
            44,
            49,
            58,
            68
        ]
    },
    "individual": {
        "sequence": "[[0, 0, 0, 0, 0], [0, 0, 0, 0, 0], [31, 1, 0, 202, 196], [41, 2, 2, 11, 207], [17, 1, 0, 97, 160], [35, 3, 4, 66, 233], [11, 0, 2, 210, 161], [7, 1, 5, 204, 211], [3, 6, 3, 162, 114], [22, 3, 8, 73, 22], [13, 9, 6, 50, 173], [25, 9, 8, 192, 197], [37, 11, 2, 203, 160], [41, 3, 11, 175, 139], [31, 11, 5, 169, 200], [1, 11, 2, 132, 223], [23, 7, 11, 34, 28], [15, 15, 7, 39, 20], [34, 14, 5, 70, 135], [27, 6, 8, 4, 58], [8, 3, 7, 13, 231], [37, 12, 13, 169, 136], [23, 3, 2, 160, 116], [16, 7, 12, 3, 116], [13, 20, 6, 130, 163], [3, 4, 20, 119, 11], [31, 11, 7, 199, 123], [13, 17, 21, 158, 216], [11, 17, 13, 252, 55], [8, 7, 13, 136, 146], [33, 21, 13, 102, 127], [35, 19, 20, 116, 7], [0, 19, 0, 0, 0], [0, 28, 0, 0, 0]]",
        "fitness": {
            "fitness": 0.09875498215357463,
            "time": 0.02342542012532552
        }
    },
    "decoding": {
        "metadata": {
            "rows": 1,
            "columns": 30,
            "n_in": 2,
            "n_out": 2,
            "n_para": 2,
            "n_conn": 2
        },
        "functions": [
            "max",
            "min",
            "mean",
            "add",
            "subtract",
            "bitwise_not",
            "bitwise_or",
            "bitwise_and",
            "bitwise_and_mask",
            "bitwise_xor",
            "sqrt",
            "pow2",
            "exp",
            "log",
            "median_blur",
            "gaussian_blur",
            "laplacian",
            "sobel",
            "robert_cross",
            "canny",
            "sharpen",
            "gabor",
            "abs_diff",
            "abs_diff2",
            "fluo_tophat",
            "rel_diff",
            "erode",
            "dilate",
            "open",
            "close",
            "morph_gradient",
            "morph_tophat",
            "morph_blackhat",
            "fill_holes",
            "remove_small_objects",
            "remove_small_holes",
            "threshold",
            "threshold_at_1",
            "distance_transform",
            "distance_transform_and_thresh",
            "inrange_bin",
            "inrange"
        ],
        "endpoint": {
            "name": "W",
            "abbv": "WSHD",
            "arity": 2,
            "p": 0,
            "kwargs": {
                "use_dt": false,
                "markers_distance": 21,
                "markers_area": null
            }
        },
        "mode": "default"
    }
}