{
    "dataset": {
        "name": "Tumor",
        "label_name": "tumor",
        "indices": null
    },
    "individual": {
        "sequence": "[[0, 0, 0, 0, 0], [0, 0, 0, 0, 0], [0, 0, 0, 0, 0], [3, 2, 0, 157, 221], [22, 0, 2, 146, 39], [41, 4, 0, 81, 76], [7, 2, 2, 35, 43], [23, 5, 2, 196, 164], [22, 3, 2, 172, 58], [23, 5, 3, 138, 76], [20, 6, 3, 80, 215], [10, 3, 9, 24, 2], [14, 9, 9, 79, 205], [36, 2, 5, 11, 228], [7, 1, 11, 38, 150], [5, 9, 9, 202, 234], [0, 5, 5, 196, 173], [23, 1, 10, 40, 218], [33, 10, 1, 193, 192], [19, 0, 16, 225, 115], [39, 0, 4, 114, 74], [35, 8, 20, 106, 83], [14, 18, 19, 240, 250], [11, 7, 2, 42, 217], [32, 18, 17, 86, 150], [3, 13, 17, 189, 5], [2, 12, 23, 51, 231], [14, 12, 13, 166, 57], [28, 26, 27, 129, 97], [28, 16, 13, 139, 3], [26, 24, 12, 113, 35], [27, 6, 23, 101, 105], [0, 6, 13, 222, 138], [0, 28, 0, 0, 0]]",
        "fitness": {
            "fitness": 0.1527853740898444,
            "time": 0.046922147274017334
        }
    },
    "decoding": {
        "metadata": {
            "rows": 1,
            "columns": 30,
            "n_in": 3,
            "n_out": 1,
            "n_para": 2,
            "n_conn": 2
        },
        "functions": [
            "max",
            "min",
            "mean",
            "add",
            "subtract",
            "bitwise_not",
            "bitwise_or",
            "bitwise_and",
            "bitwise_and_mask",
            "bitwise_xor",
            "sqrt",
            "pow2",
            "exp",
            "log",
            "median_blur",
            "gaussian_blur",
            "laplacian",
            "sobel",
            "robert_cross",
            "canny",
            "sharpen",
            "gabor",
            "abs_diff",
            "abs_diff2",
            "fluo_tophat",
            "rel_diff",
            "erode",
            "dilate",
            "open",
            "close",
            "morph_gradient",
            "morph_tophat",
            "morph_blackhat",
            "fill_holes",
            "remove_small_objects",
            "remove_small_holes",
            "threshold",
            "threshold_at_1",
            "distance_transform",
            "distance_transform_and_thresh",
            "inrange_bin",
            "inrange"
        ],
        "endpoint": {
            "name": "Threshold (t=4)",
            "abbv": "TRSH",
            "arity": 1,
            "p": 0,
            "kwargs": {
                "threshold": 4
            }
        },
        "mode": "default"
    }
}