{
    "dataset": {
        "name": "CIL",
        "label_name": "neuron",
        "indices": [
            51,
            77,
            59,
            41,
            6,
            74,
            10,
            54,
            28,
            70,
            33,
            61,
            15,
            52,
            69,
            81,
            17,
            64,
            75,
            87,
            20,
            84,
            26,
            57,
            32,
            0,
            60,
            24,
            31,
            45,
            46,
            14,
            13,
            23,
            39,
            72,
            44,
            43,
            29,
            47
        ]
    },
    "individual": {
        "sequence": "[[0, 0, 0, 0, 0], [0, 0, 0, 0, 0], [1, 0, 1, 167, 23], [2, 2, 0, 80, 27], [41, 3, 0, 10, 219], [1, 0, 0, 65, 6], [27, 5, 4, 203, 155], [33, 2, 1, 127, 55], [37, 1, 2, 154, 153], [8, 2, 6, 66, 146], [17, 2, 5, 6, 171], [28, 1, 3, 18, 18], [39, 7, 10, 23, 172], [0, 1, 9, 161, 252], [13, 7, 3, 254, 54], [5, 11, 7, 85, 135], [12, 14, 14, 156, 181], [35, 10, 13, 125, 93], [13, 17, 16, 249, 62], [31, 14, 1, 52, 167], [27, 17, 19, 202, 191], [14, 12, 2, 31, 154], [22, 3, 17, 56, 220], [32, 15, 0, 251, 188], [27, 8, 5, 39, 111], [23, 24, 18, 116, 26], [11, 23, 5, 171, 16], [40, 15, 23, 131, 240], [32, 1, 0, 191, 25], [10, 24, 25, 3, 243], [37, 24, 29, 113, 46], [22, 9, 19, 208, 247], [0, 4, 0, 0, 0], [0, 26, 0, 0, 0]]",
        "fitness": {
            "fitness": 0.14604866057634353,
            "time": 0.02675440311431885
        }
    },
    "decoding": {
        "metadata": {
            "rows": 1,
            "columns": 30,
            "n_in": 2,
            "n_out": 2,
            "n_para": 2,
            "n_conn": 2
        },
        "functions": [
            "max",
            "min",
            "mean",
            "add",
            "subtract",
            "bitwise_not",
            "bitwise_or",
            "bitwise_and",
            "bitwise_and_mask",
            "bitwise_xor",
            "sqrt",
            "pow2",
            "exp",
            "log",
            "median_blur",
            "gaussian_blur",
            "laplacian",
            "sobel",
            "robert_cross",
            "canny",
            "sharpen",
            "gabor",
            "abs_diff",
            "abs_diff2",
            "fluo_tophat",
            "rel_diff",
            "erode",
            "dilate",
            "open",
            "close",
            "morph_gradient",
            "morph_tophat",
            "morph_blackhat",
            "fill_holes",
            "remove_small_objects",
            "remove_small_holes",
            "threshold",
            "threshold_at_1",
            "distance_transform",
            "distance_transform_and_thresh",
            "inrange_bin",
            "inrange"
        ],
        "endpoint": {
            "name": "Marker-Based Watershed",
            "abbv": "WSHD",
            "arity": 2,
            "args": 0,
            "kwargs": {
                "use_dt": false,
                "markers_distance": 21,
                "markers_area": null
            }
        },
        "mode": "default"
    }
}