{
    "dataset": {
        "name": "CIL",
        "label_name": "neuron",
        "indices": [
            9,
            10,
            21,
            23,
            47,
            69,
            67,
            75,
            12,
            36,
            35,
            17,
            56,
            28,
            87,
            48,
            22,
            49,
            83,
            55
        ]
    },
    "individual": {
        "sequence": "[[0, 0, 0, 0, 0], [0, 0, 0, 0, 0], [11, 0, 0, 192, 241], [31, 1, 1, 183, 70], [9, 0, 3, 208, 13], [15, 0, 0, 218, 205], [4, 2, 2, 79, 90], [4, 4, 5, 171, 162], [6, 2, 7, 155, 61], [21, 7, 3, 17, 56], [11, 2, 5, 70, 252], [19, 3, 2, 183, 116], [0, 1, 10, 249, 188], [10, 12, 1, 151, 21], [26, 2, 13, 74, 42], [35, 11, 14, 75, 55], [21, 2, 2, 50, 33], [40, 7, 16, 41, 8], [34, 4, 15, 36, 1], [0, 7, 8, 72, 187], [25, 3, 11, 152, 58], [41, 19, 17, 163, 85], [7, 20, 5, 122, 151], [4, 14, 17, 154, 114], [11, 3, 4, 44, 80], [40, 15, 18, 70, 218], [28, 17, 4, 78, 165], [14, 9, 3, 94, 239], [12, 11, 14, 226, 202], [33, 26, 7, 167, 248], [28, 24, 27, 53, 69], [19, 21, 16, 129, 27], [0, 8, 0, 0, 0], [0, 30, 0, 0, 0]]",
        "fitness": {
            "fitness": 0.13631293773651124,
            "time": 0.03508257865905762
        }
    },
    "decoding": {
        "metadata": {
            "rows": 1,
            "columns": 30,
            "n_in": 2,
            "n_out": 2,
            "n_para": 2,
            "n_conn": 2
        },
        "functions": [
            "max",
            "min",
            "mean",
            "add",
            "subtract",
            "bitwise_not",
            "bitwise_or",
            "bitwise_and",
            "bitwise_and_mask",
            "bitwise_xor",
            "sqrt",
            "pow2",
            "exp",
            "log",
            "median_blur",
            "gaussian_blur",
            "laplacian",
            "sobel",
            "robert_cross",
            "canny",
            "sharpen",
            "gabor",
            "abs_diff",
            "abs_diff2",
            "fluo_tophat",
            "rel_diff",
            "erode",
            "dilate",
            "open",
            "close",
            "morph_gradient",
            "morph_tophat",
            "morph_blackhat",
            "fill_holes",
            "remove_small_objects",
            "remove_small_holes",
            "threshold",
            "threshold_at_1",
            "distance_transform",
            "distance_transform_and_thresh",
            "inrange_bin",
            "inrange"
        ],
        "endpoint": {
            "name": "W",
            "abbv": "WSHD",
            "arity": 2,
            "p": 0,
            "kwargs": {
                "use_dt": false,
                "markers_distance": 21,
                "markers_area": null
            }
        },
        "mode": "default"
    }
}