{
    "dataset": {
        "name": "Tumor",
        "label_name": "tumor",
        "indices": null
    },
    "individual": {
        "sequence": "[[0, 0, 0, 0, 0], [0, 0, 0, 0, 0], [0, 0, 0, 0, 0], [4, 1, 0, 153, 206], [37, 1, 1, 80, 192], [34, 3, 0, 253, 26], [15, 3, 3, 33, 114], [10, 5, 1, 132, 236], [20, 6, 7, 253, 43], [29, 8, 7, 101, 65], [8, 4, 5, 242, 124], [2, 8, 5, 240, 218], [6, 3, 2, 76, 209], [34, 9, 4, 227, 59], [21, 9, 8, 41, 54], [14, 13, 9, 80, 32], [12, 5, 14, 152, 239], [36, 6, 5, 129, 223], [27, 6, 16, 131, 134], [25, 2, 4, 238, 195], [11, 7, 11, 70, 93], [33, 15, 13, 16, 199], [33, 10, 17, 57, 108], [1, 15, 2, 159, 208], [37, 7, 18, 234, 51], [23, 2, 11, 253, 10], [9, 24, 23, 121, 62], [24, 1, 8, 141, 242], [34, 24, 26, 136, 121], [25, 17, 15, 138, 144], [41, 6, 9, 68, 39], [17, 0, 16, 137, 69], [36, 31, 21, 5, 216], [0, 21, 0, 0, 0]]",
        "fitness": {
            "fitness": 0.11849170948204678,
            "time": 0.04790806770324707
        }
    },
    "decoding": {
        "metadata": {
            "rows": 1,
            "columns": 30,
            "n_in": 3,
            "n_out": 1,
            "n_para": 2,
            "n_conn": 2
        },
        "functions": [
            "max",
            "min",
            "mean",
            "add",
            "subtract",
            "bitwise_not",
            "bitwise_or",
            "bitwise_and",
            "bitwise_and_mask",
            "bitwise_xor",
            "sqrt",
            "pow2",
            "exp",
            "log",
            "median_blur",
            "gaussian_blur",
            "laplacian",
            "sobel",
            "robert_cross",
            "canny",
            "sharpen",
            "gabor",
            "abs_diff",
            "abs_diff2",
            "fluo_tophat",
            "rel_diff",
            "erode",
            "dilate",
            "open",
            "close",
            "morph_gradient",
            "morph_tophat",
            "morph_blackhat",
            "fill_holes",
            "remove_small_objects",
            "remove_small_holes",
            "threshold",
            "threshold_at_1",
            "distance_transform",
            "distance_transform_and_thresh",
            "inrange_bin",
            "inrange"
        ],
        "endpoint": {
            "name": "Threshold (t=4)",
            "abbv": "TRSH",
            "arity": 1,
            "p": 0,
            "kwargs": {
                "threshold": 4
            }
        },
        "mode": "default"
    }
}