{
    "dataset": {
        "name": "CIL",
        "label_name": "neuron",
        "indices": [
            37,
            2,
            43,
            56,
            12,
            25,
            78,
            16,
            7,
            76,
            63,
            45,
            58,
            35
        ]
    },
    "individual": {
        "sequence": "[[0, 0, 0, 0, 0], [0, 0, 0, 0, 0], [41, 1, 1, 239, 33], [38, 2, 1, 255, 90], [35, 2, 1, 79, 94], [24, 0, 2, 5, 214], [8, 0, 3, 51, 130], [0, 5, 3, 248, 114], [39, 6, 4, 148, 31], [29, 1, 6, 72, 164], [17, 4, 4, 69, 176], [28, 4, 4, 30, 55], [31, 1, 1, 233, 100], [11, 7, 2, 208, 127], [36, 3, 3, 125, 123], [39, 12, 8, 176, 242], [8, 1, 13, 92, 55], [20, 5, 6, 101, 158], [31, 0, 11, 221, 105], [26, 8, 14, 249, 121], [5, 10, 4, 69, 167], [3, 2, 17, 87, 141], [11, 2, 18, 168, 14], [36, 0, 8, 44, 63], [36, 17, 11, 82, 45], [41, 17, 22, 147, 69], [21, 14, 22, 10, 167], [29, 23, 4, 24, 17], [12, 0, 9, 79, 166], [10, 2, 15, 25, 68], [8, 28, 3, 198, 248], [3, 2, 14, 96, 88], [0, 13, 0, 0, 0], [0, 11, 0, 0, 0]]",
        "fitness": {
            "fitness": 0.11530524918011256,
            "time": 0.04690204347882952
        }
    },
    "decoding": {
        "metadata": {
            "rows": 1,
            "columns": 30,
            "n_in": 2,
            "n_out": 2,
            "n_para": 2,
            "n_conn": 2
        },
        "functions": [
            "max",
            "min",
            "mean",
            "add",
            "subtract",
            "bitwise_not",
            "bitwise_or",
            "bitwise_and",
            "bitwise_and_mask",
            "bitwise_xor",
            "sqrt",
            "pow2",
            "exp",
            "log",
            "median_blur",
            "gaussian_blur",
            "laplacian",
            "sobel",
            "robert_cross",
            "canny",
            "sharpen",
            "gabor",
            "abs_diff",
            "abs_diff2",
            "fluo_tophat",
            "rel_diff",
            "erode",
            "dilate",
            "open",
            "close",
            "morph_gradient",
            "morph_tophat",
            "morph_blackhat",
            "fill_holes",
            "remove_small_objects",
            "remove_small_holes",
            "threshold",
            "threshold_at_1",
            "distance_transform",
            "distance_transform_and_thresh",
            "inrange_bin",
            "inrange"
        ],
        "endpoint": {
            "name": "Marker-Based Watershed",
            "abbv": "WSHD",
            "arity": 2,
            "p": 0,
            "kwargs": {
                "use_dt": false,
                "markers_distance": 21,
                "markers_area": null
            }
        },
        "mode": "default"
    }
}