{
    "dataset": {
        "name": "CIL",
        "label_name": "neuron",
        "indices": [
            85,
            73,
            18
        ]
    },
    "individual": {
        "sequence": "[[0, 0, 0, 0, 0], [0, 0, 0, 0, 0], [20, 1, 0, 206, 167], [3, 0, 2, 142, 162], [28, 2, 2, 33, 152], [30, 1, 3, 254, 5], [19, 1, 2, 199, 93], [41, 0, 3, 10, 190], [29, 5, 0, 95, 144], [28, 2, 8, 12, 238], [41, 6, 3, 71, 82], [9, 9, 6, 76, 228], [3, 5, 5, 185, 41], [39, 3, 4, 100, 27], [26, 6, 2, 78, 4], [0, 7, 6, 16, 43], [30, 5, 2, 23, 192], [22, 16, 0, 89, 215], [18, 13, 14, 204, 137], [41, 8, 2, 92, 76], [17, 10, 13, 80, 37], [32, 19, 0, 186, 194], [19, 6, 16, 130, 23], [1, 0, 10, 210, 8], [6, 6, 9, 139, 46], [28, 6, 17, 25, 200], [12, 13, 2, 200, 38], [28, 6, 11, 137, 104], [1, 1, 13, 162, 169], [7, 27, 12, 238, 46], [36, 11, 29, 59, 35], [3, 17, 8, 34, 197], [0, 15, 0, 0, 0], [0, 30, 0, 0, 0]]",
        "fitness": {
            "fitness": 0.1597069501876831,
            "time": 0.027370691299438477
        }
    },
    "decoding": {
        "metadata": {
            "rows": 1,
            "columns": 30,
            "n_in": 2,
            "n_out": 2,
            "n_para": 2,
            "n_conn": 2
        },
        "functions": [
            "max",
            "min",
            "mean",
            "add",
            "subtract",
            "bitwise_not",
            "bitwise_or",
            "bitwise_and",
            "bitwise_and_mask",
            "bitwise_xor",
            "sqrt",
            "pow2",
            "exp",
            "log",
            "median_blur",
            "gaussian_blur",
            "laplacian",
            "sobel",
            "robert_cross",
            "canny",
            "sharpen",
            "gabor",
            "abs_diff",
            "abs_diff2",
            "fluo_tophat",
            "rel_diff",
            "erode",
            "dilate",
            "open",
            "close",
            "morph_gradient",
            "morph_tophat",
            "morph_blackhat",
            "fill_holes",
            "remove_small_objects",
            "remove_small_holes",
            "threshold",
            "threshold_at_1",
            "distance_transform",
            "distance_transform_and_thresh",
            "inrange_bin",
            "inrange"
        ],
        "endpoint": {
            "name": "W",
            "abbv": "WSHD",
            "arity": 2,
            "p": 0,
            "kwargs": {
                "use_dt": false,
                "markers_distance": 21,
                "markers_area": null
            }
        },
        "mode": "default"
    }
}