{
    "dataset": {
        "name": "CIL",
        "label_name": "neuron",
        "indices": [
            42,
            41,
            66,
            27,
            43,
            40,
            80,
            53,
            61,
            83,
            88,
            81,
            33,
            62,
            46,
            45,
            20,
            2,
            78,
            13,
            84,
            14,
            70,
            36,
            79,
            55,
            23,
            77,
            5,
            56,
            10,
            25,
            64,
            71,
            22,
            87,
            18,
            50,
            11,
            67,
            19,
            52,
            26,
            30,
            54,
            3,
            48,
            59,
            15,
            38,
            9,
            31,
            32,
            63,
            69,
            39,
            4,
            44,
            58,
            75,
            86,
            68,
            1,
            24,
            47,
            49,
            8,
            21,
            57,
            12,
            82,
            76,
            35,
            74,
            73,
            60,
            34,
            85,
            51,
            6
        ]
    },
    "individual": {
        "sequence": "[[0, 0, 0, 0, 0], [0, 0, 0, 0, 0], [19, 1, 0, 21, 131], [12, 0, 2, 203, 21], [3, 3, 0, 52, 158], [24, 4, 2, 109, 225], [36, 5, 0, 211, 12], [21, 5, 1, 133, 188], [18, 2, 1, 82, 28], [40, 3, 5, 211, 196], [16, 1, 1, 27, 38], [3, 2, 1, 135, 181], [33, 8, 11, 120, 72], [17, 4, 0, 63, 159], [37, 5, 5, 136, 8], [40, 10, 3, 197, 83], [28, 9, 10, 8, 43], [36, 4, 3, 207, 108], [9, 17, 9, 25, 67], [5, 17, 9, 52, 220], [29, 15, 15, 44, 24], [29, 5, 20, 179, 160], [35, 12, 4, 179, 50], [40, 14, 12, 26, 134], [13, 3, 8, 161, 240], [14, 10, 9, 190, 104], [35, 10, 5, 4, 90], [14, 22, 20, 5, 210], [17, 8, 7, 43, 192], [9, 13, 20, 221, 132], [10, 18, 28, 241, 119], [11, 13, 11, 107, 180], [0, 6, 0, 0, 0], [0, 22, 0, 0, 0]]",
        "fitness": {
            "fitness": 0.15113038346171379,
            "time": 0.04745078086853027
        }
    },
    "decoding": {
        "metadata": {
            "rows": 1,
            "columns": 30,
            "n_in": 2,
            "n_out": 2,
            "n_para": 2,
            "n_conn": 2
        },
        "functions": [
            "max",
            "min",
            "mean",
            "add",
            "subtract",
            "bitwise_not",
            "bitwise_or",
            "bitwise_and",
            "bitwise_and_mask",
            "bitwise_xor",
            "sqrt",
            "pow2",
            "exp",
            "log",
            "median_blur",
            "gaussian_blur",
            "laplacian",
            "sobel",
            "robert_cross",
            "canny",
            "sharpen",
            "gabor",
            "abs_diff",
            "abs_diff2",
            "fluo_tophat",
            "rel_diff",
            "erode",
            "dilate",
            "open",
            "close",
            "morph_gradient",
            "morph_tophat",
            "morph_blackhat",
            "fill_holes",
            "remove_small_objects",
            "remove_small_holes",
            "threshold",
            "threshold_at_1",
            "distance_transform",
            "distance_transform_and_thresh",
            "inrange_bin",
            "inrange"
        ],
        "endpoint": {
            "name": "Marker-Based Watershed",
            "abbv": "WSHD",
            "arity": 2,
            "args": 0,
            "kwargs": {
                "use_dt": false,
                "markers_distance": 21,
                "markers_area": null
            }
        },
        "mode": "default"
    }
}