{
    "dataset": {
        "name": "CIL",
        "label_name": "neuron",
        "indices": [
            25,
            44,
            20,
            87,
            65,
            70,
            67,
            56,
            0,
            42,
            74,
            68,
            6,
            16,
            45,
            51,
            59,
            28,
            60,
            84,
            47,
            33,
            27,
            12,
            61,
            2,
            13,
            34,
            57,
            30
        ]
    },
    "individual": {
        "sequence": "[[0, 0, 0, 0, 0], [0, 0, 0, 0, 0], [3, 0, 1, 103, 5], [19, 0, 2, 208, 44], [4, 0, 3, 189, 81], [19, 1, 2, 17, 34], [1, 1, 0, 138, 226], [23, 4, 0, 164, 31], [15, 1, 0, 26, 31], [4, 7, 7, 68, 90], [36, 8, 2, 225, 47], [0, 2, 5, 3, 185], [24, 2, 11, 52, 185], [3, 12, 4, 91, 84], [2, 1, 10, 34, 5], [21, 10, 6, 176, 198], [21, 12, 1, 68, 234], [3, 16, 7, 131, 230], [39, 11, 7, 87, 239], [6, 11, 14, 164, 38], [8, 2, 12, 100, 135], [4, 13, 9, 255, 195], [27, 2, 16, 83, 69], [27, 2, 2, 121, 26], [16, 14, 17, 192, 162], [17, 9, 21, 244, 157], [29, 4, 25, 5, 224], [4, 5, 22, 68, 11], [11, 13, 9, 228, 156], [40, 18, 7, 59, 170], [28, 28, 14, 133, 222], [15, 21, 15, 171, 230], [0, 28, 0, 0, 0], [0, 10, 0, 0, 0]]",
        "fitness": {
            "fitness": 0.12356343666712442,
            "time": 0.0463879664738973
        }
    },
    "decoding": {
        "metadata": {
            "rows": 1,
            "columns": 30,
            "n_in": 2,
            "n_out": 2,
            "n_para": 2,
            "n_conn": 2
        },
        "functions": [
            "max",
            "min",
            "mean",
            "add",
            "subtract",
            "bitwise_not",
            "bitwise_or",
            "bitwise_and",
            "bitwise_and_mask",
            "bitwise_xor",
            "sqrt",
            "pow2",
            "exp",
            "log",
            "median_blur",
            "gaussian_blur",
            "laplacian",
            "sobel",
            "robert_cross",
            "canny",
            "sharpen",
            "gabor",
            "abs_diff",
            "abs_diff2",
            "fluo_tophat",
            "rel_diff",
            "erode",
            "dilate",
            "open",
            "close",
            "morph_gradient",
            "morph_tophat",
            "morph_blackhat",
            "fill_holes",
            "remove_small_objects",
            "remove_small_holes",
            "threshold",
            "threshold_at_1",
            "distance_transform",
            "distance_transform_and_thresh",
            "inrange_bin",
            "inrange"
        ],
        "endpoint": {
            "name": "Marker-Based Watershed",
            "abbv": "WSHD",
            "arity": 2,
            "args": 0,
            "kwargs": {
                "use_dt": false,
                "markers_distance": 21,
                "markers_area": null
            }
        },
        "mode": "default"
    }
}