{
    "dataset": {
        "name": "CIL",
        "label_name": "neuron",
        "indices": [
            30,
            84,
            3,
            35,
            79,
            22,
            44,
            25,
            72,
            53,
            37,
            8,
            42,
            11,
            27,
            21,
            87,
            24,
            54,
            0,
            86,
            43,
            23,
            26,
            59,
            48,
            77,
            68,
            6,
            31,
            15,
            19,
            13,
            4,
            85,
            46,
            81,
            29,
            55,
            82,
            83,
            69,
            39,
            14,
            73,
            45,
            5,
            32,
            62,
            52
        ]
    },
    "individual": {
        "sequence": "[[0, 0, 0, 0, 0], [0, 0, 0, 0, 0], [5, 1, 1, 24, 51], [19, 1, 2, 148, 5], [35, 3, 2, 209, 147], [20, 2, 2, 11, 102], [36, 3, 1, 162, 13], [32, 4, 3, 180, 143], [26, 3, 7, 110, 3], [35, 0, 8, 26, 185], [41, 0, 6, 12, 242], [18, 4, 10, 188, 85], [33, 6, 0, 203, 11], [16, 0, 5, 243, 65], [20, 7, 9, 247, 43], [16, 2, 1, 95, 171], [24, 8, 12, 28, 233], [29, 10, 0, 0, 247], [6, 17, 4, 155, 91], [34, 12, 11, 114, 201], [34, 14, 10, 114, 175], [41, 11, 16, 205, 201], [33, 11, 4, 8, 15], [3, 1, 20, 251, 204], [23, 6, 14, 153, 252], [10, 15, 15, 69, 185], [5, 13, 22, 73, 59], [38, 10, 10, 68, 255], [8, 25, 18, 185, 150], [20, 8, 12, 78, 207], [12, 28, 1, 4, 211], [27, 15, 20, 80, 115], [0, 18, 0, 0, 0], [0, 22, 0, 0, 0]]",
        "fitness": {
            "fitness": 0.14764310598373412,
            "time": 0.040068769454956056
        }
    },
    "decoding": {
        "metadata": {
            "rows": 1,
            "columns": 30,
            "n_in": 2,
            "n_out": 2,
            "n_para": 2,
            "n_conn": 2
        },
        "functions": [
            "max",
            "min",
            "mean",
            "add",
            "subtract",
            "bitwise_not",
            "bitwise_or",
            "bitwise_and",
            "bitwise_and_mask",
            "bitwise_xor",
            "sqrt",
            "pow2",
            "exp",
            "log",
            "median_blur",
            "gaussian_blur",
            "laplacian",
            "sobel",
            "robert_cross",
            "canny",
            "sharpen",
            "gabor",
            "abs_diff",
            "abs_diff2",
            "fluo_tophat",
            "rel_diff",
            "erode",
            "dilate",
            "open",
            "close",
            "morph_gradient",
            "morph_tophat",
            "morph_blackhat",
            "fill_holes",
            "remove_small_objects",
            "remove_small_holes",
            "threshold",
            "threshold_at_1",
            "distance_transform",
            "distance_transform_and_thresh",
            "inrange_bin",
            "inrange"
        ],
        "endpoint": {
            "name": "W",
            "abbv": "WSHD",
            "arity": 2,
            "p": 0,
            "kwargs": {
                "use_dt": false,
                "markers_distance": 21,
                "markers_area": null
            }
        },
        "mode": "default"
    }
}