{
    "dataset": {
        "name": "CIL",
        "label_name": "neuron",
        "indices": [
            3,
            23,
            11,
            81,
            78
        ]
    },
    "individual": {
        "sequence": "[[0, 0, 0, 0, 0], [0, 0, 0, 0, 0], [11, 0, 1, 211, 29], [4, 0, 2, 17, 83], [4, 1, 3, 155, 24], [18, 2, 1, 31, 117], [12, 2, 0, 167, 87], [19, 4, 1, 124, 50], [41, 3, 0, 158, 8], [6, 6, 6, 13, 31], [0, 3, 0, 179, 149], [28, 4, 7, 195, 95], [32, 1, 11, 253, 27], [34, 7, 1, 40, 55], [17, 10, 6, 170, 242], [1, 9, 4, 166, 135], [0, 7, 14, 226, 70], [26, 6, 9, 22, 233], [1, 1, 15, 193, 63], [16, 12, 6, 229, 120], [7, 3, 8, 190, 130], [39, 17, 5, 68, 219], [10, 10, 12, 218, 254], [17, 17, 8, 141, 169], [21, 0, 9, 56, 225], [3, 4, 4, 31, 253], [18, 7, 1, 23, 178], [17, 20, 16, 162, 109], [39, 20, 19, 168, 249], [34, 25, 12, 16, 136], [25, 29, 8, 75, 208], [13, 1, 16, 165, 16], [0, 20, 0, 0, 0], [0, 26, 0, 0, 0]]",
        "fitness": {
            "fitness": 0.1532888412475586,
            "time": 0.08210296630859375
        }
    },
    "decoding": {
        "metadata": {
            "rows": 1,
            "columns": 30,
            "n_in": 2,
            "n_out": 2,
            "n_para": 2,
            "n_conn": 2
        },
        "functions": [
            "max",
            "min",
            "mean",
            "add",
            "subtract",
            "bitwise_not",
            "bitwise_or",
            "bitwise_and",
            "bitwise_and_mask",
            "bitwise_xor",
            "sqrt",
            "pow2",
            "exp",
            "log",
            "median_blur",
            "gaussian_blur",
            "laplacian",
            "sobel",
            "robert_cross",
            "canny",
            "sharpen",
            "gabor",
            "abs_diff",
            "abs_diff2",
            "fluo_tophat",
            "rel_diff",
            "erode",
            "dilate",
            "open",
            "close",
            "morph_gradient",
            "morph_tophat",
            "morph_blackhat",
            "fill_holes",
            "remove_small_objects",
            "remove_small_holes",
            "threshold",
            "threshold_at_1",
            "distance_transform",
            "distance_transform_and_thresh",
            "inrange_bin",
            "inrange"
        ],
        "endpoint": {
            "name": "W",
            "abbv": "WSHD",
            "arity": 2,
            "p": 0,
            "kwargs": {
                "use_dt": false,
                "markers_distance": 21,
                "markers_area": null
            }
        },
        "mode": "default"
    }
}