{
    "dataset": {
        "name": "CIL",
        "label_name": "neuron",
        "indices": [
            48,
            52,
            71,
            4,
            27,
            85,
            75,
            24,
            46,
            80,
            18,
            44,
            2,
            62,
            29
        ]
    },
    "individual": {
        "sequence": "[[0, 0, 0, 0, 0], [0, 0, 0, 0, 0], [19, 1, 0, 30, 133], [39, 0, 1, 195, 209], [22, 2, 3, 38, 22], [25, 4, 4, 17, 206], [5, 0, 3, 82, 162], [0, 3, 5, 47, 48], [9, 1, 2, 67, 10], [0, 7, 7, 39, 218], [32, 6, 3, 208, 221], [24, 0, 10, 216, 114], [18, 2, 4, 94, 211], [40, 5, 10, 64, 182], [14, 1, 11, 211, 5], [3, 0, 6, 9, 74], [41, 1, 11, 87, 233], [32, 9, 2, 58, 65], [39, 3, 0, 62, 150], [26, 3, 10, 212, 86], [9, 4, 8, 139, 89], [38, 7, 13, 25, 168], [27, 9, 9, 153, 63], [6, 19, 5, 134, 119], [33, 12, 10, 236, 138], [41, 0, 24, 9, 160], [0, 2, 9, 151, 111], [39, 10, 24, 40, 149], [3, 24, 25, 143, 171], [23, 20, 18, 135, 61], [25, 26, 11, 229, 18], [3, 12, 8, 192, 208], [0, 28, 0, 0, 0], [0, 24, 0, 0, 0]]",
        "fitness": {
            "fitness": 0.15887237787246705,
            "time": 0.03167599042256673
        }
    },
    "decoding": {
        "metadata": {
            "rows": 1,
            "columns": 30,
            "n_in": 2,
            "n_out": 2,
            "n_para": 2,
            "n_conn": 2
        },
        "functions": [
            "max",
            "min",
            "mean",
            "add",
            "subtract",
            "bitwise_not",
            "bitwise_or",
            "bitwise_and",
            "bitwise_and_mask",
            "bitwise_xor",
            "sqrt",
            "pow2",
            "exp",
            "log",
            "median_blur",
            "gaussian_blur",
            "laplacian",
            "sobel",
            "robert_cross",
            "canny",
            "sharpen",
            "gabor",
            "abs_diff",
            "abs_diff2",
            "fluo_tophat",
            "rel_diff",
            "erode",
            "dilate",
            "open",
            "close",
            "morph_gradient",
            "morph_tophat",
            "morph_blackhat",
            "fill_holes",
            "remove_small_objects",
            "remove_small_holes",
            "threshold",
            "threshold_at_1",
            "distance_transform",
            "distance_transform_and_thresh",
            "inrange_bin",
            "inrange"
        ],
        "endpoint": {
            "name": "W",
            "abbv": "WSHD",
            "arity": 2,
            "p": 0,
            "kwargs": {
                "use_dt": false,
                "markers_distance": 21,
                "markers_area": null
            }
        },
        "mode": "default"
    }
}