{
    "dataset": {
        "name": "CIL",
        "label_name": "neuron",
        "indices": [
            40,
            11,
            22,
            4,
            83,
            61,
            54,
            6,
            82,
            15,
            26,
            84,
            3,
            45,
            47,
            42,
            72,
            30,
            59,
            78,
            24,
            5,
            74,
            44,
            32,
            34,
            66,
            76,
            12,
            60,
            52,
            68,
            86,
            7,
            53,
            25,
            64,
            80,
            37,
            27
        ]
    },
    "individual": {
        "sequence": "[[0, 0, 0, 0, 0], [0, 0, 0, 0, 0], [26, 1, 0, 4, 245], [12, 0, 2, 9, 24], [19, 2, 2, 74, 236], [19, 2, 4, 10, 110], [14, 3, 5, 42, 145], [40, 3, 4, 137, 188], [16, 5, 5, 10, 46], [3, 6, 0, 64, 250], [38, 8, 5, 195, 179], [18, 1, 8, 106, 248], [22, 4, 3, 93, 109], [14, 11, 7, 217, 231], [35, 0, 7, 221, 138], [17, 11, 0, 52, 90], [29, 9, 6, 0, 191], [21, 13, 9, 173, 31], [24, 2, 12, 86, 39], [34, 13, 15, 187, 90], [32, 7, 16, 99, 39], [31, 2, 2, 183, 81], [18, 21, 16, 11, 50], [4, 20, 7, 137, 75], [11, 9, 21, 123, 246], [37, 21, 14, 159, 133], [9, 13, 1, 198, 239], [23, 1, 8, 39, 98], [38, 6, 17, 238, 209], [36, 23, 8, 63, 238], [39, 8, 24, 150, 184], [36, 0, 16, 33, 67], [0, 24, 0, 0, 0], [0, 8, 0, 0, 0]]",
        "fitness": {
            "fitness": 0.1359947681427002,
            "time": 0.038827133178710935
        }
    },
    "decoding": {
        "metadata": {
            "rows": 1,
            "columns": 30,
            "n_in": 2,
            "n_out": 2,
            "n_para": 2,
            "n_conn": 2
        },
        "functions": [
            "max",
            "min",
            "mean",
            "add",
            "subtract",
            "bitwise_not",
            "bitwise_or",
            "bitwise_and",
            "bitwise_and_mask",
            "bitwise_xor",
            "sqrt",
            "pow2",
            "exp",
            "log",
            "median_blur",
            "gaussian_blur",
            "laplacian",
            "sobel",
            "robert_cross",
            "canny",
            "sharpen",
            "gabor",
            "abs_diff",
            "abs_diff2",
            "fluo_tophat",
            "rel_diff",
            "erode",
            "dilate",
            "open",
            "close",
            "morph_gradient",
            "morph_tophat",
            "morph_blackhat",
            "fill_holes",
            "remove_small_objects",
            "remove_small_holes",
            "threshold",
            "threshold_at_1",
            "distance_transform",
            "distance_transform_and_thresh",
            "inrange_bin",
            "inrange"
        ],
        "endpoint": {
            "name": "Marker-Based Watershed",
            "abbv": "WSHD",
            "arity": 2,
            "args": 0,
            "kwargs": {
                "use_dt": false,
                "markers_distance": 21,
                "markers_area": null
            }
        },
        "mode": "default"
    }
}