{
    "dataset": {
        "name": "CIL",
        "label_name": "neuron",
        "indices": [
            32,
            82,
            20,
            9,
            8,
            59,
            36,
            57,
            86,
            72,
            63,
            87
        ]
    },
    "individual": {
        "sequence": "[[0, 0, 0, 0, 0], [0, 0, 0, 0, 0], [24, 0, 1, 128, 181], [40, 2, 0, 81, 143], [19, 1, 1, 17, 161], [16, 4, 1, 189, 136], [3, 2, 3, 49, 227], [23, 2, 0, 159, 116], [33, 5, 4, 42, 62], [21, 1, 2, 181, 51], [5, 6, 4, 125, 128], [16, 0, 9, 60, 168], [40, 5, 5, 43, 218], [36, 2, 6, 243, 172], [31, 8, 0, 217, 242], [28, 3, 4, 82, 140], [38, 4, 11, 186, 164], [36, 6, 16, 151, 11], [32, 8, 16, 182, 75], [17, 16, 12, 3, 17], [36, 13, 9, 144, 144], [17, 2, 5, 0, 102], [26, 10, 17, 21, 79], [26, 11, 10, 188, 151], [27, 19, 13, 101, 231], [37, 0, 1, 227, 117], [28, 23, 2, 127, 96], [23, 22, 1, 30, 88], [20, 27, 5, 225, 231], [4, 19, 25, 54, 198], [15, 20, 27, 47, 178], [33, 10, 8, 238, 117], [0, 17, 0, 0, 0], [0, 8, 0, 0, 0]]",
        "fitness": {
            "fitness": 0.09859992067019145,
            "time": 0.046827991803487144
        }
    },
    "decoding": {
        "metadata": {
            "rows": 1,
            "columns": 30,
            "n_in": 2,
            "n_out": 2,
            "n_para": 2,
            "n_conn": 2
        },
        "functions": [
            "max",
            "min",
            "mean",
            "add",
            "subtract",
            "bitwise_not",
            "bitwise_or",
            "bitwise_and",
            "bitwise_and_mask",
            "bitwise_xor",
            "sqrt",
            "pow2",
            "exp",
            "log",
            "median_blur",
            "gaussian_blur",
            "laplacian",
            "sobel",
            "robert_cross",
            "canny",
            "sharpen",
            "gabor",
            "abs_diff",
            "abs_diff2",
            "fluo_tophat",
            "rel_diff",
            "erode",
            "dilate",
            "open",
            "close",
            "morph_gradient",
            "morph_tophat",
            "morph_blackhat",
            "fill_holes",
            "remove_small_objects",
            "remove_small_holes",
            "threshold",
            "threshold_at_1",
            "distance_transform",
            "distance_transform_and_thresh",
            "inrange_bin",
            "inrange"
        ],
        "endpoint": {
            "name": "Marker-Based Watershed",
            "abbv": "WSHD",
            "arity": 2,
            "p": 0,
            "kwargs": {
                "use_dt": false,
                "markers_distance": 21,
                "markers_area": null
            }
        },
        "mode": "default"
    }
}