{
    "dataset": {
        "name": "Tumor",
        "label_name": "tumor",
        "indices": null
    },
    "individual": {
        "sequence": "[[0, 0, 0, 0, 0], [0, 0, 0, 0, 0], [0, 0, 0, 0, 0], [11, 1, 0, 75, 72], [24, 3, 0, 54, 31], [16, 4, 3, 205, 254], [14, 5, 4, 87, 1], [24, 5, 2, 178, 214], [37, 6, 2, 32, 26], [17, 0, 0, 146, 158], [33, 8, 9, 42, 30], [11, 2, 10, 70, 48], [9, 3, 8, 245, 254], [18, 7, 12, 61, 89], [6, 8, 10, 59, 165], [24, 4, 11, 151, 138], [4, 10, 4, 199, 114], [5, 1, 8, 3, 51], [38, 16, 13, 36, 105], [36, 12, 3, 44, 168], [2, 10, 3, 40, 60], [8, 18, 16, 221, 175], [27, 0, 13, 156, 210], [1, 22, 7, 233, 217], [16, 13, 19, 18, 235], [28, 18, 24, 254, 97], [11, 15, 3, 160, 122], [18, 4, 6, 219, 134], [31, 10, 11, 143, 34], [18, 24, 3, 163, 164], [32, 10, 11, 197, 101], [8, 0, 3, 138, 114], [27, 6, 20, 13, 220], [0, 25, 0, 0, 0]]",
        "fitness": {
            "fitness": 0.168549343273113,
            "time": 0.11917227506637573
        }
    },
    "decoding": {
        "metadata": {
            "rows": 1,
            "columns": 30,
            "n_in": 3,
            "n_out": 1,
            "n_para": 2,
            "n_conn": 2
        },
        "functions": [
            "max",
            "min",
            "mean",
            "add",
            "subtract",
            "bitwise_not",
            "bitwise_or",
            "bitwise_and",
            "bitwise_and_mask",
            "bitwise_xor",
            "sqrt",
            "pow2",
            "exp",
            "log",
            "median_blur",
            "gaussian_blur",
            "laplacian",
            "sobel",
            "robert_cross",
            "canny",
            "sharpen",
            "gabor",
            "abs_diff",
            "abs_diff2",
            "fluo_tophat",
            "rel_diff",
            "erode",
            "dilate",
            "open",
            "close",
            "morph_gradient",
            "morph_tophat",
            "morph_blackhat",
            "fill_holes",
            "remove_small_objects",
            "remove_small_holes",
            "threshold",
            "threshold_at_1",
            "distance_transform",
            "distance_transform_and_thresh",
            "inrange_bin",
            "inrange"
        ],
        "endpoint": {
            "name": "Threshold (t=4)",
            "abbv": "TRSH",
            "arity": 1,
            "p": 0,
            "kwargs": {
                "threshold": 4
            }
        },
        "mode": "default"
    }
}