{
    "dataset": {
        "name": "CIL",
        "label_name": "neuron",
        "indices": [
            30,
            46,
            13,
            25,
            16,
            43,
            78,
            82,
            68,
            14,
            8,
            29,
            23,
            69,
            58,
            83,
            77,
            86,
            66,
            73,
            59,
            50,
            4,
            67,
            20,
            80,
            81,
            41,
            40,
            7,
            24,
            74,
            2,
            18,
            5,
            71,
            38,
            34,
            39,
            42,
            63,
            32,
            76,
            75,
            22,
            51,
            11,
            64,
            12,
            54,
            48,
            27,
            79,
            36,
            88,
            72,
            61,
            17,
            65,
            15,
            62,
            6,
            37,
            87,
            33,
            84,
            70,
            35,
            9,
            3,
            85,
            44,
            49,
            28,
            26,
            19,
            45,
            1,
            10,
            56
        ]
    },
    "individual": {
        "sequence": "[[0, 0, 0, 0, 0], [0, 0, 0, 0, 0], [28, 1, 1, 17, 85], [4, 1, 1, 205, 112], [5, 2, 3, 209, 38], [32, 4, 3, 84, 189], [0, 5, 1, 218, 136], [27, 2, 4, 140, 35], [19, 2, 7, 173, 206], [41, 2, 2, 148, 42], [29, 8, 2, 106, 141], [6, 5, 0, 28, 177], [2, 1, 2, 158, 155], [8, 6, 2, 171, 105], [32, 0, 10, 67, 25], [38, 9, 12, 112, 242], [29, 9, 1, 213, 176], [35, 12, 4, 9, 64], [38, 0, 1, 216, 244], [41, 11, 13, 9, 254], [23, 5, 3, 168, 184], [15, 20, 17, 152, 226], [28, 5, 0, 74, 94], [17, 4, 9, 69, 171], [37, 14, 22, 92, 234], [23, 5, 8, 38, 204], [22, 21, 15, 228, 86], [29, 24, 22, 126, 32], [6, 15, 23, 118, 25], [2, 26, 4, 109, 94], [5, 13, 15, 150, 112], [39, 20, 9, 253, 206], [0, 19, 0, 0, 0], [0, 9, 0, 0, 0]]",
        "fitness": {
            "fitness": 0.14216881692409516,
            "time": 0.029890966415405274
        }
    },
    "decoding": {
        "metadata": {
            "rows": 1,
            "columns": 30,
            "n_in": 2,
            "n_out": 2,
            "n_para": 2,
            "n_conn": 2
        },
        "functions": [
            "max",
            "min",
            "mean",
            "add",
            "subtract",
            "bitwise_not",
            "bitwise_or",
            "bitwise_and",
            "bitwise_and_mask",
            "bitwise_xor",
            "sqrt",
            "pow2",
            "exp",
            "log",
            "median_blur",
            "gaussian_blur",
            "laplacian",
            "sobel",
            "robert_cross",
            "canny",
            "sharpen",
            "gabor",
            "abs_diff",
            "abs_diff2",
            "fluo_tophat",
            "rel_diff",
            "erode",
            "dilate",
            "open",
            "close",
            "morph_gradient",
            "morph_tophat",
            "morph_blackhat",
            "fill_holes",
            "remove_small_objects",
            "remove_small_holes",
            "threshold",
            "threshold_at_1",
            "distance_transform",
            "distance_transform_and_thresh",
            "inrange_bin",
            "inrange"
        ],
        "endpoint": {
            "name": "Marker-Based Watershed",
            "abbv": "WSHD",
            "arity": 2,
            "args": 0,
            "kwargs": {
                "use_dt": false,
                "markers_distance": 21,
                "markers_area": null
            }
        },
        "mode": "default"
    }
}