{
    "dataset": {
        "name": "Tumor",
        "label_name": "tumor",
        "indices": null
    },
    "individual": {
        "sequence": "[[0, 0, 0, 0, 0], [0, 0, 0, 0, 0], [0, 0, 0, 0, 0], [10, 0, 2, 250, 129], [40, 2, 2, 211, 32], [18, 4, 1, 3, 142], [33, 5, 5, 112, 183], [19, 0, 4, 239, 229], [24, 3, 2, 189, 162], [14, 8, 4, 76, 85], [21, 3, 2, 64, 151], [38, 9, 6, 20, 40], [38, 0, 7, 235, 15], [15, 9, 5, 193, 128], [2, 5, 13, 217, 82], [13, 14, 1, 53, 83], [18, 6, 4, 152, 12], [2, 6, 4, 43, 179], [4, 17, 9, 177, 95], [24, 4, 7, 137, 191], [35, 3, 3, 199, 123], [5, 4, 19, 252, 178], [28, 18, 6, 69, 212], [21, 7, 19, 166, 59], [31, 21, 6, 232, 217], [41, 20, 19, 109, 117], [10, 6, 17, 216, 176], [25, 8, 14, 227, 130], [21, 20, 10, 25, 87], [12, 9, 15, 181, 8], [21, 4, 1, 221, 1], [37, 28, 28, 50, 111], [25, 25, 1, 123, 151], [0, 22, 0, 0, 0]]",
        "fitness": {
            "fitness": 0.1582863266622128,
            "time": 0.0951266884803772
        }
    },
    "decoding": {
        "metadata": {
            "rows": 1,
            "columns": 30,
            "n_in": 3,
            "n_out": 1,
            "n_para": 2,
            "n_conn": 2
        },
        "functions": [
            "max",
            "min",
            "mean",
            "add",
            "subtract",
            "bitwise_not",
            "bitwise_or",
            "bitwise_and",
            "bitwise_and_mask",
            "bitwise_xor",
            "sqrt",
            "pow2",
            "exp",
            "log",
            "median_blur",
            "gaussian_blur",
            "laplacian",
            "sobel",
            "robert_cross",
            "canny",
            "sharpen",
            "gabor",
            "abs_diff",
            "abs_diff2",
            "fluo_tophat",
            "rel_diff",
            "erode",
            "dilate",
            "open",
            "close",
            "morph_gradient",
            "morph_tophat",
            "morph_blackhat",
            "fill_holes",
            "remove_small_objects",
            "remove_small_holes",
            "threshold",
            "threshold_at_1",
            "distance_transform",
            "distance_transform_and_thresh",
            "inrange_bin",
            "inrange"
        ],
        "endpoint": {
            "name": "Threshold (t=4)",
            "abbv": "TRSH",
            "arity": 1,
            "p": 0,
            "kwargs": {
                "threshold": 4
            }
        },
        "mode": "default"
    }
}