{
    "dataset": {
        "name": "CIL",
        "label_name": "neuron",
        "indices": [
            51,
            70,
            57
        ]
    },
    "individual": {
        "sequence": "[[0, 0, 0, 0, 0], [0, 0, 0, 0, 0], [19, 0, 0, 19, 92], [19, 1, 0, 31, 127], [13, 0, 1, 131, 208], [19, 3, 3, 140, 168], [24, 0, 4, 137, 184], [25, 5, 0, 151, 196], [20, 4, 2, 215, 212], [1, 5, 6, 54, 206], [40, 9, 9, 91, 199], [30, 0, 1, 247, 133], [21, 9, 0, 56, 189], [6, 3, 5, 107, 213], [35, 13, 5, 241, 131], [23, 6, 1, 142, 204], [34, 14, 6, 66, 12], [30, 2, 10, 195, 245], [38, 8, 4, 119, 255], [33, 6, 1, 200, 23], [3, 8, 18, 222, 229], [29, 2, 10, 175, 20], [5, 4, 4, 43, 240], [34, 6, 17, 246, 101], [9, 6, 0, 187, 103], [14, 0, 4, 180, 16], [10, 7, 15, 143, 199], [32, 25, 4, 91, 180], [32, 4, 7, 220, 96], [16, 2, 24, 66, 16], [25, 26, 11, 41, 141], [32, 5, 13, 18, 174], [0, 20, 0, 0, 0], [0, 16, 0, 0, 0]]",
        "fitness": {
            "fitness": 0.15825825929641724,
            "time": 0.030014832814534504
        }
    },
    "decoding": {
        "metadata": {
            "rows": 1,
            "columns": 30,
            "n_in": 2,
            "n_out": 2,
            "n_para": 2,
            "n_conn": 2
        },
        "functions": [
            "max",
            "min",
            "mean",
            "add",
            "subtract",
            "bitwise_not",
            "bitwise_or",
            "bitwise_and",
            "bitwise_and_mask",
            "bitwise_xor",
            "sqrt",
            "pow2",
            "exp",
            "log",
            "median_blur",
            "gaussian_blur",
            "laplacian",
            "sobel",
            "robert_cross",
            "canny",
            "sharpen",
            "gabor",
            "abs_diff",
            "abs_diff2",
            "fluo_tophat",
            "rel_diff",
            "erode",
            "dilate",
            "open",
            "close",
            "morph_gradient",
            "morph_tophat",
            "morph_blackhat",
            "fill_holes",
            "remove_small_objects",
            "remove_small_holes",
            "threshold",
            "threshold_at_1",
            "distance_transform",
            "distance_transform_and_thresh",
            "inrange_bin",
            "inrange"
        ],
        "endpoint": {
            "name": "W",
            "abbv": "WSHD",
            "arity": 2,
            "p": 0,
            "kwargs": {
                "use_dt": false,
                "markers_distance": 21,
                "markers_area": null
            }
        },
        "mode": "default"
    }
}