{
    "dataset": {
        "name": "CIL",
        "label_name": "neuron",
        "indices": [
            61,
            64,
            54,
            53,
            52,
            73,
            16,
            1,
            17,
            0,
            47,
            11,
            80,
            15,
            75,
            63,
            48,
            27,
            2,
            55,
            59,
            24,
            3,
            5,
            82,
            8,
            51,
            32,
            12,
            20,
            46,
            50,
            67,
            69,
            18,
            41,
            44,
            57,
            60,
            62
        ]
    },
    "individual": {
        "sequence": "[[0, 0, 0, 0, 0], [0, 0, 0, 0, 0], [41, 0, 1, 232, 12], [11, 1, 2, 237, 169], [21, 3, 3, 178, 203], [26, 3, 1, 6, 84], [5, 4, 3, 80, 179], [40, 4, 3, 106, 75], [9, 3, 1, 181, 132], [41, 8, 3, 32, 211], [33, 9, 6, 61, 30], [24, 10, 5, 93, 70], [29, 8, 6, 32, 162], [9, 4, 11, 234, 214], [0, 5, 12, 141, 82], [2, 4, 14, 72, 147], [4, 15, 8, 201, 179], [18, 5, 16, 16, 1], [6, 10, 2, 40, 213], [2, 18, 9, 213, 224], [23, 12, 5, 71, 162], [37, 17, 18, 191, 190], [27, 2, 12, 34, 177], [34, 7, 16, 197, 10], [29, 0, 18, 203, 36], [22, 11, 21, 252, 60], [0, 19, 10, 206, 232], [15, 9, 12, 72, 228], [2, 5, 10, 116, 178], [4, 28, 6, 199, 221], [22, 20, 13, 10, 49], [27, 24, 15, 39, 213], [0, 19, 0, 0, 0], [0, 29, 0, 0, 0]]",
        "fitness": {
            "fitness": 0.16789898574352263,
            "time": 0.034725284576416014
        }
    },
    "decoding": {
        "metadata": {
            "rows": 1,
            "columns": 30,
            "n_in": 2,
            "n_out": 2,
            "n_para": 2,
            "n_conn": 2
        },
        "functions": [
            "max",
            "min",
            "mean",
            "add",
            "subtract",
            "bitwise_not",
            "bitwise_or",
            "bitwise_and",
            "bitwise_and_mask",
            "bitwise_xor",
            "sqrt",
            "pow2",
            "exp",
            "log",
            "median_blur",
            "gaussian_blur",
            "laplacian",
            "sobel",
            "robert_cross",
            "canny",
            "sharpen",
            "gabor",
            "abs_diff",
            "abs_diff2",
            "fluo_tophat",
            "rel_diff",
            "erode",
            "dilate",
            "open",
            "close",
            "morph_gradient",
            "morph_tophat",
            "morph_blackhat",
            "fill_holes",
            "remove_small_objects",
            "remove_small_holes",
            "threshold",
            "threshold_at_1",
            "distance_transform",
            "distance_transform_and_thresh",
            "inrange_bin",
            "inrange"
        ],
        "endpoint": {
            "name": "Marker-Based Watershed",
            "abbv": "WSHD",
            "arity": 2,
            "args": 0,
            "kwargs": {
                "use_dt": false,
                "markers_distance": 21,
                "markers_area": null
            }
        },
        "mode": "default"
    }
}