{
    "dataset": {
        "name": "CIL",
        "label_name": "neuron",
        "indices": [
            88,
            74,
            86,
            30,
            24,
            55,
            3,
            61,
            59,
            33,
            26,
            64,
            63,
            52,
            82,
            78,
            6,
            72,
            17,
            31,
            12,
            11,
            41,
            60,
            48
        ]
    },
    "individual": {
        "sequence": "[[0, 0, 0, 0, 0], [0, 0, 0, 0, 0], [19, 1, 0, 24, 220], [19, 1, 0, 183, 109], [36, 1, 1, 32, 50], [23, 0, 0, 190, 87], [6, 0, 2, 123, 10], [12, 6, 0, 153, 201], [24, 7, 2, 51, 37], [14, 6, 6, 253, 103], [31, 7, 7, 251, 168], [13, 8, 3, 6, 56], [30, 11, 6, 48, 179], [23, 8, 0, 1, 192], [0, 1, 13, 233, 207], [37, 11, 2, 155, 122], [32, 11, 4, 32, 21], [6, 8, 9, 104, 249], [12, 6, 14, 143, 136], [39, 13, 6, 17, 35], [0, 4, 12, 37, 136], [7, 11, 6, 244, 115], [29, 15, 17, 71, 133], [20, 9, 19, 107, 51], [12, 11, 22, 76, 55], [34, 2, 2, 51, 234], [5, 12, 17, 171, 245], [25, 20, 2, 74, 13], [9, 3, 4, 13, 25], [2, 5, 13, 10, 146], [4, 0, 10, 186, 254], [14, 28, 19, 8, 39], [0, 15, 0, 0, 0], [0, 31, 0, 0, 0]]",
        "fitness": {
            "fitness": 0.1387454915046692,
            "time": 0.04927060127258301
        }
    },
    "decoding": {
        "metadata": {
            "rows": 1,
            "columns": 30,
            "n_in": 2,
            "n_out": 2,
            "n_para": 2,
            "n_conn": 2
        },
        "functions": [
            "max",
            "min",
            "mean",
            "add",
            "subtract",
            "bitwise_not",
            "bitwise_or",
            "bitwise_and",
            "bitwise_and_mask",
            "bitwise_xor",
            "sqrt",
            "pow2",
            "exp",
            "log",
            "median_blur",
            "gaussian_blur",
            "laplacian",
            "sobel",
            "robert_cross",
            "canny",
            "sharpen",
            "gabor",
            "abs_diff",
            "abs_diff2",
            "fluo_tophat",
            "rel_diff",
            "erode",
            "dilate",
            "open",
            "close",
            "morph_gradient",
            "morph_tophat",
            "morph_blackhat",
            "fill_holes",
            "remove_small_objects",
            "remove_small_holes",
            "threshold",
            "threshold_at_1",
            "distance_transform",
            "distance_transform_and_thresh",
            "inrange_bin",
            "inrange"
        ],
        "endpoint": {
            "name": "W",
            "abbv": "WSHD",
            "arity": 2,
            "p": 0,
            "kwargs": {
                "use_dt": false,
                "markers_distance": 21,
                "markers_area": null
            }
        },
        "mode": "default"
    }
}