{
    "dataset": {
        "name": "CIL",
        "label_name": "neuron",
        "indices": [
            36,
            14,
            23,
            71,
            83,
            47,
            0,
            74,
            77,
            65,
            53,
            20,
            54,
            76,
            35,
            68,
            84,
            73,
            50,
            44,
            31,
            39,
            30,
            18,
            78,
            29,
            62,
            7,
            3,
            25,
            38,
            21,
            56,
            6,
            59,
            24,
            2,
            41,
            45,
            75
        ]
    },
    "individual": {
        "sequence": "[[0, 0, 0, 0, 0], [0, 0, 0, 0, 0], [28, 1, 1, 19, 32], [31, 0, 0, 120, 225], [29, 2, 1, 134, 154], [24, 4, 3, 22, 200], [23, 4, 5, 224, 48], [36, 2, 3, 2, 34], [36, 5, 0, 217, 35], [24, 1, 1, 119, 114], [8, 9, 0, 2, 59], [36, 9, 10, 109, 98], [28, 3, 8, 22, 152], [2, 3, 8, 41, 61], [30, 10, 6, 74, 208], [41, 12, 8, 167, 26], [11, 0, 4, 224, 205], [17, 2, 2, 194, 25], [18, 15, 14, 151, 206], [20, 14, 11, 114, 114], [32, 12, 5, 35, 121], [24, 16, 5, 131, 16], [0, 2, 12, 239, 63], [23, 11, 12, 122, 223], [30, 23, 7, 184, 114], [13, 13, 1, 173, 51], [41, 21, 22, 77, 185], [7, 7, 8, 107, 34], [8, 0, 20, 122, 140], [37, 20, 13, 151, 54], [8, 8, 2, 246, 194], [15, 10, 27, 141, 113], [0, 25, 0, 0, 0], [0, 27, 0, 0, 0]]",
        "fitness": {
            "fitness": 0.144661046564579,
            "time": 0.05298855304718018
        }
    },
    "decoding": {
        "metadata": {
            "rows": 1,
            "columns": 30,
            "n_in": 2,
            "n_out": 2,
            "n_para": 2,
            "n_conn": 2
        },
        "functions": [
            "max",
            "min",
            "mean",
            "add",
            "subtract",
            "bitwise_not",
            "bitwise_or",
            "bitwise_and",
            "bitwise_and_mask",
            "bitwise_xor",
            "sqrt",
            "pow2",
            "exp",
            "log",
            "median_blur",
            "gaussian_blur",
            "laplacian",
            "sobel",
            "robert_cross",
            "canny",
            "sharpen",
            "gabor",
            "abs_diff",
            "abs_diff2",
            "fluo_tophat",
            "rel_diff",
            "erode",
            "dilate",
            "open",
            "close",
            "morph_gradient",
            "morph_tophat",
            "morph_blackhat",
            "fill_holes",
            "remove_small_objects",
            "remove_small_holes",
            "threshold",
            "threshold_at_1",
            "distance_transform",
            "distance_transform_and_thresh",
            "inrange_bin",
            "inrange"
        ],
        "endpoint": {
            "name": "Marker-Based Watershed",
            "abbv": "WSHD",
            "arity": 2,
            "args": 0,
            "kwargs": {
                "use_dt": false,
                "markers_distance": 21,
                "markers_area": null
            }
        },
        "mode": "default"
    }
}