{
    "dataset": {
        "name": "CIL",
        "label_name": "neuron",
        "indices": [
            4,
            75,
            61,
            18,
            7,
            8
        ]
    },
    "individual": {
        "sequence": "[[0, 0, 0, 0, 0], [0, 0, 0, 0, 0], [1, 0, 0, 233, 28], [26, 1, 2, 13, 252], [40, 3, 2, 234, 46], [22, 1, 2, 14, 181], [23, 4, 0, 213, 230], [38, 4, 0, 117, 82], [15, 0, 0, 232, 211], [15, 4, 4, 230, 140], [12, 5, 2, 185, 224], [24, 2, 8, 228, 165], [22, 5, 11, 146, 155], [13, 6, 2, 49, 249], [4, 11, 4, 101, 53], [33, 10, 0, 143, 157], [6, 6, 4, 13, 4], [14, 15, 2, 9, 157], [6, 15, 1, 140, 226], [41, 16, 4, 105, 245], [18, 17, 18, 240, 153], [20, 2, 2, 181, 113], [31, 3, 5, 250, 192], [3, 16, 7, 21, 126], [16, 16, 14, 221, 142], [37, 17, 11, 27, 194], [13, 25, 2, 162, 41], [5, 21, 20, 14, 126], [40, 22, 25, 18, 176], [35, 19, 8, 171, 241], [11, 22, 10, 196, 217], [14, 27, 25, 98, 220], [0, 29, 0, 0, 0], [0, 28, 0, 0, 0]]",
        "fitness": {
            "fitness": 0.09042956431706746,
            "time": 0.024977366129557293
        }
    },
    "decoding": {
        "metadata": {
            "rows": 1,
            "columns": 30,
            "n_in": 2,
            "n_out": 2,
            "n_para": 2,
            "n_conn": 2
        },
        "functions": [
            "max",
            "min",
            "mean",
            "add",
            "subtract",
            "bitwise_not",
            "bitwise_or",
            "bitwise_and",
            "bitwise_and_mask",
            "bitwise_xor",
            "sqrt",
            "pow2",
            "exp",
            "log",
            "median_blur",
            "gaussian_blur",
            "laplacian",
            "sobel",
            "robert_cross",
            "canny",
            "sharpen",
            "gabor",
            "abs_diff",
            "abs_diff2",
            "fluo_tophat",
            "rel_diff",
            "erode",
            "dilate",
            "open",
            "close",
            "morph_gradient",
            "morph_tophat",
            "morph_blackhat",
            "fill_holes",
            "remove_small_objects",
            "remove_small_holes",
            "threshold",
            "threshold_at_1",
            "distance_transform",
            "distance_transform_and_thresh",
            "inrange_bin",
            "inrange"
        ],
        "endpoint": {
            "name": "W",
            "abbv": "WSHD",
            "arity": 2,
            "p": 0,
            "kwargs": {
                "use_dt": false,
                "markers_distance": 21,
                "markers_area": null
            }
        },
        "mode": "default"
    }
}