{
    "dataset": {
        "name": "CIL",
        "label_name": "neuron",
        "indices": [
            85,
            14,
            74,
            59,
            52
        ]
    },
    "individual": {
        "sequence": "[[0, 0, 0, 0, 0], [0, 0, 0, 0, 0], [3, 0, 0, 17, 159], [1, 2, 1, 52, 151], [11, 2, 2, 57, 188], [33, 1, 1, 97, 86], [23, 0, 2, 89, 12], [3, 1, 3, 75, 240], [7, 7, 3, 230, 177], [32, 7, 5, 240, 70], [10, 0, 7, 232, 223], [4, 9, 2, 221, 132], [18, 1, 11, 201, 60], [15, 7, 4, 84, 251], [26, 0, 0, 157, 102], [13, 2, 14, 11, 194], [2, 5, 6, 118, 227], [20, 6, 8, 202, 226], [20, 3, 9, 165, 221], [28, 7, 2, 34, 107], [6, 0, 15, 82, 202], [17, 19, 19, 26, 180], [31, 5, 0, 120, 88], [5, 10, 9, 31, 16], [32, 2, 17, 49, 36], [40, 19, 17, 224, 69], [14, 18, 10, 53, 85], [18, 26, 5, 159, 57], [36, 7, 15, 167, 199], [15, 19, 25, 139, 28], [14, 17, 9, 165, 15], [3, 9, 16, 213, 194], [0, 4, 0, 0, 0], [0, 25, 0, 0, 0]]",
        "fitness": {
            "fitness": 0.11853911876678466,
            "time": 0.05338053703308106
        }
    },
    "decoding": {
        "metadata": {
            "rows": 1,
            "columns": 30,
            "n_in": 2,
            "n_out": 2,
            "n_para": 2,
            "n_conn": 2
        },
        "functions": [
            "max",
            "min",
            "mean",
            "add",
            "subtract",
            "bitwise_not",
            "bitwise_or",
            "bitwise_and",
            "bitwise_and_mask",
            "bitwise_xor",
            "sqrt",
            "pow2",
            "exp",
            "log",
            "median_blur",
            "gaussian_blur",
            "laplacian",
            "sobel",
            "robert_cross",
            "canny",
            "sharpen",
            "gabor",
            "abs_diff",
            "abs_diff2",
            "fluo_tophat",
            "rel_diff",
            "erode",
            "dilate",
            "open",
            "close",
            "morph_gradient",
            "morph_tophat",
            "morph_blackhat",
            "fill_holes",
            "remove_small_objects",
            "remove_small_holes",
            "threshold",
            "threshold_at_1",
            "distance_transform",
            "distance_transform_and_thresh",
            "inrange_bin",
            "inrange"
        ],
        "endpoint": {
            "name": "W",
            "abbv": "WSHD",
            "arity": 2,
            "p": 0,
            "kwargs": {
                "use_dt": false,
                "markers_distance": 21,
                "markers_area": null
            }
        },
        "mode": "default"
    }
}