{
    "dataset": {
        "name": "CIL",
        "label_name": "neuron",
        "indices": [
            81,
            87,
            16,
            58,
            84,
            17,
            65,
            24,
            11,
            85,
            56,
            62
        ]
    },
    "individual": {
        "sequence": "[[0, 0, 0, 0, 0], [0, 0, 0, 0, 0], [41, 0, 0, 10, 169], [41, 1, 2, 244, 35], [24, 2, 2, 146, 126], [28, 3, 0, 31, 53], [26, 5, 4, 0, 1], [19, 5, 1, 7, 37], [1, 0, 3, 8, 169], [27, 7, 3, 43, 45], [14, 9, 1, 111, 214], [35, 1, 2, 248, 164], [33, 1, 6, 15, 11], [2, 11, 11, 139, 163], [14, 13, 1, 192, 56], [8, 12, 0, 99, 170], [8, 15, 0, 80, 113], [2, 3, 4, 250, 136], [6, 13, 9, 73, 124], [16, 3, 13, 172, 211], [17, 3, 5, 227, 41], [12, 8, 18, 161, 236], [16, 15, 8, 109, 231], [29, 12, 9, 128, 195], [32, 10, 22, 188, 28], [21, 6, 7, 200, 9], [39, 14, 10, 101, 122], [36, 22, 11, 155, 217], [26, 27, 10, 183, 21], [15, 28, 28, 231, 37], [18, 16, 24, 15, 1], [27, 1, 21, 177, 205], [0, 17, 0, 0, 0], [0, 6, 0, 0, 0]]",
        "fitness": {
            "fitness": 0.12410733600457509,
            "time": 0.06172982851664225
        }
    },
    "decoding": {
        "metadata": {
            "rows": 1,
            "columns": 30,
            "n_in": 2,
            "n_out": 2,
            "n_para": 2,
            "n_conn": 2
        },
        "functions": [
            "max",
            "min",
            "mean",
            "add",
            "subtract",
            "bitwise_not",
            "bitwise_or",
            "bitwise_and",
            "bitwise_and_mask",
            "bitwise_xor",
            "sqrt",
            "pow2",
            "exp",
            "log",
            "median_blur",
            "gaussian_blur",
            "laplacian",
            "sobel",
            "robert_cross",
            "canny",
            "sharpen",
            "gabor",
            "abs_diff",
            "abs_diff2",
            "fluo_tophat",
            "rel_diff",
            "erode",
            "dilate",
            "open",
            "close",
            "morph_gradient",
            "morph_tophat",
            "morph_blackhat",
            "fill_holes",
            "remove_small_objects",
            "remove_small_holes",
            "threshold",
            "threshold_at_1",
            "distance_transform",
            "distance_transform_and_thresh",
            "inrange_bin",
            "inrange"
        ],
        "endpoint": {
            "name": "Marker-Based Watershed",
            "abbv": "WSHD",
            "arity": 2,
            "p": 0,
            "kwargs": {
                "use_dt": false,
                "markers_distance": 21,
                "markers_area": null
            }
        },
        "mode": "default"
    }
}