{
    "dataset": {
        "name": "CIL",
        "label_name": "neuron",
        "indices": [
            39,
            36,
            26,
            44,
            1,
            45,
            87,
            46,
            59,
            30,
            51,
            75,
            18,
            68,
            79,
            40,
            48,
            82,
            35,
            62,
            49,
            86,
            41,
            7,
            71,
            85,
            27,
            69,
            43,
            76,
            64,
            16,
            14,
            54,
            31,
            61,
            2,
            37,
            15,
            70,
            55,
            84,
            29,
            8,
            78,
            67,
            6,
            52,
            60,
            21,
            58,
            13,
            22,
            0,
            32,
            53,
            56,
            23,
            9,
            4,
            17,
            28,
            77,
            88,
            12,
            33,
            73,
            42,
            19,
            57
        ]
    },
    "individual": {
        "sequence": "[[0, 0, 0, 0, 0], [0, 0, 0, 0, 0], [19, 1, 0, 137, 12], [3, 0, 0, 227, 170], [11, 3, 2, 156, 109], [1, 1, 0, 126, 12], [18, 2, 5, 58, 31], [40, 3, 6, 167, 101], [31, 1, 0, 112, 8], [2, 6, 6, 92, 183], [13, 8, 1, 240, 183], [31, 3, 3, 178, 19], [35, 5, 4, 155, 240], [31, 3, 0, 161, 36], [35, 6, 3, 171, 86], [20, 4, 4, 162, 174], [24, 10, 1, 75, 100], [29, 13, 0, 105, 181], [8, 15, 10, 211, 88], [35, 6, 3, 214, 33], [31, 17, 5, 202, 41], [41, 4, 14, 20, 126], [11, 9, 4, 170, 186], [6, 7, 20, 40, 235], [2, 4, 10, 27, 18], [12, 1, 20, 152, 106], [19, 6, 7, 240, 167], [36, 13, 20, 101, 219], [33, 2, 24, 139, 5], [10, 13, 15, 186, 160], [8, 22, 29, 140, 191], [33, 1, 0, 70, 34], [0, 24, 0, 0, 0], [0, 19, 0, 0, 0]]",
        "fitness": {
            "fitness": 0.1498832583427429,
            "time": 0.04098006316593715
        }
    },
    "decoding": {
        "metadata": {
            "rows": 1,
            "columns": 30,
            "n_in": 2,
            "n_out": 2,
            "n_para": 2,
            "n_conn": 2
        },
        "functions": [
            "max",
            "min",
            "mean",
            "add",
            "subtract",
            "bitwise_not",
            "bitwise_or",
            "bitwise_and",
            "bitwise_and_mask",
            "bitwise_xor",
            "sqrt",
            "pow2",
            "exp",
            "log",
            "median_blur",
            "gaussian_blur",
            "laplacian",
            "sobel",
            "robert_cross",
            "canny",
            "sharpen",
            "gabor",
            "abs_diff",
            "abs_diff2",
            "fluo_tophat",
            "rel_diff",
            "erode",
            "dilate",
            "open",
            "close",
            "morph_gradient",
            "morph_tophat",
            "morph_blackhat",
            "fill_holes",
            "remove_small_objects",
            "remove_small_holes",
            "threshold",
            "threshold_at_1",
            "distance_transform",
            "distance_transform_and_thresh",
            "inrange_bin",
            "inrange"
        ],
        "endpoint": {
            "name": "Marker-Based Watershed",
            "abbv": "WSHD",
            "arity": 2,
            "args": 0,
            "kwargs": {
                "use_dt": false,
                "markers_distance": 21,
                "markers_area": null
            }
        },
        "mode": "default"
    }
}