{
    "dataset": {
        "name": "CIL",
        "label_name": "neuron",
        "indices": [
            80,
            72,
            43,
            79,
            75,
            69,
            7,
            61,
            18,
            51,
            71,
            56,
            26,
            30,
            70,
            9,
            25,
            67,
            2,
            37,
            44,
            59,
            5,
            63,
            87,
            86,
            73,
            6,
            21,
            13,
            49,
            29,
            0,
            20,
            19,
            3,
            24,
            17,
            38,
            48,
            64,
            4,
            53,
            23,
            8,
            40,
            74,
            65,
            57,
            82,
            33,
            58,
            15,
            66,
            54,
            52,
            81,
            85,
            28,
            10
        ]
    },
    "individual": {
        "sequence": "[[0, 0, 0, 0, 0], [0, 0, 0, 0, 0], [22, 0, 1, 102, 165], [3, 0, 0, 56, 162], [1, 2, 3, 181, 51], [1, 2, 1, 165, 75], [26, 3, 2, 231, 214], [26, 4, 0, 177, 141], [31, 5, 7, 190, 231], [11, 8, 5, 61, 39], [11, 4, 8, 184, 9], [10, 5, 3, 76, 227], [12, 10, 1, 105, 48], [22, 10, 0, 204, 162], [23, 4, 6, 113, 234], [1, 14, 11, 101, 144], [9, 9, 10, 210, 86], [10, 16, 4, 37, 52], [22, 11, 7, 215, 78], [23, 14, 18, 83, 113], [18, 15, 13, 247, 144], [34, 9, 18, 31, 224], [31, 17, 18, 191, 24], [13, 22, 18, 109, 11], [32, 2, 22, 60, 74], [29, 17, 8, 157, 2], [13, 25, 17, 145, 136], [29, 26, 21, 193, 239], [36, 4, 10, 77, 26], [24, 17, 24, 8, 74], [31, 16, 27, 74, 52], [20, 15, 2, 206, 115], [0, 22, 0, 0, 0], [0, 21, 0, 0, 0]]",
        "fitness": {
            "fitness": 0.14658406774202984,
            "time": 0.04358533223470052
        }
    },
    "decoding": {
        "metadata": {
            "rows": 1,
            "columns": 30,
            "n_in": 2,
            "n_out": 2,
            "n_para": 2,
            "n_conn": 2
        },
        "functions": [
            "max",
            "min",
            "mean",
            "add",
            "subtract",
            "bitwise_not",
            "bitwise_or",
            "bitwise_and",
            "bitwise_and_mask",
            "bitwise_xor",
            "sqrt",
            "pow2",
            "exp",
            "log",
            "median_blur",
            "gaussian_blur",
            "laplacian",
            "sobel",
            "robert_cross",
            "canny",
            "sharpen",
            "gabor",
            "abs_diff",
            "abs_diff2",
            "fluo_tophat",
            "rel_diff",
            "erode",
            "dilate",
            "open",
            "close",
            "morph_gradient",
            "morph_tophat",
            "morph_blackhat",
            "fill_holes",
            "remove_small_objects",
            "remove_small_holes",
            "threshold",
            "threshold_at_1",
            "distance_transform",
            "distance_transform_and_thresh",
            "inrange_bin",
            "inrange"
        ],
        "endpoint": {
            "name": "Marker-Based Watershed",
            "abbv": "WSHD",
            "arity": 2,
            "args": 0,
            "kwargs": {
                "use_dt": false,
                "markers_distance": 21,
                "markers_area": null
            }
        },
        "mode": "default"
    }
}