{
    "dataset": {
        "name": "Tumor",
        "label_name": "tumor",
        "indices": null
    },
    "individual": {
        "sequence": "[[0, 0, 0, 0, 0], [0, 0, 0, 0, 0], [0, 0, 0, 0, 0], [4, 1, 0, 199, 87], [17, 0, 2, 211, 41], [7, 1, 4, 122, 59], [10, 3, 0, 143, 145], [15, 6, 0, 174, 87], [21, 7, 5, 160, 125], [16, 6, 4, 122, 16], [11, 8, 0, 243, 26], [0, 6, 7, 241, 172], [26, 5, 10, 204, 17], [18, 3, 9, 102, 193], [30, 10, 7, 219, 139], [22, 4, 0, 144, 160], [19, 13, 12, 58, 25], [28, 7, 13, 202, 117], [22, 13, 12, 93, 174], [4, 0, 4, 45, 36], [7, 17, 13, 132, 194], [13, 6, 18, 155, 164], [1, 17, 16, 29, 34], [6, 21, 21, 176, 212], [30, 21, 3, 132, 218], [7, 7, 9, 142, 150], [19, 19, 11, 204, 65], [29, 22, 4, 173, 100], [34, 11, 14, 51, 209], [33, 27, 2, 143, 17], [2, 3, 5, 32, 220], [39, 19, 1, 54, 150], [26, 29, 11, 73, 174], [0, 29, 0, 0, 0]]",
        "fitness": {
            "fitness": 0.12466635016660577,
            "time": 0.05420182148615519
        }
    },
    "decoding": {
        "metadata": {
            "rows": 1,
            "columns": 30,
            "n_in": 3,
            "n_out": 1,
            "n_para": 2,
            "n_conn": 2
        },
        "functions": [
            "max",
            "min",
            "mean",
            "add",
            "subtract",
            "bitwise_not",
            "bitwise_or",
            "bitwise_and",
            "bitwise_and_mask",
            "bitwise_xor",
            "sqrt",
            "pow2",
            "exp",
            "log",
            "median_blur",
            "gaussian_blur",
            "laplacian",
            "sobel",
            "robert_cross",
            "canny",
            "sharpen",
            "gabor",
            "abs_diff",
            "abs_diff2",
            "fluo_tophat",
            "rel_diff",
            "erode",
            "dilate",
            "open",
            "close",
            "morph_gradient",
            "morph_tophat",
            "morph_blackhat",
            "fill_holes",
            "remove_small_objects",
            "remove_small_holes",
            "threshold",
            "threshold_at_1",
            "distance_transform",
            "distance_transform_and_thresh",
            "inrange_bin",
            "inrange"
        ],
        "endpoint": {
            "name": "Threshold (t=4)",
            "abbv": "TRSH",
            "arity": 1,
            "p": 0,
            "kwargs": {
                "threshold": 4
            }
        },
        "mode": "default"
    }
}