{
    "dataset": {
        "name": "CIL",
        "label_name": "neuron",
        "indices": [
            46,
            52,
            23,
            34,
            51,
            59,
            62,
            43,
            76,
            29,
            57,
            30,
            24,
            16,
            19,
            42,
            7,
            11,
            41,
            58,
            36,
            38,
            77,
            12,
            50,
            67,
            25,
            63,
            35,
            66,
            80,
            53,
            15,
            84,
            26,
            55,
            17,
            27,
            88,
            31,
            13,
            33,
            48,
            75,
            0,
            10,
            64,
            4,
            28,
            47,
            3,
            74,
            79,
            5,
            71,
            72,
            39,
            45,
            32,
            78,
            70,
            40,
            18,
            65,
            81,
            86,
            22,
            6,
            49,
            44,
            61,
            68,
            56,
            8,
            37,
            69,
            9,
            21,
            2,
            20
        ]
    },
    "individual": {
        "sequence": "[[0, 0, 0, 0, 0], [0, 0, 0, 0, 0], [19, 1, 1, 18, 133], [2, 0, 2, 189, 29], [35, 2, 3, 250, 215], [38, 4, 3, 184, 96], [32, 0, 4, 183, 47], [11, 0, 3, 109, 55], [18, 5, 3, 246, 26], [31, 3, 3, 252, 24], [29, 3, 7, 60, 94], [40, 0, 10, 161, 244], [10, 1, 4, 153, 16], [16, 5, 11, 23, 88], [18, 5, 2, 199, 172], [25, 14, 3, 55, 6], [12, 1, 14, 91, 106], [27, 8, 15, 111, 42], [31, 7, 2, 113, 255], [2, 9, 7, 201, 144], [39, 3, 0, 172, 224], [36, 8, 18, 109, 6], [3, 9, 8, 144, 200], [6, 5, 18, 62, 230], [15, 18, 7, 43, 117], [28, 14, 11, 247, 92], [29, 14, 23, 211, 210], [22, 15, 15, 133, 85], [13, 3, 25, 112, 217], [11, 12, 18, 32, 94], [3, 14, 5, 33, 240], [25, 4, 13, 127, 163], [0, 19, 0, 0, 0], [0, 14, 0, 0, 0]]",
        "fitness": {
            "fitness": 0.16164553686976432,
            "time": 0.043679139018058775
        }
    },
    "decoding": {
        "metadata": {
            "rows": 1,
            "columns": 30,
            "n_in": 2,
            "n_out": 2,
            "n_para": 2,
            "n_conn": 2
        },
        "functions": [
            "max",
            "min",
            "mean",
            "add",
            "subtract",
            "bitwise_not",
            "bitwise_or",
            "bitwise_and",
            "bitwise_and_mask",
            "bitwise_xor",
            "sqrt",
            "pow2",
            "exp",
            "log",
            "median_blur",
            "gaussian_blur",
            "laplacian",
            "sobel",
            "robert_cross",
            "canny",
            "sharpen",
            "gabor",
            "abs_diff",
            "abs_diff2",
            "fluo_tophat",
            "rel_diff",
            "erode",
            "dilate",
            "open",
            "close",
            "morph_gradient",
            "morph_tophat",
            "morph_blackhat",
            "fill_holes",
            "remove_small_objects",
            "remove_small_holes",
            "threshold",
            "threshold_at_1",
            "distance_transform",
            "distance_transform_and_thresh",
            "inrange_bin",
            "inrange"
        ],
        "endpoint": {
            "name": "Marker-Based Watershed",
            "abbv": "WSHD",
            "arity": 2,
            "args": 0,
            "kwargs": {
                "use_dt": false,
                "markers_distance": 21,
                "markers_area": null
            }
        },
        "mode": "default"
    }
}