{
    "dataset": {
        "name": "CIL",
        "label_name": "neuron",
        "indices": [
            65,
            82,
            0,
            54
        ]
    },
    "individual": {
        "sequence": "[[0, 0, 0, 0, 0], [0, 0, 0, 0, 0], [10, 1, 0, 8, 44], [11, 0, 1, 34, 143], [4, 2, 3, 150, 250], [27, 1, 0, 199, 75], [2, 2, 0, 253, 253], [40, 4, 0, 121, 196], [38, 0, 3, 21, 165], [36, 2, 5, 87, 215], [8, 6, 7, 40, 218], [0, 3, 0, 106, 119], [1, 10, 10, 70, 233], [21, 12, 3, 157, 47], [2, 9, 5, 97, 229], [28, 0, 7, 242, 71], [27, 3, 9, 0, 90], [38, 7, 4, 32, 112], [33, 1, 5, 116, 38], [41, 4, 13, 128, 176], [27, 13, 15, 0, 21], [25, 13, 9, 238, 107], [1, 19, 1, 187, 19], [16, 10, 2, 85, 90], [41, 4, 5, 87, 25], [29, 17, 17, 82, 51], [7, 3, 25, 126, 100], [15, 10, 2, 0, 11], [21, 7, 26, 159, 89], [15, 19, 26, 32, 110], [33, 25, 20, 208, 70], [12, 18, 2, 221, 17], [0, 16, 0, 0, 0], [0, 27, 0, 0, 0]]",
        "fitness": {
            "fitness": 0.11522069573402405,
            "time": 0.02634286880493164
        }
    },
    "decoding": {
        "metadata": {
            "rows": 1,
            "columns": 30,
            "n_in": 2,
            "n_out": 2,
            "n_para": 2,
            "n_conn": 2
        },
        "functions": [
            "max",
            "min",
            "mean",
            "add",
            "subtract",
            "bitwise_not",
            "bitwise_or",
            "bitwise_and",
            "bitwise_and_mask",
            "bitwise_xor",
            "sqrt",
            "pow2",
            "exp",
            "log",
            "median_blur",
            "gaussian_blur",
            "laplacian",
            "sobel",
            "robert_cross",
            "canny",
            "sharpen",
            "gabor",
            "abs_diff",
            "abs_diff2",
            "fluo_tophat",
            "rel_diff",
            "erode",
            "dilate",
            "open",
            "close",
            "morph_gradient",
            "morph_tophat",
            "morph_blackhat",
            "fill_holes",
            "remove_small_objects",
            "remove_small_holes",
            "threshold",
            "threshold_at_1",
            "distance_transform",
            "distance_transform_and_thresh",
            "inrange_bin",
            "inrange"
        ],
        "endpoint": {
            "name": "W",
            "abbv": "WSHD",
            "arity": 2,
            "p": 0,
            "kwargs": {
                "use_dt": false,
                "markers_distance": 21,
                "markers_area": null
            }
        },
        "mode": "default"
    }
}