{
    "dataset": {
        "name": "CIL",
        "label_name": "neuron",
        "indices": [
            5,
            63,
            43,
            64,
            6,
            4,
            80,
            21,
            71,
            23,
            82,
            78,
            83,
            44,
            20,
            65,
            66,
            30,
            19,
            8,
            60,
            48,
            47,
            46,
            9,
            59,
            72,
            50,
            52,
            49,
            24,
            31,
            34,
            22,
            69,
            16,
            42,
            57,
            2,
            61,
            14,
            54,
            86,
            7,
            13,
            58,
            81,
            12,
            55,
            35,
            36,
            40,
            76,
            27,
            79,
            87,
            70,
            25,
            56,
            45,
            88,
            3,
            10,
            85,
            17,
            77,
            73,
            11,
            39,
            32,
            26,
            62,
            67,
            28,
            15,
            1,
            74,
            41,
            0,
            51
        ]
    },
    "individual": {
        "sequence": "[[0, 0, 0, 0, 0], [0, 0, 0, 0, 0], [12, 0, 0, 186, 22], [15, 0, 1, 178, 235], [19, 1, 0, 130, 7], [35, 4, 2, 222, 114], [3, 2, 0, 49, 88], [11, 6, 5, 157, 36], [39, 1, 6, 69, 227], [5, 8, 3, 237, 217], [10, 2, 2, 72, 191], [7, 6, 0, 101, 216], [0, 7, 5, 39, 204], [31, 12, 2, 247, 195], [38, 4, 6, 253, 0], [32, 9, 7, 92, 47], [15, 12, 2, 219, 244], [18, 5, 1, 223, 52], [26, 4, 16, 83, 205], [19, 9, 13, 68, 64], [8, 16, 16, 142, 203], [23, 14, 16, 247, 6], [22, 13, 10, 20, 198], [21, 11, 4, 112, 14], [7, 23, 3, 122, 52], [8, 17, 20, 98, 142], [12, 19, 24, 236, 169], [37, 21, 25, 100, 100], [10, 3, 23, 255, 164], [8, 7, 25, 91, 132], [17, 14, 5, 151, 123], [27, 2, 16, 121, 177], [0, 13, 0, 0, 0], [0, 25, 0, 0, 0]]",
        "fitness": {
            "fitness": 0.15486589446663857,
            "time": 0.04895750880241394
        }
    },
    "decoding": {
        "metadata": {
            "rows": 1,
            "columns": 30,
            "n_in": 2,
            "n_out": 2,
            "n_para": 2,
            "n_conn": 2
        },
        "functions": [
            "max",
            "min",
            "mean",
            "add",
            "subtract",
            "bitwise_not",
            "bitwise_or",
            "bitwise_and",
            "bitwise_and_mask",
            "bitwise_xor",
            "sqrt",
            "pow2",
            "exp",
            "log",
            "median_blur",
            "gaussian_blur",
            "laplacian",
            "sobel",
            "robert_cross",
            "canny",
            "sharpen",
            "gabor",
            "abs_diff",
            "abs_diff2",
            "fluo_tophat",
            "rel_diff",
            "erode",
            "dilate",
            "open",
            "close",
            "morph_gradient",
            "morph_tophat",
            "morph_blackhat",
            "fill_holes",
            "remove_small_objects",
            "remove_small_holes",
            "threshold",
            "threshold_at_1",
            "distance_transform",
            "distance_transform_and_thresh",
            "inrange_bin",
            "inrange"
        ],
        "endpoint": {
            "name": "Marker-Based Watershed",
            "abbv": "WSHD",
            "arity": 2,
            "args": 0,
            "kwargs": {
                "use_dt": false,
                "markers_distance": 21,
                "markers_area": null
            }
        },
        "mode": "default"
    }
}