{
    "dataset": {
        "name": "CIL",
        "label_name": "neuron",
        "indices": [
            31,
            83,
            80,
            48,
            60,
            82,
            25,
            33,
            56,
            9,
            78,
            29,
            22,
            51,
            17,
            3,
            23,
            36,
            69,
            52,
            5,
            46,
            7,
            2,
            53,
            43,
            71,
            38,
            40,
            28,
            30,
            74,
            64,
            47,
            77,
            8,
            59,
            76,
            24,
            86
        ]
    },
    "individual": {
        "sequence": "[[0, 0, 0, 0, 0], [0, 0, 0, 0, 0], [41, 1, 1, 47, 245], [11, 0, 2, 85, 191], [26, 2, 0, 6, 129], [16, 4, 4, 182, 95], [35, 2, 0, 177, 43], [2, 3, 3, 129, 208], [30, 5, 5, 53, 227], [6, 3, 8, 179, 122], [33, 0, 0, 13, 129], [1, 1, 5, 133, 227], [19, 3, 10, 135, 169], [36, 1, 9, 49, 175], [22, 9, 12, 135, 94], [0, 6, 6, 129, 176], [36, 3, 7, 34, 184], [20, 0, 2, 173, 110], [17, 5, 3, 201, 8], [31, 1, 12, 239, 52], [8, 2, 7, 107, 21], [7, 8, 7, 92, 212], [41, 15, 5, 165, 78], [8, 21, 22, 134, 231], [4, 13, 21, 18, 45], [41, 16, 23, 170, 242], [26, 4, 4, 33, 81], [18, 11, 0, 233, 39], [22, 15, 9, 227, 197], [20, 10, 12, 12, 160], [19, 29, 29, 167, 1], [13, 0, 26, 43, 161], [0, 9, 0, 0, 0], [0, 27, 0, 0, 0]]",
        "fitness": {
            "fitness": 0.182022275775671,
            "time": 0.023638063669204713
        }
    },
    "decoding": {
        "metadata": {
            "rows": 1,
            "columns": 30,
            "n_in": 2,
            "n_out": 2,
            "n_para": 2,
            "n_conn": 2
        },
        "functions": [
            "max",
            "min",
            "mean",
            "add",
            "subtract",
            "bitwise_not",
            "bitwise_or",
            "bitwise_and",
            "bitwise_and_mask",
            "bitwise_xor",
            "sqrt",
            "pow2",
            "exp",
            "log",
            "median_blur",
            "gaussian_blur",
            "laplacian",
            "sobel",
            "robert_cross",
            "canny",
            "sharpen",
            "gabor",
            "abs_diff",
            "abs_diff2",
            "fluo_tophat",
            "rel_diff",
            "erode",
            "dilate",
            "open",
            "close",
            "morph_gradient",
            "morph_tophat",
            "morph_blackhat",
            "fill_holes",
            "remove_small_objects",
            "remove_small_holes",
            "threshold",
            "threshold_at_1",
            "distance_transform",
            "distance_transform_and_thresh",
            "inrange_bin",
            "inrange"
        ],
        "endpoint": {
            "name": "Marker-Based Watershed",
            "abbv": "WSHD",
            "arity": 2,
            "args": 0,
            "kwargs": {
                "use_dt": false,
                "markers_distance": 21,
                "markers_area": null
            }
        },
        "mode": "default"
    }
}