{
    "dataset": {
        "name": "CIL",
        "label_name": "neuron",
        "indices": [
            50,
            57,
            85,
            79,
            18
        ]
    },
    "individual": {
        "sequence": "[[0, 0, 0, 0, 0], [0, 0, 0, 0, 0], [40, 1, 0, 203, 39], [11, 1, 2, 22, 221], [3, 0, 2, 29, 216], [3, 0, 0, 84, 143], [33, 2, 2, 148, 216], [27, 4, 3, 85, 55], [38, 4, 7, 206, 55], [1, 8, 4, 77, 230], [34, 3, 3, 19, 174], [3, 4, 7, 107, 151], [12, 0, 3, 169, 99], [40, 12, 0, 8, 250], [1, 10, 12, 153, 215], [8, 11, 13, 46, 193], [31, 10, 8, 193, 211], [17, 8, 10, 51, 251], [6, 11, 10, 128, 29], [40, 12, 16, 203, 53], [41, 16, 0, 36, 171], [35, 17, 4, 193, 86], [6, 0, 13, 208, 215], [3, 10, 7, 116, 11], [25, 8, 3, 60, 139], [24, 23, 9, 204, 79], [23, 21, 19, 4, 64], [39, 6, 0, 41, 17], [33, 25, 9, 218, 251], [6, 0, 8, 199, 163], [22, 28, 14, 200, 168], [37, 21, 11, 195, 131], [0, 15, 0, 0, 0], [0, 27, 0, 0, 0]]",
        "fitness": {
            "fitness": 0.122798490524292,
            "time": 0.047332143783569335
        }
    },
    "decoding": {
        "metadata": {
            "rows": 1,
            "columns": 30,
            "n_in": 2,
            "n_out": 2,
            "n_para": 2,
            "n_conn": 2
        },
        "functions": [
            "max",
            "min",
            "mean",
            "add",
            "subtract",
            "bitwise_not",
            "bitwise_or",
            "bitwise_and",
            "bitwise_and_mask",
            "bitwise_xor",
            "sqrt",
            "pow2",
            "exp",
            "log",
            "median_blur",
            "gaussian_blur",
            "laplacian",
            "sobel",
            "robert_cross",
            "canny",
            "sharpen",
            "gabor",
            "abs_diff",
            "abs_diff2",
            "fluo_tophat",
            "rel_diff",
            "erode",
            "dilate",
            "open",
            "close",
            "morph_gradient",
            "morph_tophat",
            "morph_blackhat",
            "fill_holes",
            "remove_small_objects",
            "remove_small_holes",
            "threshold",
            "threshold_at_1",
            "distance_transform",
            "distance_transform_and_thresh",
            "inrange_bin",
            "inrange"
        ],
        "endpoint": {
            "name": "W",
            "abbv": "WSHD",
            "arity": 2,
            "p": 0,
            "kwargs": {
                "use_dt": false,
                "markers_distance": 21,
                "markers_area": null
            }
        },
        "mode": "default"
    }
}