{
    "dataset": {
        "name": "CIL",
        "label_name": "neuron",
        "indices": [
            20,
            58,
            84,
            0,
            40,
            11,
            18,
            83,
            44,
            2,
            6,
            64,
            19,
            63,
            7,
            21,
            8,
            87,
            59,
            29,
            14,
            42,
            86,
            37,
            10,
            22,
            65,
            72,
            43,
            80,
            9,
            32,
            5,
            39,
            46,
            47,
            34,
            71,
            25,
            24,
            12,
            27,
            68,
            30,
            55,
            3,
            77,
            26,
            23,
            16,
            74,
            13,
            15,
            81,
            61,
            75,
            38,
            56,
            70,
            50,
            57,
            41,
            31,
            1,
            73,
            35,
            28,
            85,
            69,
            48,
            33,
            17,
            52,
            60,
            78,
            45,
            53,
            62,
            79,
            76
        ]
    },
    "individual": {
        "sequence": "[[0, 0, 0, 0, 0], [0, 0, 0, 0, 0], [11, 0, 1, 91, 28], [36, 2, 0, 158, 167], [27, 2, 1, 17, 165], [4, 2, 2, 15, 17], [3, 3, 0, 169, 108], [25, 1, 0, 168, 157], [31, 1, 4, 215, 218], [15, 2, 3, 196, 3], [7, 4, 2, 197, 204], [24, 1, 3, 240, 116], [39, 2, 10, 63, 214], [36, 12, 5, 240, 76], [15, 8, 6, 15, 240], [21, 10, 6, 69, 57], [2, 5, 4, 166, 131], [12, 9, 14, 14, 176], [2, 7, 3, 177, 204], [39, 7, 8, 97, 75], [40, 4, 6, 179, 174], [5, 15, 7, 117, 125], [15, 1, 21, 169, 164], [40, 10, 14, 36, 81], [41, 14, 20, 125, 29], [7, 9, 22, 104, 139], [7, 23, 18, 110, 155], [0, 21, 13, 88, 19], [11, 8, 20, 9, 126], [29, 6, 28, 228, 163], [29, 20, 9, 222, 45], [3, 11, 12, 55, 31], [0, 4, 0, 0, 0], [0, 24, 0, 0, 0]]",
        "fitness": {
            "fitness": 0.2016259789466858,
            "time": 0.029792308807373047
        }
    },
    "decoding": {
        "metadata": {
            "rows": 1,
            "columns": 30,
            "n_in": 2,
            "n_out": 2,
            "n_para": 2,
            "n_conn": 2
        },
        "functions": [
            "max",
            "min",
            "mean",
            "add",
            "subtract",
            "bitwise_not",
            "bitwise_or",
            "bitwise_and",
            "bitwise_and_mask",
            "bitwise_xor",
            "sqrt",
            "pow2",
            "exp",
            "log",
            "median_blur",
            "gaussian_blur",
            "laplacian",
            "sobel",
            "robert_cross",
            "canny",
            "sharpen",
            "gabor",
            "abs_diff",
            "abs_diff2",
            "fluo_tophat",
            "rel_diff",
            "erode",
            "dilate",
            "open",
            "close",
            "morph_gradient",
            "morph_tophat",
            "morph_blackhat",
            "fill_holes",
            "remove_small_objects",
            "remove_small_holes",
            "threshold",
            "threshold_at_1",
            "distance_transform",
            "distance_transform_and_thresh",
            "inrange_bin",
            "inrange"
        ],
        "endpoint": {
            "name": "Marker-Based Watershed",
            "abbv": "WSHD",
            "arity": 2,
            "args": 0,
            "kwargs": {
                "use_dt": false,
                "markers_distance": 21,
                "markers_area": null
            }
        },
        "mode": "default"
    }
}