{
    "dataset": {
        "name": "CIL",
        "label_name": "neuron",
        "indices": [
            21,
            26,
            68,
            36,
            83,
            28,
            22,
            25,
            64,
            66,
            72,
            76,
            24,
            29,
            86,
            74,
            8,
            9,
            85,
            30,
            18,
            80,
            31,
            65,
            47,
            1,
            63,
            0,
            52,
            54,
            32,
            82,
            11,
            33,
            34,
            87,
            19,
            5,
            55,
            2,
            27,
            42,
            61,
            81,
            78,
            62,
            44,
            73,
            53,
            43,
            48,
            37,
            39,
            45,
            58,
            67,
            56,
            12,
            59,
            49,
            57,
            46,
            13,
            71,
            17,
            79,
            4,
            20,
            10,
            16
        ]
    },
    "individual": {
        "sequence": "[[0, 0, 0, 0, 0], [0, 0, 0, 0, 0], [9, 1, 1, 244, 34], [2, 2, 0, 13, 106], [22, 2, 2, 247, 19], [8, 3, 3, 103, 55], [26, 3, 1, 149, 111], [12, 6, 3, 190, 182], [1, 5, 5, 248, 138], [24, 8, 7, 33, 233], [28, 4, 5, 33, 209], [41, 1, 2, 50, 225], [41, 8, 8, 175, 14], [11, 11, 7, 183, 25], [19, 11, 0, 52, 139], [16, 14, 0, 212, 224], [0, 14, 11, 229, 5], [22, 2, 3, 66, 198], [11, 0, 15, 41, 176], [32, 5, 3, 1, 147], [21, 16, 12, 33, 252], [7, 6, 18, 118, 108], [4, 16, 14, 112, 234], [32, 14, 18, 165, 53], [35, 12, 20, 55, 19], [1, 0, 16, 116, 254], [31, 3, 17, 253, 114], [37, 26, 6, 220, 208], [35, 15, 6, 225, 190], [17, 4, 12, 90, 70], [36, 21, 26, 74, 1], [24, 4, 19, 152, 155], [0, 27, 0, 0, 0], [0, 28, 0, 0, 0]]",
        "fitness": {
            "fitness": 0.17340086953980582,
            "time": 0.042282186235700334
        }
    },
    "decoding": {
        "metadata": {
            "rows": 1,
            "columns": 30,
            "n_in": 2,
            "n_out": 2,
            "n_para": 2,
            "n_conn": 2
        },
        "functions": [
            "max",
            "min",
            "mean",
            "add",
            "subtract",
            "bitwise_not",
            "bitwise_or",
            "bitwise_and",
            "bitwise_and_mask",
            "bitwise_xor",
            "sqrt",
            "pow2",
            "exp",
            "log",
            "median_blur",
            "gaussian_blur",
            "laplacian",
            "sobel",
            "robert_cross",
            "canny",
            "sharpen",
            "gabor",
            "abs_diff",
            "abs_diff2",
            "fluo_tophat",
            "rel_diff",
            "erode",
            "dilate",
            "open",
            "close",
            "morph_gradient",
            "morph_tophat",
            "morph_blackhat",
            "fill_holes",
            "remove_small_objects",
            "remove_small_holes",
            "threshold",
            "threshold_at_1",
            "distance_transform",
            "distance_transform_and_thresh",
            "inrange_bin",
            "inrange"
        ],
        "endpoint": {
            "name": "Marker-Based Watershed",
            "abbv": "WSHD",
            "arity": 2,
            "args": 0,
            "kwargs": {
                "use_dt": false,
                "markers_distance": 21,
                "markers_area": null
            }
        },
        "mode": "default"
    }
}