{
    "dataset": {
        "name": "CIL",
        "label_name": "neuron",
        "indices": [
            63,
            73,
            49,
            48,
            9,
            29,
            50,
            78,
            57,
            83,
            68,
            44,
            58,
            88,
            13,
            26,
            47,
            37,
            0,
            21,
            77,
            61,
            70,
            51,
            6,
            43,
            35,
            55,
            54,
            66,
            23,
            81,
            45,
            86,
            11,
            2,
            75,
            30,
            59,
            71,
            87,
            28,
            72,
            60,
            8,
            64,
            62,
            38,
            56,
            24,
            34,
            25,
            46,
            85,
            18,
            19,
            3,
            52,
            36,
            17,
            1,
            12,
            27,
            41,
            76,
            5,
            53,
            82,
            79,
            31,
            10,
            67,
            39,
            40,
            32,
            20,
            65,
            74,
            16,
            69
        ]
    },
    "individual": {
        "sequence": "[[0, 0, 0, 0, 0], [0, 0, 0, 0, 0], [20, 1, 0, 87, 76], [31, 0, 0, 238, 245], [41, 2, 3, 37, 236], [19, 2, 3, 71, 79], [39, 2, 2, 54, 219], [23, 3, 5, 188, 241], [31, 2, 6, 236, 205], [34, 4, 4, 15, 152], [12, 1, 0, 174, 196], [28, 2, 7, 189, 114], [27, 3, 10, 61, 142], [23, 6, 7, 99, 139], [18, 9, 13, 29, 96], [23, 3, 7, 180, 68], [11, 6, 12, 97, 79], [1, 5, 6, 161, 21], [14, 7, 2, 19, 210], [41, 15, 11, 9, 255], [37, 13, 9, 237, 124], [16, 18, 9, 148, 65], [35, 13, 1, 255, 61], [25, 20, 18, 234, 253], [40, 1, 18, 112, 230], [2, 0, 16, 22, 49], [9, 22, 5, 226, 64], [10, 25, 2, 231, 221], [14, 4, 25, 216, 152], [21, 15, 21, 71, 190], [32, 2, 24, 229, 105], [40, 22, 15, 125, 65], [0, 19, 0, 0, 0], [0, 9, 0, 0, 0]]",
        "fitness": {
            "fitness": 0.14079104363918304,
            "time": 0.03197052478790283
        }
    },
    "decoding": {
        "metadata": {
            "rows": 1,
            "columns": 30,
            "n_in": 2,
            "n_out": 2,
            "n_para": 2,
            "n_conn": 2
        },
        "functions": [
            "max",
            "min",
            "mean",
            "add",
            "subtract",
            "bitwise_not",
            "bitwise_or",
            "bitwise_and",
            "bitwise_and_mask",
            "bitwise_xor",
            "sqrt",
            "pow2",
            "exp",
            "log",
            "median_blur",
            "gaussian_blur",
            "laplacian",
            "sobel",
            "robert_cross",
            "canny",
            "sharpen",
            "gabor",
            "abs_diff",
            "abs_diff2",
            "fluo_tophat",
            "rel_diff",
            "erode",
            "dilate",
            "open",
            "close",
            "morph_gradient",
            "morph_tophat",
            "morph_blackhat",
            "fill_holes",
            "remove_small_objects",
            "remove_small_holes",
            "threshold",
            "threshold_at_1",
            "distance_transform",
            "distance_transform_and_thresh",
            "inrange_bin",
            "inrange"
        ],
        "endpoint": {
            "name": "Marker-Based Watershed",
            "abbv": "WSHD",
            "arity": 2,
            "args": 0,
            "kwargs": {
                "use_dt": false,
                "markers_distance": 21,
                "markers_area": null
            }
        },
        "mode": "default"
    }
}