{
    "dataset": {
        "name": "CIL",
        "label_name": "neuron",
        "indices": [
            41,
            2,
            25,
            38,
            68,
            34,
            50,
            56,
            45,
            16,
            55,
            43,
            32,
            37,
            62,
            57,
            1,
            74,
            0,
            26,
            35,
            82,
            63,
            3,
            10,
            42,
            22,
            54,
            85,
            71,
            39,
            67,
            33,
            27,
            84,
            60,
            86,
            51,
            70,
            81,
            9,
            7,
            19,
            49,
            28,
            58,
            12,
            65,
            5,
            88
        ]
    },
    "individual": {
        "sequence": "[[0, 0, 0, 0, 0], [0, 0, 0, 0, 0], [3, 0, 0, 235, 181], [12, 1, 2, 199, 86], [18, 3, 1, 57, 144], [28, 3, 4, 8, 185], [5, 0, 0, 145, 104], [11, 2, 6, 204, 35], [2, 6, 3, 107, 209], [35, 8, 4, 241, 23], [37, 8, 1, 223, 238], [28, 1, 7, 2, 223], [23, 4, 3, 172, 164], [15, 5, 0, 183, 201], [7, 10, 11, 68, 14], [17, 10, 0, 224, 90], [36, 15, 2, 15, 18], [11, 4, 15, 251, 210], [0, 3, 6, 150, 188], [40, 11, 18, 36, 236], [26, 0, 11, 232, 132], [36, 11, 9, 217, 138], [0, 13, 3, 248, 108], [21, 0, 0, 50, 126], [13, 9, 22, 81, 245], [38, 6, 11, 92, 184], [31, 7, 13, 241, 106], [35, 9, 20, 76, 158], [8, 7, 12, 254, 127], [17, 26, 0, 52, 49], [7, 3, 18, 93, 153], [28, 23, 5, 38, 121], [0, 26, 0, 0, 0], [0, 19, 0, 0, 0]]",
        "fitness": {
            "fitness": 0.13235639333724974,
            "time": 0.034916167259216306
        }
    },
    "decoding": {
        "metadata": {
            "rows": 1,
            "columns": 30,
            "n_in": 2,
            "n_out": 2,
            "n_para": 2,
            "n_conn": 2
        },
        "functions": [
            "max",
            "min",
            "mean",
            "add",
            "subtract",
            "bitwise_not",
            "bitwise_or",
            "bitwise_and",
            "bitwise_and_mask",
            "bitwise_xor",
            "sqrt",
            "pow2",
            "exp",
            "log",
            "median_blur",
            "gaussian_blur",
            "laplacian",
            "sobel",
            "robert_cross",
            "canny",
            "sharpen",
            "gabor",
            "abs_diff",
            "abs_diff2",
            "fluo_tophat",
            "rel_diff",
            "erode",
            "dilate",
            "open",
            "close",
            "morph_gradient",
            "morph_tophat",
            "morph_blackhat",
            "fill_holes",
            "remove_small_objects",
            "remove_small_holes",
            "threshold",
            "threshold_at_1",
            "distance_transform",
            "distance_transform_and_thresh",
            "inrange_bin",
            "inrange"
        ],
        "endpoint": {
            "name": "W",
            "abbv": "WSHD",
            "arity": 2,
            "p": 0,
            "kwargs": {
                "use_dt": false,
                "markers_distance": 21,
                "markers_area": null
            }
        },
        "mode": "default"
    }
}