{
    "dataset": {
        "name": "Tumor",
        "label_name": "tumor",
        "indices": null
    },
    "individual": {
        "sequence": "[[0, 0, 0, 0, 0], [0, 0, 0, 0, 0], [0, 0, 0, 0, 0], [25, 1, 1, 145, 33], [30, 1, 1, 249, 161], [6, 4, 1, 171, 185], [2, 2, 4, 205, 104], [40, 0, 0, 132, 38], [6, 2, 7, 191, 182], [15, 8, 0, 52, 115], [19, 1, 9, 44, 217], [35, 2, 3, 244, 124], [0, 3, 0, 114, 191], [39, 10, 9, 167, 116], [30, 11, 8, 138, 42], [4, 5, 6, 35, 66], [40, 9, 14, 53, 225], [1, 9, 13, 83, 130], [17, 9, 11, 223, 8], [14, 1, 18, 3, 91], [17, 17, 14, 155, 50], [33, 16, 7, 53, 14], [26, 9, 9, 238, 14], [26, 4, 1, 93, 102], [14, 21, 7, 63, 47], [35, 7, 1, 112, 191], [40, 18, 19, 130, 7], [23, 14, 6, 223, 7], [37, 6, 2, 101, 13], [21, 23, 11, 199, 245], [27, 11, 24, 8, 194], [5, 28, 12, 54, 213], [11, 18, 30, 230, 93], [0, 24, 0, 0, 0]]",
        "fitness": {
            "fitness": 0.13304483248712332,
            "time": 0.02944628397623698
        }
    },
    "decoding": {
        "metadata": {
            "rows": 1,
            "columns": 30,
            "n_in": 3,
            "n_out": 1,
            "n_para": 2,
            "n_conn": 2
        },
        "functions": [
            "max",
            "min",
            "mean",
            "add",
            "subtract",
            "bitwise_not",
            "bitwise_or",
            "bitwise_and",
            "bitwise_and_mask",
            "bitwise_xor",
            "sqrt",
            "pow2",
            "exp",
            "log",
            "median_blur",
            "gaussian_blur",
            "laplacian",
            "sobel",
            "robert_cross",
            "canny",
            "sharpen",
            "gabor",
            "abs_diff",
            "abs_diff2",
            "fluo_tophat",
            "rel_diff",
            "erode",
            "dilate",
            "open",
            "close",
            "morph_gradient",
            "morph_tophat",
            "morph_blackhat",
            "fill_holes",
            "remove_small_objects",
            "remove_small_holes",
            "threshold",
            "threshold_at_1",
            "distance_transform",
            "distance_transform_and_thresh",
            "inrange_bin",
            "inrange"
        ],
        "endpoint": {
            "name": "Threshold (t=4)",
            "abbv": "TRSH",
            "arity": 1,
            "p": 0,
            "kwargs": {
                "threshold": 4
            }
        },
        "mode": "default"
    }
}