{
    "dataset": {
        "name": "CIL",
        "label_name": "neuron",
        "indices": [
            3,
            79,
            69,
            39,
            80,
            13,
            56,
            65,
            87,
            24,
            43,
            72,
            68,
            82,
            41
        ]
    },
    "individual": {
        "sequence": "[[0, 0, 0, 0, 0], [0, 0, 0, 0, 0], [38, 0, 0, 5, 150], [40, 1, 0, 193, 51], [24, 0, 0, 206, 193], [20, 1, 3, 74, 178], [0, 0, 5, 142, 107], [37, 0, 3, 193, 186], [15, 3, 6, 29, 214], [1, 6, 4, 185, 156], [7, 3, 8, 34, 14], [20, 3, 9, 77, 100], [24, 9, 6, 124, 184], [41, 10, 7, 110, 34], [21, 9, 3, 208, 64], [36, 10, 9, 140, 95], [18, 8, 5, 250, 18], [21, 11, 1, 57, 124], [41, 9, 4, 145, 20], [11, 12, 7, 120, 125], [33, 7, 5, 240, 206], [41, 3, 7, 171, 125], [7, 15, 12, 94, 195], [16, 21, 6, 106, 154], [0, 20, 21, 218, 43], [29, 24, 24, 19, 135], [15, 10, 0, 201, 125], [29, 22, 2, 89, 191], [31, 27, 3, 210, 86], [11, 27, 18, 128, 6], [40, 21, 23, 157, 116], [8, 0, 10, 121, 251], [0, 19, 0, 0, 0], [0, 15, 0, 0, 0]]",
        "fitness": {
            "fitness": 0.1534883499145508,
            "time": 0.05874600410461426
        }
    },
    "decoding": {
        "metadata": {
            "rows": 1,
            "columns": 30,
            "n_in": 2,
            "n_out": 2,
            "n_para": 2,
            "n_conn": 2
        },
        "functions": [
            "max",
            "min",
            "mean",
            "add",
            "subtract",
            "bitwise_not",
            "bitwise_or",
            "bitwise_and",
            "bitwise_and_mask",
            "bitwise_xor",
            "sqrt",
            "pow2",
            "exp",
            "log",
            "median_blur",
            "gaussian_blur",
            "laplacian",
            "sobel",
            "robert_cross",
            "canny",
            "sharpen",
            "gabor",
            "abs_diff",
            "abs_diff2",
            "fluo_tophat",
            "rel_diff",
            "erode",
            "dilate",
            "open",
            "close",
            "morph_gradient",
            "morph_tophat",
            "morph_blackhat",
            "fill_holes",
            "remove_small_objects",
            "remove_small_holes",
            "threshold",
            "threshold_at_1",
            "distance_transform",
            "distance_transform_and_thresh",
            "inrange_bin",
            "inrange"
        ],
        "endpoint": {
            "name": "W",
            "abbv": "WSHD",
            "arity": 2,
            "p": 0,
            "kwargs": {
                "use_dt": false,
                "markers_distance": 21,
                "markers_area": null
            }
        },
        "mode": "default"
    }
}