{
    "dataset": {
        "name": "CIL",
        "label_name": "neuron",
        "indices": [
            9,
            19,
            30,
            86,
            73,
            85,
            0,
            15,
            61,
            70,
            1,
            37,
            16
        ]
    },
    "individual": {
        "sequence": "[[0, 0, 0, 0, 0], [0, 0, 0, 0, 0], [3, 0, 1, 183, 8], [25, 1, 1, 36, 25], [3, 3, 1, 204, 197], [19, 2, 1, 75, 45], [12, 4, 5, 131, 81], [28, 1, 1, 22, 241], [35, 7, 1, 179, 24], [15, 8, 8, 151, 66], [24, 2, 5, 38, 173], [41, 7, 2, 218, 35], [35, 1, 10, 79, 12], [31, 0, 10, 159, 229], [13, 7, 0, 72, 192], [12, 1, 13, 232, 214], [30, 6, 5, 153, 184], [40, 7, 0, 36, 159], [8, 13, 0, 103, 234], [16, 4, 1, 24, 145], [6, 13, 16, 189, 42], [19, 8, 5, 108, 92], [24, 1, 19, 217, 202], [15, 17, 2, 207, 58], [2, 5, 18, 226, 230], [20, 15, 16, 76, 86], [15, 23, 7, 169, 36], [37, 11, 6, 24, 212], [34, 20, 17, 41, 63], [36, 27, 13, 239, 228], [37, 24, 8, 204, 85], [34, 18, 25, 8, 147], [0, 24, 0, 0, 0], [0, 17, 0, 0, 0]]",
        "fitness": {
            "fitness": 0.16985869866151077,
            "time": 0.04083435352032001
        }
    },
    "decoding": {
        "metadata": {
            "rows": 1,
            "columns": 30,
            "n_in": 2,
            "n_out": 2,
            "n_para": 2,
            "n_conn": 2
        },
        "functions": [
            "max",
            "min",
            "mean",
            "add",
            "subtract",
            "bitwise_not",
            "bitwise_or",
            "bitwise_and",
            "bitwise_and_mask",
            "bitwise_xor",
            "sqrt",
            "pow2",
            "exp",
            "log",
            "median_blur",
            "gaussian_blur",
            "laplacian",
            "sobel",
            "robert_cross",
            "canny",
            "sharpen",
            "gabor",
            "abs_diff",
            "abs_diff2",
            "fluo_tophat",
            "rel_diff",
            "erode",
            "dilate",
            "open",
            "close",
            "morph_gradient",
            "morph_tophat",
            "morph_blackhat",
            "fill_holes",
            "remove_small_objects",
            "remove_small_holes",
            "threshold",
            "threshold_at_1",
            "distance_transform",
            "distance_transform_and_thresh",
            "inrange_bin",
            "inrange"
        ],
        "endpoint": {
            "name": "Marker-Based Watershed",
            "abbv": "WSHD",
            "arity": 2,
            "p": 0,
            "kwargs": {
                "use_dt": false,
                "markers_distance": 21,
                "markers_area": null
            }
        },
        "mode": "default"
    }
}