{
    "dataset": {
        "name": "CIL",
        "label_name": "neuron",
        "indices": [
            33,
            84,
            35,
            42,
            15,
            77,
            40,
            1,
            83,
            25,
            81,
            10,
            39,
            54,
            63,
            22,
            74,
            3,
            86,
            11,
            47,
            49,
            65,
            34,
            32,
            7,
            82,
            76,
            0,
            8,
            88,
            14,
            2,
            41,
            61,
            28,
            43,
            36,
            16,
            37,
            5,
            31,
            73,
            87,
            27,
            70,
            80,
            45,
            19,
            50,
            60,
            20,
            56,
            4,
            38,
            68,
            48,
            71,
            46,
            53,
            66,
            72,
            23,
            67,
            17,
            62,
            79,
            55,
            9,
            44,
            18,
            6,
            30,
            51,
            58,
            21,
            75,
            85,
            13,
            26
        ]
    },
    "individual": {
        "sequence": "[[0, 0, 0, 0, 0], [0, 0, 0, 0, 0], [3, 0, 0, 4, 30], [11, 2, 0, 84, 206], [7, 2, 0, 68, 193], [40, 1, 2, 42, 182], [11, 0, 2, 76, 8], [20, 0, 1, 229, 122], [10, 3, 2, 130, 164], [20, 6, 0, 74, 55], [1, 4, 6, 219, 61], [37, 2, 10, 239, 80], [36, 5, 11, 248, 20], [31, 6, 12, 51, 139], [3, 1, 10, 219, 175], [35, 2, 4, 188, 47], [31, 3, 6, 195, 255], [40, 6, 3, 83, 85], [31, 13, 4, 237, 120], [13, 2, 18, 180, 83], [2, 9, 14, 182, 210], [7, 18, 16, 100, 66], [16, 5, 16, 97, 99], [5, 1, 3, 114, 127], [2, 10, 10, 158, 253], [8, 20, 16, 248, 60], [34, 5, 21, 11, 133], [10, 9, 7, 49, 175], [26, 27, 5, 91, 12], [6, 15, 4, 39, 17], [14, 22, 9, 51, 100], [8, 29, 0, 163, 145], [0, 25, 0, 0, 0], [0, 26, 0, 0, 0]]",
        "fitness": {
            "fitness": 0.129805838316679,
            "time": 0.03325861990451813
        }
    },
    "decoding": {
        "metadata": {
            "rows": 1,
            "columns": 30,
            "n_in": 2,
            "n_out": 2,
            "n_para": 2,
            "n_conn": 2
        },
        "functions": [
            "max",
            "min",
            "mean",
            "add",
            "subtract",
            "bitwise_not",
            "bitwise_or",
            "bitwise_and",
            "bitwise_and_mask",
            "bitwise_xor",
            "sqrt",
            "pow2",
            "exp",
            "log",
            "median_blur",
            "gaussian_blur",
            "laplacian",
            "sobel",
            "robert_cross",
            "canny",
            "sharpen",
            "gabor",
            "abs_diff",
            "abs_diff2",
            "fluo_tophat",
            "rel_diff",
            "erode",
            "dilate",
            "open",
            "close",
            "morph_gradient",
            "morph_tophat",
            "morph_blackhat",
            "fill_holes",
            "remove_small_objects",
            "remove_small_holes",
            "threshold",
            "threshold_at_1",
            "distance_transform",
            "distance_transform_and_thresh",
            "inrange_bin",
            "inrange"
        ],
        "endpoint": {
            "name": "Marker-Based Watershed",
            "abbv": "WSHD",
            "arity": 2,
            "args": 0,
            "kwargs": {
                "use_dt": false,
                "markers_distance": 21,
                "markers_area": null
            }
        },
        "mode": "default"
    }
}