{
    "dataset": {
        "name": "CIL",
        "label_name": "neuron",
        "indices": [
            35,
            66,
            8,
            24,
            86,
            30,
            54,
            71,
            64
        ]
    },
    "individual": {
        "sequence": "[[0, 0, 0, 0, 0], [0, 0, 0, 0, 0], [31, 1, 1, 245, 144], [15, 2, 0, 56, 21], [2, 1, 2, 27, 188], [0, 0, 2, 198, 130], [35, 4, 0, 165, 198], [4, 3, 5, 211, 156], [18, 5, 2, 115, 190], [25, 6, 1, 91, 245], [6, 0, 7, 163, 45], [30, 10, 10, 95, 184], [4, 3, 4, 183, 8], [41, 3, 12, 229, 42], [36, 6, 10, 119, 81], [1, 5, 6, 155, 181], [37, 8, 6, 121, 204], [40, 16, 15, 121, 76], [21, 9, 12, 23, 52], [38, 0, 12, 25, 22], [37, 4, 3, 162, 156], [36, 13, 20, 3, 91], [20, 15, 1, 255, 177], [39, 21, 2, 244, 43], [13, 5, 12, 129, 194], [23, 4, 24, 211, 92], [6, 3, 16, 37, 101], [37, 19, 18, 79, 145], [31, 6, 18, 174, 112], [12, 24, 5, 221, 234], [28, 20, 25, 109, 147], [17, 26, 10, 15, 190], [0, 29, 0, 0, 0], [0, 13, 0, 0, 0]]",
        "fitness": {
            "fitness": 0.09749431742562188,
            "time": 0.029198196199205186
        }
    },
    "decoding": {
        "metadata": {
            "rows": 1,
            "columns": 30,
            "n_in": 2,
            "n_out": 2,
            "n_para": 2,
            "n_conn": 2
        },
        "functions": [
            "max",
            "min",
            "mean",
            "add",
            "subtract",
            "bitwise_not",
            "bitwise_or",
            "bitwise_and",
            "bitwise_and_mask",
            "bitwise_xor",
            "sqrt",
            "pow2",
            "exp",
            "log",
            "median_blur",
            "gaussian_blur",
            "laplacian",
            "sobel",
            "robert_cross",
            "canny",
            "sharpen",
            "gabor",
            "abs_diff",
            "abs_diff2",
            "fluo_tophat",
            "rel_diff",
            "erode",
            "dilate",
            "open",
            "close",
            "morph_gradient",
            "morph_tophat",
            "morph_blackhat",
            "fill_holes",
            "remove_small_objects",
            "remove_small_holes",
            "threshold",
            "threshold_at_1",
            "distance_transform",
            "distance_transform_and_thresh",
            "inrange_bin",
            "inrange"
        ],
        "endpoint": {
            "name": "W",
            "abbv": "WSHD",
            "arity": 2,
            "p": 0,
            "kwargs": {
                "use_dt": false,
                "markers_distance": 21,
                "markers_area": null
            }
        },
        "mode": "default"
    }
}