{
    "dataset": {
        "name": "CIL",
        "label_name": "neuron",
        "indices": [
            28,
            84,
            87,
            41,
            59,
            65,
            50
        ]
    },
    "individual": {
        "sequence": "[[0, 0, 0, 0, 0], [0, 0, 0, 0, 0], [0, 1, 1, 100, 149], [19, 0, 1, 111, 58], [4, 2, 1, 226, 30], [14, 2, 1, 42, 160], [25, 3, 0, 210, 61], [1, 1, 0, 178, 61], [7, 7, 0, 203, 3], [3, 8, 0, 146, 205], [27, 2, 6, 206, 44], [28, 1, 9, 39, 126], [34, 2, 1, 252, 177], [11, 10, 8, 49, 230], [40, 11, 0, 242, 37], [33, 4, 9, 216, 84], [17, 14, 14, 26, 118], [41, 12, 7, 142, 251], [11, 9, 7, 167, 39], [37, 17, 5, 91, 78], [26, 11, 13, 207, 114], [2, 20, 4, 93, 232], [31, 12, 9, 94, 207], [22, 18, 14, 174, 60], [13, 6, 14, 199, 217], [29, 3, 3, 105, 68], [2, 19, 19, 52, 228], [7, 14, 8, 253, 83], [22, 17, 0, 187, 104], [38, 13, 14, 80, 180], [20, 4, 21, 170, 135], [36, 5, 10, 185, 7], [0, 18, 0, 0, 0], [0, 27, 0, 0, 0]]",
        "fitness": {
            "fitness": 0.1136369960648673,
            "time": 0.018518379756382534
        }
    },
    "decoding": {
        "metadata": {
            "rows": 1,
            "columns": 30,
            "n_in": 2,
            "n_out": 2,
            "n_para": 2,
            "n_conn": 2
        },
        "functions": [
            "max",
            "min",
            "mean",
            "add",
            "subtract",
            "bitwise_not",
            "bitwise_or",
            "bitwise_and",
            "bitwise_and_mask",
            "bitwise_xor",
            "sqrt",
            "pow2",
            "exp",
            "log",
            "median_blur",
            "gaussian_blur",
            "laplacian",
            "sobel",
            "robert_cross",
            "canny",
            "sharpen",
            "gabor",
            "abs_diff",
            "abs_diff2",
            "fluo_tophat",
            "rel_diff",
            "erode",
            "dilate",
            "open",
            "close",
            "morph_gradient",
            "morph_tophat",
            "morph_blackhat",
            "fill_holes",
            "remove_small_objects",
            "remove_small_holes",
            "threshold",
            "threshold_at_1",
            "distance_transform",
            "distance_transform_and_thresh",
            "inrange_bin",
            "inrange"
        ],
        "endpoint": {
            "name": "W",
            "abbv": "WSHD",
            "arity": 2,
            "p": 0,
            "kwargs": {
                "use_dt": false,
                "markers_distance": 21,
                "markers_area": null
            }
        },
        "mode": "default"
    }
}