{
    "dataset": {
        "name": "CIL",
        "label_name": "neuron",
        "indices": [
            84,
            83,
            60,
            26,
            24,
            51,
            11,
            77,
            75,
            3,
            29,
            12,
            56,
            72,
            86,
            59,
            34,
            48,
            15,
            69,
            46,
            8,
            14,
            57,
            81,
            41,
            61,
            45,
            49,
            66,
            28,
            33,
            43,
            37,
            78,
            10,
            5,
            76,
            82,
            50,
            70,
            62,
            80,
            73,
            42,
            64,
            17,
            36,
            35,
            9,
            21,
            13,
            22,
            54,
            20,
            16,
            1,
            53,
            25,
            6,
            68,
            74,
            39,
            4,
            88,
            0,
            18,
            47,
            38,
            55
        ]
    },
    "individual": {
        "sequence": "[[0, 0, 0, 0, 0], [0, 0, 0, 0, 0], [3, 0, 0, 42, 210], [16, 1, 0, 152, 155], [24, 2, 2, 95, 163], [8, 1, 2, 91, 65], [35, 0, 2, 175, 90], [28, 0, 6, 103, 6], [17, 7, 5, 182, 214], [28, 5, 5, 251, 49], [35, 1, 4, 122, 191], [24, 4, 7, 213, 142], [14, 3, 1, 192, 45], [11, 4, 9, 156, 164], [22, 1, 3, 164, 115], [40, 12, 6, 239, 110], [6, 15, 13, 232, 171], [2, 9, 2, 57, 89], [23, 4, 12, 199, 161], [32, 4, 9, 142, 16], [1, 5, 14, 64, 22], [39, 17, 9, 172, 140], [9, 10, 20, 242, 116], [22, 5, 10, 41, 48], [26, 9, 18, 169, 67], [22, 1, 12, 144, 30], [19, 20, 25, 7, 130], [25, 10, 6, 15, 175], [35, 26, 17, 189, 78], [3, 18, 13, 95, 227], [10, 3, 1, 165, 49], [18, 28, 23, 76, 31], [0, 16, 0, 0, 0], [0, 31, 0, 0, 0]]",
        "fitness": {
            "fitness": 0.15886064512389048,
            "time": 0.05636376993996756
        }
    },
    "decoding": {
        "metadata": {
            "rows": 1,
            "columns": 30,
            "n_in": 2,
            "n_out": 2,
            "n_para": 2,
            "n_conn": 2
        },
        "functions": [
            "max",
            "min",
            "mean",
            "add",
            "subtract",
            "bitwise_not",
            "bitwise_or",
            "bitwise_and",
            "bitwise_and_mask",
            "bitwise_xor",
            "sqrt",
            "pow2",
            "exp",
            "log",
            "median_blur",
            "gaussian_blur",
            "laplacian",
            "sobel",
            "robert_cross",
            "canny",
            "sharpen",
            "gabor",
            "abs_diff",
            "abs_diff2",
            "fluo_tophat",
            "rel_diff",
            "erode",
            "dilate",
            "open",
            "close",
            "morph_gradient",
            "morph_tophat",
            "morph_blackhat",
            "fill_holes",
            "remove_small_objects",
            "remove_small_holes",
            "threshold",
            "threshold_at_1",
            "distance_transform",
            "distance_transform_and_thresh",
            "inrange_bin",
            "inrange"
        ],
        "endpoint": {
            "name": "Marker-Based Watershed",
            "abbv": "WSHD",
            "arity": 2,
            "args": 0,
            "kwargs": {
                "use_dt": false,
                "markers_distance": 21,
                "markers_area": null
            }
        },
        "mode": "default"
    }
}