{
    "dataset": {
        "name": "CIL",
        "label_name": "neuron",
        "indices": [
            83,
            77,
            35,
            22,
            31,
            55,
            66,
            67,
            76,
            63,
            5,
            15,
            43,
            34,
            52,
            80,
            25,
            2,
            68,
            59,
            69,
            1,
            45,
            16,
            81,
            57,
            50,
            4,
            49,
            24,
            56,
            36,
            87,
            11,
            37,
            46,
            58,
            30,
            28,
            62,
            26,
            73,
            82,
            12,
            39,
            42,
            60,
            18,
            33,
            32,
            7,
            79,
            27,
            14,
            85,
            47,
            65,
            38,
            20,
            13,
            8,
            48,
            19,
            84,
            72,
            21,
            88,
            17,
            41,
            44
        ]
    },
    "individual": {
        "sequence": "[[0, 0, 0, 0, 0], [0, 0, 0, 0, 0], [24, 1, 0, 50, 167], [36, 2, 0, 35, 179], [24, 0, 0, 78, 90], [11, 4, 0, 28, 226], [15, 3, 0, 234, 140], [4, 2, 6, 250, 192], [36, 7, 3, 120, 96], [28, 7, 5, 4, 140], [25, 2, 7, 180, 19], [40, 9, 8, 201, 39], [20, 6, 0, 203, 195], [30, 12, 7, 123, 185], [38, 7, 4, 158, 127], [16, 2, 8, 157, 154], [11, 12, 7, 169, 8], [41, 14, 16, 81, 31], [30, 3, 0, 24, 172], [9, 8, 17, 77, 131], [13, 4, 10, 245, 154], [21, 12, 9, 71, 136], [13, 2, 0, 77, 245], [37, 20, 18, 171, 234], [25, 10, 9, 164, 36], [35, 21, 10, 232, 150], [14, 16, 25, 87, 117], [40, 16, 5, 137, 183], [34, 23, 24, 221, 55], [41, 21, 28, 155, 31], [31, 18, 15, 144, 185], [41, 8, 6, 51, 252], [0, 23, 0, 0, 0], [0, 11, 0, 0, 0]]",
        "fitness": {
            "fitness": 0.14442577532359532,
            "time": 0.07358945778438024
        }
    },
    "decoding": {
        "metadata": {
            "rows": 1,
            "columns": 30,
            "n_in": 2,
            "n_out": 2,
            "n_para": 2,
            "n_conn": 2
        },
        "functions": [
            "max",
            "min",
            "mean",
            "add",
            "subtract",
            "bitwise_not",
            "bitwise_or",
            "bitwise_and",
            "bitwise_and_mask",
            "bitwise_xor",
            "sqrt",
            "pow2",
            "exp",
            "log",
            "median_blur",
            "gaussian_blur",
            "laplacian",
            "sobel",
            "robert_cross",
            "canny",
            "sharpen",
            "gabor",
            "abs_diff",
            "abs_diff2",
            "fluo_tophat",
            "rel_diff",
            "erode",
            "dilate",
            "open",
            "close",
            "morph_gradient",
            "morph_tophat",
            "morph_blackhat",
            "fill_holes",
            "remove_small_objects",
            "remove_small_holes",
            "threshold",
            "threshold_at_1",
            "distance_transform",
            "distance_transform_and_thresh",
            "inrange_bin",
            "inrange"
        ],
        "endpoint": {
            "name": "Marker-Based Watershed",
            "abbv": "WSHD",
            "arity": 2,
            "args": 0,
            "kwargs": {
                "use_dt": false,
                "markers_distance": 21,
                "markers_area": null
            }
        },
        "mode": "default"
    }
}