{
    "dataset": {
        "name": "CIL",
        "label_name": "neuron",
        "indices": [
            39,
            3,
            53,
            31,
            6
        ]
    },
    "individual": {
        "sequence": "[[0, 0, 0, 0, 0], [0, 0, 0, 0, 0], [1, 1, 0, 88, 198], [19, 1, 1, 166, 3], [6, 1, 1, 89, 190], [33, 3, 2, 116, 97], [24, 0, 0, 120, 245], [3, 4, 0, 172, 255], [28, 4, 6, 193, 44], [32, 2, 4, 116, 228], [11, 6, 4, 163, 30], [38, 4, 10, 191, 39], [9, 10, 5, 85, 62], [10, 5, 6, 25, 53], [29, 8, 10, 181, 249], [17, 13, 6, 58, 255], [30, 9, 11, 81, 59], [14, 9, 10, 79, 127], [6, 3, 11, 172, 130], [14, 3, 13, 2, 5], [38, 6, 13, 48, 247], [13, 14, 11, 210, 31], [37, 0, 21, 65, 242], [29, 16, 10, 115, 131], [8, 17, 13, 251, 203], [34, 23, 18, 35, 49], [0, 6, 12, 246, 230], [8, 25, 5, 4, 124], [16, 8, 10, 70, 65], [17, 2, 18, 130, 196], [18, 27, 15, 183, 138], [11, 26, 7, 237, 71], [0, 12, 0, 0, 0], [0, 30, 0, 0, 0]]",
        "fitness": {
            "fitness": 0.08596317768096924,
            "time": 0.1347733497619629
        }
    },
    "decoding": {
        "metadata": {
            "rows": 1,
            "columns": 30,
            "n_in": 2,
            "n_out": 2,
            "n_para": 2,
            "n_conn": 2
        },
        "functions": [
            "max",
            "min",
            "mean",
            "add",
            "subtract",
            "bitwise_not",
            "bitwise_or",
            "bitwise_and",
            "bitwise_and_mask",
            "bitwise_xor",
            "sqrt",
            "pow2",
            "exp",
            "log",
            "median_blur",
            "gaussian_blur",
            "laplacian",
            "sobel",
            "robert_cross",
            "canny",
            "sharpen",
            "gabor",
            "abs_diff",
            "abs_diff2",
            "fluo_tophat",
            "rel_diff",
            "erode",
            "dilate",
            "open",
            "close",
            "morph_gradient",
            "morph_tophat",
            "morph_blackhat",
            "fill_holes",
            "remove_small_objects",
            "remove_small_holes",
            "threshold",
            "threshold_at_1",
            "distance_transform",
            "distance_transform_and_thresh",
            "inrange_bin",
            "inrange"
        ],
        "endpoint": {
            "name": "W",
            "abbv": "WSHD",
            "arity": 2,
            "p": 0,
            "kwargs": {
                "use_dt": false,
                "markers_distance": 21,
                "markers_area": null
            }
        },
        "mode": "default"
    }
}