{
    "dataset": {
        "name": "CIL",
        "label_name": "neuron",
        "indices": [
            77,
            28,
            81,
            42,
            2,
            80,
            12,
            67,
            33,
            51,
            50,
            13,
            20,
            65,
            5,
            0,
            4,
            32,
            60,
            62,
            69,
            26,
            41,
            78,
            24,
            38,
            22,
            85,
            52,
            72,
            35,
            34,
            10,
            87,
            44,
            88,
            18,
            9,
            70,
            25,
            17,
            3,
            31,
            39,
            14,
            6,
            21,
            75,
            37,
            79,
            8,
            55,
            71,
            29,
            1,
            66,
            15,
            74,
            63,
            73,
            57,
            76,
            56,
            19,
            45,
            48,
            16,
            40,
            83,
            27,
            46,
            43,
            54,
            47,
            11,
            68,
            84,
            36,
            7,
            30
        ]
    },
    "individual": {
        "sequence": "[[0, 0, 0, 0, 0], [0, 0, 0, 0, 0], [19, 1, 0, 4, 120], [2, 2, 0, 125, 225], [37, 3, 1, 176, 20], [33, 3, 1, 218, 46], [28, 1, 4, 14, 1], [13, 2, 3, 200, 254], [3, 4, 0, 106, 85], [1, 3, 2, 115, 76], [10, 1, 2, 63, 97], [38, 3, 6, 76, 237], [35, 2, 9, 237, 182], [35, 2, 9, 114, 149], [2, 3, 5, 138, 207], [1, 13, 9, 163, 188], [27, 10, 7, 205, 5], [1, 3, 8, 107, 12], [31, 3, 10, 243, 201], [27, 7, 6, 152, 181], [30, 8, 0, 112, 47], [40, 0, 13, 195, 166], [38, 9, 15, 42, 194], [8, 10, 2, 242, 169], [41, 20, 20, 14, 250], [25, 23, 23, 187, 81], [40, 6, 3, 43, 216], [1, 17, 26, 236, 37], [21, 16, 16, 7, 105], [38, 25, 21, 175, 188], [2, 18, 27, 171, 123], [35, 23, 8, 173, 80], [0, 30, 0, 0, 0], [0, 26, 0, 0, 0]]",
        "fitness": {
            "fitness": 0.14429765045642853,
            "time": 0.03260302841663361
        }
    },
    "decoding": {
        "metadata": {
            "rows": 1,
            "columns": 30,
            "n_in": 2,
            "n_out": 2,
            "n_para": 2,
            "n_conn": 2
        },
        "functions": [
            "max",
            "min",
            "mean",
            "add",
            "subtract",
            "bitwise_not",
            "bitwise_or",
            "bitwise_and",
            "bitwise_and_mask",
            "bitwise_xor",
            "sqrt",
            "pow2",
            "exp",
            "log",
            "median_blur",
            "gaussian_blur",
            "laplacian",
            "sobel",
            "robert_cross",
            "canny",
            "sharpen",
            "gabor",
            "abs_diff",
            "abs_diff2",
            "fluo_tophat",
            "rel_diff",
            "erode",
            "dilate",
            "open",
            "close",
            "morph_gradient",
            "morph_tophat",
            "morph_blackhat",
            "fill_holes",
            "remove_small_objects",
            "remove_small_holes",
            "threshold",
            "threshold_at_1",
            "distance_transform",
            "distance_transform_and_thresh",
            "inrange_bin",
            "inrange"
        ],
        "endpoint": {
            "name": "Marker-Based Watershed",
            "abbv": "WSHD",
            "arity": 2,
            "args": 0,
            "kwargs": {
                "use_dt": false,
                "markers_distance": 21,
                "markers_area": null
            }
        },
        "mode": "default"
    }
}