{
    "dataset": {
        "name": "CIL",
        "label_name": "neuron",
        "indices": [
            84,
            80,
            8,
            58,
            45
        ]
    },
    "individual": {
        "sequence": "[[0, 0, 0, 0, 0], [0, 0, 0, 0, 0], [24, 0, 0, 41, 226], [24, 1, 1, 9, 65], [22, 3, 3, 47, 35], [1, 4, 3, 26, 121], [37, 4, 5, 242, 3], [6, 3, 2, 228, 224], [6, 5, 3, 205, 8], [1, 5, 2, 168, 37], [17, 6, 4, 67, 0], [35, 0, 3, 195, 72], [16, 6, 10, 62, 124], [1, 2, 1, 201, 128], [9, 7, 13, 125, 19], [12, 1, 3, 149, 238], [15, 8, 6, 45, 2], [7, 11, 5, 57, 111], [34, 10, 5, 5, 24], [17, 0, 0, 162, 146], [20, 19, 12, 92, 43], [36, 16, 2, 216, 104], [24, 7, 12, 208, 215], [10, 18, 3, 38, 107], [7, 6, 13, 234, 165], [30, 9, 22, 133, 222], [13, 1, 0, 77, 143], [10, 16, 4, 9, 165], [17, 12, 0, 12, 237], [11, 7, 18, 12, 143], [2, 13, 4, 240, 142], [33, 25, 11, 175, 16], [0, 29, 0, 0, 0], [0, 21, 0, 0, 0]]",
        "fitness": {
            "fitness": 0.11279134750366211,
            "time": 0.14518322944641113
        }
    },
    "decoding": {
        "metadata": {
            "rows": 1,
            "columns": 30,
            "n_in": 2,
            "n_out": 2,
            "n_para": 2,
            "n_conn": 2
        },
        "functions": [
            "max",
            "min",
            "mean",
            "add",
            "subtract",
            "bitwise_not",
            "bitwise_or",
            "bitwise_and",
            "bitwise_and_mask",
            "bitwise_xor",
            "sqrt",
            "pow2",
            "exp",
            "log",
            "median_blur",
            "gaussian_blur",
            "laplacian",
            "sobel",
            "robert_cross",
            "canny",
            "sharpen",
            "gabor",
            "abs_diff",
            "abs_diff2",
            "fluo_tophat",
            "rel_diff",
            "erode",
            "dilate",
            "open",
            "close",
            "morph_gradient",
            "morph_tophat",
            "morph_blackhat",
            "fill_holes",
            "remove_small_objects",
            "remove_small_holes",
            "threshold",
            "threshold_at_1",
            "distance_transform",
            "distance_transform_and_thresh",
            "inrange_bin",
            "inrange"
        ],
        "endpoint": {
            "name": "W",
            "abbv": "WSHD",
            "arity": 2,
            "p": 0,
            "kwargs": {
                "use_dt": false,
                "markers_distance": 21,
                "markers_area": null
            }
        },
        "mode": "default"
    }
}