{
    "dataset": {
        "name": "Melanoma",
        "label_name": "melanoma",
        "indices": null
    },
    "individual": {
        "sequence": "[[0, 0, 0, 0, 0], [0, 0, 0, 0, 0], [0, 0, 0, 0, 0], [26, 2, 0, 176, 134], [36, 2, 2, 125, 23], [1, 4, 3, 35, 184], [8, 2, 0, 254, 37], [30, 2, 2, 228, 50], [4, 1, 6, 15, 91], [6, 8, 8, 181, 184], [0, 6, 6, 131, 236], [4, 7, 7, 162, 158], [16, 5, 5, 150, 66], [4, 5, 10, 12, 29], [40, 13, 2, 240, 130], [33, 13, 5, 20, 49], [12, 9, 4, 159, 132], [29, 1, 8, 1, 212], [7, 14, 10, 171, 99], [33, 0, 10, 158, 102], [7, 6, 3, 134, 80], [11, 18, 2, 196, 224], [41, 4, 17, 198, 88], [38, 11, 17, 26, 111], [20, 20, 22, 174, 217], [0, 21, 10, 192, 220], [26, 13, 20, 86, 240], [24, 13, 13, 240, 87], [6, 11, 5, 227, 239], [31, 10, 8, 206, 14], [27, 16, 13, 43, 203], [5, 2, 4, 79, 191], [15, 0, 15, 3, 10], [0, 15, 0, 0, 0], [0, 26, 0, 0, 0]]",
        "fitness": {
            "fitness": 0.1858582297960917,
            "time": 0.007839381694793701
        }
    },
    "decoding": {
        "metadata": {
            "rows": 1,
            "columns": 30,
            "n_in": 3,
            "n_out": 2,
            "n_para": 2,
            "n_conn": 2
        },
        "functions": [
            "max",
            "min",
            "mean",
            "add",
            "subtract",
            "bitwise_not",
            "bitwise_or",
            "bitwise_and",
            "bitwise_and_mask",
            "bitwise_xor",
            "sqrt",
            "pow2",
            "exp",
            "log",
            "median_blur",
            "gaussian_blur",
            "laplacian",
            "sobel",
            "robert_cross",
            "canny",
            "sharpen",
            "gabor",
            "abs_diff",
            "abs_diff2",
            "fluo_tophat",
            "rel_diff",
            "erode",
            "dilate",
            "open",
            "close",
            "morph_gradient",
            "morph_tophat",
            "morph_blackhat",
            "fill_holes",
            "remove_small_objects",
            "remove_small_holes",
            "threshold",
            "threshold_at_1",
            "distance_transform",
            "distance_transform_and_thresh",
            "inrange_bin",
            "inrange"
        ],
        "endpoint": {
            "name": "Marker-Based Watershed",
            "abbv": "WSHD",
            "arity": 2,
            "args": 0,
            "kwargs": {
                "use_dt": false,
                "markers_distance": 21,
                "markers_area": null
            }
        },
        "mode": "default"
    }
}