{
    "dataset": {
        "name": "CIL",
        "label_name": "neuron",
        "indices": [
            2,
            88,
            84,
            55,
            1,
            36,
            13
        ]
    },
    "individual": {
        "sequence": "[[0, 0, 0, 0, 0], [0, 0, 0, 0, 0], [11, 0, 0, 252, 149], [1, 2, 1, 218, 164], [36, 1, 1, 89, 39], [4, 4, 4, 151, 124], [36, 0, 2, 131, 9], [22, 3, 3, 129, 241], [31, 0, 5, 163, 93], [33, 0, 6, 43, 25], [10, 1, 8, 197, 158], [39, 4, 10, 37, 118], [21, 3, 1, 172, 2], [11, 11, 4, 29, 12], [39, 6, 9, 198, 126], [2, 6, 4, 150, 231], [26, 1, 0, 247, 248], [14, 2, 8, 154, 27], [34, 7, 13, 223, 223], [8, 13, 8, 194, 232], [36, 3, 7, 60, 234], [32, 7, 3, 137, 103], [29, 21, 19, 16, 197], [0, 4, 15, 249, 196], [8, 1, 15, 165, 39], [14, 16, 18, 161, 108], [8, 11, 10, 174, 155], [36, 21, 14, 201, 118], [15, 6, 5, 81, 99], [26, 22, 16, 159, 55], [22, 14, 29, 101, 175], [20, 5, 2, 88, 6], [0, 23, 0, 0, 0], [0, 11, 0, 0, 0]]",
        "fitness": {
            "fitness": 0.06085771322250366,
            "time": 0.025642224720546176
        }
    },
    "decoding": {
        "metadata": {
            "rows": 1,
            "columns": 30,
            "n_in": 2,
            "n_out": 2,
            "n_para": 2,
            "n_conn": 2
        },
        "functions": [
            "max",
            "min",
            "mean",
            "add",
            "subtract",
            "bitwise_not",
            "bitwise_or",
            "bitwise_and",
            "bitwise_and_mask",
            "bitwise_xor",
            "sqrt",
            "pow2",
            "exp",
            "log",
            "median_blur",
            "gaussian_blur",
            "laplacian",
            "sobel",
            "robert_cross",
            "canny",
            "sharpen",
            "gabor",
            "abs_diff",
            "abs_diff2",
            "fluo_tophat",
            "rel_diff",
            "erode",
            "dilate",
            "open",
            "close",
            "morph_gradient",
            "morph_tophat",
            "morph_blackhat",
            "fill_holes",
            "remove_small_objects",
            "remove_small_holes",
            "threshold",
            "threshold_at_1",
            "distance_transform",
            "distance_transform_and_thresh",
            "inrange_bin",
            "inrange"
        ],
        "endpoint": {
            "name": "W",
            "abbv": "WSHD",
            "arity": 2,
            "p": 0,
            "kwargs": {
                "use_dt": false,
                "markers_distance": 21,
                "markers_area": null
            }
        },
        "mode": "default"
    }
}