{
    "dataset": {
        "name": "CIL",
        "label_name": "neuron",
        "indices": [
            14,
            64,
            57,
            42,
            7,
            5,
            81,
            8,
            72,
            68,
            40,
            32,
            86,
            61,
            60,
            0,
            69,
            88,
            82,
            62,
            39,
            43,
            29,
            3,
            45,
            10,
            22,
            33,
            52,
            75,
            21,
            28,
            67,
            84,
            26,
            85,
            24,
            48,
            30,
            63,
            20,
            35,
            74,
            19,
            44,
            9,
            4,
            49,
            50,
            54,
            87,
            77,
            58,
            27,
            41,
            31,
            53,
            83,
            1,
            38,
            79,
            23,
            25,
            47,
            65,
            78,
            70,
            6,
            66,
            73,
            46,
            34,
            56,
            55,
            37,
            18,
            80,
            13,
            16,
            15
        ]
    },
    "individual": {
        "sequence": "[[0, 0, 0, 0, 0], [0, 0, 0, 0, 0], [1, 0, 1, 198, 190], [24, 0, 1, 51, 18], [29, 3, 2, 222, 123], [3, 2, 3, 28, 0], [28, 1, 3, 21, 62], [7, 2, 1, 212, 119], [31, 5, 3, 55, 55], [11, 5, 6, 178, 231], [7, 8, 0, 133, 162], [18, 10, 3, 78, 64], [25, 6, 11, 145, 24], [11, 11, 6, 174, 100], [37, 2, 2, 48, 55], [25, 14, 10, 147, 205], [33, 8, 8, 169, 60], [11, 16, 1, 17, 155], [20, 6, 7, 169, 97], [25, 1, 1, 32, 247], [40, 18, 15, 37, 246], [38, 0, 0, 125, 220], [36, 3, 12, 231, 59], [18, 14, 11, 149, 116], [32, 22, 7, 126, 143], [10, 20, 21, 87, 188], [13, 12, 9, 93, 12], [33, 14, 7, 119, 239], [22, 24, 14, 88, 22], [34, 20, 2, 11, 172], [41, 19, 3, 243, 192], [37, 8, 28, 246, 31], [0, 9, 0, 0, 0], [0, 29, 0, 0, 0]]",
        "fitness": {
            "fitness": 0.13050294369459153,
            "time": 0.048593556880950926
        }
    },
    "decoding": {
        "metadata": {
            "rows": 1,
            "columns": 30,
            "n_in": 2,
            "n_out": 2,
            "n_para": 2,
            "n_conn": 2
        },
        "functions": [
            "max",
            "min",
            "mean",
            "add",
            "subtract",
            "bitwise_not",
            "bitwise_or",
            "bitwise_and",
            "bitwise_and_mask",
            "bitwise_xor",
            "sqrt",
            "pow2",
            "exp",
            "log",
            "median_blur",
            "gaussian_blur",
            "laplacian",
            "sobel",
            "robert_cross",
            "canny",
            "sharpen",
            "gabor",
            "abs_diff",
            "abs_diff2",
            "fluo_tophat",
            "rel_diff",
            "erode",
            "dilate",
            "open",
            "close",
            "morph_gradient",
            "morph_tophat",
            "morph_blackhat",
            "fill_holes",
            "remove_small_objects",
            "remove_small_holes",
            "threshold",
            "threshold_at_1",
            "distance_transform",
            "distance_transform_and_thresh",
            "inrange_bin",
            "inrange"
        ],
        "endpoint": {
            "name": "Marker-Based Watershed",
            "abbv": "WSHD",
            "arity": 2,
            "args": 0,
            "kwargs": {
                "use_dt": false,
                "markers_distance": 21,
                "markers_area": null
            }
        },
        "mode": "default"
    }
}