{
    "dataset": {
        "name": "CIL",
        "label_name": "neuron",
        "indices": [
            62,
            19,
            64,
            50,
            2,
            13,
            21,
            36,
            58,
            53,
            28
        ]
    },
    "individual": {
        "sequence": "[[0, 0, 0, 0, 0], [0, 0, 0, 0, 0], [41, 1, 1, 235, 41], [0, 0, 0, 4, 147], [20, 1, 3, 230, 218], [8, 2, 3, 177, 36], [7, 4, 5, 60, 117], [24, 3, 3, 196, 145], [0, 5, 7, 67, 195], [34, 6, 4, 9, 1], [28, 1, 6, 47, 83], [5, 0, 2, 243, 23], [11, 8, 11, 50, 171], [37, 2, 7, 19, 247], [9, 8, 7, 221, 23], [23, 2, 11, 18, 181], [11, 6, 9, 6, 161], [9, 12, 2, 109, 105], [31, 7, 0, 24, 96], [8, 18, 14, 81, 153], [29, 6, 16, 109, 86], [40, 10, 8, 242, 122], [40, 16, 17, 165, 193], [23, 6, 8, 245, 215], [30, 22, 3, 78, 191], [19, 22, 8, 250, 169], [31, 11, 23, 177, 105], [39, 26, 17, 106, 33], [30, 27, 27, 74, 24], [28, 1, 22, 229, 34], [29, 16, 7, 240, 43], [39, 12, 15, 29, 83], [0, 12, 0, 0, 0], [0, 9, 0, 0, 0]]",
        "fitness": {
            "fitness": 0.09257097135890614,
            "time": 0.047780383716930046
        }
    },
    "decoding": {
        "metadata": {
            "rows": 1,
            "columns": 30,
            "n_in": 2,
            "n_out": 2,
            "n_para": 2,
            "n_conn": 2
        },
        "functions": [
            "max",
            "min",
            "mean",
            "add",
            "subtract",
            "bitwise_not",
            "bitwise_or",
            "bitwise_and",
            "bitwise_and_mask",
            "bitwise_xor",
            "sqrt",
            "pow2",
            "exp",
            "log",
            "median_blur",
            "gaussian_blur",
            "laplacian",
            "sobel",
            "robert_cross",
            "canny",
            "sharpen",
            "gabor",
            "abs_diff",
            "abs_diff2",
            "fluo_tophat",
            "rel_diff",
            "erode",
            "dilate",
            "open",
            "close",
            "morph_gradient",
            "morph_tophat",
            "morph_blackhat",
            "fill_holes",
            "remove_small_objects",
            "remove_small_holes",
            "threshold",
            "threshold_at_1",
            "distance_transform",
            "distance_transform_and_thresh",
            "inrange_bin",
            "inrange"
        ],
        "endpoint": {
            "name": "Marker-Based Watershed",
            "abbv": "WSHD",
            "arity": 2,
            "p": 0,
            "kwargs": {
                "use_dt": false,
                "markers_distance": 21,
                "markers_area": null
            }
        },
        "mode": "default"
    }
}