{
    "dataset": {
        "name": "CIL",
        "label_name": "neuron",
        "indices": [
            32,
            17,
            15,
            40,
            16,
            78,
            1
        ]
    },
    "individual": {
        "sequence": "[[0, 0, 0, 0, 0], [0, 0, 0, 0, 0], [24, 1, 1, 27, 131], [10, 1, 0, 35, 11], [40, 3, 0, 252, 100], [20, 1, 4, 30, 66], [10, 5, 1, 124, 140], [3, 0, 2, 49, 35], [20, 7, 3, 131, 20], [26, 4, 6, 4, 207], [18, 9, 5, 152, 198], [26, 7, 0, 163, 62], [23, 11, 11, 33, 126], [24, 0, 6, 32, 44], [21, 0, 0, 66, 115], [17, 14, 7, 65, 146], [7, 14, 6, 228, 79], [3, 2, 13, 110, 236], [25, 16, 0, 14, 62], [39, 14, 17, 71, 118], [27, 13, 0, 164, 248], [20, 2, 10, 21, 82], [21, 12, 3, 13, 103], [11, 17, 19, 51, 45], [5, 19, 3, 231, 143], [14, 6, 1, 164, 211], [14, 19, 11, 46, 101], [24, 22, 8, 49, 195], [0, 3, 26, 107, 67], [0, 23, 21, 14, 124], [4, 10, 23, 236, 100], [10, 20, 22, 35, 90], [0, 23, 0, 0, 0], [0, 10, 0, 0, 0]]",
        "fitness": {
            "fitness": 0.16824536664145334,
            "time": 0.06754340444292341
        }
    },
    "decoding": {
        "metadata": {
            "rows": 1,
            "columns": 30,
            "n_in": 2,
            "n_out": 2,
            "n_para": 2,
            "n_conn": 2
        },
        "functions": [
            "max",
            "min",
            "mean",
            "add",
            "subtract",
            "bitwise_not",
            "bitwise_or",
            "bitwise_and",
            "bitwise_and_mask",
            "bitwise_xor",
            "sqrt",
            "pow2",
            "exp",
            "log",
            "median_blur",
            "gaussian_blur",
            "laplacian",
            "sobel",
            "robert_cross",
            "canny",
            "sharpen",
            "gabor",
            "abs_diff",
            "abs_diff2",
            "fluo_tophat",
            "rel_diff",
            "erode",
            "dilate",
            "open",
            "close",
            "morph_gradient",
            "morph_tophat",
            "morph_blackhat",
            "fill_holes",
            "remove_small_objects",
            "remove_small_holes",
            "threshold",
            "threshold_at_1",
            "distance_transform",
            "distance_transform_and_thresh",
            "inrange_bin",
            "inrange"
        ],
        "endpoint": {
            "name": "W",
            "abbv": "WSHD",
            "arity": 2,
            "p": 0,
            "kwargs": {
                "use_dt": false,
                "markers_distance": 21,
                "markers_area": null
            }
        },
        "mode": "default"
    }
}