{
    "dataset": {
        "name": "CIL",
        "label_name": "neuron",
        "indices": [
            62,
            40,
            76,
            6,
            37,
            34,
            1
        ]
    },
    "individual": {
        "sequence": "[[0, 0, 0, 0, 0], [0, 0, 0, 0, 0], [40, 1, 1, 244, 42], [34, 2, 0, 5, 248], [29, 2, 1, 149, 226], [41, 0, 2, 10, 168], [19, 0, 3, 127, 20], [34, 0, 1, 133, 173], [41, 5, 4, 169, 92], [6, 5, 2, 145, 176], [0, 5, 2, 131, 95], [39, 1, 6, 215, 157], [35, 0, 8, 5, 48], [33, 1, 5, 116, 123], [40, 13, 13, 55, 67], [41, 8, 8, 21, 189], [12, 2, 5, 74, 198], [2, 10, 4, 4, 161], [22, 6, 17, 155, 45], [27, 3, 1, 55, 134], [34, 0, 19, 96, 98], [20, 16, 5, 155, 217], [28, 1, 16, 212, 171], [0, 19, 13, 71, 159], [26, 13, 2, 25, 42], [12, 7, 18, 93, 219], [8, 16, 22, 224, 250], [18, 10, 3, 234, 220], [7, 3, 27, 194, 86], [12, 11, 24, 23, 97], [36, 4, 23, 247, 205], [29, 28, 7, 133, 29], [0, 17, 0, 0, 0], [0, 3, 0, 0, 0]]",
        "fitness": {
            "fitness": 0.09962572370256696,
            "time": 0.0285858086177281
        }
    },
    "decoding": {
        "metadata": {
            "rows": 1,
            "columns": 30,
            "n_in": 2,
            "n_out": 2,
            "n_para": 2,
            "n_conn": 2
        },
        "functions": [
            "max",
            "min",
            "mean",
            "add",
            "subtract",
            "bitwise_not",
            "bitwise_or",
            "bitwise_and",
            "bitwise_and_mask",
            "bitwise_xor",
            "sqrt",
            "pow2",
            "exp",
            "log",
            "median_blur",
            "gaussian_blur",
            "laplacian",
            "sobel",
            "robert_cross",
            "canny",
            "sharpen",
            "gabor",
            "abs_diff",
            "abs_diff2",
            "fluo_tophat",
            "rel_diff",
            "erode",
            "dilate",
            "open",
            "close",
            "morph_gradient",
            "morph_tophat",
            "morph_blackhat",
            "fill_holes",
            "remove_small_objects",
            "remove_small_holes",
            "threshold",
            "threshold_at_1",
            "distance_transform",
            "distance_transform_and_thresh",
            "inrange_bin",
            "inrange"
        ],
        "endpoint": {
            "name": "W",
            "abbv": "WSHD",
            "arity": 2,
            "p": 0,
            "kwargs": {
                "use_dt": false,
                "markers_distance": 21,
                "markers_area": null
            }
        },
        "mode": "default"
    }
}