{
    "dataset": {
        "name": "CIL",
        "label_name": "neuron",
        "indices": [
            69,
            51,
            43,
            71,
            54,
            2,
            41,
            72,
            21,
            83,
            40,
            29,
            35,
            61,
            34,
            48,
            28,
            60,
            11,
            7,
            55,
            20,
            75,
            30,
            17,
            68,
            25,
            62,
            70,
            64,
            79,
            63,
            52,
            18,
            84,
            33,
            77,
            76,
            58,
            81,
            80,
            15,
            14,
            32,
            37,
            39,
            88,
            1,
            50,
            59,
            6,
            78,
            74,
            36,
            19,
            23,
            12,
            16,
            86,
            9,
            66,
            73,
            82,
            5,
            45,
            49,
            24,
            47,
            26,
            65,
            31,
            8,
            22,
            3,
            57,
            10,
            46,
            53,
            0,
            44
        ]
    },
    "individual": {
        "sequence": "[[0, 0, 0, 0, 0], [0, 0, 0, 0, 0], [22, 1, 1, 75, 252], [19, 2, 0, 187, 163], [37, 1, 3, 66, 224], [15, 3, 0, 75, 226], [17, 4, 0, 187, 242], [40, 2, 6, 234, 67], [28, 1, 1, 20, 182], [20, 7, 2, 250, 74], [20, 3, 9, 249, 234], [35, 7, 3, 133, 210], [18, 11, 11, 244, 98], [25, 1, 10, 122, 10], [12, 13, 13, 159, 96], [41, 1, 10, 0, 236], [35, 15, 2, 6, 146], [32, 12, 7, 52, 3], [16, 7, 13, 228, 17], [10, 8, 5, 82, 187], [19, 5, 3, 244, 119], [41, 0, 2, 52, 222], [11, 8, 5, 102, 73], [13, 0, 16, 180, 104], [2, 7, 19, 130, 195], [39, 1, 5, 155, 231], [41, 24, 7, 132, 53], [29, 4, 26, 176, 137], [12, 23, 7, 35, 79], [40, 15, 9, 27, 45], [11, 24, 6, 124, 45], [7, 26, 4, 185, 166], [0, 28, 0, 0, 0], [0, 31, 0, 0, 0]]",
        "fitness": {
            "fitness": 0.17416032031178474,
            "time": 0.035762485861778257
        }
    },
    "decoding": {
        "metadata": {
            "rows": 1,
            "columns": 30,
            "n_in": 2,
            "n_out": 2,
            "n_para": 2,
            "n_conn": 2
        },
        "functions": [
            "max",
            "min",
            "mean",
            "add",
            "subtract",
            "bitwise_not",
            "bitwise_or",
            "bitwise_and",
            "bitwise_and_mask",
            "bitwise_xor",
            "sqrt",
            "pow2",
            "exp",
            "log",
            "median_blur",
            "gaussian_blur",
            "laplacian",
            "sobel",
            "robert_cross",
            "canny",
            "sharpen",
            "gabor",
            "abs_diff",
            "abs_diff2",
            "fluo_tophat",
            "rel_diff",
            "erode",
            "dilate",
            "open",
            "close",
            "morph_gradient",
            "morph_tophat",
            "morph_blackhat",
            "fill_holes",
            "remove_small_objects",
            "remove_small_holes",
            "threshold",
            "threshold_at_1",
            "distance_transform",
            "distance_transform_and_thresh",
            "inrange_bin",
            "inrange"
        ],
        "endpoint": {
            "name": "Marker-Based Watershed",
            "abbv": "WSHD",
            "arity": 2,
            "args": 0,
            "kwargs": {
                "use_dt": false,
                "markers_distance": 21,
                "markers_area": null
            }
        },
        "mode": "default"
    }
}