{
    "dataset": {
        "name": "CIL",
        "label_name": "neuron",
        "indices": [
            50,
            11,
            69,
            56,
            57,
            7,
            76,
            82,
            73,
            26,
            85,
            47,
            81,
            60,
            54
        ]
    },
    "individual": {
        "sequence": "[[0, 0, 0, 0, 0], [0, 0, 0, 0, 0], [5, 0, 1, 22, 109], [28, 1, 2, 21, 251], [29, 2, 3, 78, 225], [40, 3, 4, 40, 226], [19, 3, 1, 43, 146], [7, 2, 5, 214, 169], [41, 0, 7, 245, 9], [2, 0, 4, 211, 71], [31, 0, 6, 131, 65], [6, 4, 5, 133, 153], [17, 11, 9, 72, 185], [41, 4, 11, 229, 182], [1, 1, 13, 49, 221], [4, 12, 3, 65, 213], [38, 9, 4, 132, 131], [28, 9, 7, 240, 30], [12, 4, 17, 206, 237], [21, 7, 18, 33, 67], [2, 19, 8, 238, 173], [34, 4, 18, 189, 195], [9, 20, 7, 115, 215], [10, 21, 13, 45, 22], [2, 20, 5, 77, 13], [25, 4, 15, 92, 184], [27, 3, 18, 209, 25], [30, 23, 26, 45, 167], [13, 22, 12, 17, 174], [17, 25, 24, 143, 102], [29, 22, 11, 17, 162], [23, 27, 24, 103, 67], [0, 28, 0, 0, 0], [0, 5, 0, 0, 0]]",
        "fitness": {
            "fitness": 0.14228721459706625,
            "time": 0.027480220794677733
        }
    },
    "decoding": {
        "metadata": {
            "rows": 1,
            "columns": 30,
            "n_in": 2,
            "n_out": 2,
            "n_para": 2,
            "n_conn": 2
        },
        "functions": [
            "max",
            "min",
            "mean",
            "add",
            "subtract",
            "bitwise_not",
            "bitwise_or",
            "bitwise_and",
            "bitwise_and_mask",
            "bitwise_xor",
            "sqrt",
            "pow2",
            "exp",
            "log",
            "median_blur",
            "gaussian_blur",
            "laplacian",
            "sobel",
            "robert_cross",
            "canny",
            "sharpen",
            "gabor",
            "abs_diff",
            "abs_diff2",
            "fluo_tophat",
            "rel_diff",
            "erode",
            "dilate",
            "open",
            "close",
            "morph_gradient",
            "morph_tophat",
            "morph_blackhat",
            "fill_holes",
            "remove_small_objects",
            "remove_small_holes",
            "threshold",
            "threshold_at_1",
            "distance_transform",
            "distance_transform_and_thresh",
            "inrange_bin",
            "inrange"
        ],
        "endpoint": {
            "name": "W",
            "abbv": "WSHD",
            "arity": 2,
            "p": 0,
            "kwargs": {
                "use_dt": false,
                "markers_distance": 21,
                "markers_area": null
            }
        },
        "mode": "default"
    }
}