{
    "dataset": {
        "name": "CIL",
        "label_name": "neuron",
        "indices": [
            76,
            57,
            25,
            53,
            52,
            48,
            20,
            69,
            80,
            58,
            88,
            10,
            54,
            5,
            68,
            75,
            39,
            32,
            81,
            66,
            73,
            0,
            85,
            43,
            41,
            56,
            17,
            67,
            34,
            64,
            71,
            9,
            72,
            77,
            47,
            7,
            55,
            33,
            3,
            21,
            15,
            59,
            40,
            36,
            38,
            87,
            62,
            31,
            4,
            61,
            65,
            28,
            51,
            13,
            63,
            86,
            42,
            70,
            22,
            74,
            45,
            50,
            30,
            23,
            27,
            6,
            60,
            44,
            49,
            11,
            19,
            82,
            83,
            26,
            16,
            84,
            18,
            79,
            35,
            78
        ]
    },
    "individual": {
        "sequence": "[[0, 0, 0, 0, 0], [0, 0, 0, 0, 0], [11, 0, 0, 241, 125], [18, 1, 0, 86, 217], [28, 3, 1, 65, 89], [6, 2, 4, 158, 201], [17, 4, 4, 69, 150], [38, 2, 3, 138, 64], [29, 6, 1, 196, 131], [30, 1, 1, 191, 129], [11, 2, 6, 58, 245], [16, 10, 0, 72, 110], [37, 3, 7, 209, 185], [20, 9, 1, 244, 44], [7, 10, 11, 63, 189], [34, 3, 12, 66, 63], [14, 12, 0, 84, 222], [29, 4, 7, 22, 223], [22, 14, 8, 18, 231], [40, 7, 13, 153, 75], [18, 7, 6, 254, 153], [7, 4, 17, 39, 14], [22, 12, 9, 179, 225], [39, 21, 4, 23, 194], [0, 1, 3, 63, 188], [33, 8, 15, 129, 216], [7, 3, 18, 168, 2], [14, 14, 10, 109, 178], [6, 3, 3, 215, 184], [14, 13, 28, 224, 80], [13, 13, 16, 193, 32], [2, 12, 7, 249, 89], [0, 5, 0, 0, 0], [0, 23, 0, 0, 0]]",
        "fitness": {
            "fitness": 0.2859996730461717,
            "time": 0.026735982298851012
        }
    },
    "decoding": {
        "metadata": {
            "rows": 1,
            "columns": 30,
            "n_in": 2,
            "n_out": 2,
            "n_para": 2,
            "n_conn": 2
        },
        "functions": [
            "max",
            "min",
            "mean",
            "add",
            "subtract",
            "bitwise_not",
            "bitwise_or",
            "bitwise_and",
            "bitwise_and_mask",
            "bitwise_xor",
            "sqrt",
            "pow2",
            "exp",
            "log",
            "median_blur",
            "gaussian_blur",
            "laplacian",
            "sobel",
            "robert_cross",
            "canny",
            "sharpen",
            "gabor",
            "abs_diff",
            "abs_diff2",
            "fluo_tophat",
            "rel_diff",
            "erode",
            "dilate",
            "open",
            "close",
            "morph_gradient",
            "morph_tophat",
            "morph_blackhat",
            "fill_holes",
            "remove_small_objects",
            "remove_small_holes",
            "threshold",
            "threshold_at_1",
            "distance_transform",
            "distance_transform_and_thresh",
            "inrange_bin",
            "inrange"
        ],
        "endpoint": {
            "name": "Marker-Based Watershed",
            "abbv": "WSHD",
            "arity": 2,
            "args": 0,
            "kwargs": {
                "use_dt": false,
                "markers_distance": 21,
                "markers_area": null
            }
        },
        "mode": "default"
    }
}