{
    "dataset": {
        "name": "CIL",
        "label_name": "neuron",
        "indices": [
            63,
            64,
            9,
            88,
            33,
            16
        ]
    },
    "individual": {
        "sequence": "[[0, 0, 0, 0, 0], [0, 0, 0, 0, 0], [11, 1, 1, 53, 166], [3, 2, 2, 152, 13], [31, 3, 3, 169, 164], [11, 0, 2, 118, 83], [27, 4, 4, 6, 182], [35, 1, 3, 249, 146], [15, 3, 7, 84, 111], [1, 4, 2, 189, 18], [41, 4, 9, 237, 38], [2, 7, 8, 226, 116], [21, 5, 4, 117, 185], [1, 0, 1, 11, 130], [28, 12, 12, 22, 101], [22, 0, 7, 121, 156], [26, 4, 6, 66, 4], [0, 6, 9, 7, 41], [18, 16, 3, 64, 123], [37, 12, 6, 125, 28], [18, 7, 10, 104, 90], [0, 6, 5, 105, 111], [5, 0, 13, 125, 17], [30, 4, 11, 85, 101], [11, 9, 23, 192, 107], [18, 18, 15, 219, 23], [12, 18, 25, 56, 231], [19, 6, 23, 108, 227], [1, 24, 25, 58, 23], [30, 14, 21, 136, 152], [21, 1, 1, 90, 133], [4, 27, 4, 145, 255], [0, 21, 0, 0, 0], [0, 25, 0, 0, 0]]",
        "fitness": {
            "fitness": 0.10872458418210347,
            "time": 0.029657840728759766
        }
    },
    "decoding": {
        "metadata": {
            "rows": 1,
            "columns": 30,
            "n_in": 2,
            "n_out": 2,
            "n_para": 2,
            "n_conn": 2
        },
        "functions": [
            "max",
            "min",
            "mean",
            "add",
            "subtract",
            "bitwise_not",
            "bitwise_or",
            "bitwise_and",
            "bitwise_and_mask",
            "bitwise_xor",
            "sqrt",
            "pow2",
            "exp",
            "log",
            "median_blur",
            "gaussian_blur",
            "laplacian",
            "sobel",
            "robert_cross",
            "canny",
            "sharpen",
            "gabor",
            "abs_diff",
            "abs_diff2",
            "fluo_tophat",
            "rel_diff",
            "erode",
            "dilate",
            "open",
            "close",
            "morph_gradient",
            "morph_tophat",
            "morph_blackhat",
            "fill_holes",
            "remove_small_objects",
            "remove_small_holes",
            "threshold",
            "threshold_at_1",
            "distance_transform",
            "distance_transform_and_thresh",
            "inrange_bin",
            "inrange"
        ],
        "endpoint": {
            "name": "W",
            "abbv": "WSHD",
            "arity": 2,
            "p": 0,
            "kwargs": {
                "use_dt": false,
                "markers_distance": 21,
                "markers_area": null
            }
        },
        "mode": "default"
    }
}