{
    "dataset": {
        "name": "CIL",
        "label_name": "neuron",
        "indices": [
            57,
            66,
            9,
            82,
            73,
            67,
            88,
            37,
            23,
            12,
            46,
            32,
            47,
            64,
            24,
            1,
            48,
            28,
            83,
            5,
            79,
            87,
            17,
            76,
            8
        ]
    },
    "individual": {
        "sequence": "[[0, 0, 0, 0, 0], [0, 0, 0, 0, 0], [13, 0, 0, 143, 163], [8, 2, 2, 145, 114], [20, 2, 1, 79, 99], [20, 0, 1, 64, 200], [20, 1, 0, 150, 29], [20, 1, 1, 110, 91], [0, 1, 3, 241, 21], [31, 1, 0, 100, 142], [12, 2, 8, 99, 176], [14, 6, 0, 19, 46], [40, 6, 11, 7, 246], [24, 10, 8, 97, 159], [19, 6, 2, 106, 82], [40, 11, 14, 197, 42], [27, 8, 7, 141, 49], [22, 15, 13, 78, 128], [25, 4, 16, 253, 114], [1, 12, 15, 6, 227], [6, 9, 4, 29, 116], [30, 17, 10, 118, 73], [8, 7, 15, 148, 86], [21, 21, 7, 150, 197], [23, 1, 8, 217, 171], [13, 10, 14, 116, 18], [15, 13, 22, 58, 102], [3, 20, 12, 18, 50], [17, 16, 2, 212, 225], [16, 14, 14, 233, 15], [19, 12, 4, 237, 49], [4, 4, 30, 64, 198], [0, 13, 0, 0, 0], [0, 19, 0, 0, 0]]",
        "fitness": {
            "fitness": 0.17437358140945436,
            "time": 0.04651473999023437
        }
    },
    "decoding": {
        "metadata": {
            "rows": 1,
            "columns": 30,
            "n_in": 2,
            "n_out": 2,
            "n_para": 2,
            "n_conn": 2
        },
        "functions": [
            "max",
            "min",
            "mean",
            "add",
            "subtract",
            "bitwise_not",
            "bitwise_or",
            "bitwise_and",
            "bitwise_and_mask",
            "bitwise_xor",
            "sqrt",
            "pow2",
            "exp",
            "log",
            "median_blur",
            "gaussian_blur",
            "laplacian",
            "sobel",
            "robert_cross",
            "canny",
            "sharpen",
            "gabor",
            "abs_diff",
            "abs_diff2",
            "fluo_tophat",
            "rel_diff",
            "erode",
            "dilate",
            "open",
            "close",
            "morph_gradient",
            "morph_tophat",
            "morph_blackhat",
            "fill_holes",
            "remove_small_objects",
            "remove_small_holes",
            "threshold",
            "threshold_at_1",
            "distance_transform",
            "distance_transform_and_thresh",
            "inrange_bin",
            "inrange"
        ],
        "endpoint": {
            "name": "W",
            "abbv": "WSHD",
            "arity": 2,
            "p": 0,
            "kwargs": {
                "use_dt": false,
                "markers_distance": 21,
                "markers_area": null
            }
        },
        "mode": "default"
    }
}