{
    "dataset": {
        "name": "CIL",
        "label_name": "neuron",
        "indices": [
            51,
            57,
            63,
            70,
            30,
            47,
            20,
            23,
            72,
            13,
            40,
            33,
            6,
            56
        ]
    },
    "individual": {
        "sequence": "[[0, 0, 0, 0, 0], [0, 0, 0, 0, 0], [29, 1, 0, 32, 186], [1, 0, 1, 211, 36], [36, 1, 0, 200, 36], [3, 0, 3, 30, 245], [7, 4, 2, 59, 102], [14, 3, 2, 26, 0], [34, 6, 3, 20, 48], [11, 5, 3, 100, 106], [34, 0, 0, 242, 205], [21, 4, 1, 253, 228], [6, 3, 7, 190, 3], [9, 1, 11, 5, 50], [31, 1, 6, 255, 16], [22, 3, 7, 218, 45], [3, 4, 8, 95, 206], [11, 4, 0, 168, 84], [16, 9, 11, 210, 10], [23, 14, 1, 199, 17], [24, 9, 0, 23, 57], [25, 8, 4, 146, 80], [15, 13, 5, 239, 151], [28, 18, 18, 188, 112], [25, 7, 23, 146, 172], [28, 8, 5, 46, 85], [15, 14, 8, 149, 46], [32, 3, 6, 98, 39], [10, 13, 12, 180, 121], [31, 28, 21, 40, 211], [12, 16, 6, 45, 37], [0, 18, 28, 153, 53], [0, 20, 0, 0, 0], [0, 8, 0, 0, 0]]",
        "fitness": {
            "fitness": 0.11117835555757795,
            "time": 0.046444228717259
        }
    },
    "decoding": {
        "metadata": {
            "rows": 1,
            "columns": 30,
            "n_in": 2,
            "n_out": 2,
            "n_para": 2,
            "n_conn": 2
        },
        "functions": [
            "max",
            "min",
            "mean",
            "add",
            "subtract",
            "bitwise_not",
            "bitwise_or",
            "bitwise_and",
            "bitwise_and_mask",
            "bitwise_xor",
            "sqrt",
            "pow2",
            "exp",
            "log",
            "median_blur",
            "gaussian_blur",
            "laplacian",
            "sobel",
            "robert_cross",
            "canny",
            "sharpen",
            "gabor",
            "abs_diff",
            "abs_diff2",
            "fluo_tophat",
            "rel_diff",
            "erode",
            "dilate",
            "open",
            "close",
            "morph_gradient",
            "morph_tophat",
            "morph_blackhat",
            "fill_holes",
            "remove_small_objects",
            "remove_small_holes",
            "threshold",
            "threshold_at_1",
            "distance_transform",
            "distance_transform_and_thresh",
            "inrange_bin",
            "inrange"
        ],
        "endpoint": {
            "name": "Marker-Based Watershed",
            "abbv": "WSHD",
            "arity": 2,
            "p": 0,
            "kwargs": {
                "use_dt": false,
                "markers_distance": 21,
                "markers_area": null
            }
        },
        "mode": "default"
    }
}