{
    "dataset": {
        "name": "Tumor",
        "label_name": "tumor",
        "indices": null
    },
    "individual": {
        "sequence": "[[0, 0, 0, 0, 0], [0, 0, 0, 0, 0], [0, 0, 0, 0, 0], [3, 0, 0, 203, 198], [10, 1, 1, 117, 152], [40, 3, 1, 34, 24], [29, 1, 0, 5, 243], [14, 1, 6, 31, 3], [11, 3, 2, 86, 129], [9, 4, 5, 250, 186], [4, 9, 8, 135, 182], [12, 3, 7, 49, 228], [2, 1, 5, 82, 144], [26, 4, 4, 245, 141], [11, 6, 7, 171, 248], [3, 9, 14, 28, 116], [9, 15, 0, 68, 52], [22, 12, 3, 252, 95], [32, 0, 17, 252, 114], [14, 14, 14, 131, 178], [17, 11, 14, 158, 187], [37, 1, 17, 177, 13], [3, 6, 20, 239, 111], [31, 4, 10, 198, 209], [33, 19, 15, 200, 216], [32, 10, 22, 54, 15], [3, 11, 25, 37, 178], [27, 18, 21, 241, 119], [7, 24, 26, 255, 127], [4, 28, 0, 67, 247], [34, 18, 25, 181, 16], [11, 8, 9, 201, 199], [7, 4, 11, 63, 252], [0, 29, 0, 0, 0]]",
        "fitness": {
            "fitness": 0.12831011237598874,
            "time": 0.02154882748921712
        }
    },
    "decoding": {
        "metadata": {
            "rows": 1,
            "columns": 30,
            "n_in": 3,
            "n_out": 1,
            "n_para": 2,
            "n_conn": 2
        },
        "functions": [
            "max",
            "min",
            "mean",
            "add",
            "subtract",
            "bitwise_not",
            "bitwise_or",
            "bitwise_and",
            "bitwise_and_mask",
            "bitwise_xor",
            "sqrt",
            "pow2",
            "exp",
            "log",
            "median_blur",
            "gaussian_blur",
            "laplacian",
            "sobel",
            "robert_cross",
            "canny",
            "sharpen",
            "gabor",
            "abs_diff",
            "abs_diff2",
            "fluo_tophat",
            "rel_diff",
            "erode",
            "dilate",
            "open",
            "close",
            "morph_gradient",
            "morph_tophat",
            "morph_blackhat",
            "fill_holes",
            "remove_small_objects",
            "remove_small_holes",
            "threshold",
            "threshold_at_1",
            "distance_transform",
            "distance_transform_and_thresh",
            "inrange_bin",
            "inrange"
        ],
        "endpoint": {
            "name": "Threshold (t=4)",
            "abbv": "TRSH",
            "arity": 1,
            "p": 0,
            "kwargs": {
                "threshold": 4
            }
        },
        "mode": "default"
    }
}