{
    "dataset": {
        "name": "CIL",
        "label_name": "neuron",
        "indices": [
            6
        ]
    },
    "individual": {
        "sequence": "[[0, 0, 0, 0, 0], [0, 0, 0, 0, 0], [40, 1, 0, 58, 36], [15, 1, 1, 85, 142], [37, 3, 3, 168, 228], [18, 3, 1, 113, 111], [25, 4, 2, 54, 228], [34, 3, 3, 152, 131], [13, 7, 0, 36, 164], [3, 0, 6, 136, 110], [16, 2, 8, 187, 4], [40, 0, 1, 16, 138], [5, 2, 0, 139, 197], [14, 8, 0, 163, 241], [30, 2, 9, 47, 198], [3, 3, 11, 229, 6], [32, 14, 3, 204, 119], [24, 1, 3, 101, 43], [3, 5, 15, 40, 111], [14, 17, 1, 136, 186], [24, 11, 0, 169, 76], [41, 17, 9, 4, 108], [5, 4, 16, 81, 87], [21, 14, 16, 190, 41], [30, 2, 5, 109, 149], [40, 24, 3, 185, 14], [15, 23, 5, 223, 224], [0, 20, 3, 197, 73], [26, 2, 8, 195, 16], [31, 10, 27, 6, 43], [2, 15, 26, 248, 20], [33, 16, 23, 146, 80], [0, 11, 0, 0, 0], [0, 14, 0, 0, 0]]",
        "fitness": {
            "fitness": 0.08955222368240356,
            "time": 0.01749444007873535
        }
    },
    "decoding": {
        "metadata": {
            "rows": 1,
            "columns": 30,
            "n_in": 2,
            "n_out": 2,
            "n_para": 2,
            "n_conn": 2
        },
        "functions": [
            "max",
            "min",
            "mean",
            "add",
            "subtract",
            "bitwise_not",
            "bitwise_or",
            "bitwise_and",
            "bitwise_and_mask",
            "bitwise_xor",
            "sqrt",
            "pow2",
            "exp",
            "log",
            "median_blur",
            "gaussian_blur",
            "laplacian",
            "sobel",
            "robert_cross",
            "canny",
            "sharpen",
            "gabor",
            "abs_diff",
            "abs_diff2",
            "fluo_tophat",
            "rel_diff",
            "erode",
            "dilate",
            "open",
            "close",
            "morph_gradient",
            "morph_tophat",
            "morph_blackhat",
            "fill_holes",
            "remove_small_objects",
            "remove_small_holes",
            "threshold",
            "threshold_at_1",
            "distance_transform",
            "distance_transform_and_thresh",
            "inrange_bin",
            "inrange"
        ],
        "endpoint": {
            "name": "W",
            "abbv": "WSHD",
            "arity": 2,
            "p": 0,
            "kwargs": {
                "use_dt": false,
                "markers_distance": 21,
                "markers_area": null
            }
        },
        "mode": "default"
    }
}