{
    "dataset": {
        "name": "CIL",
        "label_name": "neuron",
        "indices": [
            48,
            39,
            44,
            20,
            5,
            31,
            40,
            28,
            85,
            32,
            68,
            88,
            62,
            43,
            34
        ]
    },
    "individual": {
        "sequence": "[[0, 0, 0, 0, 0], [0, 0, 0, 0, 0], [2, 0, 1, 210, 57], [24, 1, 1, 51, 233], [5, 2, 0, 176, 63], [26, 3, 1, 3, 211], [4, 3, 3, 9, 156], [28, 5, 3, 178, 30], [14, 6, 2, 87, 93], [27, 4, 3, 119, 207], [40, 1, 0, 194, 215], [4, 1, 4, 52, 116], [19, 5, 5, 99, 238], [36, 6, 7, 114, 58], [39, 11, 6, 243, 51], [15, 5, 4, 241, 239], [36, 3, 8, 182, 19], [16, 12, 1, 39, 17], [0, 0, 16, 129, 17], [15, 8, 12, 235, 125], [36, 18, 4, 225, 9], [41, 13, 8, 119, 147], [21, 3, 0, 6, 73], [22, 13, 18, 4, 150], [32, 20, 22, 14, 105], [38, 12, 8, 16, 215], [12, 21, 7, 231, 0], [29, 15, 3, 144, 28], [34, 3, 10, 61, 6], [14, 10, 27, 132, 60], [34, 28, 4, 242, 0], [13, 21, 5, 47, 119], [0, 20, 0, 0, 0], [0, 17, 0, 0, 0]]",
        "fitness": {
            "fitness": 0.12528448899586994,
            "time": 0.06067474683125814
        }
    },
    "decoding": {
        "metadata": {
            "rows": 1,
            "columns": 30,
            "n_in": 2,
            "n_out": 2,
            "n_para": 2,
            "n_conn": 2
        },
        "functions": [
            "max",
            "min",
            "mean",
            "add",
            "subtract",
            "bitwise_not",
            "bitwise_or",
            "bitwise_and",
            "bitwise_and_mask",
            "bitwise_xor",
            "sqrt",
            "pow2",
            "exp",
            "log",
            "median_blur",
            "gaussian_blur",
            "laplacian",
            "sobel",
            "robert_cross",
            "canny",
            "sharpen",
            "gabor",
            "abs_diff",
            "abs_diff2",
            "fluo_tophat",
            "rel_diff",
            "erode",
            "dilate",
            "open",
            "close",
            "morph_gradient",
            "morph_tophat",
            "morph_blackhat",
            "fill_holes",
            "remove_small_objects",
            "remove_small_holes",
            "threshold",
            "threshold_at_1",
            "distance_transform",
            "distance_transform_and_thresh",
            "inrange_bin",
            "inrange"
        ],
        "endpoint": {
            "name": "W",
            "abbv": "WSHD",
            "arity": 2,
            "p": 0,
            "kwargs": {
                "use_dt": false,
                "markers_distance": 21,
                "markers_area": null
            }
        },
        "mode": "default"
    }
}