{
    "dataset": {
        "name": "CIL",
        "label_name": "neuron",
        "indices": [
            6,
            23,
            43,
            70,
            68,
            78,
            5,
            69,
            29,
            54,
            34,
            67,
            50,
            53,
            36,
            55,
            86,
            27,
            60,
            49,
            80,
            7,
            71,
            63,
            20,
            13,
            47,
            37,
            81,
            35,
            17,
            10,
            26,
            3,
            75,
            21,
            87,
            66,
            16,
            42,
            62,
            31,
            41,
            77,
            85,
            57,
            51,
            22,
            32,
            24,
            48,
            64,
            18,
            82,
            2,
            8,
            1,
            88,
            72,
            0,
            14,
            56,
            58,
            28,
            61,
            52,
            84,
            19,
            46,
            76
        ]
    },
    "individual": {
        "sequence": "[[0, 0, 0, 0, 0], [0, 0, 0, 0, 0], [30, 0, 1, 115, 235], [12, 2, 1, 203, 157], [36, 0, 3, 212, 9], [13, 4, 4, 90, 104], [31, 1, 4, 156, 94], [39, 1, 1, 92, 209], [28, 1, 3, 17, 19], [26, 0, 4, 27, 85], [21, 2, 4, 30, 94], [41, 8, 1, 131, 230], [31, 7, 1, 163, 191], [1, 0, 8, 194, 64], [41, 8, 10, 154, 40], [41, 4, 0, 68, 201], [28, 9, 14, 182, 45], [0, 4, 12, 141, 250], [22, 11, 5, 66, 145], [27, 2, 0, 225, 160], [18, 4, 8, 13, 19], [23, 20, 13, 43, 167], [21, 1, 2, 153, 137], [36, 20, 8, 209, 110], [27, 13, 9, 190, 187], [15, 2, 5, 250, 156], [21, 4, 2, 158, 184], [41, 24, 23, 69, 194], [2, 23, 21, 38, 243], [12, 6, 28, 90, 44], [17, 8, 8, 16, 254], [36, 16, 16, 221, 220], [0, 5, 0, 0, 0], [0, 14, 0, 0, 0]]",
        "fitness": {
            "fitness": 0.14246405277933394,
            "time": 0.02761669499533517
        }
    },
    "decoding": {
        "metadata": {
            "rows": 1,
            "columns": 30,
            "n_in": 2,
            "n_out": 2,
            "n_para": 2,
            "n_conn": 2
        },
        "functions": [
            "max",
            "min",
            "mean",
            "add",
            "subtract",
            "bitwise_not",
            "bitwise_or",
            "bitwise_and",
            "bitwise_and_mask",
            "bitwise_xor",
            "sqrt",
            "pow2",
            "exp",
            "log",
            "median_blur",
            "gaussian_blur",
            "laplacian",
            "sobel",
            "robert_cross",
            "canny",
            "sharpen",
            "gabor",
            "abs_diff",
            "abs_diff2",
            "fluo_tophat",
            "rel_diff",
            "erode",
            "dilate",
            "open",
            "close",
            "morph_gradient",
            "morph_tophat",
            "morph_blackhat",
            "fill_holes",
            "remove_small_objects",
            "remove_small_holes",
            "threshold",
            "threshold_at_1",
            "distance_transform",
            "distance_transform_and_thresh",
            "inrange_bin",
            "inrange"
        ],
        "endpoint": {
            "name": "Marker-Based Watershed",
            "abbv": "WSHD",
            "arity": 2,
            "args": 0,
            "kwargs": {
                "use_dt": false,
                "markers_distance": 21,
                "markers_area": null
            }
        },
        "mode": "default"
    }
}