{
    "dataset": {
        "name": "Melanoma",
        "label_name": "melanoma",
        "indices": null
    },
    "individual": {
        "sequence": "[[0, 0, 0, 0, 0], [0, 0, 0, 0, 0], [0, 0, 0, 0, 0], [1, 0, 0, 64, 8], [23, 3, 1, 5, 161], [6, 2, 2, 138, 37], [3, 3, 4, 150, 90], [25, 6, 0, 26, 27], [18, 7, 2, 245, 12], [11, 6, 6, 147, 203], [29, 6, 1, 72, 40], [28, 2, 9, 212, 142], [32, 8, 5, 189, 159], [0, 5, 8, 176, 56], [38, 9, 4, 122, 89], [41, 10, 8, 230, 81], [18, 14, 0, 7, 216], [25, 16, 5, 51, 26], [6, 9, 11, 69, 168], [17, 13, 11, 243, 111], [20, 6, 11, 158, 90], [37, 15, 20, 201, 75], [15, 10, 10, 169, 133], [19, 15, 10, 107, 121], [10, 13, 22, 255, 199], [23, 1, 1, 29, 143], [8, 10, 21, 14, 35], [7, 16, 9, 176, 211], [16, 18, 0, 237, 248], [13, 28, 17, 226, 129], [20, 6, 28, 159, 152], [36, 17, 27, 174, 150], [35, 31, 18, 63, 63], [0, 28, 0, 0, 0], [0, 15, 0, 0, 0]]",
        "fitness": {
            "fitness": 0.1926689917842547,
            "time": 0.009594877560933432
        }
    },
    "decoding": {
        "metadata": {
            "rows": 1,
            "columns": 30,
            "n_in": 3,
            "n_out": 2,
            "n_para": 2,
            "n_conn": 2
        },
        "functions": [
            "max",
            "min",
            "mean",
            "add",
            "subtract",
            "bitwise_not",
            "bitwise_or",
            "bitwise_and",
            "bitwise_and_mask",
            "bitwise_xor",
            "sqrt",
            "pow2",
            "exp",
            "log",
            "median_blur",
            "gaussian_blur",
            "laplacian",
            "sobel",
            "robert_cross",
            "canny",
            "sharpen",
            "gabor",
            "abs_diff",
            "abs_diff2",
            "fluo_tophat",
            "rel_diff",
            "erode",
            "dilate",
            "open",
            "close",
            "morph_gradient",
            "morph_tophat",
            "morph_blackhat",
            "fill_holes",
            "remove_small_objects",
            "remove_small_holes",
            "threshold",
            "threshold_at_1",
            "distance_transform",
            "distance_transform_and_thresh",
            "inrange_bin",
            "inrange"
        ],
        "endpoint": {
            "name": "Marker-Based Watershed",
            "abbv": "WSHD",
            "arity": 2,
            "args": 0,
            "kwargs": {
                "use_dt": false,
                "markers_distance": 21,
                "markers_area": null
            }
        },
        "mode": "default"
    }
}