{
    "dataset": {
        "name": "CIL",
        "label_name": "neuron",
        "indices": [
            27,
            10,
            58,
            69,
            83,
            78,
            61,
            33,
            57,
            62,
            47,
            77,
            38,
            80,
            60,
            2,
            9,
            59,
            73,
            84,
            8,
            45,
            22,
            36,
            13,
            41,
            23,
            0,
            55,
            21,
            18,
            49,
            71,
            68,
            32,
            12,
            64,
            20,
            85,
            54,
            56,
            87,
            34,
            63,
            37,
            48,
            5,
            79,
            24,
            4,
            35,
            25,
            15,
            53,
            16,
            19,
            42,
            43,
            72,
            66,
            29,
            50,
            52,
            30,
            1,
            11,
            39,
            70,
            75,
            82,
            67,
            3,
            74,
            46,
            26,
            44,
            28,
            40,
            65,
            81
        ]
    },
    "individual": {
        "sequence": "[[0, 0, 0, 0, 0], [0, 0, 0, 0, 0], [3, 0, 0, 58, 188], [7, 0, 0, 38, 33], [19, 1, 0, 5, 133], [24, 2, 4, 127, 247], [18, 4, 5, 82, 72], [9, 5, 0, 111, 135], [12, 5, 2, 141, 229], [31, 1, 5, 254, 207], [17, 3, 9, 105, 154], [11, 5, 8, 166, 144], [14, 7, 7, 239, 119], [35, 6, 5, 215, 211], [26, 9, 6, 252, 16], [16, 13, 9, 169, 132], [15, 7, 5, 125, 15], [23, 3, 9, 217, 194], [32, 1, 5, 73, 10], [40, 5, 5, 119, 202], [19, 6, 6, 151, 254], [7, 16, 16, 171, 181], [33, 5, 1, 144, 36], [29, 0, 0, 62, 1], [16, 1, 9, 43, 227], [18, 13, 1, 78, 124], [29, 12, 24, 8, 115], [40, 18, 10, 95, 169], [29, 20, 22, 46, 184], [35, 16, 27, 154, 45], [25, 13, 14, 88, 17], [0, 14, 17, 12, 114], [0, 11, 0, 0, 0], [0, 13, 0, 0, 0]]",
        "fitness": {
            "fitness": 0.15946606621146203,
            "time": 0.046267333626747134
        }
    },
    "decoding": {
        "metadata": {
            "rows": 1,
            "columns": 30,
            "n_in": 2,
            "n_out": 2,
            "n_para": 2,
            "n_conn": 2
        },
        "functions": [
            "max",
            "min",
            "mean",
            "add",
            "subtract",
            "bitwise_not",
            "bitwise_or",
            "bitwise_and",
            "bitwise_and_mask",
            "bitwise_xor",
            "sqrt",
            "pow2",
            "exp",
            "log",
            "median_blur",
            "gaussian_blur",
            "laplacian",
            "sobel",
            "robert_cross",
            "canny",
            "sharpen",
            "gabor",
            "abs_diff",
            "abs_diff2",
            "fluo_tophat",
            "rel_diff",
            "erode",
            "dilate",
            "open",
            "close",
            "morph_gradient",
            "morph_tophat",
            "morph_blackhat",
            "fill_holes",
            "remove_small_objects",
            "remove_small_holes",
            "threshold",
            "threshold_at_1",
            "distance_transform",
            "distance_transform_and_thresh",
            "inrange_bin",
            "inrange"
        ],
        "endpoint": {
            "name": "Marker-Based Watershed",
            "abbv": "WSHD",
            "arity": 2,
            "args": 0,
            "kwargs": {
                "use_dt": false,
                "markers_distance": 21,
                "markers_area": null
            }
        },
        "mode": "default"
    }
}