{
    "dataset": {
        "name": "CIL",
        "label_name": "neuron",
        "indices": [
            83,
            79,
            64,
            12,
            29,
            33,
            31,
            21,
            23,
            54,
            56,
            15,
            39,
            43,
            16,
            58,
            68,
            65,
            61,
            42,
            74,
            57,
            73,
            25,
            86,
            37,
            40,
            14,
            41,
            27,
            24,
            84,
            22,
            34,
            48,
            44,
            66,
            36,
            2,
            55
        ]
    },
    "individual": {
        "sequence": "[[0, 0, 0, 0, 0], [0, 0, 0, 0, 0], [19, 0, 1, 72, 109], [28, 1, 1, 1, 246], [6, 1, 2, 60, 74], [31, 4, 0, 245, 195], [2, 0, 5, 204, 193], [17, 1, 0, 139, 126], [25, 6, 0, 34, 203], [41, 6, 7, 6, 241], [35, 9, 4, 28, 111], [35, 6, 0, 225, 238], [6, 4, 5, 9, 138], [41, 9, 0, 14, 237], [24, 3, 8, 61, 193], [34, 11, 6, 43, 19], [25, 11, 3, 17, 131], [36, 14, 16, 38, 66], [22, 16, 7, 204, 255], [28, 14, 14, 119, 229], [36, 3, 15, 131, 188], [9, 15, 16, 194, 114], [9, 13, 5, 32, 17], [30, 14, 8, 21, 154], [29, 3, 19, 77, 118], [26, 2, 17, 31, 158], [18, 9, 0, 92, 143], [24, 23, 3, 141, 196], [1, 12, 22, 175, 151], [5, 25, 28, 14, 234], [6, 22, 18, 101, 136], [23, 13, 19, 90, 103], [0, 9, 0, 0, 0], [0, 17, 0, 0, 0]]",
        "fitness": {
            "fitness": 0.1238398939371109,
            "time": 0.042685014009475705
        }
    },
    "decoding": {
        "metadata": {
            "rows": 1,
            "columns": 30,
            "n_in": 2,
            "n_out": 2,
            "n_para": 2,
            "n_conn": 2
        },
        "functions": [
            "max",
            "min",
            "mean",
            "add",
            "subtract",
            "bitwise_not",
            "bitwise_or",
            "bitwise_and",
            "bitwise_and_mask",
            "bitwise_xor",
            "sqrt",
            "pow2",
            "exp",
            "log",
            "median_blur",
            "gaussian_blur",
            "laplacian",
            "sobel",
            "robert_cross",
            "canny",
            "sharpen",
            "gabor",
            "abs_diff",
            "abs_diff2",
            "fluo_tophat",
            "rel_diff",
            "erode",
            "dilate",
            "open",
            "close",
            "morph_gradient",
            "morph_tophat",
            "morph_blackhat",
            "fill_holes",
            "remove_small_objects",
            "remove_small_holes",
            "threshold",
            "threshold_at_1",
            "distance_transform",
            "distance_transform_and_thresh",
            "inrange_bin",
            "inrange"
        ],
        "endpoint": {
            "name": "Marker-Based Watershed",
            "abbv": "WSHD",
            "arity": 2,
            "args": 0,
            "kwargs": {
                "use_dt": false,
                "markers_distance": 21,
                "markers_area": null
            }
        },
        "mode": "default"
    }
}