{
    "dataset": {
        "name": "CIL",
        "label_name": "neuron",
        "indices": [
            86,
            39,
            25,
            31,
            66,
            44,
            68,
            80,
            14,
            6,
            13,
            29,
            71,
            23,
            22
        ]
    },
    "individual": {
        "sequence": "[[0, 0, 0, 0, 0], [0, 0, 0, 0, 0], [41, 0, 0, 242, 207], [17, 2, 1, 115, 162], [40, 1, 0, 244, 39], [9, 2, 0, 176, 118], [3, 2, 2, 150, 143], [19, 6, 4, 179, 102], [4, 3, 1, 185, 137], [21, 2, 0, 167, 104], [38, 7, 3, 183, 114], [7, 2, 9, 179, 136], [6, 8, 7, 60, 88], [5, 1, 1, 100, 230], [12, 5, 4, 111, 130], [10, 1, 13, 234, 138], [31, 0, 13, 53, 212], [19, 10, 10, 136, 107], [14, 4, 17, 6, 154], [5, 12, 4, 95, 188], [35, 14, 1, 14, 141], [19, 19, 5, 108, 79], [6, 8, 18, 189, 191], [3, 8, 18, 119, 159], [34, 13, 10, 67, 8], [22, 20, 21, 5, 149], [29, 0, 7, 152, 207], [7, 23, 6, 198, 117], [35, 5, 14, 2, 76], [34, 19, 24, 211, 45], [29, 7, 6, 127, 201], [36, 14, 17, 243, 6], [0, 31, 0, 0, 0], [0, 18, 0, 0, 0]]",
        "fitness": {
            "fitness": 0.10943355560302734,
            "time": 0.03413132031758626
        }
    },
    "decoding": {
        "metadata": {
            "rows": 1,
            "columns": 30,
            "n_in": 2,
            "n_out": 2,
            "n_para": 2,
            "n_conn": 2
        },
        "functions": [
            "max",
            "min",
            "mean",
            "add",
            "subtract",
            "bitwise_not",
            "bitwise_or",
            "bitwise_and",
            "bitwise_and_mask",
            "bitwise_xor",
            "sqrt",
            "pow2",
            "exp",
            "log",
            "median_blur",
            "gaussian_blur",
            "laplacian",
            "sobel",
            "robert_cross",
            "canny",
            "sharpen",
            "gabor",
            "abs_diff",
            "abs_diff2",
            "fluo_tophat",
            "rel_diff",
            "erode",
            "dilate",
            "open",
            "close",
            "morph_gradient",
            "morph_tophat",
            "morph_blackhat",
            "fill_holes",
            "remove_small_objects",
            "remove_small_holes",
            "threshold",
            "threshold_at_1",
            "distance_transform",
            "distance_transform_and_thresh",
            "inrange_bin",
            "inrange"
        ],
        "endpoint": {
            "name": "W",
            "abbv": "WSHD",
            "arity": 2,
            "p": 0,
            "kwargs": {
                "use_dt": false,
                "markers_distance": 21,
                "markers_area": null
            }
        },
        "mode": "default"
    }
}