{
    "dataset": {
        "name": "Tumor",
        "label_name": "tumor",
        "indices": null
    },
    "individual": {
        "sequence": "[[0, 0, 0, 0, 0], [0, 0, 0, 0, 0], [0, 0, 0, 0, 0], [14, 2, 1, 20, 8], [41, 0, 1, 11, 142], [11, 3, 4, 16, 19], [6, 5, 4, 78, 239], [0, 3, 4, 170, 38], [4, 0, 1, 205, 111], [28, 6, 8, 43, 43], [41, 9, 0, 13, 196], [36, 2, 6, 198, 222], [24, 8, 10, 234, 119], [41, 7, 10, 135, 92], [27, 9, 8, 164, 137], [20, 2, 5, 237, 147], [28, 14, 14, 222, 33], [34, 11, 5, 167, 158], [6, 8, 14, 166, 21], [31, 8, 0, 197, 184], [32, 18, 14, 92, 4], [6, 8, 7, 100, 126], [16, 8, 13, 59, 0], [7, 10, 20, 63, 95], [39, 17, 12, 250, 255], [30, 14, 6, 64, 163], [0, 1, 7, 21, 187], [6, 8, 7, 123, 208], [34, 5, 22, 90, 119], [15, 20, 26, 137, 110], [28, 10, 19, 42, 196], [28, 19, 15, 35, 63], [1, 19, 13, 146, 12], [0, 30, 0, 0, 0]]",
        "fitness": {
            "fitness": 0.14846786638268805,
            "time": 0.01078706979751587
        }
    },
    "decoding": {
        "metadata": {
            "rows": 1,
            "columns": 30,
            "n_in": 3,
            "n_out": 1,
            "n_para": 2,
            "n_conn": 2
        },
        "functions": [
            "max",
            "min",
            "mean",
            "add",
            "subtract",
            "bitwise_not",
            "bitwise_or",
            "bitwise_and",
            "bitwise_and_mask",
            "bitwise_xor",
            "sqrt",
            "pow2",
            "exp",
            "log",
            "median_blur",
            "gaussian_blur",
            "laplacian",
            "sobel",
            "robert_cross",
            "canny",
            "sharpen",
            "gabor",
            "abs_diff",
            "abs_diff2",
            "fluo_tophat",
            "rel_diff",
            "erode",
            "dilate",
            "open",
            "close",
            "morph_gradient",
            "morph_tophat",
            "morph_blackhat",
            "fill_holes",
            "remove_small_objects",
            "remove_small_holes",
            "threshold",
            "threshold_at_1",
            "distance_transform",
            "distance_transform_and_thresh",
            "inrange_bin",
            "inrange"
        ],
        "endpoint": {
            "name": "Threshold (t=4)",
            "abbv": "TRSH",
            "arity": 1,
            "p": 0,
            "kwargs": {
                "threshold": 4
            }
        },
        "mode": "default"
    }
}