{
    "dataset": {
        "name": "CIL",
        "label_name": "neuron",
        "indices": [
            32,
            44,
            3,
            26,
            36,
            1,
            74,
            5,
            30,
            43,
            54,
            27,
            22
        ]
    },
    "individual": {
        "sequence": "[[0, 0, 0, 0, 0], [0, 0, 0, 0, 0], [20, 0, 0, 201, 233], [41, 1, 2, 51, 240], [3, 2, 0, 28, 182], [11, 4, 2, 243, 222], [31, 4, 1, 157, 238], [3, 4, 5, 22, 247], [1, 5, 2, 175, 197], [28, 0, 8, 89, 196], [40, 1, 6, 244, 40], [34, 10, 1, 18, 9], [14, 4, 0, 171, 237], [40, 1, 0, 172, 137], [9, 5, 13, 26, 109], [19, 14, 8, 27, 190], [22, 10, 4, 133, 231], [24, 8, 7, 94, 150], [36, 10, 9, 25, 208], [34, 16, 4, 218, 237], [11, 3, 9, 120, 193], [21, 20, 13, 199, 115], [36, 19, 16, 195, 76], [26, 13, 14, 186, 149], [36, 3, 6, 86, 166], [34, 2, 13, 254, 1], [36, 25, 4, 22, 86], [29, 0, 2, 248, 233], [14, 20, 9, 94, 201], [33, 10, 27, 179, 156], [23, 8, 25, 217, 1], [2, 13, 24, 254, 146], [0, 8, 0, 0, 0], [0, 11, 0, 0, 0]]",
        "fitness": {
            "fitness": 0.08554739676989041,
            "time": 0.03564163354726938
        }
    },
    "decoding": {
        "metadata": {
            "rows": 1,
            "columns": 30,
            "n_in": 2,
            "n_out": 2,
            "n_para": 2,
            "n_conn": 2
        },
        "functions": [
            "max",
            "min",
            "mean",
            "add",
            "subtract",
            "bitwise_not",
            "bitwise_or",
            "bitwise_and",
            "bitwise_and_mask",
            "bitwise_xor",
            "sqrt",
            "pow2",
            "exp",
            "log",
            "median_blur",
            "gaussian_blur",
            "laplacian",
            "sobel",
            "robert_cross",
            "canny",
            "sharpen",
            "gabor",
            "abs_diff",
            "abs_diff2",
            "fluo_tophat",
            "rel_diff",
            "erode",
            "dilate",
            "open",
            "close",
            "morph_gradient",
            "morph_tophat",
            "morph_blackhat",
            "fill_holes",
            "remove_small_objects",
            "remove_small_holes",
            "threshold",
            "threshold_at_1",
            "distance_transform",
            "distance_transform_and_thresh",
            "inrange_bin",
            "inrange"
        ],
        "endpoint": {
            "name": "Marker-Based Watershed",
            "abbv": "WSHD",
            "arity": 2,
            "p": 0,
            "kwargs": {
                "use_dt": false,
                "markers_distance": 21,
                "markers_area": null
            }
        },
        "mode": "default"
    }
}