{
    "dataset": {
        "name": "CIL",
        "label_name": "neuron",
        "indices": [
            2,
            29,
            66,
            53,
            21,
            73,
            17,
            0,
            67,
            27,
            85,
            14,
            45,
            39,
            52,
            72,
            48,
            51,
            37,
            64,
            55,
            8,
            11,
            54,
            34,
            33,
            47,
            59,
            57,
            56,
            69,
            30,
            65,
            1,
            40,
            83,
            22,
            13,
            3,
            15,
            44,
            60,
            6,
            35,
            86,
            76,
            38,
            74,
            12,
            26
        ]
    },
    "individual": {
        "sequence": "[[0, 0, 0, 0, 0], [0, 0, 0, 0, 0], [31, 0, 1, 245, 207], [11, 0, 1, 207, 159], [41, 1, 0, 182, 38], [28, 1, 3, 19, 151], [13, 2, 2, 194, 97], [41, 5, 6, 41, 237], [2, 3, 6, 3, 48], [11, 4, 5, 21, 152], [7, 4, 2, 82, 39], [33, 6, 8, 121, 89], [33, 6, 11, 54, 201], [38, 4, 7, 141, 115], [12, 3, 2, 73, 78], [37, 9, 0, 197, 123], [16, 15, 1, 150, 211], [10, 4, 5, 10, 81], [0, 10, 8, 63, 8], [2, 17, 8, 37, 241], [35, 14, 10, 140, 7], [9, 12, 9, 240, 232], [6, 19, 7, 80, 195], [29, 16, 17, 217, 211], [4, 17, 0, 133, 130], [19, 17, 0, 39, 76], [15, 4, 13, 174, 179], [19, 15, 3, 63, 238], [6, 20, 26, 232, 242], [13, 5, 19, 63, 145], [1, 15, 22, 51, 133], [27, 8, 18, 5, 202], [0, 18, 0, 0, 0], [0, 7, 0, 0, 0]]",
        "fitness": {
            "fitness": 0.12995512962341307,
            "time": 0.032501220703125
        }
    },
    "decoding": {
        "metadata": {
            "rows": 1,
            "columns": 30,
            "n_in": 2,
            "n_out": 2,
            "n_para": 2,
            "n_conn": 2
        },
        "functions": [
            "max",
            "min",
            "mean",
            "add",
            "subtract",
            "bitwise_not",
            "bitwise_or",
            "bitwise_and",
            "bitwise_and_mask",
            "bitwise_xor",
            "sqrt",
            "pow2",
            "exp",
            "log",
            "median_blur",
            "gaussian_blur",
            "laplacian",
            "sobel",
            "robert_cross",
            "canny",
            "sharpen",
            "gabor",
            "abs_diff",
            "abs_diff2",
            "fluo_tophat",
            "rel_diff",
            "erode",
            "dilate",
            "open",
            "close",
            "morph_gradient",
            "morph_tophat",
            "morph_blackhat",
            "fill_holes",
            "remove_small_objects",
            "remove_small_holes",
            "threshold",
            "threshold_at_1",
            "distance_transform",
            "distance_transform_and_thresh",
            "inrange_bin",
            "inrange"
        ],
        "endpoint": {
            "name": "W",
            "abbv": "WSHD",
            "arity": 2,
            "p": 0,
            "kwargs": {
                "use_dt": false,
                "markers_distance": 21,
                "markers_area": null
            }
        },
        "mode": "default"
    }
}