{
    "dataset": {
        "name": "CIL",
        "label_name": "neuron",
        "indices": [
            13,
            67,
            25,
            1,
            47,
            3,
            63,
            30,
            24,
            51,
            48,
            54,
            83,
            2,
            72,
            62,
            29,
            35,
            69,
            6,
            65,
            41,
            82,
            16,
            75,
            31,
            11,
            12,
            28,
            81,
            84,
            86,
            52,
            79,
            17,
            9,
            15,
            49,
            78,
            8
        ]
    },
    "individual": {
        "sequence": "[[0, 0, 0, 0, 0], [0, 0, 0, 0, 0], [20, 1, 1, 99, 8], [41, 2, 0, 195, 74], [1, 2, 1, 128, 83], [41, 2, 0, 73, 154], [36, 4, 2, 79, 41], [13, 0, 4, 255, 88], [34, 6, 3, 10, 105], [12, 0, 4, 57, 253], [22, 7, 5, 47, 62], [17, 8, 4, 187, 145], [9, 8, 5, 58, 148], [13, 11, 5, 35, 239], [7, 7, 8, 139, 176], [2, 12, 5, 194, 233], [31, 7, 8, 105, 214], [15, 2, 16, 85, 172], [34, 15, 15, 219, 229], [26, 11, 1, 232, 159], [24, 9, 13, 143, 74], [40, 14, 20, 116, 59], [7, 3, 2, 79, 221], [16, 10, 10, 247, 151], [33, 10, 16, 68, 66], [21, 18, 19, 213, 108], [30, 21, 6, 174, 242], [11, 20, 18, 93, 203], [38, 9, 1, 77, 44], [25, 2, 19, 243, 81], [24, 4, 25, 179, 45], [20, 5, 26, 216, 185], [0, 27, 0, 0, 0], [0, 8, 0, 0, 0]]",
        "fitness": {
            "fitness": 0.12469669729471207,
            "time": 0.06681214570999146
        }
    },
    "decoding": {
        "metadata": {
            "rows": 1,
            "columns": 30,
            "n_in": 2,
            "n_out": 2,
            "n_para": 2,
            "n_conn": 2
        },
        "functions": [
            "max",
            "min",
            "mean",
            "add",
            "subtract",
            "bitwise_not",
            "bitwise_or",
            "bitwise_and",
            "bitwise_and_mask",
            "bitwise_xor",
            "sqrt",
            "pow2",
            "exp",
            "log",
            "median_blur",
            "gaussian_blur",
            "laplacian",
            "sobel",
            "robert_cross",
            "canny",
            "sharpen",
            "gabor",
            "abs_diff",
            "abs_diff2",
            "fluo_tophat",
            "rel_diff",
            "erode",
            "dilate",
            "open",
            "close",
            "morph_gradient",
            "morph_tophat",
            "morph_blackhat",
            "fill_holes",
            "remove_small_objects",
            "remove_small_holes",
            "threshold",
            "threshold_at_1",
            "distance_transform",
            "distance_transform_and_thresh",
            "inrange_bin",
            "inrange"
        ],
        "endpoint": {
            "name": "Marker-Based Watershed",
            "abbv": "WSHD",
            "arity": 2,
            "args": 0,
            "kwargs": {
                "use_dt": false,
                "markers_distance": 21,
                "markers_area": null
            }
        },
        "mode": "default"
    }
}