{
    "dataset": {
        "name": "CIL",
        "label_name": "neuron",
        "indices": [
            82,
            75,
            74,
            83,
            9,
            65,
            39,
            13,
            73,
            53,
            66,
            6,
            14,
            2,
            38,
            12,
            32,
            17,
            84,
            54,
            21,
            25,
            80,
            37,
            72,
            0,
            10,
            78,
            68,
            4,
            40,
            30,
            31,
            43,
            88,
            59,
            23,
            20,
            16,
            47,
            81,
            79,
            71,
            45,
            61,
            85,
            48,
            29,
            46,
            44,
            62,
            36,
            19,
            3,
            63,
            70,
            35,
            27,
            76,
            26,
            60,
            49,
            69,
            42,
            56,
            8,
            18,
            64,
            41,
            55,
            11,
            77,
            24,
            7,
            15,
            52,
            28,
            86,
            1,
            51
        ]
    },
    "individual": {
        "sequence": "[[0, 0, 0, 0, 0], [0, 0, 0, 0, 0], [31, 1, 1, 216, 238], [3, 0, 2, 201, 105], [19, 3, 1, 244, 195], [40, 3, 0, 52, 66], [36, 2, 4, 216, 22], [20, 0, 2, 102, 15], [10, 0, 6, 199, 168], [20, 6, 0, 144, 73], [8, 6, 1, 48, 116], [24, 6, 0, 223, 41], [31, 6, 2, 108, 84], [9, 5, 7, 141, 124], [9, 8, 6, 177, 35], [1, 7, 4, 44, 119], [2, 15, 15, 72, 219], [18, 13, 1, 46, 70], [36, 13, 17, 173, 172], [37, 13, 17, 192, 71], [6, 18, 3, 175, 181], [5, 5, 7, 246, 112], [0, 4, 2, 112, 97], [36, 12, 0, 46, 195], [2, 23, 10, 61, 132], [29, 2, 11, 233, 195], [11, 25, 6, 86, 200], [39, 9, 25, 57, 226], [1, 16, 25, 107, 234], [24, 16, 12, 81, 1], [36, 20, 27, 144, 10], [41, 3, 15, 86, 73], [0, 30, 0, 0, 0], [0, 27, 0, 0, 0]]",
        "fitness": {
            "fitness": 0.12042030170559884,
            "time": 0.03153238594532013
        }
    },
    "decoding": {
        "metadata": {
            "rows": 1,
            "columns": 30,
            "n_in": 2,
            "n_out": 2,
            "n_para": 2,
            "n_conn": 2
        },
        "functions": [
            "max",
            "min",
            "mean",
            "add",
            "subtract",
            "bitwise_not",
            "bitwise_or",
            "bitwise_and",
            "bitwise_and_mask",
            "bitwise_xor",
            "sqrt",
            "pow2",
            "exp",
            "log",
            "median_blur",
            "gaussian_blur",
            "laplacian",
            "sobel",
            "robert_cross",
            "canny",
            "sharpen",
            "gabor",
            "abs_diff",
            "abs_diff2",
            "fluo_tophat",
            "rel_diff",
            "erode",
            "dilate",
            "open",
            "close",
            "morph_gradient",
            "morph_tophat",
            "morph_blackhat",
            "fill_holes",
            "remove_small_objects",
            "remove_small_holes",
            "threshold",
            "threshold_at_1",
            "distance_transform",
            "distance_transform_and_thresh",
            "inrange_bin",
            "inrange"
        ],
        "endpoint": {
            "name": "Marker-Based Watershed",
            "abbv": "WSHD",
            "arity": 2,
            "args": 0,
            "kwargs": {
                "use_dt": false,
                "markers_distance": 21,
                "markers_area": null
            }
        },
        "mode": "default"
    }
}