{
    "dataset": {
        "name": "CIL",
        "label_name": "neuron",
        "indices": [
            50,
            16,
            10,
            70,
            81
        ]
    },
    "individual": {
        "sequence": "[[0, 0, 0, 0, 0], [0, 0, 0, 0, 0], [22, 0, 1, 59, 234], [29, 0, 2, 46, 225], [3, 0, 0, 35, 94], [11, 4, 3, 229, 241], [36, 2, 3, 179, 114], [19, 1, 1, 17, 116], [25, 2, 4, 3, 196], [7, 2, 0, 185, 204], [17, 5, 6, 181, 113], [23, 2, 8, 47, 89], [33, 2, 9, 168, 166], [6, 0, 7, 171, 96], [12, 10, 2, 16, 232], [10, 0, 4, 254, 190], [33, 6, 13, 123, 170], [9, 11, 8, 201, 28], [17, 3, 14, 110, 135], [3, 8, 11, 134, 237], [10, 7, 10, 28, 5], [41, 20, 15, 250, 71], [18, 7, 21, 90, 32], [19, 17, 10, 124, 222], [12, 16, 23, 234, 132], [25, 19, 21, 29, 240], [11, 9, 21, 232, 194], [28, 10, 2, 128, 212], [11, 18, 6, 19, 48], [26, 18, 14, 44, 94], [33, 22, 2, 93, 116], [29, 16, 11, 77, 121], [0, 5, 0, 0, 0], [0, 30, 0, 0, 0]]",
        "fitness": {
            "fitness": 0.14522534608840942,
            "time": 0.07661952972412109
        }
    },
    "decoding": {
        "metadata": {
            "rows": 1,
            "columns": 30,
            "n_in": 2,
            "n_out": 2,
            "n_para": 2,
            "n_conn": 2
        },
        "functions": [
            "max",
            "min",
            "mean",
            "add",
            "subtract",
            "bitwise_not",
            "bitwise_or",
            "bitwise_and",
            "bitwise_and_mask",
            "bitwise_xor",
            "sqrt",
            "pow2",
            "exp",
            "log",
            "median_blur",
            "gaussian_blur",
            "laplacian",
            "sobel",
            "robert_cross",
            "canny",
            "sharpen",
            "gabor",
            "abs_diff",
            "abs_diff2",
            "fluo_tophat",
            "rel_diff",
            "erode",
            "dilate",
            "open",
            "close",
            "morph_gradient",
            "morph_tophat",
            "morph_blackhat",
            "fill_holes",
            "remove_small_objects",
            "remove_small_holes",
            "threshold",
            "threshold_at_1",
            "distance_transform",
            "distance_transform_and_thresh",
            "inrange_bin",
            "inrange"
        ],
        "endpoint": {
            "name": "W",
            "abbv": "WSHD",
            "arity": 2,
            "p": 0,
            "kwargs": {
                "use_dt": false,
                "markers_distance": 21,
                "markers_area": null
            }
        },
        "mode": "default"
    }
}