{
    "dataset": {
        "name": "CIL",
        "label_name": "neuron",
        "indices": [
            69,
            33,
            78,
            32,
            81,
            42,
            64,
            35,
            67,
            12,
            74,
            20,
            76,
            52,
            18,
            63,
            77,
            57,
            34,
            46,
            29,
            61,
            5,
            55,
            37,
            16,
            54,
            50,
            19,
            83,
            22,
            30,
            39,
            56,
            36,
            9,
            43,
            47,
            70,
            79,
            51,
            28,
            87,
            26,
            24,
            49,
            3,
            6,
            85,
            75
        ]
    },
    "individual": {
        "sequence": "[[0, 0, 0, 0, 0], [0, 0, 0, 0, 0], [36, 1, 0, 237, 47], [7, 0, 2, 61, 47], [39, 3, 0, 88, 38], [37, 1, 0, 97, 204], [35, 3, 3, 12, 157], [0, 3, 6, 198, 99], [23, 3, 2, 34, 73], [7, 7, 0, 154, 110], [17, 8, 6, 20, 176], [2, 8, 10, 138, 62], [27, 6, 2, 204, 8], [4, 0, 4, 149, 32], [30, 13, 8, 9, 253], [8, 9, 12, 29, 167], [41, 13, 4, 8, 26], [34, 6, 10, 18, 43], [18, 13, 11, 72, 175], [19, 15, 13, 154, 242], [10, 6, 13, 178, 164], [34, 17, 7, 31, 142], [3, 17, 12, 185, 47], [41, 0, 2, 243, 10], [12, 22, 8, 251, 239], [23, 10, 20, 115, 159], [0, 10, 23, 153, 90], [10, 8, 7, 14, 104], [21, 15, 6, 181, 219], [20, 27, 15, 56, 10], [30, 7, 2, 51, 51], [26, 3, 5, 224, 61], [0, 26, 0, 0, 0], [0, 17, 0, 0, 0]]",
        "fitness": {
            "fitness": 0.12718682765960693,
            "time": 0.03612499713897705
        }
    },
    "decoding": {
        "metadata": {
            "rows": 1,
            "columns": 30,
            "n_in": 2,
            "n_out": 2,
            "n_para": 2,
            "n_conn": 2
        },
        "functions": [
            "max",
            "min",
            "mean",
            "add",
            "subtract",
            "bitwise_not",
            "bitwise_or",
            "bitwise_and",
            "bitwise_and_mask",
            "bitwise_xor",
            "sqrt",
            "pow2",
            "exp",
            "log",
            "median_blur",
            "gaussian_blur",
            "laplacian",
            "sobel",
            "robert_cross",
            "canny",
            "sharpen",
            "gabor",
            "abs_diff",
            "abs_diff2",
            "fluo_tophat",
            "rel_diff",
            "erode",
            "dilate",
            "open",
            "close",
            "morph_gradient",
            "morph_tophat",
            "morph_blackhat",
            "fill_holes",
            "remove_small_objects",
            "remove_small_holes",
            "threshold",
            "threshold_at_1",
            "distance_transform",
            "distance_transform_and_thresh",
            "inrange_bin",
            "inrange"
        ],
        "endpoint": {
            "name": "W",
            "abbv": "WSHD",
            "arity": 2,
            "p": 0,
            "kwargs": {
                "use_dt": false,
                "markers_distance": 21,
                "markers_area": null
            }
        },
        "mode": "default"
    }
}