{
    "dataset": {
        "name": "Tumor",
        "label_name": "tumor",
        "indices": null
    },
    "individual": {
        "sequence": "[[0, 0, 0, 0, 0], [0, 0, 0, 0, 0], [0, 0, 0, 0, 0], [40, 2, 0, 45, 124], [6, 0, 2, 70, 242], [34, 0, 3, 142, 131], [9, 3, 4, 9, 211], [17, 5, 2, 136, 7], [15, 6, 6, 34, 191], [40, 8, 3, 227, 115], [35, 9, 0, 235, 151], [38, 7, 2, 199, 99], [16, 7, 11, 141, 134], [41, 1, 4, 199, 150], [39, 3, 5, 238, 111], [29, 6, 11, 163, 27], [36, 7, 9, 128, 158], [12, 14, 1, 89, 224], [34, 10, 9, 218, 46], [37, 2, 4, 69, 214], [33, 17, 9, 145, 23], [0, 13, 17, 26, 141], [26, 1, 13, 151, 113], [38, 8, 9, 121, 184], [37, 1, 21, 218, 53], [34, 23, 3, 170, 2], [33, 18, 20, 65, 239], [21, 5, 26, 148, 108], [37, 3, 7, 167, 204], [20, 7, 11, 212, 140], [22, 6, 27, 147, 50], [35, 6, 25, 157, 16], [19, 29, 10, 197, 124], [0, 26, 0, 0, 0]]",
        "fitness": {
            "fitness": 0.14955657177820106,
            "time": 0.019999563694000244
        }
    },
    "decoding": {
        "metadata": {
            "rows": 1,
            "columns": 30,
            "n_in": 3,
            "n_out": 1,
            "n_para": 2,
            "n_conn": 2
        },
        "functions": [
            "max",
            "min",
            "mean",
            "add",
            "subtract",
            "bitwise_not",
            "bitwise_or",
            "bitwise_and",
            "bitwise_and_mask",
            "bitwise_xor",
            "sqrt",
            "pow2",
            "exp",
            "log",
            "median_blur",
            "gaussian_blur",
            "laplacian",
            "sobel",
            "robert_cross",
            "canny",
            "sharpen",
            "gabor",
            "abs_diff",
            "abs_diff2",
            "fluo_tophat",
            "rel_diff",
            "erode",
            "dilate",
            "open",
            "close",
            "morph_gradient",
            "morph_tophat",
            "morph_blackhat",
            "fill_holes",
            "remove_small_objects",
            "remove_small_holes",
            "threshold",
            "threshold_at_1",
            "distance_transform",
            "distance_transform_and_thresh",
            "inrange_bin",
            "inrange"
        ],
        "endpoint": {
            "name": "Threshold (t=4)",
            "abbv": "TRSH",
            "arity": 1,
            "p": 0,
            "kwargs": {
                "threshold": 4
            }
        },
        "mode": "default"
    }
}