{
    "dataset": {
        "name": "CIL",
        "label_name": "neuron",
        "indices": [
            30,
            68,
            50,
            2,
            63,
            22,
            47,
            46,
            18,
            79,
            60,
            21,
            9
        ]
    },
    "individual": {
        "sequence": "[[0, 0, 0, 0, 0], [0, 0, 0, 0, 0], [11, 1, 0, 146, 110], [39, 1, 2, 197, 238], [18, 2, 2, 254, 54], [17, 2, 1, 229, 98], [19, 2, 1, 7, 18], [36, 3, 2, 218, 3], [40, 7, 1, 154, 221], [35, 4, 6, 223, 93], [34, 1, 1, 37, 202], [37, 3, 5, 115, 116], [3, 1, 10, 95, 25], [21, 7, 1, 107, 52], [27, 6, 2, 1, 181], [41, 0, 8, 145, 12], [6, 9, 7, 8, 18], [9, 0, 11, 237, 11], [0, 14, 17, 128, 64], [12, 16, 5, 2, 173], [35, 12, 12, 35, 63], [6, 11, 20, 128, 204], [7, 15, 18, 53, 71], [0, 5, 12, 109, 105], [9, 23, 22, 169, 63], [18, 8, 21, 107, 41], [16, 7, 22, 43, 255], [2, 6, 15, 163, 209], [15, 1, 16, 157, 239], [10, 22, 16, 207, 158], [15, 8, 27, 137, 230], [0, 27, 14, 226, 210], [0, 31, 0, 0, 0], [0, 14, 0, 0, 0]]",
        "fitness": {
            "fitness": 0.17919680705437294,
            "time": 0.02918239740224985
        }
    },
    "decoding": {
        "metadata": {
            "rows": 1,
            "columns": 30,
            "n_in": 2,
            "n_out": 2,
            "n_para": 2,
            "n_conn": 2
        },
        "functions": [
            "max",
            "min",
            "mean",
            "add",
            "subtract",
            "bitwise_not",
            "bitwise_or",
            "bitwise_and",
            "bitwise_and_mask",
            "bitwise_xor",
            "sqrt",
            "pow2",
            "exp",
            "log",
            "median_blur",
            "gaussian_blur",
            "laplacian",
            "sobel",
            "robert_cross",
            "canny",
            "sharpen",
            "gabor",
            "abs_diff",
            "abs_diff2",
            "fluo_tophat",
            "rel_diff",
            "erode",
            "dilate",
            "open",
            "close",
            "morph_gradient",
            "morph_tophat",
            "morph_blackhat",
            "fill_holes",
            "remove_small_objects",
            "remove_small_holes",
            "threshold",
            "threshold_at_1",
            "distance_transform",
            "distance_transform_and_thresh",
            "inrange_bin",
            "inrange"
        ],
        "endpoint": {
            "name": "Marker-Based Watershed",
            "abbv": "WSHD",
            "arity": 2,
            "p": 0,
            "kwargs": {
                "use_dt": false,
                "markers_distance": 21,
                "markers_area": null
            }
        },
        "mode": "default"
    }
}