{
    "dataset": {
        "name": "CIL",
        "label_name": "neuron",
        "indices": [
            50,
            57,
            54,
            18,
            73,
            85
        ]
    },
    "individual": {
        "sequence": "[[0, 0, 0, 0, 0], [0, 0, 0, 0, 0], [40, 1, 0, 193, 42], [34, 2, 2, 219, 47], [27, 2, 0, 30, 141], [30, 0, 0, 205, 176], [2, 0, 4, 133, 134], [29, 1, 1, 251, 231], [31, 6, 2, 252, 173], [11, 2, 6, 145, 129], [19, 8, 7, 65, 172], [2, 10, 8, 180, 4], [14, 2, 10, 3, 125], [12, 8, 9, 31, 140], [14, 1, 10, 216, 4], [18, 10, 5, 2, 106], [16, 11, 10, 240, 190], [16, 14, 1, 1, 217], [7, 7, 11, 79, 86], [20, 12, 15, 125, 184], [11, 2, 2, 228, 98], [5, 0, 12, 241, 251], [26, 8, 15, 136, 237], [3, 19, 11, 215, 45], [32, 22, 15, 7, 117], [40, 17, 19, 168, 138], [21, 12, 16, 0, 215], [22, 1, 2, 167, 204], [5, 5, 8, 225, 32], [15, 26, 10, 35, 164], [2, 19, 21, 54, 75], [36, 14, 14, 191, 33], [0, 23, 0, 0, 0], [0, 19, 0, 0, 0]]",
        "fitness": {
            "fitness": 0.14028755823771158,
            "time": 0.02103920777638753
        }
    },
    "decoding": {
        "metadata": {
            "rows": 1,
            "columns": 30,
            "n_in": 2,
            "n_out": 2,
            "n_para": 2,
            "n_conn": 2
        },
        "functions": [
            "max",
            "min",
            "mean",
            "add",
            "subtract",
            "bitwise_not",
            "bitwise_or",
            "bitwise_and",
            "bitwise_and_mask",
            "bitwise_xor",
            "sqrt",
            "pow2",
            "exp",
            "log",
            "median_blur",
            "gaussian_blur",
            "laplacian",
            "sobel",
            "robert_cross",
            "canny",
            "sharpen",
            "gabor",
            "abs_diff",
            "abs_diff2",
            "fluo_tophat",
            "rel_diff",
            "erode",
            "dilate",
            "open",
            "close",
            "morph_gradient",
            "morph_tophat",
            "morph_blackhat",
            "fill_holes",
            "remove_small_objects",
            "remove_small_holes",
            "threshold",
            "threshold_at_1",
            "distance_transform",
            "distance_transform_and_thresh",
            "inrange_bin",
            "inrange"
        ],
        "endpoint": {
            "name": "W",
            "abbv": "WSHD",
            "arity": 2,
            "p": 0,
            "kwargs": {
                "use_dt": false,
                "markers_distance": 21,
                "markers_area": null
            }
        },
        "mode": "default"
    }
}