{
    "dataset": {
        "name": "CIL",
        "label_name": "neuron",
        "indices": [
            55,
            44,
            80,
            79,
            26,
            33,
            64,
            23,
            53,
            58,
            68,
            30,
            82,
            17,
            6,
            67,
            34,
            29,
            11,
            59,
            27,
            69,
            32,
            83,
            81,
            37,
            9,
            76,
            72,
            56,
            74,
            35,
            10,
            31,
            43,
            86,
            42,
            78,
            39,
            57,
            46,
            65,
            40,
            5,
            28,
            62,
            18,
            22,
            14,
            15
        ]
    },
    "individual": {
        "sequence": "[[0, 0, 0, 0, 0], [0, 0, 0, 0, 0], [36, 0, 0, 172, 7], [29, 1, 0, 139, 85], [25, 3, 2, 129, 139], [22, 1, 4, 196, 72], [1, 1, 5, 60, 211], [40, 3, 4, 152, 103], [12, 5, 5, 29, 60], [7, 1, 8, 224, 168], [20, 1, 5, 80, 21], [28, 6, 6, 13, 221], [4, 4, 1, 59, 40], [34, 11, 1, 131, 104], [24, 0, 3, 22, 127], [20, 7, 5, 65, 19], [31, 2, 2, 137, 97], [2, 2, 16, 82, 47], [26, 7, 10, 32, 14], [15, 15, 1, 158, 74], [28, 13, 13, 25, 130], [38, 16, 14, 120, 75], [41, 11, 15, 116, 35], [4, 12, 3, 198, 59], [27, 14, 2, 19, 233], [30, 15, 22, 112, 174], [6, 21, 25, 14, 99], [21, 21, 1, 63, 12], [12, 25, 27, 106, 25], [1, 10, 11, 181, 225], [18, 22, 22, 6, 122], [4, 17, 6, 30, 251], [0, 17, 0, 0, 0], [0, 22, 0, 0, 0]]",
        "fitness": {
            "fitness": 0.13949548006057738,
            "time": 0.03531373500823975
        }
    },
    "decoding": {
        "metadata": {
            "rows": 1,
            "columns": 30,
            "n_in": 2,
            "n_out": 2,
            "n_para": 2,
            "n_conn": 2
        },
        "functions": [
            "max",
            "min",
            "mean",
            "add",
            "subtract",
            "bitwise_not",
            "bitwise_or",
            "bitwise_and",
            "bitwise_and_mask",
            "bitwise_xor",
            "sqrt",
            "pow2",
            "exp",
            "log",
            "median_blur",
            "gaussian_blur",
            "laplacian",
            "sobel",
            "robert_cross",
            "canny",
            "sharpen",
            "gabor",
            "abs_diff",
            "abs_diff2",
            "fluo_tophat",
            "rel_diff",
            "erode",
            "dilate",
            "open",
            "close",
            "morph_gradient",
            "morph_tophat",
            "morph_blackhat",
            "fill_holes",
            "remove_small_objects",
            "remove_small_holes",
            "threshold",
            "threshold_at_1",
            "distance_transform",
            "distance_transform_and_thresh",
            "inrange_bin",
            "inrange"
        ],
        "endpoint": {
            "name": "W",
            "abbv": "WSHD",
            "arity": 2,
            "p": 0,
            "kwargs": {
                "use_dt": false,
                "markers_distance": 21,
                "markers_area": null
            }
        },
        "mode": "default"
    }
}