{
    "dataset": {
        "name": "CIL",
        "label_name": "neuron",
        "indices": [
            4,
            23,
            52,
            62,
            38,
            1,
            15,
            45,
            49,
            14,
            30,
            87,
            24,
            78,
            21,
            7,
            51,
            46,
            74,
            50
        ]
    },
    "individual": {
        "sequence": "[[0, 0, 0, 0, 0], [0, 0, 0, 0, 0], [12, 1, 1, 76, 150], [32, 2, 2, 116, 245], [4, 2, 1, 178, 190], [12, 0, 4, 161, 70], [31, 0, 0, 180, 172], [4, 1, 2, 118, 147], [34, 4, 5, 29, 215], [18, 4, 2, 107, 140], [10, 2, 3, 3, 218], [33, 9, 5, 162, 203], [1, 11, 5, 23, 120], [16, 5, 6, 153, 116], [13, 4, 13, 78, 45], [36, 14, 3, 232, 229], [18, 2, 2, 10, 95], [36, 14, 0, 162, 254], [15, 7, 8, 227, 184], [17, 0, 3, 163, 44], [22, 6, 7, 41, 23], [14, 8, 19, 124, 238], [2, 6, 12, 80, 59], [13, 20, 11, 77, 141], [28, 2, 16, 38, 63], [32, 4, 22, 47, 141], [19, 10, 23, 252, 59], [3, 5, 22, 231, 68], [4, 1, 0, 65, 202], [1, 25, 5, 56, 28], [32, 16, 22, 122, 167], [22, 23, 17, 25, 40], [0, 22, 0, 0, 0], [0, 8, 0, 0, 0]]",
        "fitness": {
            "fitness": 0.2122233748435974,
            "time": 0.03476912975311279
        }
    },
    "decoding": {
        "metadata": {
            "rows": 1,
            "columns": 30,
            "n_in": 2,
            "n_out": 2,
            "n_para": 2,
            "n_conn": 2
        },
        "functions": [
            "max",
            "min",
            "mean",
            "add",
            "subtract",
            "bitwise_not",
            "bitwise_or",
            "bitwise_and",
            "bitwise_and_mask",
            "bitwise_xor",
            "sqrt",
            "pow2",
            "exp",
            "log",
            "median_blur",
            "gaussian_blur",
            "laplacian",
            "sobel",
            "robert_cross",
            "canny",
            "sharpen",
            "gabor",
            "abs_diff",
            "abs_diff2",
            "fluo_tophat",
            "rel_diff",
            "erode",
            "dilate",
            "open",
            "close",
            "morph_gradient",
            "morph_tophat",
            "morph_blackhat",
            "fill_holes",
            "remove_small_objects",
            "remove_small_holes",
            "threshold",
            "threshold_at_1",
            "distance_transform",
            "distance_transform_and_thresh",
            "inrange_bin",
            "inrange"
        ],
        "endpoint": {
            "name": "W",
            "abbv": "WSHD",
            "arity": 2,
            "p": 0,
            "kwargs": {
                "use_dt": false,
                "markers_distance": 21,
                "markers_area": null
            }
        },
        "mode": "default"
    }
}