{
    "dataset": {
        "name": "CIL",
        "label_name": "neuron",
        "indices": [
            50,
            33,
            79,
            67,
            78,
            87,
            25,
            58,
            77,
            34,
            8,
            51,
            23,
            2,
            11,
            4,
            63,
            0,
            28,
            14,
            86,
            56,
            21,
            60,
            69,
            82,
            40,
            45,
            54,
            88,
            3,
            36,
            62,
            13,
            22,
            84,
            6,
            31,
            49,
            59,
            57,
            12,
            19,
            66,
            64,
            76,
            71,
            61,
            52,
            55,
            53,
            38,
            27,
            74,
            5,
            41,
            30,
            18,
            17,
            16,
            83,
            80,
            72,
            47,
            42,
            39,
            1,
            10,
            75,
            81,
            85,
            26,
            43,
            32,
            73,
            24,
            37,
            48,
            29,
            35
        ]
    },
    "individual": {
        "sequence": "[[0, 0, 0, 0, 0], [0, 0, 0, 0, 0], [19, 1, 0, 21, 131], [38, 0, 2, 159, 190], [3, 0, 0, 107, 165], [38, 3, 2, 141, 14], [22, 3, 2, 106, 202], [11, 4, 4, 24, 189], [8, 7, 1, 168, 57], [28, 5, 6, 74, 15], [14, 7, 2, 20, 214], [1, 6, 4, 26, 132], [24, 8, 9, 9, 169], [34, 10, 12, 76, 44], [35, 2, 5, 209, 199], [1, 14, 13, 147, 2], [4, 1, 6, 164, 204], [14, 12, 0, 228, 163], [0, 15, 5, 238, 199], [19, 3, 18, 216, 8], [7, 4, 12, 216, 250], [37, 19, 20, 242, 64], [12, 16, 11, 213, 214], [33, 15, 22, 223, 38], [8, 23, 14, 169, 100], [18, 23, 3, 219, 86], [14, 16, 5, 128, 78], [15, 24, 8, 171, 214], [40, 21, 20, 234, 68], [2, 9, 18, 159, 184], [28, 13, 13, 215, 179], [4, 2, 13, 161, 10], [0, 12, 0, 0, 0], [0, 25, 0, 0, 0]]",
        "fitness": {
            "fitness": 0.1415785163640976,
            "time": 0.05542177259922028
        }
    },
    "decoding": {
        "metadata": {
            "rows": 1,
            "columns": 30,
            "n_in": 2,
            "n_out": 2,
            "n_para": 2,
            "n_conn": 2
        },
        "functions": [
            "max",
            "min",
            "mean",
            "add",
            "subtract",
            "bitwise_not",
            "bitwise_or",
            "bitwise_and",
            "bitwise_and_mask",
            "bitwise_xor",
            "sqrt",
            "pow2",
            "exp",
            "log",
            "median_blur",
            "gaussian_blur",
            "laplacian",
            "sobel",
            "robert_cross",
            "canny",
            "sharpen",
            "gabor",
            "abs_diff",
            "abs_diff2",
            "fluo_tophat",
            "rel_diff",
            "erode",
            "dilate",
            "open",
            "close",
            "morph_gradient",
            "morph_tophat",
            "morph_blackhat",
            "fill_holes",
            "remove_small_objects",
            "remove_small_holes",
            "threshold",
            "threshold_at_1",
            "distance_transform",
            "distance_transform_and_thresh",
            "inrange_bin",
            "inrange"
        ],
        "endpoint": {
            "name": "Marker-Based Watershed",
            "abbv": "WSHD",
            "arity": 2,
            "args": 0,
            "kwargs": {
                "use_dt": false,
                "markers_distance": 21,
                "markers_area": null
            }
        },
        "mode": "default"
    }
}