{
    "dataset": {
        "name": "CIL",
        "label_name": "neuron",
        "indices": [
            76,
            39,
            19,
            9
        ]
    },
    "individual": {
        "sequence": "[[0, 0, 0, 0, 0], [0, 0, 0, 0, 0], [14, 0, 1, 54, 41], [21, 1, 1, 34, 186], [21, 2, 1, 36, 176], [8, 3, 4, 101, 28], [7, 3, 0, 86, 218], [17, 4, 6, 168, 154], [27, 5, 3, 143, 198], [5, 6, 3, 216, 9], [23, 1, 8, 160, 157], [10, 10, 3, 147, 81], [36, 1, 10, 57, 134], [40, 10, 11, 220, 37], [24, 2, 3, 111, 162], [12, 13, 2, 243, 31], [31, 4, 10, 33, 32], [32, 2, 4, 7, 107], [33, 2, 4, 229, 11], [26, 18, 9, 80, 115], [7, 17, 0, 63, 82], [37, 8, 3, 128, 115], [34, 5, 5, 95, 57], [11, 14, 17, 38, 168], [21, 4, 23, 216, 207], [40, 8, 10, 105, 114], [11, 3, 8, 174, 98], [36, 26, 26, 195, 110], [9, 3, 24, 44, 49], [5, 26, 19, 46, 206], [13, 18, 0, 16, 122], [31, 16, 0, 163, 238], [0, 23, 0, 0, 0], [0, 13, 0, 0, 0]]",
        "fitness": {
            "fitness": 0.1309424191713333,
            "time": 0.08296602964401245
        }
    },
    "decoding": {
        "metadata": {
            "rows": 1,
            "columns": 30,
            "n_in": 2,
            "n_out": 2,
            "n_para": 2,
            "n_conn": 2
        },
        "functions": [
            "max",
            "min",
            "mean",
            "add",
            "subtract",
            "bitwise_not",
            "bitwise_or",
            "bitwise_and",
            "bitwise_and_mask",
            "bitwise_xor",
            "sqrt",
            "pow2",
            "exp",
            "log",
            "median_blur",
            "gaussian_blur",
            "laplacian",
            "sobel",
            "robert_cross",
            "canny",
            "sharpen",
            "gabor",
            "abs_diff",
            "abs_diff2",
            "fluo_tophat",
            "rel_diff",
            "erode",
            "dilate",
            "open",
            "close",
            "morph_gradient",
            "morph_tophat",
            "morph_blackhat",
            "fill_holes",
            "remove_small_objects",
            "remove_small_holes",
            "threshold",
            "threshold_at_1",
            "distance_transform",
            "distance_transform_and_thresh",
            "inrange_bin",
            "inrange"
        ],
        "endpoint": {
            "name": "W",
            "abbv": "WSHD",
            "arity": 2,
            "p": 0,
            "kwargs": {
                "use_dt": false,
                "markers_distance": 21,
                "markers_area": null
            }
        },
        "mode": "default"
    }
}