{
    "dataset": {
        "name": "CIL",
        "label_name": "neuron",
        "indices": [
            78,
            47,
            86,
            70,
            14,
            7,
            36,
            71,
            27,
            9,
            2,
            39,
            59,
            51,
            67,
            3,
            48,
            21,
            69,
            85,
            79,
            65,
            50,
            77,
            53,
            80,
            23,
            29,
            68,
            66
        ]
    },
    "individual": {
        "sequence": "[[0, 0, 0, 0, 0], [0, 0, 0, 0, 0], [0, 0, 1, 45, 248], [29, 0, 0, 99, 183], [16, 0, 3, 160, 104], [37, 1, 0, 59, 132], [28, 1, 0, 9, 104], [3, 4, 3, 250, 193], [27, 0, 5, 13, 17], [27, 5, 3, 246, 93], [15, 9, 5, 246, 65], [10, 0, 10, 181, 48], [30, 10, 6, 11, 122], [35, 3, 9, 123, 194], [32, 4, 9, 22, 175], [26, 12, 2, 5, 236], [31, 1, 12, 47, 116], [34, 16, 9, 101, 17], [19, 16, 9, 8, 61], [7, 1, 7, 43, 99], [6, 17, 1, 115, 148], [11, 1, 4, 243, 69], [22, 6, 2, 241, 232], [7, 6, 16, 237, 226], [26, 2, 14, 180, 67], [17, 4, 18, 213, 199], [11, 8, 21, 61, 247], [20, 23, 13, 211, 243], [3, 18, 26, 24, 212], [41, 6, 16, 40, 171], [17, 18, 16, 105, 217], [7, 26, 26, 226, 173], [0, 28, 0, 0, 0], [0, 29, 0, 0, 0]]",
        "fitness": {
            "fitness": 0.15958946347236633,
            "time": 0.028097248077392577
        }
    },
    "decoding": {
        "metadata": {
            "rows": 1,
            "columns": 30,
            "n_in": 2,
            "n_out": 2,
            "n_para": 2,
            "n_conn": 2
        },
        "functions": [
            "max",
            "min",
            "mean",
            "add",
            "subtract",
            "bitwise_not",
            "bitwise_or",
            "bitwise_and",
            "bitwise_and_mask",
            "bitwise_xor",
            "sqrt",
            "pow2",
            "exp",
            "log",
            "median_blur",
            "gaussian_blur",
            "laplacian",
            "sobel",
            "robert_cross",
            "canny",
            "sharpen",
            "gabor",
            "abs_diff",
            "abs_diff2",
            "fluo_tophat",
            "rel_diff",
            "erode",
            "dilate",
            "open",
            "close",
            "morph_gradient",
            "morph_tophat",
            "morph_blackhat",
            "fill_holes",
            "remove_small_objects",
            "remove_small_holes",
            "threshold",
            "threshold_at_1",
            "distance_transform",
            "distance_transform_and_thresh",
            "inrange_bin",
            "inrange"
        ],
        "endpoint": {
            "name": "Marker-Based Watershed",
            "abbv": "WSHD",
            "arity": 2,
            "args": 0,
            "kwargs": {
                "use_dt": false,
                "markers_distance": 21,
                "markers_area": null
            }
        },
        "mode": "default"
    }
}