{
    "dataset": {
        "name": "CIL",
        "label_name": "neuron",
        "indices": [
            3,
            55,
            56,
            65,
            45,
            47,
            9,
            84,
            60,
            22,
            66,
            0,
            44,
            17,
            75,
            15,
            48,
            28,
            25,
            20,
            85,
            35,
            14,
            71,
            88,
            53,
            59,
            10,
            54,
            18
        ]
    },
    "individual": {
        "sequence": "[[0, 0, 0, 0, 0], [0, 0, 0, 0, 0], [4, 1, 0, 13, 176], [41, 1, 0, 211, 45], [31, 1, 3, 179, 43], [14, 1, 4, 99, 23], [26, 3, 5, 146, 121], [16, 3, 0, 24, 124], [4, 3, 5, 89, 43], [35, 3, 1, 246, 135], [6, 3, 2, 19, 167], [2, 4, 0, 226, 232], [10, 7, 11, 16, 214], [21, 4, 12, 137, 221], [33, 11, 0, 62, 218], [23, 0, 1, 25, 177], [1, 10, 3, 42, 162], [9, 5, 7, 231, 34], [39, 11, 7, 159, 193], [30, 15, 13, 211, 151], [16, 2, 10, 23, 54], [5, 11, 9, 104, 37], [35, 21, 11, 90, 219], [14, 8, 14, 7, 2], [27, 9, 17, 248, 4], [41, 11, 16, 6, 228], [14, 13, 19, 192, 174], [29, 0, 24, 212, 124], [33, 22, 17, 181, 60], [33, 26, 2, 208, 196], [38, 12, 2, 59, 95], [31, 0, 20, 77, 68], [0, 25, 0, 0, 0], [0, 23, 0, 0, 0]]",
        "fitness": {
            "fitness": 0.11516457398732503,
            "time": 0.04598965644836426
        }
    },
    "decoding": {
        "metadata": {
            "rows": 1,
            "columns": 30,
            "n_in": 2,
            "n_out": 2,
            "n_para": 2,
            "n_conn": 2
        },
        "functions": [
            "max",
            "min",
            "mean",
            "add",
            "subtract",
            "bitwise_not",
            "bitwise_or",
            "bitwise_and",
            "bitwise_and_mask",
            "bitwise_xor",
            "sqrt",
            "pow2",
            "exp",
            "log",
            "median_blur",
            "gaussian_blur",
            "laplacian",
            "sobel",
            "robert_cross",
            "canny",
            "sharpen",
            "gabor",
            "abs_diff",
            "abs_diff2",
            "fluo_tophat",
            "rel_diff",
            "erode",
            "dilate",
            "open",
            "close",
            "morph_gradient",
            "morph_tophat",
            "morph_blackhat",
            "fill_holes",
            "remove_small_objects",
            "remove_small_holes",
            "threshold",
            "threshold_at_1",
            "distance_transform",
            "distance_transform_and_thresh",
            "inrange_bin",
            "inrange"
        ],
        "endpoint": {
            "name": "Marker-Based Watershed",
            "abbv": "WSHD",
            "arity": 2,
            "args": 0,
            "kwargs": {
                "use_dt": false,
                "markers_distance": 21,
                "markers_area": null
            }
        },
        "mode": "default"
    }
}