{
    "dataset": {
        "name": "CIL",
        "label_name": "neuron",
        "indices": [
            69,
            68,
            64,
            19,
            49
        ]
    },
    "individual": {
        "sequence": "[[0, 0, 0, 0, 0], [0, 0, 0, 0, 0], [40, 1, 1, 255, 37], [31, 0, 2, 125, 57], [20, 2, 1, 107, 16], [14, 3, 2, 47, 163], [6, 4, 0, 17, 121], [19, 1, 4, 82, 124], [6, 0, 3, 94, 20], [5, 8, 6, 222, 178], [37, 4, 4, 71, 250], [17, 8, 5, 69, 190], [0, 4, 5, 161, 127], [6, 11, 1, 200, 229], [39, 2, 10, 38, 224], [0, 8, 13, 127, 171], [24, 13, 14, 241, 188], [5, 8, 15, 237, 143], [38, 14, 11, 13, 129], [27, 9, 1, 158, 242], [17, 14, 16, 44, 82], [40, 18, 7, 64, 240], [2, 12, 4, 124, 8], [27, 22, 19, 187, 231], [8, 7, 2, 172, 223], [1, 4, 19, 5, 72], [8, 21, 12, 79, 82], [30, 16, 21, 193, 200], [15, 24, 15, 34, 23], [20, 12, 6, 107, 72], [30, 6, 27, 148, 231], [34, 6, 9, 107, 89], [0, 22, 0, 0, 0], [0, 14, 0, 0, 0]]",
        "fitness": {
            "fitness": 0.09707142114639282,
            "time": 0.06266202926635742
        }
    },
    "decoding": {
        "metadata": {
            "rows": 1,
            "columns": 30,
            "n_in": 2,
            "n_out": 2,
            "n_para": 2,
            "n_conn": 2
        },
        "functions": [
            "max",
            "min",
            "mean",
            "add",
            "subtract",
            "bitwise_not",
            "bitwise_or",
            "bitwise_and",
            "bitwise_and_mask",
            "bitwise_xor",
            "sqrt",
            "pow2",
            "exp",
            "log",
            "median_blur",
            "gaussian_blur",
            "laplacian",
            "sobel",
            "robert_cross",
            "canny",
            "sharpen",
            "gabor",
            "abs_diff",
            "abs_diff2",
            "fluo_tophat",
            "rel_diff",
            "erode",
            "dilate",
            "open",
            "close",
            "morph_gradient",
            "morph_tophat",
            "morph_blackhat",
            "fill_holes",
            "remove_small_objects",
            "remove_small_holes",
            "threshold",
            "threshold_at_1",
            "distance_transform",
            "distance_transform_and_thresh",
            "inrange_bin",
            "inrange"
        ],
        "endpoint": {
            "name": "W",
            "abbv": "WSHD",
            "arity": 2,
            "p": 0,
            "kwargs": {
                "use_dt": false,
                "markers_distance": 21,
                "markers_area": null
            }
        },
        "mode": "default"
    }
}