{
    "dataset": {
        "name": "Tumor",
        "label_name": "tumor",
        "indices": null
    },
    "individual": {
        "sequence": "[[0, 0, 0, 0, 0], [0, 0, 0, 0, 0], [0, 0, 0, 0, 0], [7, 1, 0, 134, 201], [20, 3, 0, 218, 31], [22, 2, 1, 6, 247], [11, 4, 3, 160, 61], [40, 0, 2, 31, 133], [9, 2, 3, 223, 239], [20, 7, 2, 18, 14], [33, 4, 2, 182, 243], [37, 8, 2, 142, 239], [8, 9, 7, 179, 219], [36, 8, 6, 118, 58], [12, 5, 6, 241, 18], [4, 3, 9, 184, 46], [28, 7, 14, 150, 166], [12, 7, 11, 214, 128], [21, 10, 13, 1, 96], [27, 12, 6, 181, 148], [36, 1, 7, 157, 92], [15, 15, 4, 33, 192], [29, 21, 21, 80, 38], [38, 4, 11, 187, 75], [37, 1, 8, 98, 218], [15, 10, 18, 234, 42], [28, 22, 18, 67, 240], [40, 26, 10, 59, 64], [19, 24, 16, 255, 105], [7, 21, 17, 169, 124], [41, 9, 27, 149, 184], [32, 0, 19, 237, 183], [7, 17, 3, 149, 214], [0, 26, 0, 0, 0]]",
        "fitness": {
            "fitness": 0.12340317806106009,
            "time": 0.010469198226928711
        }
    },
    "decoding": {
        "metadata": {
            "rows": 1,
            "columns": 30,
            "n_in": 3,
            "n_out": 1,
            "n_para": 2,
            "n_conn": 2
        },
        "functions": [
            "max",
            "min",
            "mean",
            "add",
            "subtract",
            "bitwise_not",
            "bitwise_or",
            "bitwise_and",
            "bitwise_and_mask",
            "bitwise_xor",
            "sqrt",
            "pow2",
            "exp",
            "log",
            "median_blur",
            "gaussian_blur",
            "laplacian",
            "sobel",
            "robert_cross",
            "canny",
            "sharpen",
            "gabor",
            "abs_diff",
            "abs_diff2",
            "fluo_tophat",
            "rel_diff",
            "erode",
            "dilate",
            "open",
            "close",
            "morph_gradient",
            "morph_tophat",
            "morph_blackhat",
            "fill_holes",
            "remove_small_objects",
            "remove_small_holes",
            "threshold",
            "threshold_at_1",
            "distance_transform",
            "distance_transform_and_thresh",
            "inrange_bin",
            "inrange"
        ],
        "endpoint": {
            "name": "Threshold (t=4)",
            "abbv": "TRSH",
            "arity": 1,
            "p": 0,
            "kwargs": {
                "threshold": 4
            }
        },
        "mode": "default"
    }
}