{
    "dataset": {
        "name": "CIL",
        "label_name": "neuron",
        "indices": [
            73,
            62,
            23,
            50,
            24,
            12,
            72,
            65,
            71,
            32,
            14,
            37,
            25,
            75,
            82,
            66,
            4,
            78,
            45,
            27,
            31,
            3,
            17,
            60,
            47,
            69,
            33,
            70,
            30,
            54,
            88,
            81,
            80,
            55,
            36,
            35,
            68,
            53,
            2,
            44,
            8,
            86,
            10,
            48,
            15,
            6,
            11,
            43,
            46,
            52
        ]
    },
    "individual": {
        "sequence": "[[0, 0, 0, 0, 0], [0, 0, 0, 0, 0], [20, 1, 0, 118, 215], [5, 0, 2, 167, 138], [3, 0, 1, 212, 255], [3, 1, 2, 117, 247], [4, 2, 5, 217, 123], [35, 3, 4, 123, 154], [24, 4, 7, 26, 167], [39, 4, 1, 119, 181], [36, 5, 3, 218, 80], [21, 2, 1, 4, 244], [34, 10, 3, 12, 130], [33, 6, 6, 187, 236], [18, 5, 4, 76, 175], [34, 0, 6, 153, 31], [15, 10, 7, 119, 127], [25, 1, 6, 43, 238], [38, 11, 17, 131, 159], [13, 8, 14, 20, 59], [27, 5, 4, 88, 96], [19, 1, 12, 64, 94], [1, 0, 6, 116, 240], [13, 17, 9, 96, 100], [41, 14, 10, 162, 158], [13, 20, 5, 254, 12], [10, 18, 4, 162, 206], [22, 22, 23, 189, 197], [8, 6, 1, 15, 94], [37, 19, 21, 158, 199], [30, 15, 28, 189, 114], [39, 8, 7, 23, 189], [0, 29, 0, 0, 0], [0, 12, 0, 0, 0]]",
        "fitness": {
            "fitness": 0.1447417187690735,
            "time": 0.04871449947357178
        }
    },
    "decoding": {
        "metadata": {
            "rows": 1,
            "columns": 30,
            "n_in": 2,
            "n_out": 2,
            "n_para": 2,
            "n_conn": 2
        },
        "functions": [
            "max",
            "min",
            "mean",
            "add",
            "subtract",
            "bitwise_not",
            "bitwise_or",
            "bitwise_and",
            "bitwise_and_mask",
            "bitwise_xor",
            "sqrt",
            "pow2",
            "exp",
            "log",
            "median_blur",
            "gaussian_blur",
            "laplacian",
            "sobel",
            "robert_cross",
            "canny",
            "sharpen",
            "gabor",
            "abs_diff",
            "abs_diff2",
            "fluo_tophat",
            "rel_diff",
            "erode",
            "dilate",
            "open",
            "close",
            "morph_gradient",
            "morph_tophat",
            "morph_blackhat",
            "fill_holes",
            "remove_small_objects",
            "remove_small_holes",
            "threshold",
            "threshold_at_1",
            "distance_transform",
            "distance_transform_and_thresh",
            "inrange_bin",
            "inrange"
        ],
        "endpoint": {
            "name": "W",
            "abbv": "WSHD",
            "arity": 2,
            "p": 0,
            "kwargs": {
                "use_dt": false,
                "markers_distance": 21,
                "markers_area": null
            }
        },
        "mode": "default"
    }
}