{
    "dataset": {
        "name": "CIL",
        "label_name": "neuron",
        "indices": [
            10,
            23,
            21,
            34,
            42
        ]
    },
    "individual": {
        "sequence": "[[0, 0, 0, 0, 0], [0, 0, 0, 0, 0], [5, 1, 1, 57, 139], [23, 1, 2, 242, 232], [21, 1, 2, 189, 81], [36, 2, 2, 247, 125], [23, 1, 3, 198, 48], [2, 0, 3, 108, 104], [40, 0, 6, 11, 250], [8, 7, 8, 139, 86], [1, 9, 1, 233, 121], [27, 2, 3, 80, 174], [14, 1, 3, 11, 155], [39, 2, 11, 170, 185], [40, 1, 12, 154, 118], [34, 10, 0, 80, 33], [29, 12, 6, 18, 125], [1, 8, 12, 104, 56], [24, 12, 5, 11, 190], [29, 10, 3, 42, 24], [29, 6, 8, 190, 25], [19, 6, 12, 200, 232], [15, 1, 15, 219, 43], [33, 9, 21, 24, 230], [29, 0, 23, 160, 106], [6, 16, 2, 53, 94], [25, 15, 18, 14, 193], [23, 9, 10, 131, 115], [14, 19, 0, 231, 56], [40, 8, 14, 233, 168], [40, 11, 10, 133, 195], [36, 18, 30, 139, 48], [0, 9, 0, 0, 0], [0, 31, 0, 0, 0]]",
        "fitness": {
            "fitness": 0.11184870004653931,
            "time": 0.11839962005615234
        }
    },
    "decoding": {
        "metadata": {
            "rows": 1,
            "columns": 30,
            "n_in": 2,
            "n_out": 2,
            "n_para": 2,
            "n_conn": 2
        },
        "functions": [
            "max",
            "min",
            "mean",
            "add",
            "subtract",
            "bitwise_not",
            "bitwise_or",
            "bitwise_and",
            "bitwise_and_mask",
            "bitwise_xor",
            "sqrt",
            "pow2",
            "exp",
            "log",
            "median_blur",
            "gaussian_blur",
            "laplacian",
            "sobel",
            "robert_cross",
            "canny",
            "sharpen",
            "gabor",
            "abs_diff",
            "abs_diff2",
            "fluo_tophat",
            "rel_diff",
            "erode",
            "dilate",
            "open",
            "close",
            "morph_gradient",
            "morph_tophat",
            "morph_blackhat",
            "fill_holes",
            "remove_small_objects",
            "remove_small_holes",
            "threshold",
            "threshold_at_1",
            "distance_transform",
            "distance_transform_and_thresh",
            "inrange_bin",
            "inrange"
        ],
        "endpoint": {
            "name": "W",
            "abbv": "WSHD",
            "arity": 2,
            "p": 0,
            "kwargs": {
                "use_dt": false,
                "markers_distance": 21,
                "markers_area": null
            }
        },
        "mode": "default"
    }
}