{
    "dataset": {
        "name": "CIL",
        "label_name": "neuron",
        "indices": [
            38,
            66,
            39,
            49,
            28,
            61,
            54,
            19,
            8,
            51,
            52,
            50,
            79,
            78,
            81,
            56,
            18,
            0,
            77,
            21,
            42,
            37,
            32,
            83,
            15,
            6,
            71,
            9,
            69,
            67
        ]
    },
    "individual": {
        "sequence": "[[0, 0, 0, 0, 0], [0, 0, 0, 0, 0], [40, 1, 0, 223, 47], [9, 0, 2, 29, 35], [13, 3, 2, 205, 101], [18, 2, 2, 240, 180], [10, 5, 5, 201, 167], [16, 5, 6, 80, 109], [9, 3, 5, 43, 162], [33, 2, 4, 220, 202], [26, 1, 3, 83, 203], [8, 2, 6, 46, 119], [25, 10, 0, 102, 195], [19, 8, 2, 87, 131], [26, 10, 9, 249, 33], [13, 14, 3, 31, 61], [26, 15, 4, 134, 247], [28, 9, 8, 0, 226], [19, 10, 11, 180, 73], [2, 4, 13, 81, 34], [26, 18, 13, 98, 43], [23, 3, 6, 53, 201], [25, 12, 20, 196, 245], [24, 19, 6, 26, 12], [8, 16, 3, 41, 1], [0, 13, 21, 102, 5], [38, 9, 1, 179, 85], [38, 13, 3, 191, 196], [16, 16, 7, 203, 203], [25, 20, 3, 79, 61], [34, 0, 29, 86, 182], [28, 12, 3, 223, 96], [0, 23, 0, 0, 0], [0, 17, 0, 0, 0]]",
        "fitness": {
            "fitness": 0.14631826877593995,
            "time": 0.050313774744669595
        }
    },
    "decoding": {
        "metadata": {
            "rows": 1,
            "columns": 30,
            "n_in": 2,
            "n_out": 2,
            "n_para": 2,
            "n_conn": 2
        },
        "functions": [
            "max",
            "min",
            "mean",
            "add",
            "subtract",
            "bitwise_not",
            "bitwise_or",
            "bitwise_and",
            "bitwise_and_mask",
            "bitwise_xor",
            "sqrt",
            "pow2",
            "exp",
            "log",
            "median_blur",
            "gaussian_blur",
            "laplacian",
            "sobel",
            "robert_cross",
            "canny",
            "sharpen",
            "gabor",
            "abs_diff",
            "abs_diff2",
            "fluo_tophat",
            "rel_diff",
            "erode",
            "dilate",
            "open",
            "close",
            "morph_gradient",
            "morph_tophat",
            "morph_blackhat",
            "fill_holes",
            "remove_small_objects",
            "remove_small_holes",
            "threshold",
            "threshold_at_1",
            "distance_transform",
            "distance_transform_and_thresh",
            "inrange_bin",
            "inrange"
        ],
        "endpoint": {
            "name": "Marker-Based Watershed",
            "abbv": "WSHD",
            "arity": 2,
            "args": 0,
            "kwargs": {
                "use_dt": false,
                "markers_distance": 21,
                "markers_area": null
            }
        },
        "mode": "default"
    }
}