{
    "dataset": {
        "name": "CIL",
        "label_name": "neuron",
        "indices": [
            13,
            21
        ]
    },
    "individual": {
        "sequence": "[[0, 0, 0, 0, 0], [0, 0, 0, 0, 0], [41, 1, 1, 240, 24], [1, 2, 2, 172, 205], [35, 1, 2, 44, 177], [36, 2, 4, 168, 38], [40, 1, 2, 106, 182], [2, 3, 5, 205, 87], [11, 0, 2, 3, 179], [40, 3, 0, 129, 180], [41, 3, 8, 141, 196], [37, 10, 1, 173, 151], [36, 0, 4, 186, 8], [3, 12, 12, 175, 129], [31, 12, 8, 216, 190], [31, 0, 2, 31, 120], [41, 5, 11, 34, 79], [13, 11, 14, 96, 171], [22, 3, 6, 229, 132], [36, 15, 3, 10, 202], [35, 12, 11, 40, 7], [13, 6, 14, 10, 132], [23, 20, 14, 155, 7], [36, 16, 19, 255, 186], [28, 5, 5, 20, 82], [31, 4, 18, 219, 78], [10, 6, 12, 46, 127], [19, 11, 2, 188, 177], [37, 14, 22, 16, 93], [12, 13, 12, 147, 255], [12, 22, 9, 142, 99], [29, 26, 24, 32, 38], [0, 14, 0, 0, 0], [0, 24, 0, 0, 0]]",
        "fitness": {
            "fitness": 0.08321547508239746,
            "time": 0.047699809074401855
        }
    },
    "decoding": {
        "metadata": {
            "rows": 1,
            "columns": 30,
            "n_in": 2,
            "n_out": 2,
            "n_para": 2,
            "n_conn": 2
        },
        "functions": [
            "max",
            "min",
            "mean",
            "add",
            "subtract",
            "bitwise_not",
            "bitwise_or",
            "bitwise_and",
            "bitwise_and_mask",
            "bitwise_xor",
            "sqrt",
            "pow2",
            "exp",
            "log",
            "median_blur",
            "gaussian_blur",
            "laplacian",
            "sobel",
            "robert_cross",
            "canny",
            "sharpen",
            "gabor",
            "abs_diff",
            "abs_diff2",
            "fluo_tophat",
            "rel_diff",
            "erode",
            "dilate",
            "open",
            "close",
            "morph_gradient",
            "morph_tophat",
            "morph_blackhat",
            "fill_holes",
            "remove_small_objects",
            "remove_small_holes",
            "threshold",
            "threshold_at_1",
            "distance_transform",
            "distance_transform_and_thresh",
            "inrange_bin",
            "inrange"
        ],
        "endpoint": {
            "name": "W",
            "abbv": "WSHD",
            "arity": 2,
            "p": 0,
            "kwargs": {
                "use_dt": false,
                "markers_distance": 21,
                "markers_area": null
            }
        },
        "mode": "default"
    }
}