{
    "dataset": {
        "name": "CIL",
        "label_name": "neuron",
        "indices": [
            79,
            69,
            58,
            28,
            57,
            10,
            44,
            71,
            29,
            13,
            35,
            76,
            14,
            53,
            39,
            64,
            30,
            22,
            88,
            77,
            70,
            32,
            12,
            85,
            66
        ]
    },
    "individual": {
        "sequence": "[[0, 0, 0, 0, 0], [0, 0, 0, 0, 0], [26, 1, 0, 72, 135], [3, 2, 0, 176, 12], [23, 0, 2, 187, 205], [36, 0, 2, 197, 6], [20, 5, 5, 192, 205], [12, 0, 4, 131, 9], [13, 6, 3, 7, 219], [41, 0, 3, 24, 25], [3, 0, 2, 159, 187], [20, 5, 7, 31, 23], [25, 2, 3, 189, 149], [9, 9, 1, 122, 162], [9, 2, 0, 118, 116], [40, 11, 1, 84, 122], [3, 5, 14, 53, 44], [40, 13, 4, 232, 38], [16, 7, 4, 60, 87], [3, 17, 18, 171, 246], [3, 15, 10, 93, 248], [40, 2, 0, 210, 197], [2, 6, 21, 151, 132], [25, 21, 14, 198, 220], [37, 16, 9, 251, 4], [35, 17, 2, 31, 66], [13, 20, 14, 106, 58], [32, 26, 24, 68, 192], [39, 26, 7, 161, 40], [33, 13, 17, 41, 15], [36, 25, 9, 13, 5], [28, 25, 19, 14, 245], [0, 6, 0, 0, 0], [0, 31, 0, 0, 0]]",
        "fitness": {
            "fitness": 0.12282092571258545,
            "time": 0.03500697135925293
        }
    },
    "decoding": {
        "metadata": {
            "rows": 1,
            "columns": 30,
            "n_in": 2,
            "n_out": 2,
            "n_para": 2,
            "n_conn": 2
        },
        "functions": [
            "max",
            "min",
            "mean",
            "add",
            "subtract",
            "bitwise_not",
            "bitwise_or",
            "bitwise_and",
            "bitwise_and_mask",
            "bitwise_xor",
            "sqrt",
            "pow2",
            "exp",
            "log",
            "median_blur",
            "gaussian_blur",
            "laplacian",
            "sobel",
            "robert_cross",
            "canny",
            "sharpen",
            "gabor",
            "abs_diff",
            "abs_diff2",
            "fluo_tophat",
            "rel_diff",
            "erode",
            "dilate",
            "open",
            "close",
            "morph_gradient",
            "morph_tophat",
            "morph_blackhat",
            "fill_holes",
            "remove_small_objects",
            "remove_small_holes",
            "threshold",
            "threshold_at_1",
            "distance_transform",
            "distance_transform_and_thresh",
            "inrange_bin",
            "inrange"
        ],
        "endpoint": {
            "name": "W",
            "abbv": "WSHD",
            "arity": 2,
            "p": 0,
            "kwargs": {
                "use_dt": false,
                "markers_distance": 21,
                "markers_area": null
            }
        },
        "mode": "default"
    }
}