{
    "dataset": {
        "name": "CIL",
        "label_name": "neuron",
        "indices": [
            23,
            58,
            72,
            71,
            34,
            41,
            21,
            86,
            60,
            33,
            77,
            82,
            27,
            83
        ]
    },
    "individual": {
        "sequence": "[[0, 0, 0, 0, 0], [0, 0, 0, 0, 0], [4, 1, 1, 168, 7], [19, 1, 1, 164, 31], [18, 3, 1, 139, 214], [39, 2, 1, 154, 97], [11, 0, 5, 195, 70], [0, 6, 3, 208, 188], [6, 5, 6, 14, 143], [41, 7, 4, 248, 213], [11, 7, 8, 136, 37], [38, 10, 7, 237, 70], [16, 10, 10, 124, 54], [4, 5, 7, 65, 137], [10, 12, 12, 141, 167], [29, 8, 13, 25, 107], [35, 4, 14, 219, 220], [34, 6, 14, 110, 137], [13, 8, 2, 158, 142], [10, 12, 5, 128, 145], [27, 7, 11, 6, 181], [18, 16, 9, 49, 130], [11, 2, 15, 52, 45], [40, 21, 5, 9, 201], [23, 22, 7, 188, 7], [3, 17, 2, 123, 142], [40, 15, 2, 180, 136], [20, 23, 12, 10, 31], [39, 3, 8, 249, 140], [6, 3, 27, 27, 202], [34, 20, 11, 215, 162], [1, 29, 28, 39, 248], [0, 20, 0, 0, 0], [0, 16, 0, 0, 0]]",
        "fitness": {
            "fitness": 0.14657399909836905,
            "time": 0.02768521649496896
        }
    },
    "decoding": {
        "metadata": {
            "rows": 1,
            "columns": 30,
            "n_in": 2,
            "n_out": 2,
            "n_para": 2,
            "n_conn": 2
        },
        "functions": [
            "max",
            "min",
            "mean",
            "add",
            "subtract",
            "bitwise_not",
            "bitwise_or",
            "bitwise_and",
            "bitwise_and_mask",
            "bitwise_xor",
            "sqrt",
            "pow2",
            "exp",
            "log",
            "median_blur",
            "gaussian_blur",
            "laplacian",
            "sobel",
            "robert_cross",
            "canny",
            "sharpen",
            "gabor",
            "abs_diff",
            "abs_diff2",
            "fluo_tophat",
            "rel_diff",
            "erode",
            "dilate",
            "open",
            "close",
            "morph_gradient",
            "morph_tophat",
            "morph_blackhat",
            "fill_holes",
            "remove_small_objects",
            "remove_small_holes",
            "threshold",
            "threshold_at_1",
            "distance_transform",
            "distance_transform_and_thresh",
            "inrange_bin",
            "inrange"
        ],
        "endpoint": {
            "name": "Marker-Based Watershed",
            "abbv": "WSHD",
            "arity": 2,
            "p": 0,
            "kwargs": {
                "use_dt": false,
                "markers_distance": 21,
                "markers_area": null
            }
        },
        "mode": "default"
    }
}