{
    "dataset": {
        "name": "CIL",
        "label_name": "neuron",
        "indices": [
            67,
            84,
            56,
            53
        ]
    },
    "individual": {
        "sequence": "[[0, 0, 0, 0, 0], [0, 0, 0, 0, 0], [26, 0, 1, 13, 50], [9, 1, 1, 116, 94], [31, 2, 1, 122, 167], [33, 2, 0, 152, 190], [40, 1, 4, 40, 200], [4, 5, 3, 222, 47], [11, 1, 0, 185, 66], [9, 0, 1, 105, 242], [20, 8, 8, 187, 245], [37, 10, 4, 225, 51], [4, 1, 0, 109, 55], [9, 3, 12, 214, 94], [25, 3, 11, 130, 218], [14, 10, 9, 50, 87], [34, 14, 6, 119, 59], [7, 2, 7, 26, 102], [31, 0, 15, 144, 76], [34, 12, 2, 133, 135], [8, 19, 17, 175, 26], [20, 7, 20, 56, 33], [2, 4, 6, 39, 128], [10, 13, 3, 111, 147], [5, 16, 11, 159, 210], [7, 12, 20, 55, 251], [0, 2, 11, 134, 85], [11, 15, 4, 179, 86], [25, 26, 6, 33, 169], [36, 15, 25, 221, 6], [21, 26, 28, 147, 73], [34, 11, 18, 188, 191], [0, 22, 0, 0, 0], [0, 29, 0, 0, 0]]",
        "fitness": {
            "fitness": 0.0555555522441864,
            "time": 0.019673407077789307
        }
    },
    "decoding": {
        "metadata": {
            "rows": 1,
            "columns": 30,
            "n_in": 2,
            "n_out": 2,
            "n_para": 2,
            "n_conn": 2
        },
        "functions": [
            "max",
            "min",
            "mean",
            "add",
            "subtract",
            "bitwise_not",
            "bitwise_or",
            "bitwise_and",
            "bitwise_and_mask",
            "bitwise_xor",
            "sqrt",
            "pow2",
            "exp",
            "log",
            "median_blur",
            "gaussian_blur",
            "laplacian",
            "sobel",
            "robert_cross",
            "canny",
            "sharpen",
            "gabor",
            "abs_diff",
            "abs_diff2",
            "fluo_tophat",
            "rel_diff",
            "erode",
            "dilate",
            "open",
            "close",
            "morph_gradient",
            "morph_tophat",
            "morph_blackhat",
            "fill_holes",
            "remove_small_objects",
            "remove_small_holes",
            "threshold",
            "threshold_at_1",
            "distance_transform",
            "distance_transform_and_thresh",
            "inrange_bin",
            "inrange"
        ],
        "endpoint": {
            "name": "W",
            "abbv": "WSHD",
            "arity": 2,
            "p": 0,
            "kwargs": {
                "use_dt": false,
                "markers_distance": 21,
                "markers_area": null
            }
        },
        "mode": "default"
    }
}