{
    "dataset": {
        "name": "CIL",
        "label_name": "neuron",
        "indices": [
            34,
            48,
            61,
            11,
            6,
            76,
            0,
            87,
            20,
            81,
            77,
            24,
            59,
            32,
            5,
            12,
            42,
            21,
            38,
            78,
            1,
            29,
            47,
            52,
            68,
            85,
            88,
            30,
            74,
            26,
            73,
            14,
            54,
            22,
            41,
            83,
            80,
            55,
            13,
            7,
            9,
            4,
            49,
            17,
            75,
            79,
            82,
            35,
            40,
            50,
            62,
            71,
            67,
            33,
            28,
            15,
            72,
            69,
            16,
            56
        ]
    },
    "individual": {
        "sequence": "[[0, 0, 0, 0, 0], [0, 0, 0, 0, 0], [3, 0, 0, 208, 84], [30, 1, 2, 88, 177], [19, 1, 3, 21, 139], [26, 3, 2, 173, 63], [3, 2, 5, 86, 94], [4, 6, 0, 86, 188], [23, 2, 0, 193, 217], [24, 7, 8, 69, 132], [28, 9, 0, 72, 140], [28, 9, 10, 12, 131], [37, 7, 4, 126, 142], [39, 3, 9, 116, 58], [15, 6, 13, 87, 45], [6, 0, 2, 96, 36], [9, 11, 7, 42, 15], [11, 9, 5, 111, 58], [14, 12, 3, 205, 250], [30, 12, 3, 145, 145], [16, 0, 10, 182, 158], [35, 8, 2, 86, 55], [34, 15, 15, 100, 246], [34, 15, 15, 110, 129], [16, 14, 4, 29, 194], [32, 4, 13, 109, 156], [35, 4, 17, 188, 5], [39, 25, 8, 121, 53], [27, 27, 20, 182, 127], [31, 24, 16, 116, 115], [22, 23, 4, 135, 239], [18, 26, 19, 213, 123], [0, 17, 0, 0, 0], [0, 31, 0, 0, 0]]",
        "fitness": {
            "fitness": 0.14760829706986744,
            "time": 0.05433397690455119
        }
    },
    "decoding": {
        "metadata": {
            "rows": 1,
            "columns": 30,
            "n_in": 2,
            "n_out": 2,
            "n_para": 2,
            "n_conn": 2
        },
        "functions": [
            "max",
            "min",
            "mean",
            "add",
            "subtract",
            "bitwise_not",
            "bitwise_or",
            "bitwise_and",
            "bitwise_and_mask",
            "bitwise_xor",
            "sqrt",
            "pow2",
            "exp",
            "log",
            "median_blur",
            "gaussian_blur",
            "laplacian",
            "sobel",
            "robert_cross",
            "canny",
            "sharpen",
            "gabor",
            "abs_diff",
            "abs_diff2",
            "fluo_tophat",
            "rel_diff",
            "erode",
            "dilate",
            "open",
            "close",
            "morph_gradient",
            "morph_tophat",
            "morph_blackhat",
            "fill_holes",
            "remove_small_objects",
            "remove_small_holes",
            "threshold",
            "threshold_at_1",
            "distance_transform",
            "distance_transform_and_thresh",
            "inrange_bin",
            "inrange"
        ],
        "endpoint": {
            "name": "Marker-Based Watershed",
            "abbv": "WSHD",
            "arity": 2,
            "args": 0,
            "kwargs": {
                "use_dt": false,
                "markers_distance": 21,
                "markers_area": null
            }
        },
        "mode": "default"
    }
}