{
    "dataset": {
        "name": "CIL",
        "label_name": "neuron",
        "indices": [
            71,
            85,
            62,
            23,
            5,
            32,
            21,
            29,
            46,
            8,
            40,
            58,
            83,
            20,
            38,
            45,
            15,
            22,
            49,
            60,
            44,
            72,
            36,
            54,
            84
        ]
    },
    "individual": {
        "sequence": "[[0, 0, 0, 0, 0], [0, 0, 0, 0, 0], [36, 1, 0, 203, 38], [6, 1, 0, 36, 252], [21, 3, 2, 121, 28], [11, 0, 1, 145, 230], [8, 5, 4, 163, 212], [12, 3, 5, 36, 121], [14, 2, 1, 80, 165], [40, 5, 4, 152, 22], [30, 3, 8, 138, 164], [2, 8, 6, 157, 64], [3, 0, 0, 60, 215], [37, 6, 4, 225, 29], [32, 4, 9, 88, 221], [32, 0, 3, 27, 247], [40, 12, 13, 164, 63], [40, 13, 13, 218, 39], [4, 2, 8, 226, 196], [10, 18, 6, 125, 75], [12, 0, 17, 65, 59], [0, 18, 15, 55, 184], [35, 20, 9, 101, 224], [12, 16, 8, 233, 155], [30, 6, 1, 9, 80], [5, 4, 1, 116, 20], [35, 16, 3, 139, 17], [38, 23, 26, 156, 79], [34, 18, 24, 23, 36], [15, 23, 18, 171, 241], [34, 17, 14, 71, 143], [0, 16, 30, 196, 79], [0, 24, 0, 0, 0], [0, 28, 0, 0, 0]]",
        "fitness": {
            "fitness": 0.14274390935897827,
            "time": 0.046001977920532226
        }
    },
    "decoding": {
        "metadata": {
            "rows": 1,
            "columns": 30,
            "n_in": 2,
            "n_out": 2,
            "n_para": 2,
            "n_conn": 2
        },
        "functions": [
            "max",
            "min",
            "mean",
            "add",
            "subtract",
            "bitwise_not",
            "bitwise_or",
            "bitwise_and",
            "bitwise_and_mask",
            "bitwise_xor",
            "sqrt",
            "pow2",
            "exp",
            "log",
            "median_blur",
            "gaussian_blur",
            "laplacian",
            "sobel",
            "robert_cross",
            "canny",
            "sharpen",
            "gabor",
            "abs_diff",
            "abs_diff2",
            "fluo_tophat",
            "rel_diff",
            "erode",
            "dilate",
            "open",
            "close",
            "morph_gradient",
            "morph_tophat",
            "morph_blackhat",
            "fill_holes",
            "remove_small_objects",
            "remove_small_holes",
            "threshold",
            "threshold_at_1",
            "distance_transform",
            "distance_transform_and_thresh",
            "inrange_bin",
            "inrange"
        ],
        "endpoint": {
            "name": "W",
            "abbv": "WSHD",
            "arity": 2,
            "p": 0,
            "kwargs": {
                "use_dt": false,
                "markers_distance": 21,
                "markers_area": null
            }
        },
        "mode": "default"
    }
}