{
    "dataset": {
        "name": "CIL",
        "label_name": "neuron",
        "indices": [
            45,
            5,
            70,
            20,
            63,
            15,
            76,
            37,
            3,
            71,
            53,
            66,
            28,
            47,
            31,
            75,
            54,
            40,
            72,
            51,
            35,
            22,
            74,
            73,
            52,
            48,
            50,
            60,
            87,
            0,
            79,
            27,
            25,
            78,
            6,
            62,
            38,
            56,
            19,
            43,
            4,
            58,
            85,
            59,
            9,
            64,
            86,
            44,
            39,
            10,
            80,
            36,
            21,
            14,
            11,
            67,
            57,
            84,
            29,
            7,
            12,
            34,
            55,
            42,
            83,
            46,
            88,
            81,
            49,
            33
        ]
    },
    "individual": {
        "sequence": "[[0, 0, 0, 0, 0], [0, 0, 0, 0, 0], [31, 0, 1, 109, 27], [26, 1, 1, 4, 76], [9, 1, 2, 114, 7], [2, 0, 1, 174, 65], [5, 1, 5, 141, 133], [13, 6, 4, 138, 242], [5, 6, 6, 13, 48], [22, 3, 2, 242, 124], [3, 0, 0, 38, 177], [4, 9, 8, 168, 57], [26, 2, 0, 123, 241], [11, 9, 12, 98, 3], [11, 10, 3, 216, 217], [36, 5, 4, 249, 53], [12, 2, 13, 46, 116], [11, 5, 7, 85, 21], [3, 8, 5, 216, 148], [41, 1, 8, 231, 230], [19, 13, 1, 116, 18], [24, 14, 16, 13, 111], [22, 4, 18, 189, 74], [26, 7, 20, 5, 174], [3, 4, 0, 86, 19], [16, 2, 6, 13, 227], [19, 3, 13, 200, 52], [23, 17, 6, 100, 52], [29, 4, 6, 238, 158], [30, 22, 18, 27, 83], [18, 20, 21, 170, 106], [6, 30, 18, 148, 83], [0, 21, 0, 0, 0], [0, 30, 0, 0, 0]]",
        "fitness": {
            "fitness": 0.14491574593952725,
            "time": 0.04937746865408761
        }
    },
    "decoding": {
        "metadata": {
            "rows": 1,
            "columns": 30,
            "n_in": 2,
            "n_out": 2,
            "n_para": 2,
            "n_conn": 2
        },
        "functions": [
            "max",
            "min",
            "mean",
            "add",
            "subtract",
            "bitwise_not",
            "bitwise_or",
            "bitwise_and",
            "bitwise_and_mask",
            "bitwise_xor",
            "sqrt",
            "pow2",
            "exp",
            "log",
            "median_blur",
            "gaussian_blur",
            "laplacian",
            "sobel",
            "robert_cross",
            "canny",
            "sharpen",
            "gabor",
            "abs_diff",
            "abs_diff2",
            "fluo_tophat",
            "rel_diff",
            "erode",
            "dilate",
            "open",
            "close",
            "morph_gradient",
            "morph_tophat",
            "morph_blackhat",
            "fill_holes",
            "remove_small_objects",
            "remove_small_holes",
            "threshold",
            "threshold_at_1",
            "distance_transform",
            "distance_transform_and_thresh",
            "inrange_bin",
            "inrange"
        ],
        "endpoint": {
            "name": "Marker-Based Watershed",
            "abbv": "WSHD",
            "arity": 2,
            "args": 0,
            "kwargs": {
                "use_dt": false,
                "markers_distance": 21,
                "markers_area": null
            }
        },
        "mode": "default"
    }
}