{
    "dataset": {
        "name": "CIL",
        "label_name": "neuron",
        "indices": [
            88,
            63,
            87,
            72,
            32,
            67,
            75,
            69,
            51,
            79,
            71,
            10,
            80,
            64,
            18,
            39,
            41,
            30,
            68,
            2,
            77,
            21,
            13,
            20,
            42,
            56,
            76,
            27,
            61,
            5,
            6,
            29,
            22,
            12,
            40,
            73,
            26,
            47,
            16,
            44,
            33,
            15,
            74,
            62,
            83,
            24,
            4,
            11,
            78,
            58,
            85,
            19,
            0,
            35,
            81,
            49,
            45,
            59,
            57,
            43,
            60,
            66,
            14,
            25,
            54,
            36,
            70,
            84,
            55,
            7,
            1,
            37,
            9,
            86,
            82,
            17,
            31,
            65,
            52,
            34
        ]
    },
    "individual": {
        "sequence": "[[0, 0, 0, 0, 0], [0, 0, 0, 0, 0], [24, 1, 1, 83, 129], [29, 1, 1, 139, 62], [27, 1, 1, 169, 61], [28, 0, 2, 199, 133], [27, 2, 1, 61, 207], [0, 5, 6, 120, 99], [22, 2, 3, 89, 29], [10, 7, 1, 139, 78], [40, 3, 0, 53, 34], [9, 6, 3, 197, 242], [8, 11, 3, 250, 234], [32, 11, 8, 147, 106], [31, 4, 7, 221, 179], [4, 0, 5, 203, 44], [9, 10, 6, 133, 223], [6, 10, 11, 75, 91], [25, 5, 5, 164, 91], [13, 9, 9, 53, 27], [9, 16, 13, 133, 114], [29, 13, 19, 115, 124], [0, 3, 8, 28, 204], [4, 2, 22, 49, 124], [2, 15, 23, 109, 162], [28, 22, 1, 167, 93], [20, 7, 9, 187, 6], [20, 11, 2, 97, 80], [29, 20, 26, 1, 139], [14, 4, 27, 141, 109], [20, 23, 23, 124, 247], [16, 30, 9, 180, 244], [0, 24, 0, 0, 0], [0, 31, 0, 0, 0]]",
        "fitness": {
            "fitness": 0.15640279985964298,
            "time": 0.06643103659152985
        }
    },
    "decoding": {
        "metadata": {
            "rows": 1,
            "columns": 30,
            "n_in": 2,
            "n_out": 2,
            "n_para": 2,
            "n_conn": 2
        },
        "functions": [
            "max",
            "min",
            "mean",
            "add",
            "subtract",
            "bitwise_not",
            "bitwise_or",
            "bitwise_and",
            "bitwise_and_mask",
            "bitwise_xor",
            "sqrt",
            "pow2",
            "exp",
            "log",
            "median_blur",
            "gaussian_blur",
            "laplacian",
            "sobel",
            "robert_cross",
            "canny",
            "sharpen",
            "gabor",
            "abs_diff",
            "abs_diff2",
            "fluo_tophat",
            "rel_diff",
            "erode",
            "dilate",
            "open",
            "close",
            "morph_gradient",
            "morph_tophat",
            "morph_blackhat",
            "fill_holes",
            "remove_small_objects",
            "remove_small_holes",
            "threshold",
            "threshold_at_1",
            "distance_transform",
            "distance_transform_and_thresh",
            "inrange_bin",
            "inrange"
        ],
        "endpoint": {
            "name": "Marker-Based Watershed",
            "abbv": "WSHD",
            "arity": 2,
            "args": 0,
            "kwargs": {
                "use_dt": false,
                "markers_distance": 21,
                "markers_area": null
            }
        },
        "mode": "default"
    }
}