{
    "dataset": {
        "name": "CIL",
        "label_name": "neuron",
        "indices": [
            46,
            50,
            59,
            21,
            12,
            76,
            30,
            87,
            33,
            14,
            80,
            25,
            77,
            36
        ]
    },
    "individual": {
        "sequence": "[[0, 0, 0, 0, 0], [0, 0, 0, 0, 0], [24, 1, 0, 51, 211], [26, 2, 0, 36, 44], [14, 0, 1, 120, 246], [8, 3, 2, 120, 218], [19, 3, 0, 201, 12], [17, 0, 4, 71, 68], [12, 0, 2, 210, 199], [33, 6, 3, 57, 212], [41, 8, 7, 9, 204], [10, 6, 6, 50, 242], [5, 4, 0, 244, 185], [4, 10, 8, 170, 48], [30, 12, 3, 17, 69], [18, 9, 6, 53, 156], [34, 1, 13, 159, 221], [12, 11, 11, 92, 151], [5, 4, 17, 132, 243], [12, 16, 14, 120, 88], [5, 18, 18, 9, 83], [13, 1, 12, 150, 212], [31, 6, 10, 68, 55], [14, 3, 5, 1, 138], [27, 12, 12, 70, 171], [37, 3, 0, 158, 166], [18, 3, 13, 164, 197], [40, 3, 21, 241, 91], [39, 8, 24, 77, 173], [31, 1, 4, 82, 161], [15, 6, 16, 8, 168], [29, 13, 9, 136, 60], [0, 10, 0, 0, 0], [0, 30, 0, 0, 0]]",
        "fitness": {
            "fitness": 0.16132910336766923,
            "time": 0.043765051024300713
        }
    },
    "decoding": {
        "metadata": {
            "rows": 1,
            "columns": 30,
            "n_in": 2,
            "n_out": 2,
            "n_para": 2,
            "n_conn": 2
        },
        "functions": [
            "max",
            "min",
            "mean",
            "add",
            "subtract",
            "bitwise_not",
            "bitwise_or",
            "bitwise_and",
            "bitwise_and_mask",
            "bitwise_xor",
            "sqrt",
            "pow2",
            "exp",
            "log",
            "median_blur",
            "gaussian_blur",
            "laplacian",
            "sobel",
            "robert_cross",
            "canny",
            "sharpen",
            "gabor",
            "abs_diff",
            "abs_diff2",
            "fluo_tophat",
            "rel_diff",
            "erode",
            "dilate",
            "open",
            "close",
            "morph_gradient",
            "morph_tophat",
            "morph_blackhat",
            "fill_holes",
            "remove_small_objects",
            "remove_small_holes",
            "threshold",
            "threshold_at_1",
            "distance_transform",
            "distance_transform_and_thresh",
            "inrange_bin",
            "inrange"
        ],
        "endpoint": {
            "name": "Marker-Based Watershed",
            "abbv": "WSHD",
            "arity": 2,
            "p": 0,
            "kwargs": {
                "use_dt": false,
                "markers_distance": 21,
                "markers_area": null
            }
        },
        "mode": "default"
    }
}