{
    "dataset": {
        "name": "CIL",
        "label_name": "neuron",
        "indices": [
            45,
            73,
            80,
            7,
            42,
            83,
            29,
            72,
            23,
            62,
            49
        ]
    },
    "individual": {
        "sequence": "[[0, 0, 0, 0, 0], [0, 0, 0, 0, 0], [1, 1, 0, 172, 164], [28, 1, 1, 13, 153], [16, 1, 0, 59, 18], [3, 0, 2, 75, 64], [32, 4, 4, 240, 62], [18, 0, 6, 6, 242], [35, 0, 1, 91, 50], [33, 2, 8, 221, 120], [30, 7, 3, 50, 122], [37, 3, 0, 199, 251], [39, 9, 9, 154, 48], [9, 12, 2, 14, 74], [30, 4, 10, 195, 248], [32, 7, 3, 225, 250], [15, 14, 14, 113, 61], [32, 9, 15, 207, 88], [11, 5, 12, 176, 19], [29, 18, 1, 159, 137], [41, 19, 19, 46, 230], [32, 8, 14, 158, 221], [37, 7, 18, 108, 76], [36, 17, 1, 32, 248], [9, 15, 21, 59, 150], [8, 3, 11, 186, 125], [41, 3, 20, 238, 41], [26, 2, 24, 42, 74], [6, 10, 6, 247, 137], [26, 11, 14, 67, 230], [11, 14, 3, 253, 200], [10, 11, 29, 108, 28], [0, 18, 0, 0, 0], [0, 26, 0, 0, 0]]",
        "fitness": {
            "fitness": 0.14426530491222034,
            "time": 0.025793790817260742
        }
    },
    "decoding": {
        "metadata": {
            "rows": 1,
            "columns": 30,
            "n_in": 2,
            "n_out": 2,
            "n_para": 2,
            "n_conn": 2
        },
        "functions": [
            "max",
            "min",
            "mean",
            "add",
            "subtract",
            "bitwise_not",
            "bitwise_or",
            "bitwise_and",
            "bitwise_and_mask",
            "bitwise_xor",
            "sqrt",
            "pow2",
            "exp",
            "log",
            "median_blur",
            "gaussian_blur",
            "laplacian",
            "sobel",
            "robert_cross",
            "canny",
            "sharpen",
            "gabor",
            "abs_diff",
            "abs_diff2",
            "fluo_tophat",
            "rel_diff",
            "erode",
            "dilate",
            "open",
            "close",
            "morph_gradient",
            "morph_tophat",
            "morph_blackhat",
            "fill_holes",
            "remove_small_objects",
            "remove_small_holes",
            "threshold",
            "threshold_at_1",
            "distance_transform",
            "distance_transform_and_thresh",
            "inrange_bin",
            "inrange"
        ],
        "endpoint": {
            "name": "Marker-Based Watershed",
            "abbv": "WSHD",
            "arity": 2,
            "p": 0,
            "kwargs": {
                "use_dt": false,
                "markers_distance": 21,
                "markers_area": null
            }
        },
        "mode": "default"
    }
}