{
    "dataset": {
        "name": "CIL",
        "label_name": "neuron",
        "indices": [
            3,
            6,
            2,
            87,
            17,
            46
        ]
    },
    "individual": {
        "sequence": "[[0, 0, 0, 0, 0], [0, 0, 0, 0, 0], [36, 1, 1, 109, 33], [34, 0, 1, 126, 138], [4, 0, 3, 68, 229], [0, 3, 4, 209, 255], [12, 4, 2, 217, 23], [18, 5, 1, 26, 246], [39, 0, 3, 3, 226], [36, 7, 7, 34, 166], [30, 1, 1, 70, 171], [34, 0, 10, 1, 42], [25, 8, 9, 112, 162], [39, 2, 12, 41, 171], [41, 6, 5, 173, 8], [22, 4, 3, 39, 32], [0, 2, 14, 78, 72], [11, 7, 7, 193, 174], [11, 7, 1, 205, 217], [41, 8, 2, 130, 0], [13, 3, 10, 240, 102], [3, 9, 9, 110, 163], [18, 5, 18, 101, 254], [40, 6, 20, 253, 100], [37, 18, 19, 9, 34], [34, 12, 18, 148, 9], [34, 0, 4, 182, 191], [12, 16, 13, 104, 164], [24, 11, 8, 58, 251], [16, 13, 20, 37, 50], [24, 3, 16, 226, 196], [29, 16, 18, 191, 95], [0, 16, 0, 0, 0], [0, 13, 0, 0, 0]]",
        "fitness": {
            "fitness": 0.10899586478869121,
            "time": 0.03848473230997721
        }
    },
    "decoding": {
        "metadata": {
            "rows": 1,
            "columns": 30,
            "n_in": 2,
            "n_out": 2,
            "n_para": 2,
            "n_conn": 2
        },
        "functions": [
            "max",
            "min",
            "mean",
            "add",
            "subtract",
            "bitwise_not",
            "bitwise_or",
            "bitwise_and",
            "bitwise_and_mask",
            "bitwise_xor",
            "sqrt",
            "pow2",
            "exp",
            "log",
            "median_blur",
            "gaussian_blur",
            "laplacian",
            "sobel",
            "robert_cross",
            "canny",
            "sharpen",
            "gabor",
            "abs_diff",
            "abs_diff2",
            "fluo_tophat",
            "rel_diff",
            "erode",
            "dilate",
            "open",
            "close",
            "morph_gradient",
            "morph_tophat",
            "morph_blackhat",
            "fill_holes",
            "remove_small_objects",
            "remove_small_holes",
            "threshold",
            "threshold_at_1",
            "distance_transform",
            "distance_transform_and_thresh",
            "inrange_bin",
            "inrange"
        ],
        "endpoint": {
            "name": "W",
            "abbv": "WSHD",
            "arity": 2,
            "p": 0,
            "kwargs": {
                "use_dt": false,
                "markers_distance": 21,
                "markers_area": null
            }
        },
        "mode": "default"
    }
}