{
    "dataset": {
        "name": "CIL",
        "label_name": "neuron",
        "indices": [
            50,
            38,
            74,
            86,
            29,
            14,
            32,
            76,
            48,
            73,
            2,
            88,
            30,
            47,
            70,
            62,
            51,
            66,
            71,
            28,
            10,
            59,
            23,
            37,
            63,
            80,
            84,
            64,
            21,
            31,
            46,
            52,
            68,
            4,
            13,
            75,
            60,
            25,
            17,
            44
        ]
    },
    "individual": {
        "sequence": "[[0, 0, 0, 0, 0], [0, 0, 0, 0, 0], [11, 0, 1, 50, 245], [14, 0, 0, 170, 48], [21, 1, 2, 40, 227], [28, 1, 2, 22, 117], [9, 1, 5, 76, 215], [35, 3, 5, 185, 229], [41, 5, 4, 38, 171], [4, 2, 6, 220, 34], [33, 7, 6, 171, 147], [36, 3, 4, 73, 31], [26, 7, 3, 72, 251], [31, 5, 5, 60, 255], [23, 6, 13, 111, 132], [5, 7, 1, 57, 115], [0, 9, 4, 216, 210], [39, 14, 14, 221, 143], [9, 13, 2, 158, 127], [5, 14, 15, 28, 177], [6, 6, 19, 37, 228], [29, 2, 7, 69, 249], [5, 9, 5, 171, 3], [31, 18, 19, 1, 203], [30, 16, 10, 12, 166], [39, 12, 1, 74, 112], [5, 12, 11, 109, 202], [16, 1, 25, 131, 45], [2, 20, 22, 227, 82], [24, 6, 7, 127, 231], [19, 13, 10, 121, 229], [29, 22, 27, 193, 128], [0, 24, 0, 0, 0], [0, 8, 0, 0, 0]]",
        "fitness": {
            "fitness": 0.18109285086393356,
            "time": 0.02873262166976929
        }
    },
    "decoding": {
        "metadata": {
            "rows": 1,
            "columns": 30,
            "n_in": 2,
            "n_out": 2,
            "n_para": 2,
            "n_conn": 2
        },
        "functions": [
            "max",
            "min",
            "mean",
            "add",
            "subtract",
            "bitwise_not",
            "bitwise_or",
            "bitwise_and",
            "bitwise_and_mask",
            "bitwise_xor",
            "sqrt",
            "pow2",
            "exp",
            "log",
            "median_blur",
            "gaussian_blur",
            "laplacian",
            "sobel",
            "robert_cross",
            "canny",
            "sharpen",
            "gabor",
            "abs_diff",
            "abs_diff2",
            "fluo_tophat",
            "rel_diff",
            "erode",
            "dilate",
            "open",
            "close",
            "morph_gradient",
            "morph_tophat",
            "morph_blackhat",
            "fill_holes",
            "remove_small_objects",
            "remove_small_holes",
            "threshold",
            "threshold_at_1",
            "distance_transform",
            "distance_transform_and_thresh",
            "inrange_bin",
            "inrange"
        ],
        "endpoint": {
            "name": "Marker-Based Watershed",
            "abbv": "WSHD",
            "arity": 2,
            "args": 0,
            "kwargs": {
                "use_dt": false,
                "markers_distance": 21,
                "markers_area": null
            }
        },
        "mode": "default"
    }
}