{
    "dataset": {
        "name": "CIL",
        "label_name": "neuron",
        "indices": [
            67,
            79,
            2,
            84,
            25
        ]
    },
    "individual": {
        "sequence": "[[0, 0, 0, 0, 0], [0, 0, 0, 0, 0], [24, 0, 0, 128, 237], [11, 2, 1, 88, 220], [3, 2, 1, 29, 241], [21, 2, 0, 130, 38], [21, 1, 4, 217, 108], [40, 1, 6, 34, 245], [24, 6, 3, 12, 38], [33, 1, 8, 16, 149], [19, 3, 3, 234, 119], [1, 3, 1, 236, 207], [0, 3, 7, 235, 252], [5, 9, 0, 137, 226], [27, 4, 7, 154, 178], [23, 7, 1, 161, 86], [3, 4, 0, 122, 5], [39, 7, 13, 32, 52], [36, 6, 6, 182, 30], [39, 17, 2, 135, 116], [28, 16, 6, 249, 54], [3, 9, 17, 103, 117], [5, 1, 4, 151, 54], [9, 20, 5, 254, 211], [23, 8, 2, 232, 72], [11, 3, 12, 236, 146], [24, 13, 20, 80, 154], [5, 18, 3, 135, 112], [2, 1, 21, 250, 200], [37, 28, 16, 104, 201], [19, 7, 5, 190, 193], [21, 4, 28, 173, 93], [0, 12, 0, 0, 0], [0, 17, 0, 0, 0]]",
        "fitness": {
            "fitness": 0.05652443170547485,
            "time": 0.08607025146484375
        }
    },
    "decoding": {
        "metadata": {
            "rows": 1,
            "columns": 30,
            "n_in": 2,
            "n_out": 2,
            "n_para": 2,
            "n_conn": 2
        },
        "functions": [
            "max",
            "min",
            "mean",
            "add",
            "subtract",
            "bitwise_not",
            "bitwise_or",
            "bitwise_and",
            "bitwise_and_mask",
            "bitwise_xor",
            "sqrt",
            "pow2",
            "exp",
            "log",
            "median_blur",
            "gaussian_blur",
            "laplacian",
            "sobel",
            "robert_cross",
            "canny",
            "sharpen",
            "gabor",
            "abs_diff",
            "abs_diff2",
            "fluo_tophat",
            "rel_diff",
            "erode",
            "dilate",
            "open",
            "close",
            "morph_gradient",
            "morph_tophat",
            "morph_blackhat",
            "fill_holes",
            "remove_small_objects",
            "remove_small_holes",
            "threshold",
            "threshold_at_1",
            "distance_transform",
            "distance_transform_and_thresh",
            "inrange_bin",
            "inrange"
        ],
        "endpoint": {
            "name": "W",
            "abbv": "WSHD",
            "arity": 2,
            "p": 0,
            "kwargs": {
                "use_dt": false,
                "markers_distance": 21,
                "markers_area": null
            }
        },
        "mode": "default"
    }
}