{
    "dataset": {
        "name": "CIL",
        "label_name": "neuron",
        "indices": [
            84,
            73,
            45,
            88,
            39,
            28,
            75,
            87,
            70,
            46,
            36,
            32,
            66,
            17,
            1,
            53,
            58,
            40,
            27,
            68,
            0,
            29,
            18,
            38,
            62,
            54,
            34,
            13,
            25,
            20
        ]
    },
    "individual": {
        "sequence": "[[0, 0, 0, 0, 0], [0, 0, 0, 0, 0], [6, 1, 1, 224, 125], [19, 2, 0, 42, 129], [11, 0, 2, 56, 118], [31, 0, 1, 176, 157], [28, 3, 0, 130, 14], [11, 5, 5, 174, 115], [16, 3, 1, 92, 72], [13, 7, 7, 123, 251], [14, 4, 1, 48, 125], [10, 4, 0, 27, 44], [40, 3, 4, 103, 121], [19, 8, 7, 133, 113], [28, 13, 0, 119, 59], [33, 8, 3, 125, 105], [14, 3, 2, 157, 17], [2, 5, 11, 110, 4], [0, 16, 13, 176, 17], [27, 4, 3, 202, 213], [23, 19, 9, 103, 210], [41, 9, 11, 230, 84], [12, 1, 16, 159, 65], [24, 8, 13, 57, 111], [40, 15, 22, 166, 202], [8, 15, 19, 173, 127], [26, 19, 9, 178, 105], [1, 10, 7, 222, 253], [23, 17, 1, 218, 76], [33, 13, 11, 75, 138], [20, 23, 12, 63, 155], [32, 0, 2, 20, 102], [0, 17, 0, 0, 0], [0, 25, 0, 0, 0]]",
        "fitness": {
            "fitness": 0.16871230800946554,
            "time": 0.03399926026662191
        }
    },
    "decoding": {
        "metadata": {
            "rows": 1,
            "columns": 30,
            "n_in": 2,
            "n_out": 2,
            "n_para": 2,
            "n_conn": 2
        },
        "functions": [
            "max",
            "min",
            "mean",
            "add",
            "subtract",
            "bitwise_not",
            "bitwise_or",
            "bitwise_and",
            "bitwise_and_mask",
            "bitwise_xor",
            "sqrt",
            "pow2",
            "exp",
            "log",
            "median_blur",
            "gaussian_blur",
            "laplacian",
            "sobel",
            "robert_cross",
            "canny",
            "sharpen",
            "gabor",
            "abs_diff",
            "abs_diff2",
            "fluo_tophat",
            "rel_diff",
            "erode",
            "dilate",
            "open",
            "close",
            "morph_gradient",
            "morph_tophat",
            "morph_blackhat",
            "fill_holes",
            "remove_small_objects",
            "remove_small_holes",
            "threshold",
            "threshold_at_1",
            "distance_transform",
            "distance_transform_and_thresh",
            "inrange_bin",
            "inrange"
        ],
        "endpoint": {
            "name": "Marker-Based Watershed",
            "abbv": "WSHD",
            "arity": 2,
            "args": 0,
            "kwargs": {
                "use_dt": false,
                "markers_distance": 21,
                "markers_area": null
            }
        },
        "mode": "default"
    }
}