{
    "dataset": {
        "name": "CIL",
        "label_name": "neuron",
        "indices": [
            7,
            20,
            34,
            84,
            27,
            88,
            85
        ]
    },
    "individual": {
        "sequence": "[[0, 0, 0, 0, 0], [0, 0, 0, 0, 0], [14, 1, 0, 21, 231], [32, 2, 1, 18, 93], [0, 1, 1, 230, 83], [1, 2, 0, 36, 84], [39, 0, 5, 3, 224], [8, 5, 4, 130, 77], [20, 7, 6, 142, 65], [5, 7, 1, 56, 122], [24, 0, 7, 55, 208], [33, 2, 6, 82, 145], [23, 3, 10, 68, 62], [3, 5, 10, 29, 218], [23, 2, 1, 28, 223], [12, 11, 12, 32, 173], [12, 2, 3, 81, 45], [10, 9, 11, 110, 96], [19, 7, 7, 151, 198], [20, 16, 16, 7, 5], [32, 2, 12, 98, 171], [11, 13, 17, 209, 120], [34, 21, 12, 236, 116], [36, 2, 9, 231, 53], [33, 7, 16, 154, 106], [41, 15, 4, 6, 108], [16, 23, 6, 165, 110], [38, 0, 12, 5, 77], [0, 24, 4, 209, 28], [21, 15, 13, 22, 166], [33, 27, 22, 161, 219], [22, 18, 8, 251, 52], [0, 21, 0, 0, 0], [0, 26, 0, 0, 0]]",
        "fitness": {
            "fitness": 0.0541600159236363,
            "time": 0.04844485010419573
        }
    },
    "decoding": {
        "metadata": {
            "rows": 1,
            "columns": 30,
            "n_in": 2,
            "n_out": 2,
            "n_para": 2,
            "n_conn": 2
        },
        "functions": [
            "max",
            "min",
            "mean",
            "add",
            "subtract",
            "bitwise_not",
            "bitwise_or",
            "bitwise_and",
            "bitwise_and_mask",
            "bitwise_xor",
            "sqrt",
            "pow2",
            "exp",
            "log",
            "median_blur",
            "gaussian_blur",
            "laplacian",
            "sobel",
            "robert_cross",
            "canny",
            "sharpen",
            "gabor",
            "abs_diff",
            "abs_diff2",
            "fluo_tophat",
            "rel_diff",
            "erode",
            "dilate",
            "open",
            "close",
            "morph_gradient",
            "morph_tophat",
            "morph_blackhat",
            "fill_holes",
            "remove_small_objects",
            "remove_small_holes",
            "threshold",
            "threshold_at_1",
            "distance_transform",
            "distance_transform_and_thresh",
            "inrange_bin",
            "inrange"
        ],
        "endpoint": {
            "name": "W",
            "abbv": "WSHD",
            "arity": 2,
            "p": 0,
            "kwargs": {
                "use_dt": false,
                "markers_distance": 21,
                "markers_area": null
            }
        },
        "mode": "default"
    }
}