{
    "dataset": {
        "name": "CIL",
        "label_name": "neuron",
        "indices": [
            83,
            55,
            85,
            11,
            76,
            61,
            17,
            60,
            2,
            75
        ]
    },
    "individual": {
        "sequence": "[[0, 0, 0, 0, 0], [0, 0, 0, 0, 0], [24, 0, 1, 159, 222], [15, 2, 2, 26, 245], [22, 3, 2, 49, 173], [31, 0, 1, 16, 31], [2, 5, 3, 54, 104], [16, 6, 5, 102, 14], [6, 7, 0, 241, 100], [37, 7, 6, 237, 185], [11, 1, 8, 118, 182], [1, 2, 0, 133, 229], [1, 2, 8, 99, 229], [36, 1, 6, 5, 40], [7, 2, 13, 43, 98], [25, 14, 5, 203, 47], [8, 0, 13, 197, 162], [10, 13, 9, 133, 176], [22, 17, 11, 42, 170], [3, 8, 10, 82, 38], [25, 11, 18, 198, 223], [10, 13, 7, 156, 24], [6, 19, 2, 140, 164], [24, 3, 7, 69, 176], [24, 16, 17, 129, 26], [21, 15, 5, 201, 123], [16, 13, 0, 70, 229], [11, 22, 9, 20, 189], [19, 20, 18, 133, 0], [23, 2, 11, 28, 181], [5, 23, 28, 10, 145], [0, 6, 9, 35, 225], [0, 27, 0, 0, 0], [0, 13, 0, 0, 0]]",
        "fitness": {
            "fitness": 0.12050706744194031,
            "time": 0.041045975685119626
        }
    },
    "decoding": {
        "metadata": {
            "rows": 1,
            "columns": 30,
            "n_in": 2,
            "n_out": 2,
            "n_para": 2,
            "n_conn": 2
        },
        "functions": [
            "max",
            "min",
            "mean",
            "add",
            "subtract",
            "bitwise_not",
            "bitwise_or",
            "bitwise_and",
            "bitwise_and_mask",
            "bitwise_xor",
            "sqrt",
            "pow2",
            "exp",
            "log",
            "median_blur",
            "gaussian_blur",
            "laplacian",
            "sobel",
            "robert_cross",
            "canny",
            "sharpen",
            "gabor",
            "abs_diff",
            "abs_diff2",
            "fluo_tophat",
            "rel_diff",
            "erode",
            "dilate",
            "open",
            "close",
            "morph_gradient",
            "morph_tophat",
            "morph_blackhat",
            "fill_holes",
            "remove_small_objects",
            "remove_small_holes",
            "threshold",
            "threshold_at_1",
            "distance_transform",
            "distance_transform_and_thresh",
            "inrange_bin",
            "inrange"
        ],
        "endpoint": {
            "name": "W",
            "abbv": "WSHD",
            "arity": 2,
            "p": 0,
            "kwargs": {
                "use_dt": false,
                "markers_distance": 21,
                "markers_area": null
            }
        },
        "mode": "default"
    }
}