{
    "dataset": {
        "name": "CIL",
        "label_name": "neuron",
        "indices": [
            33,
            52,
            8,
            76,
            22,
            18,
            56,
            2,
            75,
            10,
            74,
            37,
            15,
            49,
            31,
            57,
            42,
            43,
            13,
            73,
            35,
            20,
            38,
            71,
            83,
            80,
            69,
            86,
            41,
            28,
            19,
            40,
            32,
            23,
            27,
            0,
            87,
            12,
            17,
            4,
            81,
            26,
            88,
            70,
            7,
            65,
            64,
            48,
            25,
            53,
            5,
            3,
            61,
            21,
            9,
            30,
            29,
            54,
            50,
            68,
            82,
            59,
            51,
            62,
            72,
            6,
            44,
            55,
            39,
            14,
            67,
            24,
            60,
            85,
            36,
            1,
            45,
            79,
            66,
            11
        ]
    },
    "individual": {
        "sequence": "[[0, 0, 0, 0, 0], [0, 0, 0, 0, 0], [31, 0, 0, 207, 5], [32, 2, 2, 195, 47], [37, 1, 2, 139, 33], [11, 0, 3, 150, 67], [36, 4, 2, 123, 38], [8, 1, 5, 9, 240], [40, 0, 6, 150, 56], [35, 1, 6, 110, 75], [38, 4, 7, 67, 116], [20, 5, 7, 45, 25], [10, 4, 1, 11, 132], [36, 6, 10, 27, 3], [28, 6, 5, 17, 149], [13, 13, 12, 46, 47], [28, 12, 5, 1, 33], [12, 10, 14, 186, 217], [30, 1, 10, 202, 182], [7, 7, 6, 110, 90], [2, 11, 2, 136, 193], [10, 3, 1, 11, 136], [2, 20, 7, 216, 223], [21, 16, 15, 219, 45], [7, 18, 1, 155, 78], [17, 15, 13, 155, 87], [20, 16, 19, 36, 240], [24, 21, 5, 204, 207], [7, 27, 8, 169, 241], [31, 21, 22, 237, 241], [23, 28, 18, 63, 183], [7, 14, 17, 45, 76], [0, 22, 0, 0, 0], [0, 14, 0, 0, 0]]",
        "fitness": {
            "fitness": 0.13127705194056033,
            "time": 0.03561969697475433
        }
    },
    "decoding": {
        "metadata": {
            "rows": 1,
            "columns": 30,
            "n_in": 2,
            "n_out": 2,
            "n_para": 2,
            "n_conn": 2
        },
        "functions": [
            "max",
            "min",
            "mean",
            "add",
            "subtract",
            "bitwise_not",
            "bitwise_or",
            "bitwise_and",
            "bitwise_and_mask",
            "bitwise_xor",
            "sqrt",
            "pow2",
            "exp",
            "log",
            "median_blur",
            "gaussian_blur",
            "laplacian",
            "sobel",
            "robert_cross",
            "canny",
            "sharpen",
            "gabor",
            "abs_diff",
            "abs_diff2",
            "fluo_tophat",
            "rel_diff",
            "erode",
            "dilate",
            "open",
            "close",
            "morph_gradient",
            "morph_tophat",
            "morph_blackhat",
            "fill_holes",
            "remove_small_objects",
            "remove_small_holes",
            "threshold",
            "threshold_at_1",
            "distance_transform",
            "distance_transform_and_thresh",
            "inrange_bin",
            "inrange"
        ],
        "endpoint": {
            "name": "Marker-Based Watershed",
            "abbv": "WSHD",
            "arity": 2,
            "args": 0,
            "kwargs": {
                "use_dt": false,
                "markers_distance": 21,
                "markers_area": null
            }
        },
        "mode": "default"
    }
}