{
    "dataset": {
        "name": "CIL",
        "label_name": "neuron",
        "indices": [
            16,
            60,
            37,
            49,
            28,
            52,
            86,
            24,
            82
        ]
    },
    "individual": {
        "sequence": "[[0, 0, 0, 0, 0], [0, 0, 0, 0, 0], [3, 0, 0, 167, 185], [19, 2, 1, 140, 184], [1, 0, 3, 167, 97], [36, 1, 1, 103, 34], [34, 1, 1, 73, 247], [0, 0, 6, 138, 104], [13, 0, 6, 200, 19], [2, 5, 3, 213, 12], [9, 7, 7, 21, 191], [2, 3, 8, 51, 216], [12, 8, 10, 158, 16], [34, 9, 10, 21, 136], [6, 9, 11, 227, 200], [31, 9, 5, 121, 57], [1, 12, 5, 200, 19], [31, 1, 5, 49, 230], [14, 16, 6, 89, 176], [3, 16, 10, 46, 64], [26, 16, 7, 16, 70], [19, 13, 2, 81, 250], [36, 20, 16, 188, 216], [18, 13, 3, 158, 189], [19, 20, 6, 247, 15], [5, 24, 2, 170, 134], [41, 6, 20, 92, 172], [12, 25, 15, 218, 202], [13, 14, 27, 242, 14], [40, 3, 19, 58, 236], [13, 23, 6, 202, 217], [38, 8, 9, 42, 56], [0, 14, 0, 0, 0], [0, 20, 0, 0, 0]]",
        "fitness": {
            "fitness": 0.12222651640574138,
            "time": 0.03850785891215006
        }
    },
    "decoding": {
        "metadata": {
            "rows": 1,
            "columns": 30,
            "n_in": 2,
            "n_out": 2,
            "n_para": 2,
            "n_conn": 2
        },
        "functions": [
            "max",
            "min",
            "mean",
            "add",
            "subtract",
            "bitwise_not",
            "bitwise_or",
            "bitwise_and",
            "bitwise_and_mask",
            "bitwise_xor",
            "sqrt",
            "pow2",
            "exp",
            "log",
            "median_blur",
            "gaussian_blur",
            "laplacian",
            "sobel",
            "robert_cross",
            "canny",
            "sharpen",
            "gabor",
            "abs_diff",
            "abs_diff2",
            "fluo_tophat",
            "rel_diff",
            "erode",
            "dilate",
            "open",
            "close",
            "morph_gradient",
            "morph_tophat",
            "morph_blackhat",
            "fill_holes",
            "remove_small_objects",
            "remove_small_holes",
            "threshold",
            "threshold_at_1",
            "distance_transform",
            "distance_transform_and_thresh",
            "inrange_bin",
            "inrange"
        ],
        "endpoint": {
            "name": "W",
            "abbv": "WSHD",
            "arity": 2,
            "p": 0,
            "kwargs": {
                "use_dt": false,
                "markers_distance": 21,
                "markers_area": null
            }
        },
        "mode": "default"
    }
}