{
    "dataset": {
        "name": "CIL",
        "label_name": "neuron",
        "indices": [
            45,
            12,
            40,
            63,
            42,
            70,
            10,
            5,
            38,
            30,
            0,
            26,
            16,
            79,
            86,
            28,
            24,
            25,
            33,
            75,
            11,
            72,
            66,
            20,
            83,
            15,
            50,
            7,
            14,
            67
        ]
    },
    "individual": {
        "sequence": "[[0, 0, 0, 0, 0], [0, 0, 0, 0, 0], [28, 1, 1, 17, 236], [31, 1, 0, 73, 135], [6, 3, 0, 52, 137], [24, 4, 2, 153, 132], [25, 2, 3, 79, 223], [12, 6, 2, 150, 235], [35, 3, 1, 102, 153], [8, 4, 3, 208, 221], [29, 8, 9, 195, 181], [14, 10, 2, 184, 151], [3, 4, 9, 61, 161], [18, 3, 12, 215, 11], [28, 2, 11, 15, 36], [18, 1, 8, 150, 160], [23, 13, 6, 19, 60], [21, 10, 9, 209, 186], [11, 5, 12, 181, 188], [37, 18, 16, 18, 69], [30, 7, 2, 248, 114], [11, 1, 0, 54, 74], [3, 12, 0, 224, 103], [2, 3, 16, 131, 43], [5, 13, 5, 219, 15], [31, 14, 6, 239, 13], [12, 0, 7, 23, 144], [25, 14, 11, 224, 87], [14, 26, 27, 89, 24], [16, 24, 27, 79, 63], [7, 27, 21, 194, 247], [11, 25, 19, 106, 136], [0, 18, 0, 0, 0], [0, 31, 0, 0, 0]]",
        "fitness": {
            "fitness": 0.11828335523605346,
            "time": 0.05279413859049479
        }
    },
    "decoding": {
        "metadata": {
            "rows": 1,
            "columns": 30,
            "n_in": 2,
            "n_out": 2,
            "n_para": 2,
            "n_conn": 2
        },
        "functions": [
            "max",
            "min",
            "mean",
            "add",
            "subtract",
            "bitwise_not",
            "bitwise_or",
            "bitwise_and",
            "bitwise_and_mask",
            "bitwise_xor",
            "sqrt",
            "pow2",
            "exp",
            "log",
            "median_blur",
            "gaussian_blur",
            "laplacian",
            "sobel",
            "robert_cross",
            "canny",
            "sharpen",
            "gabor",
            "abs_diff",
            "abs_diff2",
            "fluo_tophat",
            "rel_diff",
            "erode",
            "dilate",
            "open",
            "close",
            "morph_gradient",
            "morph_tophat",
            "morph_blackhat",
            "fill_holes",
            "remove_small_objects",
            "remove_small_holes",
            "threshold",
            "threshold_at_1",
            "distance_transform",
            "distance_transform_and_thresh",
            "inrange_bin",
            "inrange"
        ],
        "endpoint": {
            "name": "Marker-Based Watershed",
            "abbv": "WSHD",
            "arity": 2,
            "args": 0,
            "kwargs": {
                "use_dt": false,
                "markers_distance": 21,
                "markers_area": null
            }
        },
        "mode": "default"
    }
}