{
    "dataset": {
        "name": "Tumor",
        "label_name": "tumor",
        "indices": null
    },
    "individual": {
        "sequence": "[[0, 0, 0, 0, 0], [0, 0, 0, 0, 0], [0, 0, 0, 0, 0], [40, 0, 2, 77, 122], [12, 2, 1, 227, 52], [10, 4, 3, 99, 249], [2, 1, 3, 206, 232], [33, 3, 2, 121, 174], [10, 7, 3, 131, 99], [16, 2, 2, 127, 30], [1, 9, 6, 150, 80], [0, 8, 8, 179, 100], [40, 0, 1, 122, 210], [14, 0, 0, 99, 126], [41, 3, 12, 21, 252], [4, 1, 10, 108, 15], [2, 11, 1, 176, 115], [0, 16, 4, 107, 147], [39, 15, 8, 117, 181], [38, 3, 18, 25, 245], [2, 10, 7, 242, 33], [20, 14, 14, 15, 22], [14, 19, 0, 112, 194], [5, 18, 4, 15, 97], [21, 2, 17, 246, 120], [9, 12, 23, 56, 141], [26, 12, 7, 25, 212], [2, 18, 26, 162, 16], [14, 10, 3, 255, 176], [14, 5, 27, 1, 162], [37, 15, 28, 61, 182], [14, 15, 6, 105, 132], [26, 8, 21, 160, 185], [0, 31, 0, 0, 0]]",
        "fitness": {
            "fitness": 0.12705239931890042,
            "time": 0.03705074389775594
        }
    },
    "decoding": {
        "metadata": {
            "rows": 1,
            "columns": 30,
            "n_in": 3,
            "n_out": 1,
            "n_para": 2,
            "n_conn": 2
        },
        "functions": [
            "max",
            "min",
            "mean",
            "add",
            "subtract",
            "bitwise_not",
            "bitwise_or",
            "bitwise_and",
            "bitwise_and_mask",
            "bitwise_xor",
            "sqrt",
            "pow2",
            "exp",
            "log",
            "median_blur",
            "gaussian_blur",
            "laplacian",
            "sobel",
            "robert_cross",
            "canny",
            "sharpen",
            "gabor",
            "abs_diff",
            "abs_diff2",
            "fluo_tophat",
            "rel_diff",
            "erode",
            "dilate",
            "open",
            "close",
            "morph_gradient",
            "morph_tophat",
            "morph_blackhat",
            "fill_holes",
            "remove_small_objects",
            "remove_small_holes",
            "threshold",
            "threshold_at_1",
            "distance_transform",
            "distance_transform_and_thresh",
            "inrange_bin",
            "inrange"
        ],
        "endpoint": {
            "name": "Threshold (t=4)",
            "abbv": "TRSH",
            "arity": 1,
            "p": 0,
            "kwargs": {
                "threshold": 4
            }
        },
        "mode": "default"
    }
}