{
    "dataset": {
        "name": "CIL",
        "label_name": "neuron",
        "indices": [
            81
        ]
    },
    "individual": {
        "sequence": "[[0, 0, 0, 0, 0], [0, 0, 0, 0, 0], [13, 0, 1, 3, 73], [6, 0, 0, 154, 247], [23, 3, 2, 233, 110], [20, 1, 0, 188, 221], [40, 1, 0, 240, 29], [28, 0, 2, 141, 231], [39, 6, 1, 96, 142], [2, 1, 3, 183, 29], [28, 6, 4, 253, 51], [5, 5, 6, 21, 79], [24, 5, 5, 111, 82], [30, 12, 4, 105, 84], [26, 10, 0, 43, 165], [7, 9, 0, 215, 11], [36, 7, 4, 56, 110], [40, 0, 1, 138, 10], [25, 2, 6, 132, 6], [16, 12, 13, 104, 104], [20, 10, 12, 112, 26], [16, 12, 20, 218, 182], [7, 10, 7, 84, 56], [2, 14, 7, 251, 214], [25, 19, 6, 200, 178], [31, 23, 21, 67, 105], [33, 17, 5, 210, 34], [28, 23, 9, 240, 131], [7, 20, 11, 62, 15], [24, 18, 4, 73, 135], [12, 4, 18, 236, 53], [36, 24, 13, 242, 251], [0, 17, 0, 0, 0], [0, 8, 0, 0, 0]]",
        "fitness": {
            "fitness": 0.04347825050354004,
            "time": 0.012038707733154297
        }
    },
    "decoding": {
        "metadata": {
            "rows": 1,
            "columns": 30,
            "n_in": 2,
            "n_out": 2,
            "n_para": 2,
            "n_conn": 2
        },
        "functions": [
            "max",
            "min",
            "mean",
            "add",
            "subtract",
            "bitwise_not",
            "bitwise_or",
            "bitwise_and",
            "bitwise_and_mask",
            "bitwise_xor",
            "sqrt",
            "pow2",
            "exp",
            "log",
            "median_blur",
            "gaussian_blur",
            "laplacian",
            "sobel",
            "robert_cross",
            "canny",
            "sharpen",
            "gabor",
            "abs_diff",
            "abs_diff2",
            "fluo_tophat",
            "rel_diff",
            "erode",
            "dilate",
            "open",
            "close",
            "morph_gradient",
            "morph_tophat",
            "morph_blackhat",
            "fill_holes",
            "remove_small_objects",
            "remove_small_holes",
            "threshold",
            "threshold_at_1",
            "distance_transform",
            "distance_transform_and_thresh",
            "inrange_bin",
            "inrange"
        ],
        "endpoint": {
            "name": "W",
            "abbv": "WSHD",
            "arity": 2,
            "p": 0,
            "kwargs": {
                "use_dt": false,
                "markers_distance": 21,
                "markers_area": null
            }
        },
        "mode": "default"
    }
}