{
    "dataset": {
        "name": "CIL",
        "label_name": "neuron",
        "indices": [
            42,
            8,
            74,
            53,
            64,
            86,
            44,
            1,
            58,
            71,
            18,
            16,
            11,
            80,
            3,
            19,
            69,
            29,
            24,
            5,
            17,
            72,
            39,
            77,
            25,
            79,
            55,
            67,
            36,
            45,
            13,
            59,
            84,
            30,
            31,
            61,
            38,
            33,
            51,
            32,
            81,
            52,
            87,
            73,
            85,
            65,
            37,
            26,
            10,
            9,
            63,
            7,
            15,
            6,
            21,
            60,
            88,
            57,
            4,
            43,
            20,
            50,
            35,
            66,
            83,
            76,
            78,
            62,
            49,
            47
        ]
    },
    "individual": {
        "sequence": "[[0, 0, 0, 0, 0], [0, 0, 0, 0, 0], [3, 1, 0, 58, 236], [36, 1, 2, 135, 43], [21, 3, 1, 204, 157], [33, 3, 4, 217, 7], [20, 1, 2, 173, 219], [36, 2, 1, 192, 62], [24, 2, 7, 11, 216], [37, 4, 7, 141, 136], [41, 2, 6, 140, 46], [3, 8, 0, 101, 19], [18, 8, 4, 176, 228], [29, 5, 10, 49, 246], [27, 10, 13, 34, 93], [3, 1, 6, 251, 226], [14, 4, 2, 134, 115], [26, 5, 8, 76, 224], [17, 2, 15, 211, 147], [20, 15, 16, 109, 121], [21, 9, 19, 149, 254], [14, 10, 6, 126, 52], [18, 16, 16, 120, 229], [11, 11, 13, 149, 78], [6, 10, 17, 68, 135], [6, 16, 6, 187, 145], [28, 21, 19, 175, 242], [1, 19, 3, 69, 57], [34, 27, 7, 16, 129], [26, 4, 12, 78, 240], [37, 7, 24, 54, 187], [23, 11, 11, 87, 88], [0, 23, 0, 0, 0], [0, 28, 0, 0, 0]]",
        "fitness": {
            "fitness": 0.12628535968916757,
            "time": 0.046192284992762976
        }
    },
    "decoding": {
        "metadata": {
            "rows": 1,
            "columns": 30,
            "n_in": 2,
            "n_out": 2,
            "n_para": 2,
            "n_conn": 2
        },
        "functions": [
            "max",
            "min",
            "mean",
            "add",
            "subtract",
            "bitwise_not",
            "bitwise_or",
            "bitwise_and",
            "bitwise_and_mask",
            "bitwise_xor",
            "sqrt",
            "pow2",
            "exp",
            "log",
            "median_blur",
            "gaussian_blur",
            "laplacian",
            "sobel",
            "robert_cross",
            "canny",
            "sharpen",
            "gabor",
            "abs_diff",
            "abs_diff2",
            "fluo_tophat",
            "rel_diff",
            "erode",
            "dilate",
            "open",
            "close",
            "morph_gradient",
            "morph_tophat",
            "morph_blackhat",
            "fill_holes",
            "remove_small_objects",
            "remove_small_holes",
            "threshold",
            "threshold_at_1",
            "distance_transform",
            "distance_transform_and_thresh",
            "inrange_bin",
            "inrange"
        ],
        "endpoint": {
            "name": "Marker-Based Watershed",
            "abbv": "WSHD",
            "arity": 2,
            "args": 0,
            "kwargs": {
                "use_dt": false,
                "markers_distance": 21,
                "markers_area": null
            }
        },
        "mode": "default"
    }
}