{
    "dataset": {
        "name": "Melanoma",
        "label_name": "melanoma",
        "indices": null
    },
    "individual": {
        "sequence": "[[0, 0, 0, 0, 0], [0, 0, 0, 0, 0], [0, 0, 0, 0, 0], [0, 0, 2, 9, 222], [6, 3, 2, 205, 165], [30, 2, 4, 156, 244], [30, 0, 3, 78, 246], [34, 1, 3, 91, 214], [29, 1, 3, 128, 117], [37, 3, 2, 148, 77], [5, 8, 9, 94, 1], [23, 0, 3, 96, 55], [33, 2, 11, 41, 225], [27, 4, 1, 139, 50], [2, 13, 6, 53, 60], [7, 8, 10, 96, 133], [20, 5, 2, 112, 59], [38, 9, 0, 101, 218], [3, 11, 14, 70, 59], [26, 7, 11, 223, 5], [24, 9, 10, 255, 40], [26, 6, 5, 244, 59], [19, 12, 21, 122, 73], [39, 8, 17, 109, 100], [2, 19, 14, 185, 105], [36, 9, 20, 105, 56], [27, 21, 19, 165, 230], [38, 0, 23, 94, 124], [16, 18, 2, 142, 157], [27, 28, 4, 96, 25], [31, 6, 11, 126, 229], [15, 30, 8, 138, 162], [14, 19, 17, 139, 147], [0, 29, 0, 0, 0], [0, 28, 0, 0, 0]]",
        "fitness": {
            "fitness": 0.20926403750975928,
            "time": 0.011546015739440918
        }
    },
    "decoding": {
        "metadata": {
            "rows": 1,
            "columns": 30,
            "n_in": 3,
            "n_out": 2,
            "n_para": 2,
            "n_conn": 2
        },
        "functions": [
            "max",
            "min",
            "mean",
            "add",
            "subtract",
            "bitwise_not",
            "bitwise_or",
            "bitwise_and",
            "bitwise_and_mask",
            "bitwise_xor",
            "sqrt",
            "pow2",
            "exp",
            "log",
            "median_blur",
            "gaussian_blur",
            "laplacian",
            "sobel",
            "robert_cross",
            "canny",
            "sharpen",
            "gabor",
            "abs_diff",
            "abs_diff2",
            "fluo_tophat",
            "rel_diff",
            "erode",
            "dilate",
            "open",
            "close",
            "morph_gradient",
            "morph_tophat",
            "morph_blackhat",
            "fill_holes",
            "remove_small_objects",
            "remove_small_holes",
            "threshold",
            "threshold_at_1",
            "distance_transform",
            "distance_transform_and_thresh",
            "inrange_bin",
            "inrange"
        ],
        "endpoint": {
            "name": "Marker-Based Watershed",
            "abbv": "WSHD",
            "arity": 2,
            "args": 0,
            "kwargs": {
                "use_dt": false,
                "markers_distance": 21,
                "markers_area": null
            }
        },
        "mode": "default"
    }
}