{
    "dataset": {
        "name": "CIL",
        "label_name": "neuron",
        "indices": [
            65,
            16,
            25,
            74,
            30,
            69,
            2,
            71,
            40,
            66,
            84,
            57,
            41,
            27,
            37
        ]
    },
    "individual": {
        "sequence": "[[0, 0, 0, 0, 0], [0, 0, 0, 0, 0], [30, 1, 0, 146, 119], [20, 1, 2, 34, 104], [3, 0, 0, 65, 219], [24, 3, 2, 165, 208], [25, 0, 2, 32, 170], [38, 2, 5, 60, 206], [18, 1, 6, 115, 1], [39, 8, 1, 2, 152], [7, 9, 6, 176, 40], [1, 8, 0, 97, 70], [14, 3, 3, 101, 8], [3, 0, 11, 2, 22], [1, 10, 5, 238, 202], [32, 14, 11, 45, 255], [3, 13, 4, 15, 178], [23, 9, 10, 166, 120], [40, 16, 4, 34, 130], [28, 14, 13, 38, 90], [7, 16, 4, 200, 85], [30, 11, 18, 98, 177], [37, 19, 21, 139, 238], [36, 16, 8, 244, 28], [12, 14, 9, 104, 172], [8, 16, 9, 182, 78], [2, 24, 0, 216, 17], [9, 20, 14, 235, 75], [27, 19, 16, 175, 92], [18, 25, 1, 155, 234], [6, 13, 25, 10, 172], [1, 29, 30, 37, 0], [0, 23, 0, 0, 0], [0, 22, 0, 0, 0]]",
        "fitness": {
            "fitness": 0.12965237696965534,
            "time": 0.050110848744710286
        }
    },
    "decoding": {
        "metadata": {
            "rows": 1,
            "columns": 30,
            "n_in": 2,
            "n_out": 2,
            "n_para": 2,
            "n_conn": 2
        },
        "functions": [
            "max",
            "min",
            "mean",
            "add",
            "subtract",
            "bitwise_not",
            "bitwise_or",
            "bitwise_and",
            "bitwise_and_mask",
            "bitwise_xor",
            "sqrt",
            "pow2",
            "exp",
            "log",
            "median_blur",
            "gaussian_blur",
            "laplacian",
            "sobel",
            "robert_cross",
            "canny",
            "sharpen",
            "gabor",
            "abs_diff",
            "abs_diff2",
            "fluo_tophat",
            "rel_diff",
            "erode",
            "dilate",
            "open",
            "close",
            "morph_gradient",
            "morph_tophat",
            "morph_blackhat",
            "fill_holes",
            "remove_small_objects",
            "remove_small_holes",
            "threshold",
            "threshold_at_1",
            "distance_transform",
            "distance_transform_and_thresh",
            "inrange_bin",
            "inrange"
        ],
        "endpoint": {
            "name": "W",
            "abbv": "WSHD",
            "arity": 2,
            "p": 0,
            "kwargs": {
                "use_dt": false,
                "markers_distance": 21,
                "markers_area": null
            }
        },
        "mode": "default"
    }
}