{
    "dataset": {
        "name": "CIL",
        "label_name": "neuron",
        "indices": [
            88,
            54,
            51,
            10,
            21
        ]
    },
    "individual": {
        "sequence": "[[0, 0, 0, 0, 0], [0, 0, 0, 0, 0], [17, 1, 1, 33, 57], [11, 1, 1, 211, 31], [20, 0, 0, 252, 127], [3, 0, 0, 255, 190], [4, 2, 4, 237, 33], [39, 5, 0, 38, 153], [13, 1, 6, 214, 97], [1, 2, 1, 199, 172], [24, 5, 6, 84, 219], [1, 7, 3, 203, 26], [11, 10, 11, 103, 222], [27, 3, 9, 12, 182], [11, 13, 5, 97, 206], [16, 8, 4, 55, 148], [19, 13, 8, 1, 158], [38, 10, 2, 103, 250], [31, 12, 13, 245, 135], [10, 6, 10, 180, 82], [37, 3, 1, 47, 247], [25, 19, 7, 151, 159], [17, 3, 21, 59, 86], [4, 5, 5, 179, 215], [7, 2, 17, 200, 72], [22, 6, 8, 166, 7], [5, 15, 4, 145, 172], [32, 9, 26, 91, 226], [26, 27, 1, 234, 51], [30, 20, 0, 123, 97], [0, 27, 8, 236, 60], [23, 10, 29, 199, 38], [0, 18, 0, 0, 0], [0, 14, 0, 0, 0]]",
        "fitness": {
            "fitness": 0.1294878125190735,
            "time": 0.08937244415283203
        }
    },
    "decoding": {
        "metadata": {
            "rows": 1,
            "columns": 30,
            "n_in": 2,
            "n_out": 2,
            "n_para": 2,
            "n_conn": 2
        },
        "functions": [
            "max",
            "min",
            "mean",
            "add",
            "subtract",
            "bitwise_not",
            "bitwise_or",
            "bitwise_and",
            "bitwise_and_mask",
            "bitwise_xor",
            "sqrt",
            "pow2",
            "exp",
            "log",
            "median_blur",
            "gaussian_blur",
            "laplacian",
            "sobel",
            "robert_cross",
            "canny",
            "sharpen",
            "gabor",
            "abs_diff",
            "abs_diff2",
            "fluo_tophat",
            "rel_diff",
            "erode",
            "dilate",
            "open",
            "close",
            "morph_gradient",
            "morph_tophat",
            "morph_blackhat",
            "fill_holes",
            "remove_small_objects",
            "remove_small_holes",
            "threshold",
            "threshold_at_1",
            "distance_transform",
            "distance_transform_and_thresh",
            "inrange_bin",
            "inrange"
        ],
        "endpoint": {
            "name": "W",
            "abbv": "WSHD",
            "arity": 2,
            "p": 0,
            "kwargs": {
                "use_dt": false,
                "markers_distance": 21,
                "markers_area": null
            }
        },
        "mode": "default"
    }
}