{
    "dataset": {
        "name": "CIL",
        "label_name": "neuron",
        "indices": [
            58,
            20
        ]
    },
    "individual": {
        "sequence": "[[0, 0, 0, 0, 0], [0, 0, 0, 0, 0], [2, 0, 0, 153, 236], [40, 2, 0, 249, 136], [36, 2, 2, 247, 14], [10, 4, 0, 113, 29], [19, 4, 3, 127, 182], [38, 2, 5, 55, 34], [37, 0, 3, 101, 214], [15, 1, 7, 57, 45], [35, 5, 8, 67, 233], [6, 2, 3, 154, 154], [25, 3, 0, 141, 201], [15, 1, 11, 1, 47], [18, 1, 3, 186, 150], [3, 9, 6, 50, 189], [40, 9, 11, 36, 235], [37, 9, 2, 244, 95], [0, 16, 13, 2, 145], [33, 4, 16, 230, 234], [28, 5, 9, 154, 68], [14, 10, 10, 211, 12], [31, 6, 18, 139, 146], [4, 15, 9, 219, 103], [15, 22, 13, 81, 10], [9, 16, 21, 75, 123], [16, 21, 14, 57, 144], [33, 7, 18, 106, 58], [10, 0, 18, 6, 165], [19, 18, 11, 114, 133], [26, 25, 19, 143, 232], [18, 17, 27, 193, 108], [0, 4, 0, 0, 0], [0, 29, 0, 0, 0]]",
        "fitness": {
            "fitness": 0.04245525598526001,
            "time": 0.04150855541229248
        }
    },
    "decoding": {
        "metadata": {
            "rows": 1,
            "columns": 30,
            "n_in": 2,
            "n_out": 2,
            "n_para": 2,
            "n_conn": 2
        },
        "functions": [
            "max",
            "min",
            "mean",
            "add",
            "subtract",
            "bitwise_not",
            "bitwise_or",
            "bitwise_and",
            "bitwise_and_mask",
            "bitwise_xor",
            "sqrt",
            "pow2",
            "exp",
            "log",
            "median_blur",
            "gaussian_blur",
            "laplacian",
            "sobel",
            "robert_cross",
            "canny",
            "sharpen",
            "gabor",
            "abs_diff",
            "abs_diff2",
            "fluo_tophat",
            "rel_diff",
            "erode",
            "dilate",
            "open",
            "close",
            "morph_gradient",
            "morph_tophat",
            "morph_blackhat",
            "fill_holes",
            "remove_small_objects",
            "remove_small_holes",
            "threshold",
            "threshold_at_1",
            "distance_transform",
            "distance_transform_and_thresh",
            "inrange_bin",
            "inrange"
        ],
        "endpoint": {
            "name": "W",
            "abbv": "WSHD",
            "arity": 2,
            "p": 0,
            "kwargs": {
                "use_dt": false,
                "markers_distance": 21,
                "markers_area": null
            }
        },
        "mode": "default"
    }
}