{
    "dataset": {
        "name": "CIL",
        "label_name": "neuron",
        "indices": [
            20,
            50,
            45,
            22,
            2,
            1,
            6,
            49,
            88,
            79,
            18,
            64,
            60,
            0,
            48,
            72,
            36,
            83,
            75,
            74,
            76,
            16,
            63,
            35,
            13,
            5,
            81,
            85,
            17,
            43,
            87,
            68,
            66,
            37,
            77,
            80,
            42,
            11,
            29,
            3,
            61,
            67,
            23,
            12,
            27,
            26,
            55,
            71,
            19,
            30,
            32,
            9,
            24,
            38,
            51,
            59,
            52,
            44,
            69,
            15,
            39,
            65,
            73,
            21,
            62,
            70,
            8,
            14,
            33,
            10
        ]
    },
    "individual": {
        "sequence": "[[0, 0, 0, 0, 0], [0, 0, 0, 0, 0], [20, 1, 0, 217, 220], [14, 2, 2, 12, 34], [41, 3, 0, 241, 50], [12, 0, 3, 177, 229], [31, 3, 0, 173, 7], [23, 4, 3, 178, 144], [14, 1, 0, 29, 155], [10, 3, 6, 208, 3], [0, 4, 4, 10, 152], [24, 5, 8, 248, 25], [11, 11, 9, 233, 232], [2, 0, 4, 15, 47], [16, 4, 11, 215, 53], [3, 5, 13, 156, 213], [28, 13, 14, 42, 215], [8, 2, 14, 122, 57], [26, 6, 17, 80, 169], [1, 3, 11, 201, 164], [10, 13, 6, 120, 29], [31, 3, 17, 39, 221], [8, 20, 19, 123, 79], [39, 0, 19, 69, 136], [14, 23, 13, 159, 172], [17, 9, 10, 241, 161], [2, 18, 18, 235, 187], [24, 14, 13, 185, 151], [35, 23, 16, 244, 247], [14, 15, 6, 134, 233], [34, 26, 3, 103, 30], [26, 2, 15, 15, 96], [0, 12, 0, 0, 0], [0, 17, 0, 0, 0]]",
        "fitness": {
            "fitness": 0.1613133783851351,
            "time": 0.11029118810381208
        }
    },
    "decoding": {
        "metadata": {
            "rows": 1,
            "columns": 30,
            "n_in": 2,
            "n_out": 2,
            "n_para": 2,
            "n_conn": 2
        },
        "functions": [
            "max",
            "min",
            "mean",
            "add",
            "subtract",
            "bitwise_not",
            "bitwise_or",
            "bitwise_and",
            "bitwise_and_mask",
            "bitwise_xor",
            "sqrt",
            "pow2",
            "exp",
            "log",
            "median_blur",
            "gaussian_blur",
            "laplacian",
            "sobel",
            "robert_cross",
            "canny",
            "sharpen",
            "gabor",
            "abs_diff",
            "abs_diff2",
            "fluo_tophat",
            "rel_diff",
            "erode",
            "dilate",
            "open",
            "close",
            "morph_gradient",
            "morph_tophat",
            "morph_blackhat",
            "fill_holes",
            "remove_small_objects",
            "remove_small_holes",
            "threshold",
            "threshold_at_1",
            "distance_transform",
            "distance_transform_and_thresh",
            "inrange_bin",
            "inrange"
        ],
        "endpoint": {
            "name": "Marker-Based Watershed",
            "abbv": "WSHD",
            "arity": 2,
            "args": 0,
            "kwargs": {
                "use_dt": false,
                "markers_distance": 21,
                "markers_area": null
            }
        },
        "mode": "default"
    }
}