{
    "dataset": {
        "name": "CIL",
        "label_name": "neuron",
        "indices": [
            73,
            66,
            11,
            9,
            75,
            41,
            32,
            44,
            15,
            80,
            77,
            1,
            45,
            51,
            88,
            26,
            7,
            6,
            87,
            3,
            5,
            31,
            69,
            27,
            81,
            18,
            46,
            74,
            85,
            52
        ]
    },
    "individual": {
        "sequence": "[[0, 0, 0, 0, 0], [0, 0, 0, 0, 0], [36, 0, 1, 131, 7], [26, 1, 1, 15, 109], [16, 2, 0, 225, 233], [38, 2, 0, 191, 239], [6, 2, 3, 60, 24], [13, 6, 3, 252, 92], [1, 7, 2, 198, 248], [28, 0, 3, 175, 78], [30, 3, 1, 85, 42], [31, 8, 9, 3, 202], [4, 11, 6, 233, 179], [14, 1, 12, 157, 51], [31, 3, 3, 231, 208], [5, 10, 5, 80, 68], [5, 2, 3, 38, 41], [13, 15, 0, 238, 109], [2, 17, 14, 117, 138], [5, 3, 4, 3, 91], [36, 7, 12, 139, 80], [29, 9, 11, 26, 81], [32, 3, 20, 196, 70], [3, 9, 17, 61, 69], [4, 5, 20, 235, 100], [34, 22, 21, 133, 133], [16, 21, 14, 85, 112], [4, 15, 21, 116, 94], [18, 15, 24, 247, 166], [11, 20, 1, 169, 53], [31, 4, 4, 190, 31], [36, 18, 5, 114, 14], [0, 8, 0, 0, 0], [0, 31, 0, 0, 0]]",
        "fitness": {
            "fitness": 0.15619801878929138,
            "time": 0.04326973756154378
        }
    },
    "decoding": {
        "metadata": {
            "rows": 1,
            "columns": 30,
            "n_in": 2,
            "n_out": 2,
            "n_para": 2,
            "n_conn": 2
        },
        "functions": [
            "max",
            "min",
            "mean",
            "add",
            "subtract",
            "bitwise_not",
            "bitwise_or",
            "bitwise_and",
            "bitwise_and_mask",
            "bitwise_xor",
            "sqrt",
            "pow2",
            "exp",
            "log",
            "median_blur",
            "gaussian_blur",
            "laplacian",
            "sobel",
            "robert_cross",
            "canny",
            "sharpen",
            "gabor",
            "abs_diff",
            "abs_diff2",
            "fluo_tophat",
            "rel_diff",
            "erode",
            "dilate",
            "open",
            "close",
            "morph_gradient",
            "morph_tophat",
            "morph_blackhat",
            "fill_holes",
            "remove_small_objects",
            "remove_small_holes",
            "threshold",
            "threshold_at_1",
            "distance_transform",
            "distance_transform_and_thresh",
            "inrange_bin",
            "inrange"
        ],
        "endpoint": {
            "name": "Marker-Based Watershed",
            "abbv": "WSHD",
            "arity": 2,
            "args": 0,
            "kwargs": {
                "use_dt": false,
                "markers_distance": 21,
                "markers_area": null
            }
        },
        "mode": "default"
    }
}