{
    "dataset": {
        "name": "CIL",
        "label_name": "neuron",
        "indices": [
            55,
            81
        ]
    },
    "individual": {
        "sequence": "[[0, 0, 0, 0, 0], [0, 0, 0, 0, 0], [24, 1, 0, 16, 207], [4, 1, 2, 187, 141], [29, 3, 0, 168, 199], [24, 0, 4, 190, 238], [26, 2, 3, 37, 240], [20, 0, 4, 217, 173], [18, 0, 0, 3, 202], [38, 4, 6, 232, 144], [26, 1, 4, 19, 69], [31, 8, 4, 173, 223], [8, 5, 7, 153, 202], [11, 5, 12, 55, 171], [26, 0, 13, 2, 192], [34, 7, 7, 221, 43], [1, 15, 13, 35, 119], [6, 7, 7, 225, 119], [15, 11, 2, 115, 120], [41, 4, 17, 210, 250], [26, 13, 17, 154, 218], [36, 9, 9, 17, 123], [6, 3, 5, 139, 108], [8, 22, 12, 77, 218], [40, 6, 4, 32, 123], [41, 1, 7, 194, 136], [21, 24, 10, 174, 21], [16, 4, 7, 19, 245], [11, 23, 9, 249, 147], [24, 4, 5, 22, 65], [32, 14, 23, 17, 234], [7, 10, 26, 5, 179], [0, 16, 0, 0, 0], [0, 24, 0, 0, 0]]",
        "fitness": {
            "fitness": 0.08116883039474487,
            "time": 0.04229903221130371
        }
    },
    "decoding": {
        "metadata": {
            "rows": 1,
            "columns": 30,
            "n_in": 2,
            "n_out": 2,
            "n_para": 2,
            "n_conn": 2
        },
        "functions": [
            "max",
            "min",
            "mean",
            "add",
            "subtract",
            "bitwise_not",
            "bitwise_or",
            "bitwise_and",
            "bitwise_and_mask",
            "bitwise_xor",
            "sqrt",
            "pow2",
            "exp",
            "log",
            "median_blur",
            "gaussian_blur",
            "laplacian",
            "sobel",
            "robert_cross",
            "canny",
            "sharpen",
            "gabor",
            "abs_diff",
            "abs_diff2",
            "fluo_tophat",
            "rel_diff",
            "erode",
            "dilate",
            "open",
            "close",
            "morph_gradient",
            "morph_tophat",
            "morph_blackhat",
            "fill_holes",
            "remove_small_objects",
            "remove_small_holes",
            "threshold",
            "threshold_at_1",
            "distance_transform",
            "distance_transform_and_thresh",
            "inrange_bin",
            "inrange"
        ],
        "endpoint": {
            "name": "W",
            "abbv": "WSHD",
            "arity": 2,
            "p": 0,
            "kwargs": {
                "use_dt": false,
                "markers_distance": 21,
                "markers_area": null
            }
        },
        "mode": "default"
    }
}