{
    "dataset": {
        "name": "CIL",
        "label_name": "neuron",
        "indices": [
            70,
            26,
            83,
            85,
            39,
            6,
            69,
            13,
            5,
            73,
            42,
            71,
            50,
            22,
            15,
            27,
            67,
            29,
            62,
            41,
            82,
            52,
            4,
            51,
            74,
            75,
            17,
            38,
            55,
            32,
            2,
            68,
            25,
            19,
            18,
            56,
            80,
            23,
            1,
            58,
            65,
            16,
            64,
            33,
            12,
            34,
            46,
            0,
            3,
            14,
            63,
            47,
            35,
            76,
            60,
            84,
            7,
            8,
            49,
            53
        ]
    },
    "individual": {
        "sequence": "[[0, 0, 0, 0, 0], [0, 0, 0, 0, 0], [4, 0, 0, 183, 121], [18, 0, 2, 154, 93], [7, 3, 1, 25, 220], [24, 1, 0, 30, 141], [24, 5, 1, 58, 114], [2, 5, 0, 135, 106], [33, 5, 3, 252, 205], [3, 0, 7, 139, 63], [6, 4, 9, 72, 92], [36, 5, 1, 119, 65], [39, 11, 0, 39, 173], [13, 3, 7, 187, 14], [4, 13, 4, 232, 251], [5, 12, 7, 56, 31], [14, 11, 15, 50, 211], [11, 10, 3, 2, 177], [32, 3, 0, 183, 25], [15, 4, 6, 43, 102], [25, 18, 11, 94, 139], [0, 19, 14, 15, 158], [1, 12, 16, 121, 211], [35, 0, 1, 200, 224], [28, 10, 17, 85, 247], [30, 5, 19, 59, 163], [5, 7, 24, 53, 43], [5, 25, 20, 248, 241], [18, 0, 15, 115, 183], [30, 7, 27, 182, 180], [22, 20, 22, 0, 47], [3, 8, 12, 237, 108], [0, 17, 0, 0, 0], [0, 22, 0, 0, 0]]",
        "fitness": {
            "fitness": 0.12411186297734579,
            "time": 0.06493817170461019
        }
    },
    "decoding": {
        "metadata": {
            "rows": 1,
            "columns": 30,
            "n_in": 2,
            "n_out": 2,
            "n_para": 2,
            "n_conn": 2
        },
        "functions": [
            "max",
            "min",
            "mean",
            "add",
            "subtract",
            "bitwise_not",
            "bitwise_or",
            "bitwise_and",
            "bitwise_and_mask",
            "bitwise_xor",
            "sqrt",
            "pow2",
            "exp",
            "log",
            "median_blur",
            "gaussian_blur",
            "laplacian",
            "sobel",
            "robert_cross",
            "canny",
            "sharpen",
            "gabor",
            "abs_diff",
            "abs_diff2",
            "fluo_tophat",
            "rel_diff",
            "erode",
            "dilate",
            "open",
            "close",
            "morph_gradient",
            "morph_tophat",
            "morph_blackhat",
            "fill_holes",
            "remove_small_objects",
            "remove_small_holes",
            "threshold",
            "threshold_at_1",
            "distance_transform",
            "distance_transform_and_thresh",
            "inrange_bin",
            "inrange"
        ],
        "endpoint": {
            "name": "Marker-Based Watershed",
            "abbv": "WSHD",
            "arity": 2,
            "args": 0,
            "kwargs": {
                "use_dt": false,
                "markers_distance": 21,
                "markers_area": null
            }
        },
        "mode": "default"
    }
}