{
    "dataset": {
        "name": "CIL",
        "label_name": "neuron",
        "indices": [
            88,
            37,
            83,
            41,
            56,
            39,
            36,
            64,
            72,
            26,
            6,
            62
        ]
    },
    "individual": {
        "sequence": "[[0, 0, 0, 0, 0], [0, 0, 0, 0, 0], [23, 1, 1, 101, 87], [31, 1, 1, 187, 43], [24, 0, 2, 153, 252], [11, 2, 4, 68, 54], [0, 4, 4, 210, 181], [30, 1, 0, 12, 186], [10, 0, 2, 221, 134], [6, 4, 7, 7, 3], [25, 9, 8, 131, 194], [26, 3, 3, 82, 174], [7, 7, 4, 251, 94], [41, 1, 6, 41, 240], [11, 9, 9, 217, 44], [7, 9, 12, 50, 22], [40, 2, 7, 207, 249], [20, 3, 8, 212, 191], [40, 14, 6, 130, 22], [26, 13, 5, 3, 117], [29, 0, 14, 189, 70], [23, 9, 11, 60, 216], [25, 18, 14, 100, 50], [41, 12, 1, 228, 43], [20, 22, 0, 55, 206], [7, 15, 5, 142, 212], [31, 23, 0, 48, 134], [11, 26, 15, 19, 85], [13, 9, 27, 215, 203], [0, 0, 17, 175, 82], [10, 7, 4, 59, 205], [20, 12, 17, 182, 104], [0, 14, 0, 0, 0], [0, 19, 0, 0, 0]]",
        "fitness": {
            "fitness": 0.11365016798178355,
            "time": 0.03641887505849203
        }
    },
    "decoding": {
        "metadata": {
            "rows": 1,
            "columns": 30,
            "n_in": 2,
            "n_out": 2,
            "n_para": 2,
            "n_conn": 2
        },
        "functions": [
            "max",
            "min",
            "mean",
            "add",
            "subtract",
            "bitwise_not",
            "bitwise_or",
            "bitwise_and",
            "bitwise_and_mask",
            "bitwise_xor",
            "sqrt",
            "pow2",
            "exp",
            "log",
            "median_blur",
            "gaussian_blur",
            "laplacian",
            "sobel",
            "robert_cross",
            "canny",
            "sharpen",
            "gabor",
            "abs_diff",
            "abs_diff2",
            "fluo_tophat",
            "rel_diff",
            "erode",
            "dilate",
            "open",
            "close",
            "morph_gradient",
            "morph_tophat",
            "morph_blackhat",
            "fill_holes",
            "remove_small_objects",
            "remove_small_holes",
            "threshold",
            "threshold_at_1",
            "distance_transform",
            "distance_transform_and_thresh",
            "inrange_bin",
            "inrange"
        ],
        "endpoint": {
            "name": "Marker-Based Watershed",
            "abbv": "WSHD",
            "arity": 2,
            "p": 0,
            "kwargs": {
                "use_dt": false,
                "markers_distance": 21,
                "markers_area": null
            }
        },
        "mode": "default"
    }
}