{
    "dataset": {
        "name": "CIL",
        "label_name": "neuron",
        "indices": [
            68,
            57,
            15,
            55,
            40,
            61,
            37,
            84,
            17,
            63,
            12,
            41,
            56,
            64,
            87,
            67,
            19,
            83,
            65,
            82,
            20,
            33,
            50,
            53,
            28,
            10,
            44,
            49,
            42,
            1,
            60,
            4,
            86,
            54,
            23,
            8,
            11,
            59,
            58,
            80,
            45,
            38,
            73,
            18,
            0,
            69,
            3,
            2,
            30,
            47,
            52,
            7,
            21,
            48,
            9,
            77,
            16,
            6,
            81,
            34,
            14,
            32,
            76,
            46,
            35,
            51,
            72,
            27,
            22,
            74,
            78,
            25,
            26,
            71,
            70,
            62,
            85,
            79,
            31,
            75
        ]
    },
    "individual": {
        "sequence": "[[0, 0, 0, 0, 0], [0, 0, 0, 0, 0], [31, 0, 1, 239, 84], [3, 0, 0, 132, 93], [28, 1, 2, 11, 124], [40, 4, 2, 180, 220], [3, 0, 1, 190, 173], [11, 3, 5, 153, 157], [23, 0, 7, 60, 157], [23, 6, 8, 77, 249], [12, 6, 3, 122, 92], [0, 5, 4, 29, 80], [21, 8, 1, 45, 112], [24, 9, 3, 63, 144], [41, 4, 4, 229, 44], [11, 13, 1, 95, 182], [41, 2, 2, 51, 232], [7, 4, 14, 39, 22], [5, 1, 9, 127, 47], [41, 9, 18, 1, 250], [26, 19, 16, 79, 143], [28, 11, 5, 135, 163], [6, 11, 7, 3, 6], [34, 8, 0, 129, 66], [40, 15, 3, 199, 113], [40, 13, 16, 146, 219], [0, 20, 21, 106, 62], [28, 18, 12, 4, 53], [41, 1, 9, 214, 73], [39, 7, 27, 53, 110], [41, 25, 27, 21, 61], [29, 13, 29, 45, 225], [0, 15, 0, 0, 0], [0, 14, 0, 0, 0]]",
        "fitness": {
            "fitness": 0.1315251037478447,
            "time": 0.03925192058086395
        }
    },
    "decoding": {
        "metadata": {
            "rows": 1,
            "columns": 30,
            "n_in": 2,
            "n_out": 2,
            "n_para": 2,
            "n_conn": 2
        },
        "functions": [
            "max",
            "min",
            "mean",
            "add",
            "subtract",
            "bitwise_not",
            "bitwise_or",
            "bitwise_and",
            "bitwise_and_mask",
            "bitwise_xor",
            "sqrt",
            "pow2",
            "exp",
            "log",
            "median_blur",
            "gaussian_blur",
            "laplacian",
            "sobel",
            "robert_cross",
            "canny",
            "sharpen",
            "gabor",
            "abs_diff",
            "abs_diff2",
            "fluo_tophat",
            "rel_diff",
            "erode",
            "dilate",
            "open",
            "close",
            "morph_gradient",
            "morph_tophat",
            "morph_blackhat",
            "fill_holes",
            "remove_small_objects",
            "remove_small_holes",
            "threshold",
            "threshold_at_1",
            "distance_transform",
            "distance_transform_and_thresh",
            "inrange_bin",
            "inrange"
        ],
        "endpoint": {
            "name": "Marker-Based Watershed",
            "abbv": "WSHD",
            "arity": 2,
            "args": 0,
            "kwargs": {
                "use_dt": false,
                "markers_distance": 21,
                "markers_area": null
            }
        },
        "mode": "default"
    }
}