{
    "dataset": {
        "name": "CIL",
        "label_name": "neuron",
        "indices": [
            26,
            71,
            83,
            9,
            80,
            59,
            3,
            13,
            30,
            70,
            62,
            72,
            40,
            46,
            49,
            55,
            56,
            44,
            11,
            4,
            58,
            76,
            64,
            28,
            61,
            21,
            24,
            45,
            5,
            69
        ]
    },
    "individual": {
        "sequence": "[[0, 0, 0, 0, 0], [0, 0, 0, 0, 0], [3, 0, 0, 1, 166], [24, 2, 2, 147, 151], [33, 0, 1, 108, 125], [24, 4, 0, 36, 172], [8, 1, 1, 3, 121], [15, 2, 2, 54, 179], [11, 3, 3, 144, 198], [30, 0, 1, 133, 160], [31, 2, 5, 99, 135], [19, 1, 9, 78, 30], [36, 4, 0, 162, 152], [14, 1, 0, 66, 50], [16, 11, 11, 25, 140], [41, 3, 14, 25, 47], [21, 6, 2, 141, 151], [35, 14, 4, 240, 190], [32, 11, 11, 242, 70], [35, 14, 6, 163, 24], [21, 18, 9, 202, 187], [40, 3, 9, 197, 215], [28, 3, 18, 227, 228], [32, 1, 22, 18, 95], [9, 6, 0, 194, 134], [28, 17, 22, 30, 207], [6, 21, 22, 118, 162], [22, 26, 10, 58, 144], [29, 20, 24, 158, 252], [20, 10, 12, 187, 255], [7, 18, 9, 215, 215], [16, 30, 17, 197, 252], [0, 8, 0, 0, 0], [0, 25, 0, 0, 0]]",
        "fitness": {
            "fitness": 0.13926595250765483,
            "time": 0.04610602855682373
        }
    },
    "decoding": {
        "metadata": {
            "rows": 1,
            "columns": 30,
            "n_in": 2,
            "n_out": 2,
            "n_para": 2,
            "n_conn": 2
        },
        "functions": [
            "max",
            "min",
            "mean",
            "add",
            "subtract",
            "bitwise_not",
            "bitwise_or",
            "bitwise_and",
            "bitwise_and_mask",
            "bitwise_xor",
            "sqrt",
            "pow2",
            "exp",
            "log",
            "median_blur",
            "gaussian_blur",
            "laplacian",
            "sobel",
            "robert_cross",
            "canny",
            "sharpen",
            "gabor",
            "abs_diff",
            "abs_diff2",
            "fluo_tophat",
            "rel_diff",
            "erode",
            "dilate",
            "open",
            "close",
            "morph_gradient",
            "morph_tophat",
            "morph_blackhat",
            "fill_holes",
            "remove_small_objects",
            "remove_small_holes",
            "threshold",
            "threshold_at_1",
            "distance_transform",
            "distance_transform_and_thresh",
            "inrange_bin",
            "inrange"
        ],
        "endpoint": {
            "name": "Marker-Based Watershed",
            "abbv": "WSHD",
            "arity": 2,
            "args": 0,
            "kwargs": {
                "use_dt": false,
                "markers_distance": 21,
                "markers_area": null
            }
        },
        "mode": "default"
    }
}