{
    "dataset": {
        "name": "CIL",
        "label_name": "neuron",
        "indices": [
            50
        ]
    },
    "individual": {
        "sequence": "[[0, 0, 0, 0, 0], [0, 0, 0, 0, 0], [36, 1, 1, 82, 41], [33, 2, 2, 46, 145], [31, 0, 0, 168, 129], [3, 0, 1, 212, 192], [37, 4, 2, 61, 173], [30, 2, 0, 4, 100], [31, 5, 5, 165, 188], [2, 2, 6, 76, 85], [38, 7, 5, 204, 47], [5, 7, 3, 42, 15], [37, 4, 0, 104, 199], [10, 2, 5, 48, 63], [39, 0, 1, 140, 8], [38, 13, 9, 113, 37], [16, 14, 10, 145, 245], [34, 4, 9, 228, 211], [28, 17, 5, 41, 45], [20, 1, 18, 149, 80], [6, 18, 4, 209, 251], [26, 7, 18, 196, 146], [3, 0, 5, 140, 71], [22, 16, 18, 161, 179], [35, 7, 10, 116, 49], [32, 3, 9, 0, 185], [22, 8, 14, 31, 57], [24, 3, 11, 163, 238], [3, 11, 6, 207, 185], [30, 7, 23, 160, 255], [15, 27, 23, 165, 140], [37, 0, 14, 196, 168], [0, 12, 0, 0, 0], [0, 2, 0, 0, 0]]",
        "fitness": {
            "fitness": 0.07142859697341919,
            "time": 0.010560274124145508
        }
    },
    "decoding": {
        "metadata": {
            "rows": 1,
            "columns": 30,
            "n_in": 2,
            "n_out": 2,
            "n_para": 2,
            "n_conn": 2
        },
        "functions": [
            "max",
            "min",
            "mean",
            "add",
            "subtract",
            "bitwise_not",
            "bitwise_or",
            "bitwise_and",
            "bitwise_and_mask",
            "bitwise_xor",
            "sqrt",
            "pow2",
            "exp",
            "log",
            "median_blur",
            "gaussian_blur",
            "laplacian",
            "sobel",
            "robert_cross",
            "canny",
            "sharpen",
            "gabor",
            "abs_diff",
            "abs_diff2",
            "fluo_tophat",
            "rel_diff",
            "erode",
            "dilate",
            "open",
            "close",
            "morph_gradient",
            "morph_tophat",
            "morph_blackhat",
            "fill_holes",
            "remove_small_objects",
            "remove_small_holes",
            "threshold",
            "threshold_at_1",
            "distance_transform",
            "distance_transform_and_thresh",
            "inrange_bin",
            "inrange"
        ],
        "endpoint": {
            "name": "W",
            "abbv": "WSHD",
            "arity": 2,
            "p": 0,
            "kwargs": {
                "use_dt": false,
                "markers_distance": 21,
                "markers_area": null
            }
        },
        "mode": "default"
    }
}