{
    "dataset": {
        "name": "CIL",
        "label_name": "neuron",
        "indices": [
            38,
            1,
            53,
            51,
            56,
            11,
            4,
            6,
            78,
            54,
            37,
            48,
            60,
            43,
            17,
            19,
            5,
            50,
            57,
            81,
            70,
            40,
            34,
            18,
            59,
            12,
            31,
            24,
            63,
            25,
            28,
            69,
            65,
            71,
            68,
            67,
            30,
            29,
            3,
            35,
            39,
            14,
            22,
            66,
            13,
            83,
            74,
            45,
            85,
            62,
            87,
            88,
            80,
            15,
            77,
            7,
            32,
            47,
            10,
            0
        ]
    },
    "individual": {
        "sequence": "[[0, 0, 0, 0, 0], [0, 0, 0, 0, 0], [3, 1, 0, 206, 177], [14, 2, 0, 75, 48], [8, 3, 3, 87, 194], [41, 1, 4, 47, 255], [39, 2, 0, 76, 249], [29, 6, 4, 15, 39], [11, 3, 5, 34, 195], [31, 5, 6, 10, 255], [3, 0, 2, 20, 163], [38, 1, 4, 31, 231], [34, 9, 5, 15, 231], [39, 3, 5, 122, 175], [24, 11, 0, 18, 7], [17, 0, 7, 249, 22], [7, 8, 0, 159, 152], [35, 5, 8, 120, 227], [2, 16, 12, 250, 181], [28, 14, 9, 46, 171], [26, 1, 16, 22, 49], [41, 18, 3, 238, 204], [32, 2, 19, 60, 128], [6, 16, 10, 138, 217], [8, 17, 14, 76, 10], [24, 23, 5, 112, 96], [41, 17, 22, 125, 57], [19, 21, 2, 16, 123], [9, 1, 16, 42, 8], [32, 0, 26, 189, 251], [20, 28, 17, 75, 87], [11, 25, 3, 212, 143], [0, 31, 0, 0, 0], [0, 12, 0, 0, 0]]",
        "fitness": {
            "fitness": 0.1334097718199094,
            "time": 0.06941856940587361
        }
    },
    "decoding": {
        "metadata": {
            "rows": 1,
            "columns": 30,
            "n_in": 2,
            "n_out": 2,
            "n_para": 2,
            "n_conn": 2
        },
        "functions": [
            "max",
            "min",
            "mean",
            "add",
            "subtract",
            "bitwise_not",
            "bitwise_or",
            "bitwise_and",
            "bitwise_and_mask",
            "bitwise_xor",
            "sqrt",
            "pow2",
            "exp",
            "log",
            "median_blur",
            "gaussian_blur",
            "laplacian",
            "sobel",
            "robert_cross",
            "canny",
            "sharpen",
            "gabor",
            "abs_diff",
            "abs_diff2",
            "fluo_tophat",
            "rel_diff",
            "erode",
            "dilate",
            "open",
            "close",
            "morph_gradient",
            "morph_tophat",
            "morph_blackhat",
            "fill_holes",
            "remove_small_objects",
            "remove_small_holes",
            "threshold",
            "threshold_at_1",
            "distance_transform",
            "distance_transform_and_thresh",
            "inrange_bin",
            "inrange"
        ],
        "endpoint": {
            "name": "Marker-Based Watershed",
            "abbv": "WSHD",
            "arity": 2,
            "args": 0,
            "kwargs": {
                "use_dt": false,
                "markers_distance": 21,
                "markers_area": null
            }
        },
        "mode": "default"
    }
}