{
    "dataset": {
        "name": "CIL",
        "label_name": "neuron",
        "indices": [
            34,
            82,
            83,
            50,
            42,
            77,
            68,
            38,
            3,
            46
        ]
    },
    "individual": {
        "sequence": "[[0, 0, 0, 0, 0], [0, 0, 0, 0, 0], [13, 0, 0, 33, 139], [41, 1, 1, 209, 49], [20, 1, 0, 138, 125], [34, 1, 2, 140, 50], [13, 4, 2, 199, 56], [1, 3, 4, 94, 249], [14, 1, 0, 182, 248], [0, 6, 0, 184, 33], [3, 8, 4, 77, 39], [4, 0, 3, 243, 26], [27, 1, 3, 56, 6], [36, 11, 6, 21, 168], [23, 3, 8, 166, 147], [34, 7, 14, 13, 15], [2, 14, 11, 12, 130], [0, 1, 14, 197, 139], [12, 2, 12, 213, 220], [32, 14, 0, 34, 113], [5, 2, 9, 244, 223], [37, 7, 14, 174, 76], [39, 12, 5, 253, 66], [23, 13, 6, 136, 51], [18, 9, 19, 27, 107], [12, 0, 2, 2, 198], [35, 5, 23, 103, 108], [39, 6, 15, 2, 98], [23, 13, 3, 124, 76], [19, 0, 19, 171, 76], [16, 18, 5, 114, 245], [2, 28, 6, 78, 157], [0, 18, 0, 0, 0], [0, 15, 0, 0, 0]]",
        "fitness": {
            "fitness": 0.14482893347740172,
            "time": 0.029831600189208985
        }
    },
    "decoding": {
        "metadata": {
            "rows": 1,
            "columns": 30,
            "n_in": 2,
            "n_out": 2,
            "n_para": 2,
            "n_conn": 2
        },
        "functions": [
            "max",
            "min",
            "mean",
            "add",
            "subtract",
            "bitwise_not",
            "bitwise_or",
            "bitwise_and",
            "bitwise_and_mask",
            "bitwise_xor",
            "sqrt",
            "pow2",
            "exp",
            "log",
            "median_blur",
            "gaussian_blur",
            "laplacian",
            "sobel",
            "robert_cross",
            "canny",
            "sharpen",
            "gabor",
            "abs_diff",
            "abs_diff2",
            "fluo_tophat",
            "rel_diff",
            "erode",
            "dilate",
            "open",
            "close",
            "morph_gradient",
            "morph_tophat",
            "morph_blackhat",
            "fill_holes",
            "remove_small_objects",
            "remove_small_holes",
            "threshold",
            "threshold_at_1",
            "distance_transform",
            "distance_transform_and_thresh",
            "inrange_bin",
            "inrange"
        ],
        "endpoint": {
            "name": "W",
            "abbv": "WSHD",
            "arity": 2,
            "p": 0,
            "kwargs": {
                "use_dt": false,
                "markers_distance": 21,
                "markers_area": null
            }
        },
        "mode": "default"
    }
}