{
    "dataset": {
        "name": "Tumor",
        "label_name": "tumor",
        "indices": null
    },
    "individual": {
        "sequence": "[[0, 0, 0, 0, 0], [0, 0, 0, 0, 0], [0, 0, 0, 0, 0], [24, 1, 0, 143, 65], [4, 3, 0, 26, 233], [0, 4, 0, 181, 156], [5, 0, 3, 6, 63], [9, 5, 3, 96, 59], [15, 4, 2, 33, 111], [34, 8, 4, 247, 103], [25, 5, 6, 173, 146], [8, 2, 7, 98, 137], [19, 5, 9, 220, 68], [40, 2, 1, 36, 208], [29, 8, 11, 208, 174], [5, 11, 3, 0, 203], [40, 9, 4, 178, 32], [33, 9, 0, 232, 169], [18, 17, 3, 209, 132], [5, 2, 18, 152, 185], [24, 17, 12, 119, 143], [4, 10, 5, 174, 19], [39, 10, 14, 190, 64], [5, 21, 4, 232, 172], [20, 19, 8, 11, 17], [21, 22, 23, 234, 145], [22, 1, 24, 247, 41], [20, 17, 16, 160, 15], [8, 24, 17, 223, 2], [38, 23, 19, 161, 1], [11, 17, 14, 83, 137], [14, 28, 30, 92, 53], [26, 8, 4, 5, 100], [0, 31, 0, 0, 0]]",
        "fitness": {
            "fitness": 0.1090858268334391,
            "time": 0.19379115104675293
        }
    },
    "decoding": {
        "metadata": {
            "rows": 1,
            "columns": 30,
            "n_in": 3,
            "n_out": 1,
            "n_para": 2,
            "n_conn": 2
        },
        "functions": [
            "max",
            "min",
            "mean",
            "add",
            "subtract",
            "bitwise_not",
            "bitwise_or",
            "bitwise_and",
            "bitwise_and_mask",
            "bitwise_xor",
            "sqrt",
            "pow2",
            "exp",
            "log",
            "median_blur",
            "gaussian_blur",
            "laplacian",
            "sobel",
            "robert_cross",
            "canny",
            "sharpen",
            "gabor",
            "abs_diff",
            "abs_diff2",
            "fluo_tophat",
            "rel_diff",
            "erode",
            "dilate",
            "open",
            "close",
            "morph_gradient",
            "morph_tophat",
            "morph_blackhat",
            "fill_holes",
            "remove_small_objects",
            "remove_small_holes",
            "threshold",
            "threshold_at_1",
            "distance_transform",
            "distance_transform_and_thresh",
            "inrange_bin",
            "inrange"
        ],
        "endpoint": {
            "name": "Threshold (t=4)",
            "abbv": "TRSH",
            "arity": 1,
            "p": 0,
            "kwargs": {
                "threshold": 4
            }
        },
        "mode": "default"
    }
}