{
    "dataset": {
        "name": "CIL",
        "label_name": "neuron",
        "indices": [
            13,
            22,
            20,
            30,
            38,
            37,
            44,
            14,
            33,
            32,
            84,
            12,
            70,
            66,
            40,
            61,
            21,
            41,
            39,
            18,
            58,
            1,
            81,
            28,
            68
        ]
    },
    "individual": {
        "sequence": "[[0, 0, 0, 0, 0], [0, 0, 0, 0, 0], [24, 0, 1, 172, 234], [6, 2, 0, 202, 217], [8, 0, 3, 202, 133], [19, 2, 2, 124, 166], [10, 1, 3, 69, 38], [2, 3, 0, 163, 223], [32, 1, 2, 156, 207], [11, 7, 3, 167, 212], [18, 4, 4, 51, 251], [4, 9, 8, 39, 231], [24, 8, 5, 87, 178], [6, 9, 5, 206, 237], [28, 1, 8, 2, 103], [5, 14, 5, 160, 1], [26, 9, 9, 54, 7], [35, 14, 8, 52, 46], [14, 10, 6, 4, 91], [20, 18, 17, 56, 84], [37, 2, 9, 62, 28], [40, 11, 10, 63, 10], [21, 2, 9, 228, 221], [36, 19, 19, 55, 190], [1, 0, 23, 180, 250], [41, 1, 15, 74, 94], [0, 0, 0, 46, 169], [2, 15, 10, 173, 135], [17, 22, 16, 61, 75], [40, 15, 0, 39, 218], [39, 3, 5, 83, 123], [31, 2, 5, 71, 250], [0, 13, 0, 0, 0], [0, 29, 0, 0, 0]]",
        "fitness": {
            "fitness": 0.1413203287124634,
            "time": 0.04648574829101562
        }
    },
    "decoding": {
        "metadata": {
            "rows": 1,
            "columns": 30,
            "n_in": 2,
            "n_out": 2,
            "n_para": 2,
            "n_conn": 2
        },
        "functions": [
            "max",
            "min",
            "mean",
            "add",
            "subtract",
            "bitwise_not",
            "bitwise_or",
            "bitwise_and",
            "bitwise_and_mask",
            "bitwise_xor",
            "sqrt",
            "pow2",
            "exp",
            "log",
            "median_blur",
            "gaussian_blur",
            "laplacian",
            "sobel",
            "robert_cross",
            "canny",
            "sharpen",
            "gabor",
            "abs_diff",
            "abs_diff2",
            "fluo_tophat",
            "rel_diff",
            "erode",
            "dilate",
            "open",
            "close",
            "morph_gradient",
            "morph_tophat",
            "morph_blackhat",
            "fill_holes",
            "remove_small_objects",
            "remove_small_holes",
            "threshold",
            "threshold_at_1",
            "distance_transform",
            "distance_transform_and_thresh",
            "inrange_bin",
            "inrange"
        ],
        "endpoint": {
            "name": "W",
            "abbv": "WSHD",
            "arity": 2,
            "p": 0,
            "kwargs": {
                "use_dt": false,
                "markers_distance": 21,
                "markers_area": null
            }
        },
        "mode": "default"
    }
}