{
    "dataset": {
        "name": "CIL",
        "label_name": "neuron",
        "indices": [
            13,
            43,
            70
        ]
    },
    "individual": {
        "sequence": "[[0, 0, 0, 0, 0], [0, 0, 0, 0, 0], [28, 1, 0, 3, 230], [31, 2, 2, 133, 143], [26, 2, 0, 108, 242], [20, 4, 4, 146, 108], [7, 0, 5, 251, 238], [40, 0, 3, 108, 148], [37, 2, 6, 88, 159], [20, 0, 7, 2, 63], [15, 7, 1, 241, 235], [38, 7, 10, 105, 171], [10, 11, 7, 97, 21], [4, 8, 11, 202, 198], [25, 8, 7, 180, 185], [29, 1, 4, 203, 11], [6, 9, 14, 230, 179], [22, 7, 0, 136, 242], [26, 15, 11, 197, 72], [24, 9, 0, 13, 140], [3, 3, 12, 61, 20], [7, 5, 5, 17, 119], [11, 3, 0, 72, 220], [36, 9, 0, 41, 130], [2, 7, 8, 54, 229], [3, 19, 3, 220, 217], [11, 25, 14, 211, 75], [6, 10, 5, 96, 201], [25, 15, 5, 49, 243], [39, 1, 24, 209, 210], [8, 14, 23, 211, 27], [22, 16, 1, 250, 4], [0, 26, 0, 0, 0], [0, 22, 0, 0, 0]]",
        "fitness": {
            "fitness": 0.09154868125915527,
            "time": 0.04901432991027832
        }
    },
    "decoding": {
        "metadata": {
            "rows": 1,
            "columns": 30,
            "n_in": 2,
            "n_out": 2,
            "n_para": 2,
            "n_conn": 2
        },
        "functions": [
            "max",
            "min",
            "mean",
            "add",
            "subtract",
            "bitwise_not",
            "bitwise_or",
            "bitwise_and",
            "bitwise_and_mask",
            "bitwise_xor",
            "sqrt",
            "pow2",
            "exp",
            "log",
            "median_blur",
            "gaussian_blur",
            "laplacian",
            "sobel",
            "robert_cross",
            "canny",
            "sharpen",
            "gabor",
            "abs_diff",
            "abs_diff2",
            "fluo_tophat",
            "rel_diff",
            "erode",
            "dilate",
            "open",
            "close",
            "morph_gradient",
            "morph_tophat",
            "morph_blackhat",
            "fill_holes",
            "remove_small_objects",
            "remove_small_holes",
            "threshold",
            "threshold_at_1",
            "distance_transform",
            "distance_transform_and_thresh",
            "inrange_bin",
            "inrange"
        ],
        "endpoint": {
            "name": "W",
            "abbv": "WSHD",
            "arity": 2,
            "p": 0,
            "kwargs": {
                "use_dt": false,
                "markers_distance": 21,
                "markers_area": null
            }
        },
        "mode": "default"
    }
}