{
    "dataset": {
        "name": "Tumor",
        "label_name": "tumor",
        "indices": null
    },
    "individual": {
        "sequence": "[[0, 0, 0, 0, 0], [0, 0, 0, 0, 0], [0, 0, 0, 0, 0], [6, 2, 0, 74, 207], [12, 1, 3, 191, 155], [41, 3, 2, 28, 129], [11, 3, 1, 195, 235], [7, 6, 6, 88, 188], [13, 4, 5, 4, 246], [10, 0, 1, 198, 227], [6, 8, 9, 215, 205], [34, 4, 9, 94, 186], [15, 6, 2, 112, 86], [40, 12, 0, 1, 209], [4, 4, 3, 114, 144], [38, 12, 2, 94, 82], [6, 4, 5, 200, 56], [32, 16, 2, 12, 20], [4, 13, 2, 92, 18], [16, 1, 4, 226, 79], [26, 13, 13, 11, 157], [17, 11, 15, 122, 180], [27, 20, 8, 198, 50], [18, 13, 18, 182, 200], [36, 9, 5, 65, 142], [27, 2, 13, 125, 154], [6, 16, 14, 145, 234], [6, 26, 11, 155, 83], [10, 27, 19, 173, 195], [36, 25, 17, 95, 48], [23, 16, 16, 199, 24], [10, 30, 29, 70, 77], [32, 26, 3, 162, 51], [0, 18, 0, 0, 0]]",
        "fitness": {
            "fitness": 0.1585528039756989,
            "time": 0.007040182749430339
        }
    },
    "decoding": {
        "metadata": {
            "rows": 1,
            "columns": 30,
            "n_in": 3,
            "n_out": 1,
            "n_para": 2,
            "n_conn": 2
        },
        "functions": [
            "max",
            "min",
            "mean",
            "add",
            "subtract",
            "bitwise_not",
            "bitwise_or",
            "bitwise_and",
            "bitwise_and_mask",
            "bitwise_xor",
            "sqrt",
            "pow2",
            "exp",
            "log",
            "median_blur",
            "gaussian_blur",
            "laplacian",
            "sobel",
            "robert_cross",
            "canny",
            "sharpen",
            "gabor",
            "abs_diff",
            "abs_diff2",
            "fluo_tophat",
            "rel_diff",
            "erode",
            "dilate",
            "open",
            "close",
            "morph_gradient",
            "morph_tophat",
            "morph_blackhat",
            "fill_holes",
            "remove_small_objects",
            "remove_small_holes",
            "threshold",
            "threshold_at_1",
            "distance_transform",
            "distance_transform_and_thresh",
            "inrange_bin",
            "inrange"
        ],
        "endpoint": {
            "name": "Threshold (t=4)",
            "abbv": "TRSH",
            "arity": 1,
            "p": 0,
            "kwargs": {
                "threshold": 4
            }
        },
        "mode": "default"
    }
}