{
    "dataset": {
        "name": "CIL",
        "label_name": "neuron",
        "indices": [
            71,
            54
        ]
    },
    "individual": {
        "sequence": "[[0, 0, 0, 0, 0], [0, 0, 0, 0, 0], [21, 0, 1, 172, 232], [36, 1, 2, 207, 33], [32, 2, 2, 7, 18], [28, 3, 4, 32, 16], [2, 0, 5, 18, 196], [26, 3, 0, 21, 89], [2, 3, 6, 180, 162], [15, 7, 7, 168, 32], [37, 8, 2, 122, 76], [1, 0, 8, 117, 87], [39, 9, 9, 104, 144], [19, 0, 8, 212, 204], [5, 9, 12, 4, 235], [29, 3, 0, 230, 87], [25, 11, 11, 172, 49], [41, 7, 8, 97, 119], [34, 17, 14, 147, 237], [7, 12, 14, 226, 217], [12, 8, 8, 144, 5], [8, 19, 15, 173, 7], [12, 10, 1, 50, 157], [6, 1, 0, 211, 24], [22, 14, 21, 180, 253], [3, 15, 23, 182, 209], [34, 12, 21, 228, 5], [26, 19, 0, 113, 131], [31, 20, 25, 143, 23], [21, 18, 1, 75, 159], [40, 9, 1, 39, 58], [23, 1, 12, 83, 235], [0, 10, 0, 0, 0], [0, 5, 0, 0, 0]]",
        "fitness": {
            "fitness": 0.02173912525177002,
            "time": 0.011363983154296875
        }
    },
    "decoding": {
        "metadata": {
            "rows": 1,
            "columns": 30,
            "n_in": 2,
            "n_out": 2,
            "n_para": 2,
            "n_conn": 2
        },
        "functions": [
            "max",
            "min",
            "mean",
            "add",
            "subtract",
            "bitwise_not",
            "bitwise_or",
            "bitwise_and",
            "bitwise_and_mask",
            "bitwise_xor",
            "sqrt",
            "pow2",
            "exp",
            "log",
            "median_blur",
            "gaussian_blur",
            "laplacian",
            "sobel",
            "robert_cross",
            "canny",
            "sharpen",
            "gabor",
            "abs_diff",
            "abs_diff2",
            "fluo_tophat",
            "rel_diff",
            "erode",
            "dilate",
            "open",
            "close",
            "morph_gradient",
            "morph_tophat",
            "morph_blackhat",
            "fill_holes",
            "remove_small_objects",
            "remove_small_holes",
            "threshold",
            "threshold_at_1",
            "distance_transform",
            "distance_transform_and_thresh",
            "inrange_bin",
            "inrange"
        ],
        "endpoint": {
            "name": "W",
            "abbv": "WSHD",
            "arity": 2,
            "p": 0,
            "kwargs": {
                "use_dt": false,
                "markers_distance": 21,
                "markers_area": null
            }
        },
        "mode": "default"
    }
}