{
    "dataset": {
        "name": "CIL",
        "label_name": "neuron",
        "indices": [
            15,
            52,
            27,
            2,
            40,
            74,
            36,
            23,
            72,
            70,
            77,
            85,
            86,
            79,
            0,
            26,
            61,
            32,
            20,
            51,
            41,
            76,
            6,
            54,
            10,
            29,
            63,
            9,
            69,
            55,
            88,
            8,
            68,
            65,
            42,
            22,
            39,
            18,
            11,
            53
        ]
    },
    "individual": {
        "sequence": "[[0, 0, 0, 0, 0], [0, 0, 0, 0, 0], [3, 0, 0, 10, 177], [24, 2, 1, 128, 144], [28, 1, 0, 19, 119], [11, 3, 4, 199, 99], [32, 0, 4, 136, 128], [10, 6, 5, 215, 10], [16, 3, 1, 13, 53], [32, 1, 6, 136, 32], [14, 7, 2, 216, 36], [40, 4, 4, 38, 217], [31, 4, 11, 183, 22], [31, 0, 11, 30, 141], [36, 4, 12, 104, 163], [28, 4, 8, 46, 51], [34, 5, 15, 136, 214], [16, 5, 4, 99, 190], [8, 10, 16, 115, 230], [11, 13, 5, 182, 189], [27, 6, 15, 137, 77], [18, 7, 9, 227, 242], [38, 7, 12, 110, 219], [39, 0, 16, 182, 92], [26, 22, 22, 222, 196], [28, 15, 5, 103, 211], [25, 12, 10, 31, 125], [41, 10, 20, 35, 200], [16, 10, 21, 12, 177], [11, 11, 14, 252, 136], [25, 25, 9, 110, 55], [14, 25, 7, 163, 29], [0, 5, 0, 0, 0], [0, 11, 0, 0, 0]]",
        "fitness": {
            "fitness": 0.12847321927547456,
            "time": 0.04379051923751831
        }
    },
    "decoding": {
        "metadata": {
            "rows": 1,
            "columns": 30,
            "n_in": 2,
            "n_out": 2,
            "n_para": 2,
            "n_conn": 2
        },
        "functions": [
            "max",
            "min",
            "mean",
            "add",
            "subtract",
            "bitwise_not",
            "bitwise_or",
            "bitwise_and",
            "bitwise_and_mask",
            "bitwise_xor",
            "sqrt",
            "pow2",
            "exp",
            "log",
            "median_blur",
            "gaussian_blur",
            "laplacian",
            "sobel",
            "robert_cross",
            "canny",
            "sharpen",
            "gabor",
            "abs_diff",
            "abs_diff2",
            "fluo_tophat",
            "rel_diff",
            "erode",
            "dilate",
            "open",
            "close",
            "morph_gradient",
            "morph_tophat",
            "morph_blackhat",
            "fill_holes",
            "remove_small_objects",
            "remove_small_holes",
            "threshold",
            "threshold_at_1",
            "distance_transform",
            "distance_transform_and_thresh",
            "inrange_bin",
            "inrange"
        ],
        "endpoint": {
            "name": "Marker-Based Watershed",
            "abbv": "WSHD",
            "arity": 2,
            "args": 0,
            "kwargs": {
                "use_dt": false,
                "markers_distance": 21,
                "markers_area": null
            }
        },
        "mode": "default"
    }
}