{
    "dataset": {
        "name": "CIL",
        "label_name": "neuron",
        "indices": [
            4,
            37,
            52,
            11,
            29,
            74,
            36,
            48,
            81,
            31,
            17,
            24,
            43,
            88,
            40
        ]
    },
    "individual": {
        "sequence": "[[0, 0, 0, 0, 0], [0, 0, 0, 0, 0], [36, 1, 1, 34, 32], [27, 0, 1, 151, 106], [31, 0, 3, 210, 228], [2, 4, 0, 248, 20], [18, 0, 4, 248, 148], [41, 5, 0, 138, 7], [0, 4, 4, 193, 195], [28, 2, 7, 34, 30], [41, 0, 4, 237, 21], [3, 2, 7, 145, 140], [26, 0, 9, 82, 179], [19, 6, 12, 187, 131], [15, 9, 12, 2, 27], [27, 11, 4, 70, 80], [36, 14, 10, 147, 240], [41, 4, 8, 243, 85], [9, 11, 8, 152, 45], [17, 5, 1, 131, 221], [10, 1, 17, 93, 145], [8, 3, 2, 161, 27], [13, 11, 20, 43, 173], [14, 2, 4, 17, 116], [19, 16, 7, 16, 214], [9, 11, 9, 103, 180], [41, 2, 5, 24, 21], [20, 6, 3, 140, 245], [26, 22, 1, 164, 76], [41, 25, 10, 141, 102], [5, 27, 27, 120, 33], [2, 19, 1, 95, 31], [0, 11, 0, 0, 0], [0, 16, 0, 0, 0]]",
        "fitness": {
            "fitness": 0.13502153952916462,
            "time": 0.028667720158894856
        }
    },
    "decoding": {
        "metadata": {
            "rows": 1,
            "columns": 30,
            "n_in": 2,
            "n_out": 2,
            "n_para": 2,
            "n_conn": 2
        },
        "functions": [
            "max",
            "min",
            "mean",
            "add",
            "subtract",
            "bitwise_not",
            "bitwise_or",
            "bitwise_and",
            "bitwise_and_mask",
            "bitwise_xor",
            "sqrt",
            "pow2",
            "exp",
            "log",
            "median_blur",
            "gaussian_blur",
            "laplacian",
            "sobel",
            "robert_cross",
            "canny",
            "sharpen",
            "gabor",
            "abs_diff",
            "abs_diff2",
            "fluo_tophat",
            "rel_diff",
            "erode",
            "dilate",
            "open",
            "close",
            "morph_gradient",
            "morph_tophat",
            "morph_blackhat",
            "fill_holes",
            "remove_small_objects",
            "remove_small_holes",
            "threshold",
            "threshold_at_1",
            "distance_transform",
            "distance_transform_and_thresh",
            "inrange_bin",
            "inrange"
        ],
        "endpoint": {
            "name": "W",
            "abbv": "WSHD",
            "arity": 2,
            "p": 0,
            "kwargs": {
                "use_dt": false,
                "markers_distance": 21,
                "markers_area": null
            }
        },
        "mode": "default"
    }
}