{
    "dataset": {
        "name": "CIL",
        "label_name": "neuron",
        "indices": [
            8,
            0,
            75,
            85,
            54
        ]
    },
    "individual": {
        "sequence": "[[0, 0, 0, 0, 0], [0, 0, 0, 0, 0], [2, 0, 0, 18, 34], [41, 1, 2, 205, 43], [1, 0, 3, 197, 228], [14, 3, 3, 1, 248], [12, 2, 3, 155, 53], [21, 6, 6, 31, 246], [16, 5, 5, 23, 196], [13, 6, 8, 198, 225], [31, 8, 0, 169, 126], [13, 1, 7, 59, 127], [33, 1, 3, 139, 115], [7, 1, 0, 72, 91], [20, 1, 5, 167, 253], [34, 13, 2, 231, 159], [5, 1, 9, 224, 46], [5, 3, 16, 60, 214], [33, 12, 14, 162, 127], [10, 16, 2, 14, 139], [37, 9, 0, 240, 110], [41, 7, 8, 224, 17], [23, 21, 14, 191, 32], [35, 3, 1, 215, 182], [12, 11, 9, 95, 122], [41, 19, 3, 197, 108], [1, 10, 6, 181, 222], [7, 10, 5, 154, 252], [25, 24, 21, 22, 231], [32, 26, 21, 131, 77], [21, 0, 21, 204, 255], [22, 1, 10, 98, 253], [0, 20, 0, 0, 0], [0, 5, 0, 0, 0]]",
        "fitness": {
            "fitness": 0.030041682720184325,
            "time": 0.07632064819335938
        }
    },
    "decoding": {
        "metadata": {
            "rows": 1,
            "columns": 30,
            "n_in": 2,
            "n_out": 2,
            "n_para": 2,
            "n_conn": 2
        },
        "functions": [
            "max",
            "min",
            "mean",
            "add",
            "subtract",
            "bitwise_not",
            "bitwise_or",
            "bitwise_and",
            "bitwise_and_mask",
            "bitwise_xor",
            "sqrt",
            "pow2",
            "exp",
            "log",
            "median_blur",
            "gaussian_blur",
            "laplacian",
            "sobel",
            "robert_cross",
            "canny",
            "sharpen",
            "gabor",
            "abs_diff",
            "abs_diff2",
            "fluo_tophat",
            "rel_diff",
            "erode",
            "dilate",
            "open",
            "close",
            "morph_gradient",
            "morph_tophat",
            "morph_blackhat",
            "fill_holes",
            "remove_small_objects",
            "remove_small_holes",
            "threshold",
            "threshold_at_1",
            "distance_transform",
            "distance_transform_and_thresh",
            "inrange_bin",
            "inrange"
        ],
        "endpoint": {
            "name": "W",
            "abbv": "WSHD",
            "arity": 2,
            "p": 0,
            "kwargs": {
                "use_dt": false,
                "markers_distance": 21,
                "markers_area": null
            }
        },
        "mode": "default"
    }
}