{
    "dataset": {
        "name": "CIL",
        "label_name": "neuron",
        "indices": [
            21,
            46,
            71,
            73,
            54,
            87,
            85,
            37,
            53,
            58
        ]
    },
    "individual": {
        "sequence": "[[0, 0, 0, 0, 0], [0, 0, 0, 0, 0], [12, 0, 0, 217, 232], [24, 2, 1, 38, 252], [21, 2, 1, 209, 183], [11, 3, 2, 64, 99], [34, 2, 4, 200, 142], [20, 0, 0, 112, 51], [35, 5, 2, 231, 103], [5, 0, 6, 112, 79], [30, 5, 9, 66, 166], [19, 7, 4, 185, 200], [19, 1, 7, 23, 140], [32, 11, 11, 217, 1], [4, 4, 10, 42, 245], [19, 6, 13, 216, 255], [9, 0, 7, 35, 48], [36, 12, 9, 81, 143], [36, 6, 15, 179, 166], [25, 11, 3, 102, 237], [24, 3, 7, 53, 8], [19, 20, 3, 94, 150], [22, 1, 14, 49, 63], [1, 12, 5, 173, 187], [18, 21, 2, 38, 203], [14, 4, 24, 127, 184], [2, 4, 8, 46, 56], [27, 25, 7, 119, 218], [8, 19, 1, 97, 201], [16, 23, 26, 165, 203], [19, 22, 12, 59, 13], [21, 30, 19, 237, 37], [0, 5, 0, 0, 0], [0, 29, 0, 0, 0]]",
        "fitness": {
            "fitness": 0.14797489643096923,
            "time": 0.047645187377929686
        }
    },
    "decoding": {
        "metadata": {
            "rows": 1,
            "columns": 30,
            "n_in": 2,
            "n_out": 2,
            "n_para": 2,
            "n_conn": 2
        },
        "functions": [
            "max",
            "min",
            "mean",
            "add",
            "subtract",
            "bitwise_not",
            "bitwise_or",
            "bitwise_and",
            "bitwise_and_mask",
            "bitwise_xor",
            "sqrt",
            "pow2",
            "exp",
            "log",
            "median_blur",
            "gaussian_blur",
            "laplacian",
            "sobel",
            "robert_cross",
            "canny",
            "sharpen",
            "gabor",
            "abs_diff",
            "abs_diff2",
            "fluo_tophat",
            "rel_diff",
            "erode",
            "dilate",
            "open",
            "close",
            "morph_gradient",
            "morph_tophat",
            "morph_blackhat",
            "fill_holes",
            "remove_small_objects",
            "remove_small_holes",
            "threshold",
            "threshold_at_1",
            "distance_transform",
            "distance_transform_and_thresh",
            "inrange_bin",
            "inrange"
        ],
        "endpoint": {
            "name": "W",
            "abbv": "WSHD",
            "arity": 2,
            "p": 0,
            "kwargs": {
                "use_dt": false,
                "markers_distance": 21,
                "markers_area": null
            }
        },
        "mode": "default"
    }
}