{
    "dataset": {
        "name": "CIL",
        "label_name": "neuron",
        "indices": [
            50,
            47,
            66,
            58,
            20,
            14,
            3,
            53,
            12,
            56,
            11,
            78,
            37,
            18,
            41,
            6,
            86,
            71,
            22,
            34,
            0,
            35,
            68,
            25,
            24,
            27,
            31,
            26,
            36,
            30,
            5,
            10,
            48,
            85,
            83,
            9,
            4,
            32,
            42,
            2,
            59,
            62,
            33,
            77,
            29,
            46,
            73,
            52,
            19,
            49
        ]
    },
    "individual": {
        "sequence": "[[0, 0, 0, 0, 0], [0, 0, 0, 0, 0], [31, 0, 1, 205, 216], [5, 2, 2, 53, 86], [25, 2, 0, 170, 78], [16, 1, 2, 227, 39], [2, 0, 2, 59, 160], [41, 1, 0, 210, 44], [13, 6, 7, 120, 21], [23, 4, 8, 234, 255], [33, 9, 4, 157, 109], [23, 9, 6, 95, 26], [27, 7, 4, 112, 91], [4, 5, 3, 123, 117], [21, 3, 11, 47, 164], [34, 7, 10, 21, 248], [15, 11, 5, 89, 23], [1, 6, 16, 164, 241], [37, 8, 1, 206, 33], [8, 17, 8, 127, 68], [24, 18, 14, 51, 244], [6, 6, 16, 209, 182], [26, 7, 11, 192, 157], [31, 13, 20, 110, 150], [3, 7, 14, 15, 89], [31, 12, 23, 94, 251], [23, 23, 23, 15, 63], [2, 7, 4, 169, 211], [22, 27, 10, 130, 64], [5, 12, 28, 25, 243], [40, 28, 1, 63, 212], [21, 19, 19, 47, 96], [0, 20, 0, 0, 0], [0, 15, 0, 0, 0]]",
        "fitness": {
            "fitness": 0.13849879384040834,
            "time": 0.04753686428070068
        }
    },
    "decoding": {
        "metadata": {
            "rows": 1,
            "columns": 30,
            "n_in": 2,
            "n_out": 2,
            "n_para": 2,
            "n_conn": 2
        },
        "functions": [
            "max",
            "min",
            "mean",
            "add",
            "subtract",
            "bitwise_not",
            "bitwise_or",
            "bitwise_and",
            "bitwise_and_mask",
            "bitwise_xor",
            "sqrt",
            "pow2",
            "exp",
            "log",
            "median_blur",
            "gaussian_blur",
            "laplacian",
            "sobel",
            "robert_cross",
            "canny",
            "sharpen",
            "gabor",
            "abs_diff",
            "abs_diff2",
            "fluo_tophat",
            "rel_diff",
            "erode",
            "dilate",
            "open",
            "close",
            "morph_gradient",
            "morph_tophat",
            "morph_blackhat",
            "fill_holes",
            "remove_small_objects",
            "remove_small_holes",
            "threshold",
            "threshold_at_1",
            "distance_transform",
            "distance_transform_and_thresh",
            "inrange_bin",
            "inrange"
        ],
        "endpoint": {
            "name": "W",
            "abbv": "WSHD",
            "arity": 2,
            "p": 0,
            "kwargs": {
                "use_dt": false,
                "markers_distance": 21,
                "markers_area": null
            }
        },
        "mode": "default"
    }
}