{
    "dataset": {
        "name": "CIL",
        "label_name": "neuron",
        "indices": [
            3,
            66,
            52,
            29,
            41,
            33,
            82,
            54,
            48,
            16,
            73,
            87,
            47,
            35,
            80,
            18,
            77,
            12,
            43,
            61,
            83,
            14,
            34,
            81,
            39,
            44,
            78,
            30,
            67,
            2,
            26,
            22,
            31,
            84,
            55,
            42,
            86,
            28,
            88,
            8,
            69,
            6,
            24,
            71,
            5,
            1,
            76,
            38,
            62,
            25
        ]
    },
    "individual": {
        "sequence": "[[0, 0, 0, 0, 0], [0, 0, 0, 0, 0], [24, 1, 1, 200, 129], [15, 1, 2, 9, 116], [16, 0, 1, 100, 87], [40, 2, 1, 105, 71], [14, 4, 2, 213, 29], [20, 1, 6, 151, 199], [20, 2, 4, 0, 233], [11, 4, 5, 61, 236], [16, 0, 7, 210, 188], [13, 0, 10, 222, 83], [23, 0, 6, 233, 57], [1, 8, 3, 110, 139], [32, 6, 11, 81, 162], [17, 5, 14, 130, 213], [37, 0, 8, 101, 175], [20, 5, 14, 11, 160], [21, 16, 14, 132, 99], [12, 11, 11, 196, 163], [7, 15, 19, 21, 0], [22, 6, 5, 145, 25], [36, 13, 2, 55, 44], [21, 7, 9, 249, 161], [11, 9, 22, 110, 100], [19, 10, 6, 5, 141], [40, 13, 7, 231, 143], [33, 25, 1, 172, 37], [20, 14, 5, 172, 43], [20, 3, 1, 242, 153], [7, 26, 20, 82, 137], [1, 23, 19, 23, 218], [0, 19, 0, 0, 0], [0, 22, 0, 0, 0]]",
        "fitness": {
            "fitness": 0.14838038086891175,
            "time": 0.049681687355041505
        }
    },
    "decoding": {
        "metadata": {
            "rows": 1,
            "columns": 30,
            "n_in": 2,
            "n_out": 2,
            "n_para": 2,
            "n_conn": 2
        },
        "functions": [
            "max",
            "min",
            "mean",
            "add",
            "subtract",
            "bitwise_not",
            "bitwise_or",
            "bitwise_and",
            "bitwise_and_mask",
            "bitwise_xor",
            "sqrt",
            "pow2",
            "exp",
            "log",
            "median_blur",
            "gaussian_blur",
            "laplacian",
            "sobel",
            "robert_cross",
            "canny",
            "sharpen",
            "gabor",
            "abs_diff",
            "abs_diff2",
            "fluo_tophat",
            "rel_diff",
            "erode",
            "dilate",
            "open",
            "close",
            "morph_gradient",
            "morph_tophat",
            "morph_blackhat",
            "fill_holes",
            "remove_small_objects",
            "remove_small_holes",
            "threshold",
            "threshold_at_1",
            "distance_transform",
            "distance_transform_and_thresh",
            "inrange_bin",
            "inrange"
        ],
        "endpoint": {
            "name": "W",
            "abbv": "WSHD",
            "arity": 2,
            "p": 0,
            "kwargs": {
                "use_dt": false,
                "markers_distance": 21,
                "markers_area": null
            }
        },
        "mode": "default"
    }
}