{
    "dataset": {
        "name": "CIL",
        "label_name": "neuron",
        "indices": [
            83,
            47,
            25,
            78,
            53,
            21,
            61,
            16,
            85,
            52,
            43,
            10
        ]
    },
    "individual": {
        "sequence": "[[0, 0, 0, 0, 0], [0, 0, 0, 0, 0], [28, 1, 1, 14, 95], [3, 2, 1, 203, 201], [2, 1, 3, 9, 99], [19, 3, 2, 51, 220], [41, 4, 3, 235, 50], [2, 5, 0, 179, 102], [31, 7, 3, 253, 74], [37, 6, 1, 30, 204], [4, 1, 4, 92, 255], [18, 10, 0, 80, 134], [14, 7, 2, 209, 86], [12, 2, 5, 50, 243], [16, 3, 1, 87, 248], [1, 14, 7, 26, 200], [2, 8, 6, 129, 197], [2, 4, 13, 103, 123], [20, 12, 2, 162, 77], [18, 5, 14, 127, 243], [23, 17, 4, 171, 137], [1, 4, 20, 140, 169], [14, 17, 13, 125, 142], [16, 0, 10, 154, 2], [41, 15, 11, 179, 45], [16, 0, 20, 147, 255], [9, 9, 11, 89, 25], [35, 19, 8, 235, 126], [5, 8, 12, 39, 70], [14, 5, 24, 12, 119], [12, 25, 0, 214, 57], [41, 20, 8, 213, 240], [0, 16, 0, 0, 0], [0, 27, 0, 0, 0]]",
        "fitness": {
            "fitness": 0.1348349004983902,
            "time": 0.041897078355153404
        }
    },
    "decoding": {
        "metadata": {
            "rows": 1,
            "columns": 30,
            "n_in": 2,
            "n_out": 2,
            "n_para": 2,
            "n_conn": 2
        },
        "functions": [
            "max",
            "min",
            "mean",
            "add",
            "subtract",
            "bitwise_not",
            "bitwise_or",
            "bitwise_and",
            "bitwise_and_mask",
            "bitwise_xor",
            "sqrt",
            "pow2",
            "exp",
            "log",
            "median_blur",
            "gaussian_blur",
            "laplacian",
            "sobel",
            "robert_cross",
            "canny",
            "sharpen",
            "gabor",
            "abs_diff",
            "abs_diff2",
            "fluo_tophat",
            "rel_diff",
            "erode",
            "dilate",
            "open",
            "close",
            "morph_gradient",
            "morph_tophat",
            "morph_blackhat",
            "fill_holes",
            "remove_small_objects",
            "remove_small_holes",
            "threshold",
            "threshold_at_1",
            "distance_transform",
            "distance_transform_and_thresh",
            "inrange_bin",
            "inrange"
        ],
        "endpoint": {
            "name": "Marker-Based Watershed",
            "abbv": "WSHD",
            "arity": 2,
            "p": 0,
            "kwargs": {
                "use_dt": false,
                "markers_distance": 21,
                "markers_area": null
            }
        },
        "mode": "default"
    }
}