{
    "dataset": {
        "name": "CIL",
        "label_name": "neuron",
        "indices": [
            51,
            1
        ]
    },
    "individual": {
        "sequence": "[[0, 0, 0, 0, 0], [0, 0, 0, 0, 0], [31, 1, 1, 71, 244], [26, 1, 2, 37, 157], [3, 1, 0, 226, 252], [31, 4, 0, 239, 255], [38, 2, 5, 134, 141], [38, 1, 5, 171, 75], [13, 5, 7, 229, 86], [2, 2, 8, 190, 152], [41, 3, 4, 214, 123], [25, 4, 1, 186, 135], [4, 2, 9, 228, 137], [37, 8, 10, 81, 203], [7, 5, 8, 223, 31], [18, 5, 0, 18, 31], [10, 10, 6, 157, 255], [39, 12, 11, 188, 159], [25, 4, 12, 32, 11], [31, 12, 14, 18, 124], [11, 4, 2, 226, 70], [29, 3, 1, 145, 29], [10, 4, 4, 50, 143], [15, 13, 16, 179, 195], [36, 16, 20, 42, 43], [34, 16, 12, 218, 120], [25, 23, 3, 144, 52], [27, 13, 12, 187, 239], [4, 0, 18, 72, 153], [17, 13, 25, 109, 141], [15, 0, 1, 163, 73], [39, 16, 9, 140, 115], [0, 13, 0, 0, 0], [0, 17, 0, 0, 0]]",
        "fitness": {
            "fitness": 0.10891088843345642,
            "time": 0.03423631191253662
        }
    },
    "decoding": {
        "metadata": {
            "rows": 1,
            "columns": 30,
            "n_in": 2,
            "n_out": 2,
            "n_para": 2,
            "n_conn": 2
        },
        "functions": [
            "max",
            "min",
            "mean",
            "add",
            "subtract",
            "bitwise_not",
            "bitwise_or",
            "bitwise_and",
            "bitwise_and_mask",
            "bitwise_xor",
            "sqrt",
            "pow2",
            "exp",
            "log",
            "median_blur",
            "gaussian_blur",
            "laplacian",
            "sobel",
            "robert_cross",
            "canny",
            "sharpen",
            "gabor",
            "abs_diff",
            "abs_diff2",
            "fluo_tophat",
            "rel_diff",
            "erode",
            "dilate",
            "open",
            "close",
            "morph_gradient",
            "morph_tophat",
            "morph_blackhat",
            "fill_holes",
            "remove_small_objects",
            "remove_small_holes",
            "threshold",
            "threshold_at_1",
            "distance_transform",
            "distance_transform_and_thresh",
            "inrange_bin",
            "inrange"
        ],
        "endpoint": {
            "name": "W",
            "abbv": "WSHD",
            "arity": 2,
            "p": 0,
            "kwargs": {
                "use_dt": false,
                "markers_distance": 21,
                "markers_area": null
            }
        },
        "mode": "default"
    }
}