{
    "dataset": {
        "name": "CIL",
        "label_name": "neuron",
        "indices": [
            2,
            61
        ]
    },
    "individual": {
        "sequence": "[[0, 0, 0, 0, 0], [0, 0, 0, 0, 0], [36, 1, 0, 208, 15], [39, 2, 0, 43, 120], [26, 0, 1, 3, 85], [1, 2, 1, 174, 110], [17, 0, 1, 41, 226], [29, 5, 2, 214, 253], [29, 3, 4, 64, 249], [37, 7, 1, 143, 108], [31, 4, 1, 175, 192], [28, 10, 7, 7, 16], [0, 2, 10, 153, 236], [23, 2, 5, 77, 54], [39, 5, 7, 185, 104], [3, 14, 7, 126, 149], [36, 5, 4, 238, 34], [11, 11, 2, 239, 146], [21, 14, 16, 82, 205], [20, 3, 2, 233, 57], [39, 15, 19, 160, 83], [3, 20, 8, 81, 131], [1, 16, 3, 103, 249], [0, 9, 3, 204, 228], [29, 15, 17, 60, 36], [16, 5, 19, 25, 156], [37, 11, 3, 251, 213], [5, 17, 25, 123, 95], [31, 3, 16, 183, 39], [6, 27, 19, 171, 254], [0, 19, 21, 44, 72], [10, 11, 5, 190, 204], [0, 26, 0, 0, 0], [0, 22, 0, 0, 0]]",
        "fitness": {
            "fitness": 0.01973685622215271,
            "time": 0.02900087833404541
        }
    },
    "decoding": {
        "metadata": {
            "rows": 1,
            "columns": 30,
            "n_in": 2,
            "n_out": 2,
            "n_para": 2,
            "n_conn": 2
        },
        "functions": [
            "max",
            "min",
            "mean",
            "add",
            "subtract",
            "bitwise_not",
            "bitwise_or",
            "bitwise_and",
            "bitwise_and_mask",
            "bitwise_xor",
            "sqrt",
            "pow2",
            "exp",
            "log",
            "median_blur",
            "gaussian_blur",
            "laplacian",
            "sobel",
            "robert_cross",
            "canny",
            "sharpen",
            "gabor",
            "abs_diff",
            "abs_diff2",
            "fluo_tophat",
            "rel_diff",
            "erode",
            "dilate",
            "open",
            "close",
            "morph_gradient",
            "morph_tophat",
            "morph_blackhat",
            "fill_holes",
            "remove_small_objects",
            "remove_small_holes",
            "threshold",
            "threshold_at_1",
            "distance_transform",
            "distance_transform_and_thresh",
            "inrange_bin",
            "inrange"
        ],
        "endpoint": {
            "name": "W",
            "abbv": "WSHD",
            "arity": 2,
            "p": 0,
            "kwargs": {
                "use_dt": false,
                "markers_distance": 21,
                "markers_area": null
            }
        },
        "mode": "default"
    }
}