{
    "dataset": {
        "name": "Tumor",
        "label_name": "tumor",
        "indices": null
    },
    "individual": {
        "sequence": "[[0, 0, 0, 0, 0], [0, 0, 0, 0, 0], [0, 0, 0, 0, 0], [12, 1, 2, 4, 82], [12, 3, 0, 83, 206], [5, 1, 3, 233, 17], [29, 1, 3, 51, 104], [11, 6, 3, 95, 16], [12, 1, 4, 227, 159], [11, 0, 4, 30, 234], [4, 6, 0, 206, 102], [38, 7, 5, 176, 49], [11, 8, 7, 50, 151], [26, 0, 7, 76, 15], [26, 5, 5, 41, 133], [4, 0, 0, 181, 17], [15, 10, 12, 183, 58], [11, 8, 4, 151, 104], [7, 16, 11, 173, 131], [40, 10, 11, 62, 19], [29, 4, 11, 218, 241], [6, 15, 9, 57, 203], [33, 18, 21, 198, 17], [36, 20, 4, 193, 197], [13, 15, 12, 14, 198], [5, 11, 12, 163, 111], [35, 16, 13, 76, 237], [20, 19, 14, 224, 240], [41, 25, 15, 130, 31], [10, 4, 5, 62, 145], [29, 0, 27, 50, 29], [26, 3, 23, 180, 175], [28, 22, 14, 95, 77], [0, 32, 0, 0, 0]]",
        "fitness": {
            "fitness": 0.1302165390775122,
            "time": 0.02120526631673177
        }
    },
    "decoding": {
        "metadata": {
            "rows": 1,
            "columns": 30,
            "n_in": 3,
            "n_out": 1,
            "n_para": 2,
            "n_conn": 2
        },
        "functions": [
            "max",
            "min",
            "mean",
            "add",
            "subtract",
            "bitwise_not",
            "bitwise_or",
            "bitwise_and",
            "bitwise_and_mask",
            "bitwise_xor",
            "sqrt",
            "pow2",
            "exp",
            "log",
            "median_blur",
            "gaussian_blur",
            "laplacian",
            "sobel",
            "robert_cross",
            "canny",
            "sharpen",
            "gabor",
            "abs_diff",
            "abs_diff2",
            "fluo_tophat",
            "rel_diff",
            "erode",
            "dilate",
            "open",
            "close",
            "morph_gradient",
            "morph_tophat",
            "morph_blackhat",
            "fill_holes",
            "remove_small_objects",
            "remove_small_holes",
            "threshold",
            "threshold_at_1",
            "distance_transform",
            "distance_transform_and_thresh",
            "inrange_bin",
            "inrange"
        ],
        "endpoint": {
            "name": "Threshold (t=4)",
            "abbv": "TRSH",
            "arity": 1,
            "p": 0,
            "kwargs": {
                "threshold": 4
            }
        },
        "mode": "default"
    }
}