{
    "dataset": {
        "name": "CIL",
        "label_name": "neuron",
        "indices": [
            30,
            29,
            64,
            31,
            40,
            2,
            49,
            66,
            34,
            17
        ]
    },
    "individual": {
        "sequence": "[[0, 0, 0, 0, 0], [0, 0, 0, 0, 0], [15, 0, 0, 152, 143], [35, 0, 1, 253, 238], [6, 0, 3, 208, 17], [18, 1, 1, 13, 58], [25, 1, 1, 8, 236], [41, 1, 0, 36, 237], [23, 4, 5, 85, 44], [39, 7, 8, 63, 156], [1, 8, 9, 164, 40], [6, 4, 0, 220, 254], [20, 4, 3, 57, 78], [18, 7, 0, 236, 237], [11, 12, 7, 99, 67], [2, 14, 11, 242, 148], [21, 8, 4, 238, 110], [27, 7, 4, 45, 202], [16, 13, 11, 51, 36], [24, 17, 14, 200, 37], [3, 8, 2, 102, 178], [4, 10, 19, 89, 31], [0, 13, 9, 149, 93], [28, 7, 11, 2, 197], [37, 10, 17, 209, 203], [37, 3, 5, 12, 133], [7, 1, 18, 131, 248], [41, 22, 1, 139, 196], [27, 16, 6, 207, 63], [2, 21, 5, 69, 253], [31, 15, 15, 184, 25], [41, 26, 0, 11, 20], [0, 30, 0, 0, 0], [0, 23, 0, 0, 0]]",
        "fitness": {
            "fitness": 0.10905901193618775,
            "time": 0.039728331565856936
        }
    },
    "decoding": {
        "metadata": {
            "rows": 1,
            "columns": 30,
            "n_in": 2,
            "n_out": 2,
            "n_para": 2,
            "n_conn": 2
        },
        "functions": [
            "max",
            "min",
            "mean",
            "add",
            "subtract",
            "bitwise_not",
            "bitwise_or",
            "bitwise_and",
            "bitwise_and_mask",
            "bitwise_xor",
            "sqrt",
            "pow2",
            "exp",
            "log",
            "median_blur",
            "gaussian_blur",
            "laplacian",
            "sobel",
            "robert_cross",
            "canny",
            "sharpen",
            "gabor",
            "abs_diff",
            "abs_diff2",
            "fluo_tophat",
            "rel_diff",
            "erode",
            "dilate",
            "open",
            "close",
            "morph_gradient",
            "morph_tophat",
            "morph_blackhat",
            "fill_holes",
            "remove_small_objects",
            "remove_small_holes",
            "threshold",
            "threshold_at_1",
            "distance_transform",
            "distance_transform_and_thresh",
            "inrange_bin",
            "inrange"
        ],
        "endpoint": {
            "name": "W",
            "abbv": "WSHD",
            "arity": 2,
            "p": 0,
            "kwargs": {
                "use_dt": false,
                "markers_distance": 21,
                "markers_area": null
            }
        },
        "mode": "default"
    }
}