{
    "dataset": {
        "name": "CIL",
        "label_name": "neuron",
        "indices": [
            80,
            8,
            48,
            12,
            35,
            39
        ]
    },
    "individual": {
        "sequence": "[[0, 0, 0, 0, 0], [0, 0, 0, 0, 0], [24, 0, 0, 25, 251], [7, 0, 2, 163, 156], [16, 2, 1, 249, 114], [21, 4, 3, 27, 198], [11, 2, 3, 33, 245], [2, 5, 1, 30, 46], [33, 0, 5, 201, 185], [20, 7, 8, 179, 148], [4, 5, 0, 251, 85], [39, 3, 0, 27, 167], [8, 5, 5, 208, 215], [12, 12, 8, 163, 196], [4, 9, 12, 10, 14], [37, 2, 7, 33, 226], [39, 3, 11, 189, 209], [11, 9, 11, 157, 37], [10, 17, 10, 111, 58], [13, 8, 18, 189, 96], [33, 11, 15, 241, 108], [17, 3, 5, 208, 113], [39, 4, 5, 129, 108], [9, 18, 6, 25, 160], [0, 21, 13, 176, 45], [41, 16, 15, 17, 154], [8, 17, 13, 23, 84], [5, 15, 4, 245, 253], [20, 26, 0, 221, 56], [34, 26, 6, 7, 16], [36, 19, 5, 21, 119], [33, 9, 0, 153, 196], [0, 23, 0, 0, 0], [0, 29, 0, 0, 0]]",
        "fitness": {
            "fitness": 0.1393901507059733,
            "time": 0.08204058806101482
        }
    },
    "decoding": {
        "metadata": {
            "rows": 1,
            "columns": 30,
            "n_in": 2,
            "n_out": 2,
            "n_para": 2,
            "n_conn": 2
        },
        "functions": [
            "max",
            "min",
            "mean",
            "add",
            "subtract",
            "bitwise_not",
            "bitwise_or",
            "bitwise_and",
            "bitwise_and_mask",
            "bitwise_xor",
            "sqrt",
            "pow2",
            "exp",
            "log",
            "median_blur",
            "gaussian_blur",
            "laplacian",
            "sobel",
            "robert_cross",
            "canny",
            "sharpen",
            "gabor",
            "abs_diff",
            "abs_diff2",
            "fluo_tophat",
            "rel_diff",
            "erode",
            "dilate",
            "open",
            "close",
            "morph_gradient",
            "morph_tophat",
            "morph_blackhat",
            "fill_holes",
            "remove_small_objects",
            "remove_small_holes",
            "threshold",
            "threshold_at_1",
            "distance_transform",
            "distance_transform_and_thresh",
            "inrange_bin",
            "inrange"
        ],
        "endpoint": {
            "name": "W",
            "abbv": "WSHD",
            "arity": 2,
            "p": 0,
            "kwargs": {
                "use_dt": false,
                "markers_distance": 21,
                "markers_area": null
            }
        },
        "mode": "default"
    }
}