{
    "dataset": {
        "name": "CIL",
        "label_name": "neuron",
        "indices": [
            59,
            24,
            45,
            42,
            41,
            80,
            82,
            65,
            61,
            73
        ]
    },
    "individual": {
        "sequence": "[[0, 0, 0, 0, 0], [0, 0, 0, 0, 0], [41, 1, 0, 30, 189], [3, 0, 0, 132, 103], [34, 2, 2, 10, 49], [23, 3, 3, 76, 57], [16, 4, 2, 170, 219], [2, 3, 4, 90, 207], [11, 3, 5, 145, 237], [21, 0, 0, 89, 139], [9, 5, 6, 89, 98], [0, 4, 4, 161, 145], [21, 0, 10, 129, 138], [3, 9, 5, 3, 227], [24, 9, 0, 228, 142], [35, 9, 9, 125, 66], [9, 12, 12, 229, 254], [12, 11, 13, 49, 200], [26, 6, 6, 188, 188], [18, 15, 7, 121, 252], [12, 0, 2, 179, 8], [40, 3, 6, 137, 93], [6, 2, 16, 247, 75], [1, 20, 19, 247, 96], [31, 8, 15, 228, 196], [24, 18, 11, 24, 45], [10, 6, 13, 198, 147], [32, 20, 12, 149, 110], [30, 8, 12, 53, 248], [8, 17, 21, 17, 105], [40, 28, 26, 215, 18], [27, 30, 15, 190, 150], [0, 24, 0, 0, 0], [0, 4, 0, 0, 0]]",
        "fitness": {
            "fitness": 0.17111871838569642,
            "time": 0.02590494155883789
        }
    },
    "decoding": {
        "metadata": {
            "rows": 1,
            "columns": 30,
            "n_in": 2,
            "n_out": 2,
            "n_para": 2,
            "n_conn": 2
        },
        "functions": [
            "max",
            "min",
            "mean",
            "add",
            "subtract",
            "bitwise_not",
            "bitwise_or",
            "bitwise_and",
            "bitwise_and_mask",
            "bitwise_xor",
            "sqrt",
            "pow2",
            "exp",
            "log",
            "median_blur",
            "gaussian_blur",
            "laplacian",
            "sobel",
            "robert_cross",
            "canny",
            "sharpen",
            "gabor",
            "abs_diff",
            "abs_diff2",
            "fluo_tophat",
            "rel_diff",
            "erode",
            "dilate",
            "open",
            "close",
            "morph_gradient",
            "morph_tophat",
            "morph_blackhat",
            "fill_holes",
            "remove_small_objects",
            "remove_small_holes",
            "threshold",
            "threshold_at_1",
            "distance_transform",
            "distance_transform_and_thresh",
            "inrange_bin",
            "inrange"
        ],
        "endpoint": {
            "name": "W",
            "abbv": "WSHD",
            "arity": 2,
            "p": 0,
            "kwargs": {
                "use_dt": false,
                "markers_distance": 21,
                "markers_area": null
            }
        },
        "mode": "default"
    }
}