{
    "dataset": {
        "name": "Tumor",
        "label_name": "tumor",
        "indices": null
    },
    "individual": {
        "sequence": "[[0, 0, 0, 0, 0], [0, 0, 0, 0, 0], [0, 0, 0, 0, 0], [30, 2, 0, 111, 254], [15, 1, 1, 107, 150], [4, 2, 4, 12, 125], [1, 3, 0, 190, 156], [12, 6, 0, 131, 74], [33, 3, 2, 242, 247], [38, 5, 3, 50, 18], [15, 6, 4, 192, 27], [12, 10, 1, 191, 142], [24, 1, 4, 144, 200], [3, 11, 5, 252, 33], [29, 13, 6, 59, 252], [7, 2, 12, 186, 198], [26, 7, 4, 167, 220], [38, 4, 14, 233, 238], [40, 14, 15, 181, 196], [16, 8, 14, 2, 21], [17, 14, 10, 80, 211], [23, 7, 18, 83, 31], [16, 1, 6, 12, 131], [12, 14, 4, 235, 236], [32, 0, 22, 151, 86], [5, 14, 4, 206, 72], [7, 8, 21, 55, 82], [36, 0, 9, 128, 63], [35, 1, 17, 196, 139], [38, 14, 20, 180, 51], [36, 10, 8, 168, 101], [23, 23, 17, 114, 222], [0, 31, 3, 176, 160], [0, 25, 0, 0, 0]]",
        "fitness": {
            "fitness": 0.12491799874118008,
            "time": 0.015162805716196695
        }
    },
    "decoding": {
        "metadata": {
            "rows": 1,
            "columns": 30,
            "n_in": 3,
            "n_out": 1,
            "n_para": 2,
            "n_conn": 2
        },
        "functions": [
            "max",
            "min",
            "mean",
            "add",
            "subtract",
            "bitwise_not",
            "bitwise_or",
            "bitwise_and",
            "bitwise_and_mask",
            "bitwise_xor",
            "sqrt",
            "pow2",
            "exp",
            "log",
            "median_blur",
            "gaussian_blur",
            "laplacian",
            "sobel",
            "robert_cross",
            "canny",
            "sharpen",
            "gabor",
            "abs_diff",
            "abs_diff2",
            "fluo_tophat",
            "rel_diff",
            "erode",
            "dilate",
            "open",
            "close",
            "morph_gradient",
            "morph_tophat",
            "morph_blackhat",
            "fill_holes",
            "remove_small_objects",
            "remove_small_holes",
            "threshold",
            "threshold_at_1",
            "distance_transform",
            "distance_transform_and_thresh",
            "inrange_bin",
            "inrange"
        ],
        "endpoint": {
            "name": "Threshold (t=4)",
            "abbv": "TRSH",
            "arity": 1,
            "p": 0,
            "kwargs": {
                "threshold": 4
            }
        },
        "mode": "default"
    }
}