{
    "dataset": {
        "name": "CIL",
        "label_name": "neuron",
        "indices": [
            82,
            22,
            50,
            8,
            70,
            81,
            23,
            53,
            61,
            37,
            54,
            74,
            39,
            12,
            35,
            15,
            16,
            79,
            71,
            19,
            76,
            24,
            73,
            65,
            84
        ]
    },
    "individual": {
        "sequence": "[[0, 0, 0, 0, 0], [0, 0, 0, 0, 0], [11, 0, 1, 109, 83], [40, 1, 2, 52, 227], [28, 0, 3, 44, 145], [10, 2, 0, 238, 253], [16, 5, 2, 221, 246], [21, 3, 4, 76, 230], [13, 6, 5, 135, 170], [19, 8, 6, 115, 71], [4, 0, 9, 78, 43], [19, 8, 1, 212, 136], [20, 1, 10, 33, 206], [17, 12, 1, 97, 254], [36, 2, 4, 97, 163], [38, 9, 14, 154, 145], [1, 3, 8, 85, 98], [18, 8, 6, 198, 228], [17, 16, 4, 206, 88], [2, 7, 18, 238, 244], [26, 16, 4, 181, 216], [33, 5, 11, 35, 152], [17, 19, 17, 47, 29], [6, 7, 5, 149, 25], [14, 18, 19, 175, 83], [10, 17, 15, 217, 195], [34, 12, 16, 148, 94], [0, 17, 23, 32, 178], [13, 22, 0, 169, 28], [14, 3, 26, 32, 22], [18, 15, 9, 243, 131], [23, 5, 3, 110, 135], [0, 27, 0, 0, 0], [0, 29, 0, 0, 0]]",
        "fitness": {
            "fitness": 0.1880401611328125,
            "time": 0.04449568748474121
        }
    },
    "decoding": {
        "metadata": {
            "rows": 1,
            "columns": 30,
            "n_in": 2,
            "n_out": 2,
            "n_para": 2,
            "n_conn": 2
        },
        "functions": [
            "max",
            "min",
            "mean",
            "add",
            "subtract",
            "bitwise_not",
            "bitwise_or",
            "bitwise_and",
            "bitwise_and_mask",
            "bitwise_xor",
            "sqrt",
            "pow2",
            "exp",
            "log",
            "median_blur",
            "gaussian_blur",
            "laplacian",
            "sobel",
            "robert_cross",
            "canny",
            "sharpen",
            "gabor",
            "abs_diff",
            "abs_diff2",
            "fluo_tophat",
            "rel_diff",
            "erode",
            "dilate",
            "open",
            "close",
            "morph_gradient",
            "morph_tophat",
            "morph_blackhat",
            "fill_holes",
            "remove_small_objects",
            "remove_small_holes",
            "threshold",
            "threshold_at_1",
            "distance_transform",
            "distance_transform_and_thresh",
            "inrange_bin",
            "inrange"
        ],
        "endpoint": {
            "name": "W",
            "abbv": "WSHD",
            "arity": 2,
            "p": 0,
            "kwargs": {
                "use_dt": false,
                "markers_distance": 21,
                "markers_area": null
            }
        },
        "mode": "default"
    }
}