{
    "dataset": {
        "name": "Tumor",
        "label_name": "tumor",
        "indices": null
    },
    "individual": {
        "sequence": "[[0, 0, 0, 0, 0], [0, 0, 0, 0, 0], [0, 0, 0, 0, 0], [19, 0, 1, 251, 225], [12, 0, 2, 224, 11], [12, 4, 1, 251, 95], [2, 0, 2, 37, 92], [15, 1, 2, 51, 140], [37, 7, 3, 67, 175], [4, 7, 5, 135, 89], [11, 5, 7, 201, 27], [29, 9, 1, 162, 53], [33, 9, 2, 181, 172], [0, 11, 12, 97, 132], [4, 2, 4, 146, 218], [36, 13, 1, 113, 14], [31, 13, 4, 202, 54], [10, 11, 8, 24, 93], [41, 14, 17, 106, 139], [28, 13, 0, 2, 21], [39, 7, 3, 228, 253], [17, 6, 15, 229, 9], [33, 17, 19, 197, 132], [41, 20, 18, 66, 159], [6, 4, 12, 204, 102], [4, 8, 14, 232, 15], [7, 7, 22, 131, 22], [36, 20, 20, 252, 212], [34, 6, 5, 250, 229], [17, 0, 12, 173, 117], [34, 21, 12, 73, 185], [7, 6, 8, 28, 136], [6, 5, 13, 193, 17], [0, 26, 0, 0, 0]]",
        "fitness": {
            "fitness": 0.12298005869654356,
            "time": 0.02560281753540039
        }
    },
    "decoding": {
        "metadata": {
            "rows": 1,
            "columns": 30,
            "n_in": 3,
            "n_out": 1,
            "n_para": 2,
            "n_conn": 2
        },
        "functions": [
            "max",
            "min",
            "mean",
            "add",
            "subtract",
            "bitwise_not",
            "bitwise_or",
            "bitwise_and",
            "bitwise_and_mask",
            "bitwise_xor",
            "sqrt",
            "pow2",
            "exp",
            "log",
            "median_blur",
            "gaussian_blur",
            "laplacian",
            "sobel",
            "robert_cross",
            "canny",
            "sharpen",
            "gabor",
            "abs_diff",
            "abs_diff2",
            "fluo_tophat",
            "rel_diff",
            "erode",
            "dilate",
            "open",
            "close",
            "morph_gradient",
            "morph_tophat",
            "morph_blackhat",
            "fill_holes",
            "remove_small_objects",
            "remove_small_holes",
            "threshold",
            "threshold_at_1",
            "distance_transform",
            "distance_transform_and_thresh",
            "inrange_bin",
            "inrange"
        ],
        "endpoint": {
            "name": "Threshold (t=4)",
            "abbv": "TRSH",
            "arity": 1,
            "p": 0,
            "kwargs": {
                "threshold": 4
            }
        },
        "mode": "default"
    }
}