{
    "dataset": {
        "name": "CIL",
        "label_name": "neuron",
        "indices": [
            70,
            82,
            55,
            12,
            74,
            54,
            29,
            41,
            44,
            6
        ]
    },
    "individual": {
        "sequence": "[[0, 0, 0, 0, 0], [0, 0, 0, 0, 0], [10, 0, 1, 239, 28], [41, 0, 0, 9, 216], [24, 3, 3, 106, 243], [4, 1, 0, 213, 218], [4, 2, 0, 178, 206], [19, 2, 0, 102, 61], [2, 7, 6, 6, 39], [25, 4, 0, 156, 55], [27, 1, 1, 184, 33], [17, 4, 8, 77, 99], [28, 2, 1, 211, 170], [13, 12, 8, 163, 146], [10, 12, 13, 204, 238], [24, 14, 0, 101, 233], [24, 3, 8, 88, 147], [30, 14, 9, 255, 130], [19, 0, 13, 58, 5], [17, 0, 2, 103, 54], [2, 3, 17, 5, 218], [29, 20, 14, 222, 36], [6, 16, 18, 149, 92], [40, 13, 7, 143, 165], [41, 11, 16, 18, 168], [28, 7, 4, 122, 181], [3, 9, 25, 255, 118], [41, 1, 9, 160, 50], [41, 4, 7, 187, 103], [13, 17, 21, 184, 125], [29, 19, 22, 59, 8], [10, 19, 16, 80, 173], [0, 22, 0, 0, 0], [0, 27, 0, 0, 0]]",
        "fitness": {
            "fitness": 0.16573505997657775,
            "time": 0.04794423580169678
        }
    },
    "decoding": {
        "metadata": {
            "rows": 1,
            "columns": 30,
            "n_in": 2,
            "n_out": 2,
            "n_para": 2,
            "n_conn": 2
        },
        "functions": [
            "max",
            "min",
            "mean",
            "add",
            "subtract",
            "bitwise_not",
            "bitwise_or",
            "bitwise_and",
            "bitwise_and_mask",
            "bitwise_xor",
            "sqrt",
            "pow2",
            "exp",
            "log",
            "median_blur",
            "gaussian_blur",
            "laplacian",
            "sobel",
            "robert_cross",
            "canny",
            "sharpen",
            "gabor",
            "abs_diff",
            "abs_diff2",
            "fluo_tophat",
            "rel_diff",
            "erode",
            "dilate",
            "open",
            "close",
            "morph_gradient",
            "morph_tophat",
            "morph_blackhat",
            "fill_holes",
            "remove_small_objects",
            "remove_small_holes",
            "threshold",
            "threshold_at_1",
            "distance_transform",
            "distance_transform_and_thresh",
            "inrange_bin",
            "inrange"
        ],
        "endpoint": {
            "name": "W",
            "abbv": "WSHD",
            "arity": 2,
            "p": 0,
            "kwargs": {
                "use_dt": false,
                "markers_distance": 21,
                "markers_area": null
            }
        },
        "mode": "default"
    }
}