{
    "dataset": {
        "name": "CIL",
        "label_name": "neuron",
        "indices": [
            6,
            12,
            43,
            0,
            49,
            15,
            14,
            87,
            79,
            32,
            57,
            31,
            46,
            33,
            35,
            40,
            19,
            69,
            34,
            41,
            84,
            42,
            4,
            48,
            25,
            10,
            78,
            26,
            70,
            56,
            83,
            23,
            36,
            68,
            47,
            30,
            51,
            44,
            81,
            20,
            7,
            76,
            55,
            88,
            60,
            37,
            50,
            9,
            66,
            59,
            86,
            18,
            82,
            75,
            8,
            1,
            5,
            67,
            73,
            63,
            77,
            28,
            74,
            64,
            17,
            65,
            27,
            61,
            58,
            72
        ]
    },
    "individual": {
        "sequence": "[[0, 0, 0, 0, 0], [0, 0, 0, 0, 0], [22, 0, 0, 4, 47], [4, 1, 2, 40, 86], [37, 3, 2, 28, 32], [0, 0, 4, 214, 128], [24, 5, 0, 213, 176], [34, 3, 6, 14, 93], [1, 4, 0, 248, 251], [27, 8, 4, 114, 247], [35, 5, 7, 176, 122], [20, 0, 10, 10, 234], [13, 6, 4, 212, 251], [13, 8, 6, 113, 26], [12, 8, 6, 191, 229], [20, 4, 1, 173, 144], [6, 13, 12, 254, 231], [41, 10, 6, 214, 232], [30, 3, 0, 177, 248], [31, 6, 15, 74, 108], [28, 12, 11, 9, 243], [28, 5, 18, 124, 14], [37, 12, 20, 182, 173], [32, 3, 6, 244, 64], [35, 12, 11, 43, 31], [28, 23, 10, 76, 97], [15, 9, 3, 209, 9], [8, 1, 21, 38, 53], [32, 22, 6, 84, 210], [14, 20, 1, 10, 145], [24, 22, 2, 177, 197], [18, 28, 27, 210, 224], [0, 22, 0, 0, 0], [0, 7, 0, 0, 0]]",
        "fitness": {
            "fitness": 0.15691605295453753,
            "time": 0.05062683991023472
        }
    },
    "decoding": {
        "metadata": {
            "rows": 1,
            "columns": 30,
            "n_in": 2,
            "n_out": 2,
            "n_para": 2,
            "n_conn": 2
        },
        "functions": [
            "max",
            "min",
            "mean",
            "add",
            "subtract",
            "bitwise_not",
            "bitwise_or",
            "bitwise_and",
            "bitwise_and_mask",
            "bitwise_xor",
            "sqrt",
            "pow2",
            "exp",
            "log",
            "median_blur",
            "gaussian_blur",
            "laplacian",
            "sobel",
            "robert_cross",
            "canny",
            "sharpen",
            "gabor",
            "abs_diff",
            "abs_diff2",
            "fluo_tophat",
            "rel_diff",
            "erode",
            "dilate",
            "open",
            "close",
            "morph_gradient",
            "morph_tophat",
            "morph_blackhat",
            "fill_holes",
            "remove_small_objects",
            "remove_small_holes",
            "threshold",
            "threshold_at_1",
            "distance_transform",
            "distance_transform_and_thresh",
            "inrange_bin",
            "inrange"
        ],
        "endpoint": {
            "name": "Marker-Based Watershed",
            "abbv": "WSHD",
            "arity": 2,
            "args": 0,
            "kwargs": {
                "use_dt": false,
                "markers_distance": 21,
                "markers_area": null
            }
        },
        "mode": "default"
    }
}