{
    "dataset": {
        "name": "CIL",
        "label_name": "neuron",
        "indices": [
            78,
            42,
            38,
            51,
            86,
            5,
            88,
            16,
            30,
            74,
            35
        ]
    },
    "individual": {
        "sequence": "[[0, 0, 0, 0, 0], [0, 0, 0, 0, 0], [32, 1, 1, 86, 218], [16, 2, 2, 105, 219], [41, 0, 0, 11, 254], [12, 1, 2, 97, 71], [34, 2, 2, 55, 217], [40, 1, 2, 144, 38], [25, 4, 2, 83, 244], [34, 7, 5, 19, 184], [13, 4, 3, 105, 46], [12, 1, 8, 238, 41], [2, 5, 0, 45, 54], [33, 7, 11, 112, 240], [11, 3, 6, 37, 8], [41, 5, 11, 146, 73], [22, 2, 11, 182, 169], [16, 9, 16, 184, 234], [32, 2, 9, 9, 224], [8, 4, 13, 5, 107], [16, 2, 19, 141, 236], [15, 7, 9, 62, 157], [4, 10, 17, 145, 150], [7, 0, 16, 2, 87], [31, 17, 5, 94, 107], [2, 5, 4, 187, 44], [38, 13, 4, 251, 219], [21, 7, 8, 201, 44], [34, 15, 10, 89, 217], [15, 6, 18, 207, 116], [35, 10, 26, 160, 216], [15, 11, 14, 48, 245], [0, 10, 0, 0, 0], [0, 9, 0, 0, 0]]",
        "fitness": {
            "fitness": 0.13405115496028552,
            "time": 0.03056014667857777
        }
    },
    "decoding": {
        "metadata": {
            "rows": 1,
            "columns": 30,
            "n_in": 2,
            "n_out": 2,
            "n_para": 2,
            "n_conn": 2
        },
        "functions": [
            "max",
            "min",
            "mean",
            "add",
            "subtract",
            "bitwise_not",
            "bitwise_or",
            "bitwise_and",
            "bitwise_and_mask",
            "bitwise_xor",
            "sqrt",
            "pow2",
            "exp",
            "log",
            "median_blur",
            "gaussian_blur",
            "laplacian",
            "sobel",
            "robert_cross",
            "canny",
            "sharpen",
            "gabor",
            "abs_diff",
            "abs_diff2",
            "fluo_tophat",
            "rel_diff",
            "erode",
            "dilate",
            "open",
            "close",
            "morph_gradient",
            "morph_tophat",
            "morph_blackhat",
            "fill_holes",
            "remove_small_objects",
            "remove_small_holes",
            "threshold",
            "threshold_at_1",
            "distance_transform",
            "distance_transform_and_thresh",
            "inrange_bin",
            "inrange"
        ],
        "endpoint": {
            "name": "Marker-Based Watershed",
            "abbv": "WSHD",
            "arity": 2,
            "p": 0,
            "kwargs": {
                "use_dt": false,
                "markers_distance": 21,
                "markers_area": null
            }
        },
        "mode": "default"
    }
}