{
    "dataset": {
        "name": "Melanoma",
        "label_name": "melanoma",
        "indices": null
    },
    "individual": {
        "sequence": "[[0, 0, 0, 0, 0], [0, 0, 0, 0, 0], [0, 0, 0, 0, 0], [6, 1, 0, 123, 162], [0, 2, 2, 164, 226], [8, 2, 3, 208, 46], [9, 5, 2, 159, 230], [39, 5, 2, 193, 52], [10, 3, 1, 4, 159], [28, 6, 2, 105, 21], [28, 9, 0, 38, 84], [20, 10, 2, 239, 224], [20, 5, 2, 158, 57], [40, 11, 8, 155, 26], [5, 7, 4, 27, 11], [10, 10, 14, 187, 162], [32, 2, 13, 107, 185], [39, 14, 2, 163, 102], [31, 0, 12, 237, 183], [23, 17, 11, 72, 64], [10, 13, 18, 116, 85], [14, 13, 9, 127, 188], [6, 1, 2, 172, 185], [34, 14, 15, 110, 238], [7, 4, 19, 27, 214], [8, 14, 13, 64, 139], [10, 15, 4, 18, 160], [13, 8, 11, 119, 235], [34, 13, 11, 244, 226], [8, 7, 7, 253, 109], [6, 25, 8, 90, 211], [30, 3, 9, 218, 186], [29, 28, 14, 169, 32], [0, 28, 0, 0, 0]]",
        "fitness": {
            "fitness": 0.22478461265563965,
            "time": 0.0035471518834431968
        }
    },
    "decoding": {
        "metadata": {
            "rows": 1,
            "columns": 30,
            "n_in": 3,
            "n_out": 1,
            "n_para": 2,
            "n_conn": 2
        },
        "functions": [
            "max",
            "min",
            "mean",
            "add",
            "subtract",
            "bitwise_not",
            "bitwise_or",
            "bitwise_and",
            "bitwise_and_mask",
            "bitwise_xor",
            "sqrt",
            "pow2",
            "exp",
            "log",
            "median_blur",
            "gaussian_blur",
            "laplacian",
            "sobel",
            "robert_cross",
            "canny",
            "sharpen",
            "gabor",
            "abs_diff",
            "abs_diff2",
            "fluo_tophat",
            "rel_diff",
            "erode",
            "dilate",
            "open",
            "close",
            "morph_gradient",
            "morph_tophat",
            "morph_blackhat",
            "fill_holes",
            "remove_small_objects",
            "remove_small_holes",
            "threshold",
            "threshold_at_1",
            "distance_transform",
            "distance_transform_and_thresh",
            "inrange_bin",
            "inrange"
        ],
        "endpoint": {
            "name": "Labels",
            "abbv": "LABELS",
            "arity": 1,
            "args": 0,
            "kwargs": {
                "connectivity": 4
            }
        },
        "mode": "default"
    }
}