{
    "dataset": {
        "name": "CIL",
        "label_name": "neuron",
        "indices": [
            9,
            33,
            70,
            20,
            52
        ]
    },
    "individual": {
        "sequence": "[[0, 0, 0, 0, 0], [0, 0, 0, 0, 0], [11, 0, 0, 233, 25], [10, 2, 0, 75, 12], [7, 0, 1, 163, 222], [8, 0, 1, 55, 210], [5, 0, 3, 245, 3], [26, 3, 5, 12, 148], [28, 1, 6, 0, 233], [22, 6, 8, 204, 232], [7, 2, 3, 185, 178], [11, 8, 2, 237, 129], [40, 8, 8, 39, 131], [37, 11, 12, 163, 114], [17, 0, 7, 203, 199], [25, 2, 14, 102, 181], [3, 0, 7, 220, 233], [35, 11, 2, 119, 249], [41, 7, 10, 21, 207], [24, 3, 8, 127, 44], [28, 13, 2, 67, 127], [29, 10, 11, 132, 164], [4, 2, 9, 172, 23], [24, 14, 0, 221, 57], [38, 20, 8, 180, 79], [10, 22, 0, 221, 24], [0, 24, 15, 249, 39], [7, 11, 1, 1, 18], [3, 2, 26, 226, 100], [32, 23, 1, 209, 87], [15, 28, 7, 18, 0], [15, 15, 6, 143, 184], [0, 30, 0, 0, 0], [0, 12, 0, 0, 0]]",
        "fitness": {
            "fitness": 0.12510830163955688,
            "time": 0.09619417190551757
        }
    },
    "decoding": {
        "metadata": {
            "rows": 1,
            "columns": 30,
            "n_in": 2,
            "n_out": 2,
            "n_para": 2,
            "n_conn": 2
        },
        "functions": [
            "max",
            "min",
            "mean",
            "add",
            "subtract",
            "bitwise_not",
            "bitwise_or",
            "bitwise_and",
            "bitwise_and_mask",
            "bitwise_xor",
            "sqrt",
            "pow2",
            "exp",
            "log",
            "median_blur",
            "gaussian_blur",
            "laplacian",
            "sobel",
            "robert_cross",
            "canny",
            "sharpen",
            "gabor",
            "abs_diff",
            "abs_diff2",
            "fluo_tophat",
            "rel_diff",
            "erode",
            "dilate",
            "open",
            "close",
            "morph_gradient",
            "morph_tophat",
            "morph_blackhat",
            "fill_holes",
            "remove_small_objects",
            "remove_small_holes",
            "threshold",
            "threshold_at_1",
            "distance_transform",
            "distance_transform_and_thresh",
            "inrange_bin",
            "inrange"
        ],
        "endpoint": {
            "name": "W",
            "abbv": "WSHD",
            "arity": 2,
            "p": 0,
            "kwargs": {
                "use_dt": false,
                "markers_distance": 21,
                "markers_area": null
            }
        },
        "mode": "default"
    }
}