{
    "dataset": {
        "name": "CIL",
        "label_name": "neuron",
        "indices": [
            49,
            5,
            76,
            2
        ]
    },
    "individual": {
        "sequence": "[[0, 0, 0, 0, 0], [0, 0, 0, 0, 0], [19, 1, 0, 22, 131], [18, 2, 0, 166, 10], [40, 0, 3, 138, 245], [27, 2, 1, 20, 91], [11, 0, 5, 105, 143], [35, 3, 4, 213, 229], [13, 6, 0, 62, 153], [29, 7, 4, 212, 239], [3, 6, 9, 76, 67], [25, 0, 3, 253, 193], [28, 11, 5, 139, 125], [10, 5, 4, 191, 191], [17, 12, 1, 141, 67], [16, 14, 14, 47, 229], [13, 9, 6, 87, 110], [12, 11, 12, 2, 112], [2, 3, 13, 149, 4], [19, 14, 16, 203, 44], [33, 13, 16, 254, 100], [24, 1, 9, 171, 103], [16, 20, 3, 173, 37], [34, 9, 5, 252, 242], [26, 15, 5, 138, 222], [28, 19, 1, 164, 220], [23, 18, 4, 215, 138], [6, 16, 8, 70, 184], [21, 1, 5, 162, 202], [38, 9, 4, 19, 199], [39, 29, 13, 118, 35], [35, 15, 30, 142, 228], [0, 10, 0, 0, 0], [0, 7, 0, 0, 0]]",
        "fitness": {
            "fitness": 0.09578755497932434,
            "time": 0.04041445255279541
        }
    },
    "decoding": {
        "metadata": {
            "rows": 1,
            "columns": 30,
            "n_in": 2,
            "n_out": 2,
            "n_para": 2,
            "n_conn": 2
        },
        "functions": [
            "max",
            "min",
            "mean",
            "add",
            "subtract",
            "bitwise_not",
            "bitwise_or",
            "bitwise_and",
            "bitwise_and_mask",
            "bitwise_xor",
            "sqrt",
            "pow2",
            "exp",
            "log",
            "median_blur",
            "gaussian_blur",
            "laplacian",
            "sobel",
            "robert_cross",
            "canny",
            "sharpen",
            "gabor",
            "abs_diff",
            "abs_diff2",
            "fluo_tophat",
            "rel_diff",
            "erode",
            "dilate",
            "open",
            "close",
            "morph_gradient",
            "morph_tophat",
            "morph_blackhat",
            "fill_holes",
            "remove_small_objects",
            "remove_small_holes",
            "threshold",
            "threshold_at_1",
            "distance_transform",
            "distance_transform_and_thresh",
            "inrange_bin",
            "inrange"
        ],
        "endpoint": {
            "name": "W",
            "abbv": "WSHD",
            "arity": 2,
            "p": 0,
            "kwargs": {
                "use_dt": false,
                "markers_distance": 21,
                "markers_area": null
            }
        },
        "mode": "default"
    }
}