{
    "dataset": {
        "name": "Tumor",
        "label_name": "tumor",
        "indices": null
    },
    "individual": {
        "sequence": "[[0, 0, 0, 0, 0], [0, 0, 0, 0, 0], [0, 0, 0, 0, 0], [17, 0, 1, 226, 127], [20, 0, 0, 59, 47], [20, 1, 0, 126, 3], [24, 5, 4, 235, 113], [31, 0, 3, 53, 64], [41, 6, 6, 218, 26], [34, 5, 6, 131, 120], [7, 2, 8, 114, 24], [4, 8, 4, 247, 247], [0, 4, 3, 64, 215], [1, 6, 5, 133, 24], [30, 11, 9, 20, 9], [32, 1, 12, 255, 111], [4, 0, 10, 193, 203], [2, 10, 5, 42, 5], [28, 13, 17, 107, 39], [3, 15, 17, 51, 124], [33, 14, 7, 225, 135], [13, 14, 3, 104, 60], [15, 18, 4, 32, 84], [18, 20, 17, 99, 90], [19, 8, 11, 191, 69], [27, 9, 14, 219, 248], [33, 21, 1, 126, 64], [19, 6, 25, 27, 183], [15, 11, 1, 104, 28], [34, 27, 8, 60, 202], [19, 26, 28, 17, 212], [32, 6, 24, 11, 52], [14, 26, 2, 130, 225], [0, 32, 0, 0, 0]]",
        "fitness": {
            "fitness": 0.11225115172280598,
            "time": 0.32567159334818524
        }
    },
    "decoding": {
        "metadata": {
            "rows": 1,
            "columns": 30,
            "n_in": 3,
            "n_out": 1,
            "n_para": 2,
            "n_conn": 2
        },
        "functions": [
            "max",
            "min",
            "mean",
            "add",
            "subtract",
            "bitwise_not",
            "bitwise_or",
            "bitwise_and",
            "bitwise_and_mask",
            "bitwise_xor",
            "sqrt",
            "pow2",
            "exp",
            "log",
            "median_blur",
            "gaussian_blur",
            "laplacian",
            "sobel",
            "robert_cross",
            "canny",
            "sharpen",
            "gabor",
            "abs_diff",
            "abs_diff2",
            "fluo_tophat",
            "rel_diff",
            "erode",
            "dilate",
            "open",
            "close",
            "morph_gradient",
            "morph_tophat",
            "morph_blackhat",
            "fill_holes",
            "remove_small_objects",
            "remove_small_holes",
            "threshold",
            "threshold_at_1",
            "distance_transform",
            "distance_transform_and_thresh",
            "inrange_bin",
            "inrange"
        ],
        "endpoint": {
            "name": "Threshold (t=4)",
            "abbv": "TRSH",
            "arity": 1,
            "p": 0,
            "kwargs": {
                "threshold": 4
            }
        },
        "mode": "default"
    }
}