{
    "dataset": {
        "name": "4-Synapses",
        "label_name": "cell",
        "indices": null
    },
    "individual": {
        "sequence": "[[0, 0, 0, 0, 0], [0, 0, 0, 0, 0], [34, 1, 0, 148, 68], [17, 0, 0, 114, 176], [14, 3, 3, 108, 13], [3, 0, 2, 38, 151], [14, 5, 5, 232, 101], [15, 1, 6, 75, 244], [2, 2, 1, 133, 33], [13, 0, 4, 94, 253], [0, 1, 7, 82, 171], [35, 1, 10, 156, 132], [19, 1, 9, 191, 229], [8, 12, 12, 158, 118], [12, 6, 2, 21, 89], [23, 12, 12, 206, 194], [5, 2, 7, 116, 248], [25, 2, 0, 37, 87], [6, 10, 12, 254, 182], [0, 8, 4, 55, 225], [15, 3, 7, 170, 32], [34, 3, 20, 0, 233], [39, 1, 11, 43, 102], [28, 17, 6, 234, 154], [23, 22, 12, 182, 68], [19, 18, 18, 237, 97], [8, 22, 24, 190, 120], [41, 12, 22, 142, 182], [22, 14, 26, 157, 228], [15, 15, 7, 57, 215], [26, 19, 5, 104, 16], [17, 29, 25, 127, 137], [0, 10, 0, 0, 0], [0, 30, 0, 0, 0]]",
        "fitness": {
            "fitness": 0.21354537457227707,
            "time": 0.2198059856891632
        }
    },
    "decoding": {
        "metadata": {
            "rows": 1,
            "columns": 30,
            "n_in": 2,
            "n_out": 2,
            "n_para": 2,
            "n_conn": 2
        },
        "functions": [
            "max",
            "min",
            "mean",
            "add",
            "subtract",
            "bitwise_not",
            "bitwise_or",
            "bitwise_and",
            "bitwise_and_mask",
            "bitwise_xor",
            "sqrt",
            "pow2",
            "exp",
            "log",
            "median_blur",
            "gaussian_blur",
            "laplacian",
            "sobel",
            "robert_cross",
            "canny",
            "sharpen",
            "gabor",
            "abs_diff",
            "abs_diff2",
            "fluo_tophat",
            "rel_diff",
            "erode",
            "dilate",
            "open",
            "close",
            "morph_gradient",
            "morph_tophat",
            "morph_blackhat",
            "fill_holes",
            "remove_small_objects",
            "remove_small_holes",
            "threshold",
            "threshold_at_1",
            "distance_transform",
            "distance_transform_and_thresh",
            "inrange_bin",
            "inrange"
        ],
        "endpoint": {
            "name": "Marker-Based Watershed",
            "abbv": "WSHD",
            "arity": 2,
            "p": 0,
            "kwargs": {
                "use_dt": false,
                "markers_distance": 21,
                "markers_area": null
            }
        },
        "mode": "series",
        "stacker": {
            "name": "mean_stacker",
            "abbv": "MEAN",
            "arity": 2,
            "p": 0,
            "kwargs": {}
        }
    }
}