{
    "dataset": {
        "name": "CIL",
        "label_name": "neuron",
        "indices": [
            67,
            87,
            50,
            68
        ]
    },
    "individual": {
        "sequence": "[[0, 0, 0, 0, 0], [0, 0, 0, 0, 0], [20, 0, 1, 2, 43], [16, 2, 2, 134, 8], [37, 3, 2, 9, 253], [32, 1, 2, 219, 29], [20, 1, 4, 243, 184], [6, 6, 3, 138, 13], [20, 1, 2, 111, 89], [4, 0, 0, 137, 137], [40, 0, 6, 10, 242], [12, 7, 4, 57, 71], [14, 8, 9, 11, 4], [27, 2, 9, 107, 103], [25, 3, 4, 190, 242], [31, 9, 11, 26, 13], [6, 5, 14, 250, 113], [41, 12, 15, 45, 225], [2, 3, 12, 215, 13], [17, 13, 12, 16, 58], [40, 9, 19, 181, 36], [34, 19, 19, 15, 16], [21, 21, 13, 181, 148], [1, 15, 11, 38, 87], [19, 18, 17, 115, 233], [4, 18, 9, 156, 133], [14, 13, 9, 74, 138], [18, 26, 4, 56, 25], [16, 0, 0, 85, 183], [6, 24, 24, 57, 139], [20, 13, 3, 51, 33], [12, 18, 3, 94, 252], [0, 10, 0, 0, 0], [0, 17, 0, 0, 0]]",
        "fitness": {
            "fitness": 0.08711640536785126,
            "time": 0.010779976844787598
        }
    },
    "decoding": {
        "metadata": {
            "rows": 1,
            "columns": 30,
            "n_in": 2,
            "n_out": 2,
            "n_para": 2,
            "n_conn": 2
        },
        "functions": [
            "max",
            "min",
            "mean",
            "add",
            "subtract",
            "bitwise_not",
            "bitwise_or",
            "bitwise_and",
            "bitwise_and_mask",
            "bitwise_xor",
            "sqrt",
            "pow2",
            "exp",
            "log",
            "median_blur",
            "gaussian_blur",
            "laplacian",
            "sobel",
            "robert_cross",
            "canny",
            "sharpen",
            "gabor",
            "abs_diff",
            "abs_diff2",
            "fluo_tophat",
            "rel_diff",
            "erode",
            "dilate",
            "open",
            "close",
            "morph_gradient",
            "morph_tophat",
            "morph_blackhat",
            "fill_holes",
            "remove_small_objects",
            "remove_small_holes",
            "threshold",
            "threshold_at_1",
            "distance_transform",
            "distance_transform_and_thresh",
            "inrange_bin",
            "inrange"
        ],
        "endpoint": {
            "name": "W",
            "abbv": "WSHD",
            "arity": 2,
            "p": 0,
            "kwargs": {
                "use_dt": false,
                "markers_distance": 21,
                "markers_area": null
            }
        },
        "mode": "default"
    }
}