{
    "dataset": {
        "name": "CIL",
        "label_name": "neuron",
        "indices": [
            16,
            64,
            57,
            88,
            31,
            44,
            79,
            47,
            76,
            22,
            17,
            42,
            32,
            74,
            35,
            56,
            65,
            37,
            80,
            67
        ]
    },
    "individual": {
        "sequence": "[[0, 0, 0, 0, 0], [0, 0, 0, 0, 0], [12, 0, 1, 59, 252], [13, 2, 1, 59, 140], [24, 2, 2, 21, 33], [20, 2, 1, 156, 183], [31, 1, 1, 140, 242], [24, 5, 1, 69, 239], [34, 5, 3, 176, 39], [11, 6, 6, 90, 27], [25, 0, 2, 208, 149], [39, 10, 6, 56, 59], [26, 9, 2, 104, 90], [8, 4, 8, 1, 172], [37, 3, 12, 225, 136], [13, 1, 8, 25, 62], [14, 12, 1, 143, 40], [3, 9, 16, 31, 140], [33, 9, 17, 47, 118], [21, 4, 13, 133, 31], [28, 9, 7, 57, 190], [23, 13, 10, 230, 146], [41, 5, 1, 209, 34], [4, 14, 22, 250, 250], [32, 1, 20, 40, 234], [31, 8, 7, 63, 81], [0, 23, 13, 18, 130], [7, 12, 4, 142, 217], [9, 14, 0, 1, 80], [4, 20, 14, 178, 236], [26, 24, 8, 81, 189], [9, 7, 9, 47, 177], [0, 14, 0, 0, 0], [0, 20, 0, 0, 0]]",
        "fitness": {
            "fitness": 0.15642910897731782,
            "time": 0.03093980550765991
        }
    },
    "decoding": {
        "metadata": {
            "rows": 1,
            "columns": 30,
            "n_in": 2,
            "n_out": 2,
            "n_para": 2,
            "n_conn": 2
        },
        "functions": [
            "max",
            "min",
            "mean",
            "add",
            "subtract",
            "bitwise_not",
            "bitwise_or",
            "bitwise_and",
            "bitwise_and_mask",
            "bitwise_xor",
            "sqrt",
            "pow2",
            "exp",
            "log",
            "median_blur",
            "gaussian_blur",
            "laplacian",
            "sobel",
            "robert_cross",
            "canny",
            "sharpen",
            "gabor",
            "abs_diff",
            "abs_diff2",
            "fluo_tophat",
            "rel_diff",
            "erode",
            "dilate",
            "open",
            "close",
            "morph_gradient",
            "morph_tophat",
            "morph_blackhat",
            "fill_holes",
            "remove_small_objects",
            "remove_small_holes",
            "threshold",
            "threshold_at_1",
            "distance_transform",
            "distance_transform_and_thresh",
            "inrange_bin",
            "inrange"
        ],
        "endpoint": {
            "name": "W",
            "abbv": "WSHD",
            "arity": 2,
            "p": 0,
            "kwargs": {
                "use_dt": false,
                "markers_distance": 21,
                "markers_area": null
            }
        },
        "mode": "default"
    }
}