{
    "dataset": {
        "name": "CIL",
        "label_name": "neuron",
        "indices": [
            52,
            59,
            31,
            6,
            80,
            84,
            4,
            78,
            42,
            45,
            61,
            83,
            63,
            21,
            73,
            3,
            37,
            64,
            67,
            56,
            33,
            88,
            20,
            48,
            23,
            34,
            46,
            11,
            47,
            35,
            30,
            32,
            51,
            53,
            22,
            57,
            27,
            86,
            50,
            41
        ]
    },
    "individual": {
        "sequence": "[[0, 0, 0, 0, 0], [0, 0, 0, 0, 0], [24, 0, 0, 15, 212], [13, 2, 0, 172, 118], [31, 1, 0, 214, 30], [9, 3, 1, 11, 72], [41, 2, 1, 225, 240], [26, 1, 6, 195, 96], [11, 4, 7, 126, 254], [34, 5, 2, 86, 217], [9, 9, 6, 98, 113], [14, 2, 9, 112, 41], [13, 8, 5, 178, 47], [6, 0, 11, 205, 205], [1, 5, 1, 95, 47], [30, 10, 2, 66, 58], [37, 14, 14, 73, 102], [2, 16, 16, 9, 252], [5, 6, 12, 152, 253], [3, 10, 5, 18, 45], [29, 4, 9, 197, 23], [39, 12, 8, 52, 247], [3, 15, 3, 5, 201], [37, 3, 20, 153, 201], [16, 21, 23, 113, 245], [39, 2, 20, 154, 234], [0, 12, 0, 195, 157], [3, 8, 5, 111, 80], [22, 12, 26, 129, 91], [9, 22, 28, 244, 129], [3, 26, 9, 189, 249], [33, 19, 7, 17, 73], [0, 23, 0, 0, 0], [0, 24, 0, 0, 0]]",
        "fitness": {
            "fitness": 0.14882177114486694,
            "time": 0.05443564057350159
        }
    },
    "decoding": {
        "metadata": {
            "rows": 1,
            "columns": 30,
            "n_in": 2,
            "n_out": 2,
            "n_para": 2,
            "n_conn": 2
        },
        "functions": [
            "max",
            "min",
            "mean",
            "add",
            "subtract",
            "bitwise_not",
            "bitwise_or",
            "bitwise_and",
            "bitwise_and_mask",
            "bitwise_xor",
            "sqrt",
            "pow2",
            "exp",
            "log",
            "median_blur",
            "gaussian_blur",
            "laplacian",
            "sobel",
            "robert_cross",
            "canny",
            "sharpen",
            "gabor",
            "abs_diff",
            "abs_diff2",
            "fluo_tophat",
            "rel_diff",
            "erode",
            "dilate",
            "open",
            "close",
            "morph_gradient",
            "morph_tophat",
            "morph_blackhat",
            "fill_holes",
            "remove_small_objects",
            "remove_small_holes",
            "threshold",
            "threshold_at_1",
            "distance_transform",
            "distance_transform_and_thresh",
            "inrange_bin",
            "inrange"
        ],
        "endpoint": {
            "name": "Marker-Based Watershed",
            "abbv": "WSHD",
            "arity": 2,
            "args": 0,
            "kwargs": {
                "use_dt": false,
                "markers_distance": 21,
                "markers_area": null
            }
        },
        "mode": "default"
    }
}