{
    "dataset": {
        "name": "Tumor",
        "label_name": "tumor",
        "indices": null
    },
    "individual": {
        "sequence": "[[0, 0, 0, 0, 0], [0, 0, 0, 0, 0], [0, 0, 0, 0, 0], [12, 0, 0, 236, 254], [24, 1, 3, 178, 142], [12, 3, 4, 120, 29], [13, 2, 3, 41, 30], [11, 5, 6, 219, 180], [4, 4, 7, 2, 239], [17, 6, 0, 137, 159], [25, 0, 2, 202, 50], [11, 8, 4, 16, 147], [20, 11, 10, 0, 102], [14, 9, 1, 208, 159], [14, 9, 1, 196, 163], [22, 13, 0, 100, 144], [17, 12, 4, 11, 48], [28, 10, 10, 136, 156], [19, 13, 8, 111, 223], [23, 2, 6, 19, 186], [7, 6, 6, 166, 76], [23, 3, 20, 118, 164], [14, 16, 17, 155, 201], [29, 1, 17, 92, 242], [4, 0, 8, 115, 140], [27, 1, 3, 237, 78], [36, 20, 9, 137, 237], [37, 4, 9, 86, 220], [22, 26, 14, 58, 235], [0, 7, 3, 227, 177], [27, 20, 13, 50, 74], [24, 14, 27, 109, 154], [7, 12, 12, 162, 140], [0, 22, 0, 0, 0]]",
        "fitness": {
            "fitness": 0.109467885156576,
            "time": 0.08065239588419597
        }
    },
    "decoding": {
        "metadata": {
            "rows": 1,
            "columns": 30,
            "n_in": 3,
            "n_out": 1,
            "n_para": 2,
            "n_conn": 2
        },
        "functions": [
            "max",
            "min",
            "mean",
            "add",
            "subtract",
            "bitwise_not",
            "bitwise_or",
            "bitwise_and",
            "bitwise_and_mask",
            "bitwise_xor",
            "sqrt",
            "pow2",
            "exp",
            "log",
            "median_blur",
            "gaussian_blur",
            "laplacian",
            "sobel",
            "robert_cross",
            "canny",
            "sharpen",
            "gabor",
            "abs_diff",
            "abs_diff2",
            "fluo_tophat",
            "rel_diff",
            "erode",
            "dilate",
            "open",
            "close",
            "morph_gradient",
            "morph_tophat",
            "morph_blackhat",
            "fill_holes",
            "remove_small_objects",
            "remove_small_holes",
            "threshold",
            "threshold_at_1",
            "distance_transform",
            "distance_transform_and_thresh",
            "inrange_bin",
            "inrange"
        ],
        "endpoint": {
            "name": "Threshold (t=4)",
            "abbv": "TRSH",
            "arity": 1,
            "p": 0,
            "kwargs": {
                "threshold": 4
            }
        },
        "mode": "default"
    }
}