{
    "dataset": {
        "name": "CIL",
        "label_name": "neuron",
        "indices": [
            72,
            32,
            13,
            88,
            61,
            84,
            80,
            68,
            60,
            11,
            71,
            65,
            18,
            67
        ]
    },
    "individual": {
        "sequence": "[[0, 0, 0, 0, 0], [0, 0, 0, 0, 0], [14, 1, 0, 71, 169], [28, 1, 0, 241, 224], [2, 1, 2, 113, 46], [41, 1, 4, 220, 45], [11, 0, 3, 71, 57], [31, 2, 4, 194, 99], [28, 0, 1, 49, 63], [15, 5, 8, 75, 241], [30, 5, 1, 199, 71], [36, 5, 8, 174, 161], [1, 2, 10, 183, 90], [3, 9, 6, 220, 157], [2, 13, 5, 108, 200], [38, 7, 12, 2, 2], [6, 9, 3, 80, 105], [28, 1, 2, 136, 115], [29, 16, 2, 30, 198], [15, 18, 5, 251, 1], [1, 10, 18, 160, 140], [34, 2, 13, 238, 159], [29, 19, 15, 120, 226], [9, 18, 11, 180, 36], [29, 23, 19, 132, 80], [10, 4, 22, 7, 137], [38, 9, 6, 192, 8], [23, 8, 13, 117, 13], [4, 9, 19, 230, 104], [8, 6, 25, 163, 246], [18, 10, 12, 83, 28], [22, 18, 9, 59, 222], [0, 13, 0, 0, 0], [0, 28, 0, 0, 0]]",
        "fitness": {
            "fitness": 0.13231865423066275,
            "time": 0.024620107242039273
        }
    },
    "decoding": {
        "metadata": {
            "rows": 1,
            "columns": 30,
            "n_in": 2,
            "n_out": 2,
            "n_para": 2,
            "n_conn": 2
        },
        "functions": [
            "max",
            "min",
            "mean",
            "add",
            "subtract",
            "bitwise_not",
            "bitwise_or",
            "bitwise_and",
            "bitwise_and_mask",
            "bitwise_xor",
            "sqrt",
            "pow2",
            "exp",
            "log",
            "median_blur",
            "gaussian_blur",
            "laplacian",
            "sobel",
            "robert_cross",
            "canny",
            "sharpen",
            "gabor",
            "abs_diff",
            "abs_diff2",
            "fluo_tophat",
            "rel_diff",
            "erode",
            "dilate",
            "open",
            "close",
            "morph_gradient",
            "morph_tophat",
            "morph_blackhat",
            "fill_holes",
            "remove_small_objects",
            "remove_small_holes",
            "threshold",
            "threshold_at_1",
            "distance_transform",
            "distance_transform_and_thresh",
            "inrange_bin",
            "inrange"
        ],
        "endpoint": {
            "name": "Marker-Based Watershed",
            "abbv": "WSHD",
            "arity": 2,
            "p": 0,
            "kwargs": {
                "use_dt": false,
                "markers_distance": 21,
                "markers_area": null
            }
        },
        "mode": "default"
    }
}