{
    "dataset": {
        "name": "CIL",
        "label_name": "neuron",
        "indices": [
            65,
            23,
            63,
            31,
            28,
            24,
            42,
            48,
            13,
            40,
            68,
            32,
            55,
            6,
            12,
            51,
            16,
            73,
            47,
            69,
            71,
            0,
            67,
            5,
            78,
            45,
            20,
            46,
            83,
            19,
            79,
            22,
            64,
            53,
            58,
            77,
            87,
            54,
            11,
            18
        ]
    },
    "individual": {
        "sequence": "[[0, 0, 0, 0, 0], [0, 0, 0, 0, 0], [24, 0, 1, 58, 254], [22, 1, 0, 174, 12], [15, 3, 2, 22, 249], [36, 3, 4, 175, 84], [23, 0, 5, 111, 2], [28, 1, 1, 234, 19], [0, 1, 3, 232, 242], [25, 5, 5, 133, 234], [11, 2, 1, 85, 28], [41, 8, 0, 163, 47], [29, 11, 2, 232, 184], [24, 2, 8, 144, 1], [5, 11, 11, 91, 253], [31, 8, 5, 160, 22], [6, 3, 13, 16, 46], [2, 0, 9, 86, 164], [15, 14, 9, 59, 186], [34, 11, 8, 10, 232], [36, 9, 7, 89, 179], [18, 18, 7, 39, 0], [0, 11, 7, 97, 126], [6, 10, 21, 69, 134], [17, 12, 1, 36, 78], [30, 3, 11, 64, 156], [20, 1, 16, 201, 117], [39, 23, 18, 78, 238], [29, 14, 16, 209, 145], [5, 0, 14, 99, 190], [11, 3, 11, 39, 56], [32, 23, 27, 77, 128], [0, 23, 0, 0, 0], [0, 19, 0, 0, 0]]",
        "fitness": {
            "fitness": 0.1314871296286583,
            "time": 0.048626041412353514
        }
    },
    "decoding": {
        "metadata": {
            "rows": 1,
            "columns": 30,
            "n_in": 2,
            "n_out": 2,
            "n_para": 2,
            "n_conn": 2
        },
        "functions": [
            "max",
            "min",
            "mean",
            "add",
            "subtract",
            "bitwise_not",
            "bitwise_or",
            "bitwise_and",
            "bitwise_and_mask",
            "bitwise_xor",
            "sqrt",
            "pow2",
            "exp",
            "log",
            "median_blur",
            "gaussian_blur",
            "laplacian",
            "sobel",
            "robert_cross",
            "canny",
            "sharpen",
            "gabor",
            "abs_diff",
            "abs_diff2",
            "fluo_tophat",
            "rel_diff",
            "erode",
            "dilate",
            "open",
            "close",
            "morph_gradient",
            "morph_tophat",
            "morph_blackhat",
            "fill_holes",
            "remove_small_objects",
            "remove_small_holes",
            "threshold",
            "threshold_at_1",
            "distance_transform",
            "distance_transform_and_thresh",
            "inrange_bin",
            "inrange"
        ],
        "endpoint": {
            "name": "Marker-Based Watershed",
            "abbv": "WSHD",
            "arity": 2,
            "args": 0,
            "kwargs": {
                "use_dt": false,
                "markers_distance": 21,
                "markers_area": null
            }
        },
        "mode": "default"
    }
}