{
    "dataset": {
        "name": "CIL",
        "label_name": "neuron",
        "indices": [
            85,
            16,
            56,
            36
        ]
    },
    "individual": {
        "sequence": "[[0, 0, 0, 0, 0], [0, 0, 0, 0, 0], [1, 1, 0, 123, 229], [19, 0, 2, 253, 229], [37, 0, 1, 217, 46], [2, 1, 2, 246, 135], [8, 1, 4, 118, 180], [3, 4, 5, 30, 33], [6, 4, 3, 185, 84], [13, 2, 5, 242, 164], [11, 7, 1, 102, 42], [30, 9, 8, 149, 9], [18, 0, 4, 37, 135], [37, 5, 8, 235, 57], [2, 1, 5, 140, 63], [11, 7, 8, 146, 173], [0, 0, 4, 69, 211], [15, 14, 6, 62, 65], [27, 17, 8, 172, 220], [25, 2, 6, 84, 126], [14, 6, 10, 227, 29], [32, 17, 2, 37, 197], [2, 1, 11, 97, 167], [11, 22, 1, 241, 30], [16, 19, 4, 28, 174], [10, 6, 23, 84, 224], [17, 6, 7, 91, 18], [7, 13, 4, 107, 236], [22, 5, 14, 126, 166], [26, 20, 17, 2, 92], [4, 12, 28, 161, 119], [15, 30, 2, 240, 35], [0, 15, 0, 0, 0], [0, 23, 0, 0, 0]]",
        "fitness": {
            "fitness": 0.10154922306537628,
            "time": 0.037491023540496826
        }
    },
    "decoding": {
        "metadata": {
            "rows": 1,
            "columns": 30,
            "n_in": 2,
            "n_out": 2,
            "n_para": 2,
            "n_conn": 2
        },
        "functions": [
            "max",
            "min",
            "mean",
            "add",
            "subtract",
            "bitwise_not",
            "bitwise_or",
            "bitwise_and",
            "bitwise_and_mask",
            "bitwise_xor",
            "sqrt",
            "pow2",
            "exp",
            "log",
            "median_blur",
            "gaussian_blur",
            "laplacian",
            "sobel",
            "robert_cross",
            "canny",
            "sharpen",
            "gabor",
            "abs_diff",
            "abs_diff2",
            "fluo_tophat",
            "rel_diff",
            "erode",
            "dilate",
            "open",
            "close",
            "morph_gradient",
            "morph_tophat",
            "morph_blackhat",
            "fill_holes",
            "remove_small_objects",
            "remove_small_holes",
            "threshold",
            "threshold_at_1",
            "distance_transform",
            "distance_transform_and_thresh",
            "inrange_bin",
            "inrange"
        ],
        "endpoint": {
            "name": "W",
            "abbv": "WSHD",
            "arity": 2,
            "p": 0,
            "kwargs": {
                "use_dt": false,
                "markers_distance": 21,
                "markers_area": null
            }
        },
        "mode": "default"
    }
}