{
    "dataset": {
        "name": "CIL",
        "label_name": "neuron",
        "indices": [
            53,
            20,
            54,
            1,
            76,
            14,
            32,
            39,
            25,
            29,
            41,
            11,
            13,
            34,
            72,
            42,
            4,
            3,
            59,
            52,
            86,
            9,
            84,
            56,
            38,
            79,
            16,
            31,
            40,
            27,
            61,
            15,
            17,
            26,
            43,
            35,
            70,
            36,
            30,
            22,
            47,
            18,
            58,
            46,
            19,
            74,
            6,
            75,
            60,
            49,
            71,
            55,
            21,
            82,
            2,
            45,
            33,
            77,
            64,
            10,
            88,
            37,
            83,
            7,
            66,
            48,
            80,
            65,
            87,
            5
        ]
    },
    "individual": {
        "sequence": "[[0, 0, 0, 0, 0], [0, 0, 0, 0, 0], [2, 1, 0, 224, 44], [11, 0, 1, 126, 84], [3, 1, 0, 139, 108], [1, 2, 3, 79, 229], [27, 3, 3, 15, 143], [22, 6, 2, 84, 58], [40, 1, 1, 37, 235], [36, 2, 8, 210, 20], [7, 9, 7, 233, 46], [37, 3, 7, 92, 41], [18, 10, 4, 157, 132], [9, 6, 7, 90, 81], [24, 9, 5, 227, 138], [37, 5, 12, 253, 1], [10, 7, 14, 119, 142], [13, 0, 10, 102, 117], [19, 11, 5, 14, 44], [12, 8, 15, 42, 168], [24, 12, 13, 159, 26], [33, 0, 5, 163, 55], [9, 7, 15, 175, 129], [0, 6, 10, 7, 125], [18, 7, 3, 249, 180], [19, 20, 14, 60, 109], [37, 2, 19, 227, 99], [8, 11, 0, 134, 88], [22, 4, 14, 41, 118], [3, 28, 17, 222, 12], [34, 8, 7, 13, 154], [14, 13, 2, 74, 176], [0, 23, 0, 0, 0], [0, 30, 0, 0, 0]]",
        "fitness": {
            "fitness": 0.15463080831936427,
            "time": 0.0336604084287371
        }
    },
    "decoding": {
        "metadata": {
            "rows": 1,
            "columns": 30,
            "n_in": 2,
            "n_out": 2,
            "n_para": 2,
            "n_conn": 2
        },
        "functions": [
            "max",
            "min",
            "mean",
            "add",
            "subtract",
            "bitwise_not",
            "bitwise_or",
            "bitwise_and",
            "bitwise_and_mask",
            "bitwise_xor",
            "sqrt",
            "pow2",
            "exp",
            "log",
            "median_blur",
            "gaussian_blur",
            "laplacian",
            "sobel",
            "robert_cross",
            "canny",
            "sharpen",
            "gabor",
            "abs_diff",
            "abs_diff2",
            "fluo_tophat",
            "rel_diff",
            "erode",
            "dilate",
            "open",
            "close",
            "morph_gradient",
            "morph_tophat",
            "morph_blackhat",
            "fill_holes",
            "remove_small_objects",
            "remove_small_holes",
            "threshold",
            "threshold_at_1",
            "distance_transform",
            "distance_transform_and_thresh",
            "inrange_bin",
            "inrange"
        ],
        "endpoint": {
            "name": "Marker-Based Watershed",
            "abbv": "WSHD",
            "arity": 2,
            "args": 0,
            "kwargs": {
                "use_dt": false,
                "markers_distance": 21,
                "markers_area": null
            }
        },
        "mode": "default"
    }
}