{
    "dataset": {
        "name": "CIL",
        "label_name": "neuron",
        "indices": [
            20,
            29,
            10,
            36,
            31,
            22,
            49,
            71,
            83,
            86,
            13,
            61,
            52,
            51,
            85,
            64,
            63,
            35,
            8,
            45,
            43,
            73,
            19,
            5,
            26,
            11,
            58,
            23,
            1,
            48,
            9,
            69,
            21,
            70,
            0,
            72,
            47,
            15,
            34,
            88,
            84,
            66,
            41,
            75,
            42,
            56,
            44,
            32,
            50,
            14,
            16,
            65,
            76,
            53,
            77,
            6,
            18,
            25,
            40,
            4,
            2,
            12,
            7,
            78,
            33,
            67,
            74,
            30,
            81,
            24,
            3,
            38,
            59,
            80,
            60,
            28,
            62,
            55,
            54,
            46
        ]
    },
    "individual": {
        "sequence": "[[0, 0, 0, 0, 0], [0, 0, 0, 0, 0], [26, 1, 0, 2, 247], [14, 2, 1, 17, 53], [3, 1, 0, 222, 149], [10, 4, 0, 38, 134], [24, 5, 3, 11, 61], [2, 4, 0, 130, 24], [32, 6, 1, 30, 95], [38, 2, 1, 25, 28], [5, 0, 0, 29, 68], [13, 6, 3, 205, 182], [34, 6, 6, 128, 203], [40, 0, 3, 38, 91], [37, 9, 7, 160, 247], [39, 0, 1, 201, 195], [31, 12, 1, 10, 159], [11, 6, 15, 203, 135], [31, 2, 15, 72, 72], [5, 11, 14, 92, 48], [24, 19, 6, 55, 87], [27, 15, 5, 236, 124], [13, 3, 21, 50, 191], [31, 19, 15, 139, 149], [5, 1, 21, 174, 98], [5, 11, 17, 159, 65], [16, 15, 22, 172, 105], [0, 2, 7, 5, 208], [39, 12, 27, 251, 230], [30, 27, 21, 213, 95], [36, 3, 28, 51, 37], [0, 3, 16, 165, 98], [0, 17, 0, 0, 0], [0, 30, 0, 0, 0]]",
        "fitness": {
            "fitness": 0.13360959887504578,
            "time": 0.04528830349445343
        }
    },
    "decoding": {
        "metadata": {
            "rows": 1,
            "columns": 30,
            "n_in": 2,
            "n_out": 2,
            "n_para": 2,
            "n_conn": 2
        },
        "functions": [
            "max",
            "min",
            "mean",
            "add",
            "subtract",
            "bitwise_not",
            "bitwise_or",
            "bitwise_and",
            "bitwise_and_mask",
            "bitwise_xor",
            "sqrt",
            "pow2",
            "exp",
            "log",
            "median_blur",
            "gaussian_blur",
            "laplacian",
            "sobel",
            "robert_cross",
            "canny",
            "sharpen",
            "gabor",
            "abs_diff",
            "abs_diff2",
            "fluo_tophat",
            "rel_diff",
            "erode",
            "dilate",
            "open",
            "close",
            "morph_gradient",
            "morph_tophat",
            "morph_blackhat",
            "fill_holes",
            "remove_small_objects",
            "remove_small_holes",
            "threshold",
            "threshold_at_1",
            "distance_transform",
            "distance_transform_and_thresh",
            "inrange_bin",
            "inrange"
        ],
        "endpoint": {
            "name": "Marker-Based Watershed",
            "abbv": "WSHD",
            "arity": 2,
            "args": 0,
            "kwargs": {
                "use_dt": false,
                "markers_distance": 21,
                "markers_area": null
            }
        },
        "mode": "default"
    }
}