{
    "dataset": {
        "name": "CIL",
        "label_name": "neuron",
        "indices": [
            35,
            30,
            47,
            40,
            22,
            78,
            69,
            80,
            81,
            48,
            64,
            63,
            9,
            71,
            7,
            62,
            11,
            37,
            12,
            45
        ]
    },
    "individual": {
        "sequence": "[[0, 0, 0, 0, 0], [0, 0, 0, 0, 0], [28, 1, 1, 36, 14], [20, 0, 1, 74, 58], [3, 3, 0, 203, 127], [7, 1, 0, 138, 52], [19, 5, 0, 141, 12], [39, 1, 3, 181, 140], [30, 6, 2, 172, 132], [26, 4, 5, 205, 68], [27, 2, 2, 13, 192], [17, 0, 6, 90, 193], [4, 6, 0, 58, 193], [41, 2, 9, 32, 183], [41, 10, 2, 174, 18], [1, 3, 11, 7, 252], [11, 4, 2, 234, 206], [10, 9, 11, 24, 71], [6, 16, 6, 158, 199], [15, 0, 11, 68, 229], [18, 7, 6, 253, 30], [15, 8, 3, 143, 168], [21, 11, 18, 87, 40], [18, 2, 17, 140, 150], [17, 19, 15, 128, 176], [27, 23, 22, 39, 129], [23, 16, 2, 247, 98], [24, 8, 8, 193, 155], [11, 5, 14, 6, 163], [30, 3, 12, 183, 120], [12, 18, 24, 74, 223], [29, 1, 26, 38, 216], [0, 18, 0, 0, 0], [0, 13, 0, 0, 0]]",
        "fitness": {
            "fitness": 0.1508213311433792,
            "time": 0.030499565601348876
        }
    },
    "decoding": {
        "metadata": {
            "rows": 1,
            "columns": 30,
            "n_in": 2,
            "n_out": 2,
            "n_para": 2,
            "n_conn": 2
        },
        "functions": [
            "max",
            "min",
            "mean",
            "add",
            "subtract",
            "bitwise_not",
            "bitwise_or",
            "bitwise_and",
            "bitwise_and_mask",
            "bitwise_xor",
            "sqrt",
            "pow2",
            "exp",
            "log",
            "median_blur",
            "gaussian_blur",
            "laplacian",
            "sobel",
            "robert_cross",
            "canny",
            "sharpen",
            "gabor",
            "abs_diff",
            "abs_diff2",
            "fluo_tophat",
            "rel_diff",
            "erode",
            "dilate",
            "open",
            "close",
            "morph_gradient",
            "morph_tophat",
            "morph_blackhat",
            "fill_holes",
            "remove_small_objects",
            "remove_small_holes",
            "threshold",
            "threshold_at_1",
            "distance_transform",
            "distance_transform_and_thresh",
            "inrange_bin",
            "inrange"
        ],
        "endpoint": {
            "name": "W",
            "abbv": "WSHD",
            "arity": 2,
            "p": 0,
            "kwargs": {
                "use_dt": false,
                "markers_distance": 21,
                "markers_area": null
            }
        },
        "mode": "default"
    }
}