{
    "dataset": {
        "name": "Melanoma",
        "label_name": "melanoma",
        "indices": null
    },
    "individual": {
        "sequence": "[[0, 0, 0, 0, 0], [0, 0, 0, 0, 0], [0, 0, 0, 0, 0], [4, 2, 0, 22, 240], [26, 3, 1, 166, 102], [2, 2, 0, 159, 61], [9, 0, 5, 183, 82], [41, 3, 2, 47, 49], [41, 1, 5, 86, 116], [2, 1, 6, 245, 239], [39, 8, 0, 136, 77], [11, 3, 5, 58, 135], [2, 11, 8, 61, 232], [16, 0, 10, 247, 22], [4, 9, 13, 115, 173], [1, 12, 14, 229, 151], [10, 13, 6, 199, 99], [9, 12, 14, 30, 57], [20, 9, 16, 116, 215], [13, 15, 10, 15, 60], [7, 10, 12, 108, 47], [41, 5, 17, 20, 126], [14, 21, 17, 125, 139], [13, 8, 2, 31, 103], [2, 8, 18, 233, 5], [41, 4, 2, 230, 23], [15, 3, 8, 218, 198], [29, 3, 3, 131, 224], [37, 7, 24, 247, 39], [23, 6, 23, 166, 123], [24, 9, 28, 132, 199], [13, 6, 11, 24, 230], [9, 9, 21, 220, 34], [0, 15, 0, 0, 0], [0, 25, 0, 0, 0]]",
        "fitness": {
            "fitness": 0.2277249520023664,
            "time": 0.010587791601816813
        }
    },
    "decoding": {
        "metadata": {
            "rows": 1,
            "columns": 30,
            "n_in": 3,
            "n_out": 2,
            "n_para": 2,
            "n_conn": 2
        },
        "functions": [
            "max",
            "min",
            "mean",
            "add",
            "subtract",
            "bitwise_not",
            "bitwise_or",
            "bitwise_and",
            "bitwise_and_mask",
            "bitwise_xor",
            "sqrt",
            "pow2",
            "exp",
            "log",
            "median_blur",
            "gaussian_blur",
            "laplacian",
            "sobel",
            "robert_cross",
            "canny",
            "sharpen",
            "gabor",
            "abs_diff",
            "abs_diff2",
            "fluo_tophat",
            "rel_diff",
            "erode",
            "dilate",
            "open",
            "close",
            "morph_gradient",
            "morph_tophat",
            "morph_blackhat",
            "fill_holes",
            "remove_small_objects",
            "remove_small_holes",
            "threshold",
            "threshold_at_1",
            "distance_transform",
            "distance_transform_and_thresh",
            "inrange_bin",
            "inrange"
        ],
        "endpoint": {
            "name": "Marker-Based Watershed",
            "abbv": "WSHD",
            "arity": 2,
            "args": 0,
            "kwargs": {
                "use_dt": false,
                "markers_distance": 21,
                "markers_area": null
            }
        },
        "mode": "default"
    }
}