{
    "dataset": {
        "name": "CIL",
        "label_name": "neuron",
        "indices": [
            12
        ]
    },
    "individual": {
        "sequence": "[[0, 0, 0, 0, 0], [0, 0, 0, 0, 0], [41, 0, 0, 120, 75], [11, 0, 2, 7, 192], [1, 2, 1, 35, 215], [9, 1, 4, 254, 6], [23, 1, 4, 232, 212], [30, 5, 1, 52, 134], [20, 3, 0, 184, 161], [37, 8, 5, 161, 233], [1, 1, 1, 40, 133], [37, 2, 1, 106, 68], [11, 5, 7, 53, 160], [10, 12, 0, 167, 212], [11, 8, 11, 33, 160], [31, 3, 10, 200, 23], [17, 5, 5, 197, 82], [28, 12, 1, 3, 222], [33, 12, 10, 202, 210], [16, 4, 13, 39, 21], [41, 9, 10, 120, 12], [21, 20, 6, 176, 38], [37, 11, 4, 158, 35], [14, 5, 6, 130, 44], [26, 4, 18, 101, 165], [4, 0, 4, 92, 109], [21, 19, 16, 24, 40], [5, 12, 23, 125, 218], [12, 0, 26, 245, 195], [3, 18, 15, 220, 89], [25, 27, 22, 203, 195], [3, 29, 9, 166, 167], [0, 29, 0, 0, 0], [0, 17, 0, 0, 0]]",
        "fitness": {
            "fitness": 0.03200000524520874,
            "time": 0.05282115936279297
        }
    },
    "decoding": {
        "metadata": {
            "rows": 1,
            "columns": 30,
            "n_in": 2,
            "n_out": 2,
            "n_para": 2,
            "n_conn": 2
        },
        "functions": [
            "max",
            "min",
            "mean",
            "add",
            "subtract",
            "bitwise_not",
            "bitwise_or",
            "bitwise_and",
            "bitwise_and_mask",
            "bitwise_xor",
            "sqrt",
            "pow2",
            "exp",
            "log",
            "median_blur",
            "gaussian_blur",
            "laplacian",
            "sobel",
            "robert_cross",
            "canny",
            "sharpen",
            "gabor",
            "abs_diff",
            "abs_diff2",
            "fluo_tophat",
            "rel_diff",
            "erode",
            "dilate",
            "open",
            "close",
            "morph_gradient",
            "morph_tophat",
            "morph_blackhat",
            "fill_holes",
            "remove_small_objects",
            "remove_small_holes",
            "threshold",
            "threshold_at_1",
            "distance_transform",
            "distance_transform_and_thresh",
            "inrange_bin",
            "inrange"
        ],
        "endpoint": {
            "name": "W",
            "abbv": "WSHD",
            "arity": 2,
            "p": 0,
            "kwargs": {
                "use_dt": false,
                "markers_distance": 21,
                "markers_area": null
            }
        },
        "mode": "default"
    }
}