{
    "dataset": {
        "name": "Tumor",
        "label_name": "tumor",
        "indices": null
    },
    "individual": {
        "sequence": "[[0, 0, 0, 0, 0], [0, 0, 0, 0, 0], [0, 0, 0, 0, 0], [6, 0, 1, 31, 235], [27, 3, 0, 67, 180], [26, 1, 1, 122, 27], [24, 1, 5, 100, 243], [0, 1, 0, 174, 111], [4, 6, 7, 47, 166], [15, 4, 4, 224, 97], [0, 8, 1, 192, 208], [24, 10, 4, 19, 90], [2, 9, 8, 231, 104], [16, 8, 6, 86, 149], [14, 13, 13, 95, 166], [40, 2, 9, 79, 79], [18, 6, 4, 100, 157], [26, 2, 16, 181, 56], [4, 13, 6, 7, 4], [20, 16, 10, 122, 164], [10, 10, 15, 83, 0], [8, 15, 18, 85, 38], [36, 9, 21, 42, 156], [24, 12, 15, 142, 106], [10, 16, 12, 134, 177], [33, 21, 14, 186, 34], [20, 13, 2, 95, 238], [35, 6, 12, 140, 33], [10, 5, 7, 119, 45], [32, 0, 10, 21, 175], [3, 22, 14, 31, 210], [33, 30, 3, 216, 255], [28, 21, 5, 159, 225], [0, 31, 0, 0, 0]]",
        "fitness": {
            "fitness": 0.10910127467859125,
            "time": 0.09025079011917114
        }
    },
    "decoding": {
        "metadata": {
            "rows": 1,
            "columns": 30,
            "n_in": 3,
            "n_out": 1,
            "n_para": 2,
            "n_conn": 2
        },
        "functions": [
            "max",
            "min",
            "mean",
            "add",
            "subtract",
            "bitwise_not",
            "bitwise_or",
            "bitwise_and",
            "bitwise_and_mask",
            "bitwise_xor",
            "sqrt",
            "pow2",
            "exp",
            "log",
            "median_blur",
            "gaussian_blur",
            "laplacian",
            "sobel",
            "robert_cross",
            "canny",
            "sharpen",
            "gabor",
            "abs_diff",
            "abs_diff2",
            "fluo_tophat",
            "rel_diff",
            "erode",
            "dilate",
            "open",
            "close",
            "morph_gradient",
            "morph_tophat",
            "morph_blackhat",
            "fill_holes",
            "remove_small_objects",
            "remove_small_holes",
            "threshold",
            "threshold_at_1",
            "distance_transform",
            "distance_transform_and_thresh",
            "inrange_bin",
            "inrange"
        ],
        "endpoint": {
            "name": "Threshold (t=4)",
            "abbv": "TRSH",
            "arity": 1,
            "p": 0,
            "kwargs": {
                "threshold": 4
            }
        },
        "mode": "default"
    }
}