{
    "dataset": {
        "name": "CIL",
        "label_name": "neuron",
        "indices": [
            35,
            7,
            39,
            49,
            16,
            31,
            14,
            50,
            72,
            27,
            12,
            80,
            55,
            46,
            29,
            6,
            78,
            76,
            79,
            68,
            63,
            84,
            69,
            17,
            83,
            24,
            56,
            0,
            15,
            40,
            44,
            70,
            20,
            75,
            52,
            74,
            61,
            64,
            58,
            11,
            21,
            37,
            81,
            43,
            66,
            22,
            38,
            67,
            73,
            19
        ]
    },
    "individual": {
        "sequence": "[[0, 0, 0, 0, 0], [0, 0, 0, 0, 0], [28, 1, 0, 6, 19], [23, 2, 2, 253, 235], [41, 1, 3, 69, 209], [7, 1, 4, 244, 173], [38, 4, 5, 183, 56], [33, 4, 4, 119, 151], [36, 2, 3, 103, 37], [5, 3, 3, 79, 42], [41, 3, 6, 190, 86], [25, 8, 8, 5, 141], [30, 7, 9, 219, 155], [31, 0, 2, 171, 116], [37, 13, 8, 143, 214], [20, 10, 3, 119, 90], [11, 10, 7, 173, 111], [18, 4, 3, 118, 246], [21, 10, 16, 7, 85], [36, 7, 16, 56, 241], [36, 2, 4, 62, 50], [25, 7, 5, 205, 89], [28, 9, 19, 84, 78], [18, 4, 10, 5, 96], [4, 5, 10, 73, 153], [6, 14, 20, 137, 9], [17, 2, 13, 50, 37], [34, 5, 12, 250, 12], [40, 0, 8, 75, 120], [8, 20, 5, 148, 153], [20, 19, 19, 24, 233], [28, 25, 11, 0, 88], [0, 31, 0, 0, 0], [0, 8, 0, 0, 0]]",
        "fitness": {
            "fitness": 0.144163533449173,
            "time": 0.03156232833862305
        }
    },
    "decoding": {
        "metadata": {
            "rows": 1,
            "columns": 30,
            "n_in": 2,
            "n_out": 2,
            "n_para": 2,
            "n_conn": 2
        },
        "functions": [
            "max",
            "min",
            "mean",
            "add",
            "subtract",
            "bitwise_not",
            "bitwise_or",
            "bitwise_and",
            "bitwise_and_mask",
            "bitwise_xor",
            "sqrt",
            "pow2",
            "exp",
            "log",
            "median_blur",
            "gaussian_blur",
            "laplacian",
            "sobel",
            "robert_cross",
            "canny",
            "sharpen",
            "gabor",
            "abs_diff",
            "abs_diff2",
            "fluo_tophat",
            "rel_diff",
            "erode",
            "dilate",
            "open",
            "close",
            "morph_gradient",
            "morph_tophat",
            "morph_blackhat",
            "fill_holes",
            "remove_small_objects",
            "remove_small_holes",
            "threshold",
            "threshold_at_1",
            "distance_transform",
            "distance_transform_and_thresh",
            "inrange_bin",
            "inrange"
        ],
        "endpoint": {
            "name": "W",
            "abbv": "WSHD",
            "arity": 2,
            "p": 0,
            "kwargs": {
                "use_dt": false,
                "markers_distance": 21,
                "markers_area": null
            }
        },
        "mode": "default"
    }
}