{
    "dataset": {
        "name": "Tumor",
        "label_name": "tumor",
        "indices": null
    },
    "individual": {
        "sequence": "[[0, 0, 0, 0, 0], [0, 0, 0, 0, 0], [0, 0, 0, 0, 0], [40, 0, 1, 66, 113], [0, 2, 3, 245, 160], [7, 3, 3, 67, 163], [14, 4, 0, 49, 109], [9, 3, 6, 13, 164], [40, 7, 2, 51, 222], [4, 8, 2, 107, 136], [14, 9, 7, 69, 111], [3, 5, 9, 241, 68], [5, 5, 2, 35, 63], [19, 6, 10, 125, 148], [20, 3, 12, 9, 100], [26, 14, 3, 219, 145], [14, 6, 8, 237, 184], [6, 10, 13, 255, 114], [37, 4, 4, 170, 144], [2, 8, 12, 113, 226], [3, 14, 12, 66, 209], [14, 4, 5, 194, 239], [17, 16, 15, 125, 15], [16, 6, 1, 254, 29], [11, 18, 13, 180, 144], [9, 9, 12, 189, 158], [33, 17, 4, 193, 143], [17, 13, 26, 173, 215], [28, 26, 23, 199, 40], [36, 27, 25, 183, 86], [27, 26, 19, 40, 95], [28, 10, 13, 144, 200], [26, 10, 17, 109, 161], [0, 28, 0, 0, 0]]",
        "fitness": {
            "fitness": 0.113123521687945,
            "time": 0.07617751757303874
        }
    },
    "decoding": {
        "metadata": {
            "rows": 1,
            "columns": 30,
            "n_in": 3,
            "n_out": 1,
            "n_para": 2,
            "n_conn": 2
        },
        "functions": [
            "max",
            "min",
            "mean",
            "add",
            "subtract",
            "bitwise_not",
            "bitwise_or",
            "bitwise_and",
            "bitwise_and_mask",
            "bitwise_xor",
            "sqrt",
            "pow2",
            "exp",
            "log",
            "median_blur",
            "gaussian_blur",
            "laplacian",
            "sobel",
            "robert_cross",
            "canny",
            "sharpen",
            "gabor",
            "abs_diff",
            "abs_diff2",
            "fluo_tophat",
            "rel_diff",
            "erode",
            "dilate",
            "open",
            "close",
            "morph_gradient",
            "morph_tophat",
            "morph_blackhat",
            "fill_holes",
            "remove_small_objects",
            "remove_small_holes",
            "threshold",
            "threshold_at_1",
            "distance_transform",
            "distance_transform_and_thresh",
            "inrange_bin",
            "inrange"
        ],
        "endpoint": {
            "name": "Threshold (t=4)",
            "abbv": "TRSH",
            "arity": 1,
            "p": 0,
            "kwargs": {
                "threshold": 4
            }
        },
        "mode": "default"
    }
}