{
    "dataset": {
        "name": "CIL",
        "label_name": "neuron",
        "indices": [
            14,
            81,
            40
        ]
    },
    "individual": {
        "sequence": "[[0, 0, 0, 0, 0], [0, 0, 0, 0, 0], [3, 0, 0, 105, 78], [15, 0, 1, 237, 193], [15, 3, 1, 252, 160], [4, 1, 4, 28, 119], [28, 0, 1, 192, 79], [21, 3, 2, 75, 27], [13, 2, 7, 241, 211], [40, 3, 7, 129, 9], [41, 9, 0, 179, 203], [11, 2, 1, 224, 191], [23, 2, 3, 33, 217], [2, 6, 5, 182, 191], [17, 4, 13, 200, 228], [27, 12, 7, 119, 154], [8, 11, 4, 163, 196], [7, 3, 4, 78, 255], [22, 16, 1, 39, 146], [28, 5, 8, 237, 15], [17, 17, 5, 62, 114], [11, 13, 15, 235, 55], [12, 3, 17, 59, 73], [32, 13, 2, 46, 214], [4, 10, 7, 130, 156], [4, 3, 1, 230, 238], [15, 13, 19, 156, 69], [36, 11, 11, 119, 219], [0, 17, 4, 77, 89], [35, 28, 4, 34, 163], [8, 12, 28, 51, 132], [25, 20, 5, 126, 36], [0, 11, 0, 0, 0], [0, 21, 0, 0, 0]]",
        "fitness": {
            "fitness": 0.08575499057769775,
            "time": 0.04528053601582845
        }
    },
    "decoding": {
        "metadata": {
            "rows": 1,
            "columns": 30,
            "n_in": 2,
            "n_out": 2,
            "n_para": 2,
            "n_conn": 2
        },
        "functions": [
            "max",
            "min",
            "mean",
            "add",
            "subtract",
            "bitwise_not",
            "bitwise_or",
            "bitwise_and",
            "bitwise_and_mask",
            "bitwise_xor",
            "sqrt",
            "pow2",
            "exp",
            "log",
            "median_blur",
            "gaussian_blur",
            "laplacian",
            "sobel",
            "robert_cross",
            "canny",
            "sharpen",
            "gabor",
            "abs_diff",
            "abs_diff2",
            "fluo_tophat",
            "rel_diff",
            "erode",
            "dilate",
            "open",
            "close",
            "morph_gradient",
            "morph_tophat",
            "morph_blackhat",
            "fill_holes",
            "remove_small_objects",
            "remove_small_holes",
            "threshold",
            "threshold_at_1",
            "distance_transform",
            "distance_transform_and_thresh",
            "inrange_bin",
            "inrange"
        ],
        "endpoint": {
            "name": "W",
            "abbv": "WSHD",
            "arity": 2,
            "p": 0,
            "kwargs": {
                "use_dt": false,
                "markers_distance": 21,
                "markers_area": null
            }
        },
        "mode": "default"
    }
}