{
    "dataset": {
        "name": "WGA Particles",
        "label_name": "particle",
        "indices": null
    },
    "individual": {
        "sequence": "[[0, 0, 0, 0, 0], [10, 0, 0, 165, 24], [7, 0, 1, 105, 155], [31, 1, 1, 155, 173], [24, 3, 1, 250, 236], [32, 4, 2, 185, 11], [36, 1, 3, 201, 78], [20, 0, 1, 133, 244], [1, 6, 2, 159, 108], [19, 1, 4, 226, 149], [7, 6, 4, 129, 152], [32, 5, 8, 198, 233], [19, 3, 0, 96, 185], [13, 5, 7, 157, 20], [29, 10, 12, 108, 54], [29, 12, 9, 23, 191], [36, 12, 11, 71, 109], [0, 10, 14, 150, 44], [16, 7, 11, 24, 109], [18, 16, 14, 251, 113], [28, 17, 11, 136, 15], [9, 16, 12, 28, 116], [33, 11, 10, 252, 112], [28, 5, 14, 13, 38], [9, 22, 0, 79, 151], [10, 0, 4, 101, 70], [24, 11, 16, 217, 219], [11, 21, 24, 139, 227], [32, 3, 0, 139, 92], [30, 12, 21, 26, 139], [39, 13, 18, 223, 231], [0, 15, 0, 0, 0]]",
        "fitness": {
            "fitness": 0.23901419341564178,
            "time": 0.012021481990814209
        }
    },
    "decoding": {
        "metadata": {
            "rows": 1,
            "columns": 30,
            "n_in": 1,
            "n_out": 1,
            "n_para": 2,
            "n_conn": 2
        },
        "functions": [
            "max",
            "min",
            "mean",
            "add",
            "subtract",
            "bitwise_not",
            "bitwise_or",
            "bitwise_and",
            "bitwise_and_mask",
            "bitwise_xor",
            "sqrt",
            "pow2",
            "exp",
            "log",
            "median_blur",
            "gaussian_blur",
            "laplacian",
            "sobel",
            "robert_cross",
            "canny",
            "sharpen",
            "gabor",
            "abs_diff",
            "abs_diff2",
            "fluo_tophat",
            "rel_diff",
            "erode",
            "dilate",
            "open",
            "close",
            "morph_gradient",
            "morph_tophat",
            "morph_blackhat",
            "fill_holes",
            "remove_small_objects",
            "remove_small_holes",
            "threshold",
            "threshold_at_1",
            "distance_transform",
            "distance_transform_and_thresh",
            "inrange_bin",
            "inrange"
        ],
        "endpoint": {
            "name": "Local-Max Watershed",
            "abbv": "LMW",
            "arity": 1,
            "p": 0,
            "kwargs": {
                "threshold": 1,
                "markers_distance": 5
            }
        },
        "mode": "default"
    }
}