{
    "dataset": {
        "name": "CIL",
        "label_name": "neuron",
        "indices": [
            71,
            7,
            28,
            22,
            77,
            81,
            86,
            29,
            40,
            8,
            34,
            50,
            59,
            53,
            35
        ]
    },
    "individual": {
        "sequence": "[[0, 0, 0, 0, 0], [0, 0, 0, 0, 0], [12, 0, 0, 90, 208], [17, 2, 1, 44, 253], [36, 1, 0, 93, 47], [13, 2, 1, 103, 11], [37, 5, 1, 160, 137], [17, 3, 3, 75, 44], [21, 2, 1, 204, 94], [34, 4, 7, 19, 60], [33, 4, 6, 77, 249], [5, 3, 2, 83, 231], [16, 7, 2, 185, 221], [32, 10, 10, 143, 30], [27, 6, 4, 92, 34], [1, 6, 10, 76, 148], [1, 9, 9, 235, 162], [4, 3, 2, 32, 3], [35, 6, 15, 192, 37], [37, 4, 15, 189, 238], [39, 11, 14, 128, 95], [5, 4, 3, 216, 44], [24, 14, 9, 4, 62], [15, 16, 8, 234, 55], [4, 0, 23, 102, 82], [23, 21, 4, 130, 149], [37, 10, 5, 208, 87], [29, 9, 24, 84, 54], [41, 20, 5, 176, 166], [3, 26, 24, 65, 74], [20, 26, 1, 137, 176], [27, 13, 1, 188, 64], [0, 6, 0, 0, 0], [0, 16, 0, 0, 0]]",
        "fitness": {
            "fitness": 0.109890615940094,
            "time": 0.03208454449971517
        }
    },
    "decoding": {
        "metadata": {
            "rows": 1,
            "columns": 30,
            "n_in": 2,
            "n_out": 2,
            "n_para": 2,
            "n_conn": 2
        },
        "functions": [
            "max",
            "min",
            "mean",
            "add",
            "subtract",
            "bitwise_not",
            "bitwise_or",
            "bitwise_and",
            "bitwise_and_mask",
            "bitwise_xor",
            "sqrt",
            "pow2",
            "exp",
            "log",
            "median_blur",
            "gaussian_blur",
            "laplacian",
            "sobel",
            "robert_cross",
            "canny",
            "sharpen",
            "gabor",
            "abs_diff",
            "abs_diff2",
            "fluo_tophat",
            "rel_diff",
            "erode",
            "dilate",
            "open",
            "close",
            "morph_gradient",
            "morph_tophat",
            "morph_blackhat",
            "fill_holes",
            "remove_small_objects",
            "remove_small_holes",
            "threshold",
            "threshold_at_1",
            "distance_transform",
            "distance_transform_and_thresh",
            "inrange_bin",
            "inrange"
        ],
        "endpoint": {
            "name": "W",
            "abbv": "WSHD",
            "arity": 2,
            "p": 0,
            "kwargs": {
                "use_dt": false,
                "markers_distance": 21,
                "markers_area": null
            }
        },
        "mode": "default"
    }
}