{
    "dataset": {
        "name": "CIL",
        "label_name": "neuron",
        "indices": [
            14,
            22,
            5,
            58,
            80,
            55,
            41,
            7,
            42,
            62,
            17,
            68,
            23,
            71,
            15,
            61,
            24,
            83,
            40,
            27,
            85,
            38,
            50,
            3,
            88,
            26,
            43,
            0,
            30,
            70,
            49,
            72,
            59,
            16,
            54,
            31,
            56,
            46,
            2,
            63,
            53,
            73,
            57,
            10,
            52,
            86,
            35,
            32,
            75,
            84,
            28,
            18,
            51,
            45,
            47,
            66,
            76,
            87,
            44,
            78
        ]
    },
    "individual": {
        "sequence": "[[0, 0, 0, 0, 0], [0, 0, 0, 0, 0], [28, 1, 1, 21, 79], [1, 0, 1, 245, 222], [21, 3, 0, 101, 15], [36, 2, 1, 175, 36], [3, 3, 0, 122, 6], [34, 3, 0, 193, 146], [6, 6, 4, 218, 211], [1, 3, 8, 20, 205], [10, 9, 3, 241, 182], [37, 4, 10, 18, 85], [16, 9, 3, 110, 184], [34, 8, 11, 147, 73], [29, 9, 5, 102, 52], [26, 13, 8, 150, 231], [37, 3, 2, 73, 136], [14, 5, 10, 61, 49], [24, 5, 17, 170, 182], [10, 16, 6, 197, 24], [8, 16, 14, 244, 28], [37, 10, 14, 83, 68], [11, 8, 13, 92, 11], [16, 17, 12, 8, 26], [27, 7, 3, 211, 242], [28, 6, 24, 117, 69], [41, 16, 22, 31, 232], [15, 18, 19, 0, 42], [0, 15, 7, 120, 9], [6, 21, 7, 22, 23], [24, 4, 7, 170, 190], [31, 24, 0, 64, 190], [0, 22, 0, 0, 0], [0, 5, 0, 0, 0]]",
        "fitness": {
            "fitness": 0.1267422785361608,
            "time": 0.028483657042185466
        }
    },
    "decoding": {
        "metadata": {
            "rows": 1,
            "columns": 30,
            "n_in": 2,
            "n_out": 2,
            "n_para": 2,
            "n_conn": 2
        },
        "functions": [
            "max",
            "min",
            "mean",
            "add",
            "subtract",
            "bitwise_not",
            "bitwise_or",
            "bitwise_and",
            "bitwise_and_mask",
            "bitwise_xor",
            "sqrt",
            "pow2",
            "exp",
            "log",
            "median_blur",
            "gaussian_blur",
            "laplacian",
            "sobel",
            "robert_cross",
            "canny",
            "sharpen",
            "gabor",
            "abs_diff",
            "abs_diff2",
            "fluo_tophat",
            "rel_diff",
            "erode",
            "dilate",
            "open",
            "close",
            "morph_gradient",
            "morph_tophat",
            "morph_blackhat",
            "fill_holes",
            "remove_small_objects",
            "remove_small_holes",
            "threshold",
            "threshold_at_1",
            "distance_transform",
            "distance_transform_and_thresh",
            "inrange_bin",
            "inrange"
        ],
        "endpoint": {
            "name": "Marker-Based Watershed",
            "abbv": "WSHD",
            "arity": 2,
            "args": 0,
            "kwargs": {
                "use_dt": false,
                "markers_distance": 21,
                "markers_area": null
            }
        },
        "mode": "default"
    }
}