{
    "dataset": {
        "name": "CIL",
        "label_name": "neuron",
        "indices": [
            37,
            27,
            7,
            85,
            58,
            20,
            63
        ]
    },
    "individual": {
        "sequence": "[[0, 0, 0, 0, 0], [0, 0, 0, 0, 0], [28, 1, 0, 17, 243], [3, 1, 0, 37, 161], [3, 1, 3, 43, 29], [36, 4, 1, 255, 65], [11, 3, 2, 180, 237], [41, 2, 6, 144, 41], [12, 2, 5, 137, 211], [14, 0, 1, 8, 211], [6, 0, 2, 29, 181], [17, 2, 0, 48, 144], [32, 1, 9, 94, 30], [22, 5, 1, 44, 29], [33, 7, 3, 30, 230], [31, 0, 0, 197, 199], [2, 5, 15, 185, 40], [36, 8, 12, 101, 183], [23, 9, 4, 219, 185], [15, 5, 11, 237, 158], [14, 6, 2, 15, 53], [31, 18, 0, 204, 226], [21, 15, 9, 13, 5], [11, 4, 6, 104, 172], [40, 3, 14, 43, 31], [23, 24, 2, 121, 151], [30, 7, 12, 211, 227], [39, 1, 22, 219, 26], [25, 6, 10, 203, 23], [4, 2, 13, 68, 46], [23, 20, 26, 160, 177], [29, 30, 7, 101, 209], [0, 16, 0, 0, 0], [0, 7, 0, 0, 0]]",
        "fitness": {
            "fitness": 0.08208119869232178,
            "time": 0.035941907337733676
        }
    },
    "decoding": {
        "metadata": {
            "rows": 1,
            "columns": 30,
            "n_in": 2,
            "n_out": 2,
            "n_para": 2,
            "n_conn": 2
        },
        "functions": [
            "max",
            "min",
            "mean",
            "add",
            "subtract",
            "bitwise_not",
            "bitwise_or",
            "bitwise_and",
            "bitwise_and_mask",
            "bitwise_xor",
            "sqrt",
            "pow2",
            "exp",
            "log",
            "median_blur",
            "gaussian_blur",
            "laplacian",
            "sobel",
            "robert_cross",
            "canny",
            "sharpen",
            "gabor",
            "abs_diff",
            "abs_diff2",
            "fluo_tophat",
            "rel_diff",
            "erode",
            "dilate",
            "open",
            "close",
            "morph_gradient",
            "morph_tophat",
            "morph_blackhat",
            "fill_holes",
            "remove_small_objects",
            "remove_small_holes",
            "threshold",
            "threshold_at_1",
            "distance_transform",
            "distance_transform_and_thresh",
            "inrange_bin",
            "inrange"
        ],
        "endpoint": {
            "name": "W",
            "abbv": "WSHD",
            "arity": 2,
            "p": 0,
            "kwargs": {
                "use_dt": false,
                "markers_distance": 21,
                "markers_area": null
            }
        },
        "mode": "default"
    }
}