{
    "dataset": {
        "name": "CIL",
        "label_name": "neuron",
        "indices": [
            8,
            3,
            12,
            53,
            72
        ]
    },
    "individual": {
        "sequence": "[[0, 0, 0, 0, 0], [0, 0, 0, 0, 0], [5, 1, 1, 14, 247], [40, 2, 1, 8, 199], [40, 0, 1, 13, 152], [14, 4, 1, 8, 152], [7, 5, 0, 49, 165], [30, 3, 4, 206, 151], [34, 6, 5, 239, 88], [29, 3, 7, 221, 26], [14, 3, 3, 19, 153], [19, 5, 8, 169, 138], [36, 9, 7, 220, 156], [1, 3, 6, 160, 44], [1, 1, 8, 37, 71], [14, 3, 13, 55, 213], [8, 10, 3, 150, 237], [28, 12, 2, 148, 144], [4, 16, 16, 51, 255], [30, 5, 14, 23, 188], [16, 9, 6, 130, 201], [9, 7, 8, 0, 42], [13, 15, 5, 189, 247], [10, 10, 1, 4, 35], [10, 3, 23, 106, 161], [3, 9, 6, 154, 172], [26, 9, 22, 67, 252], [29, 6, 11, 252, 148], [32, 11, 4, 80, 104], [28, 16, 25, 79, 240], [35, 27, 7, 30, 162], [10, 27, 27, 234, 154], [0, 25, 0, 0, 0], [0, 16, 0, 0, 0]]",
        "fitness": {
            "fitness": 0.1079513430595398,
            "time": 0.08740706443786621
        }
    },
    "decoding": {
        "metadata": {
            "rows": 1,
            "columns": 30,
            "n_in": 2,
            "n_out": 2,
            "n_para": 2,
            "n_conn": 2
        },
        "functions": [
            "max",
            "min",
            "mean",
            "add",
            "subtract",
            "bitwise_not",
            "bitwise_or",
            "bitwise_and",
            "bitwise_and_mask",
            "bitwise_xor",
            "sqrt",
            "pow2",
            "exp",
            "log",
            "median_blur",
            "gaussian_blur",
            "laplacian",
            "sobel",
            "robert_cross",
            "canny",
            "sharpen",
            "gabor",
            "abs_diff",
            "abs_diff2",
            "fluo_tophat",
            "rel_diff",
            "erode",
            "dilate",
            "open",
            "close",
            "morph_gradient",
            "morph_tophat",
            "morph_blackhat",
            "fill_holes",
            "remove_small_objects",
            "remove_small_holes",
            "threshold",
            "threshold_at_1",
            "distance_transform",
            "distance_transform_and_thresh",
            "inrange_bin",
            "inrange"
        ],
        "endpoint": {
            "name": "W",
            "abbv": "WSHD",
            "arity": 2,
            "p": 0,
            "kwargs": {
                "use_dt": false,
                "markers_distance": 21,
                "markers_area": null
            }
        },
        "mode": "default"
    }
}