{
    "dataset": {
        "name": "CIL",
        "label_name": "neuron",
        "indices": [
            49,
            48,
            61,
            58,
            24,
            74,
            59,
            12,
            25,
            30,
            52,
            79,
            13,
            77,
            41,
            17,
            62,
            60,
            21,
            69,
            64,
            0,
            55,
            20,
            2,
            9,
            56,
            72,
            6,
            35,
            32,
            63,
            76,
            45,
            71,
            18,
            37,
            22,
            29,
            27,
            38,
            53,
            80,
            65,
            4,
            5,
            82,
            39,
            16,
            28
        ]
    },
    "individual": {
        "sequence": "[[0, 0, 0, 0, 0], [0, 0, 0, 0, 0], [31, 0, 0, 189, 24], [36, 1, 2, 163, 45], [21, 0, 3, 193, 90], [22, 3, 4, 1, 202], [26, 3, 3, 110, 61], [8, 2, 3, 153, 152], [18, 3, 2, 128, 182], [17, 4, 1, 105, 160], [18, 2, 2, 94, 91], [29, 7, 0, 40, 197], [20, 9, 11, 69, 154], [26, 4, 3, 223, 49], [34, 2, 2, 30, 98], [17, 8, 3, 191, 213], [36, 6, 8, 83, 35], [26, 8, 2, 89, 95], [29, 14, 11, 60, 63], [2, 8, 2, 40, 124], [10, 18, 1, 143, 134], [18, 3, 6, 52, 8], [28, 3, 20, 17, 75], [12, 5, 10, 53, 116], [0, 10, 6, 23, 10], [0, 11, 23, 219, 184], [1, 11, 2, 22, 252], [10, 2, 25, 179, 163], [8, 11, 22, 73, 55], [9, 11, 11, 250, 1], [2, 8, 19, 71, 37], [30, 21, 29, 226, 11], [0, 30, 0, 0, 0], [0, 28, 0, 0, 0]]",
        "fitness": {
            "fitness": 0.14413070559501648,
            "time": 0.0406309986114502
        }
    },
    "decoding": {
        "metadata": {
            "rows": 1,
            "columns": 30,
            "n_in": 2,
            "n_out": 2,
            "n_para": 2,
            "n_conn": 2
        },
        "functions": [
            "max",
            "min",
            "mean",
            "add",
            "subtract",
            "bitwise_not",
            "bitwise_or",
            "bitwise_and",
            "bitwise_and_mask",
            "bitwise_xor",
            "sqrt",
            "pow2",
            "exp",
            "log",
            "median_blur",
            "gaussian_blur",
            "laplacian",
            "sobel",
            "robert_cross",
            "canny",
            "sharpen",
            "gabor",
            "abs_diff",
            "abs_diff2",
            "fluo_tophat",
            "rel_diff",
            "erode",
            "dilate",
            "open",
            "close",
            "morph_gradient",
            "morph_tophat",
            "morph_blackhat",
            "fill_holes",
            "remove_small_objects",
            "remove_small_holes",
            "threshold",
            "threshold_at_1",
            "distance_transform",
            "distance_transform_and_thresh",
            "inrange_bin",
            "inrange"
        ],
        "endpoint": {
            "name": "W",
            "abbv": "WSHD",
            "arity": 2,
            "p": 0,
            "kwargs": {
                "use_dt": false,
                "markers_distance": 21,
                "markers_area": null
            }
        },
        "mode": "default"
    }
}