{
    "dataset": {
        "name": "CIL",
        "label_name": "neuron",
        "indices": [
            41,
            75,
            36,
            19,
            17,
            52,
            7,
            44,
            73,
            14,
            21,
            74,
            20
        ]
    },
    "individual": {
        "sequence": "[[0, 0, 0, 0, 0], [0, 0, 0, 0, 0], [24, 0, 0, 19, 76], [3, 2, 2, 46, 196], [11, 2, 0, 145, 125], [28, 0, 0, 1, 31], [18, 4, 0, 246, 136], [6, 4, 4, 72, 82], [23, 1, 4, 4, 27], [36, 1, 1, 30, 38], [0, 7, 7, 57, 102], [11, 3, 7, 198, 103], [34, 9, 0, 27, 106], [12, 10, 3, 227, 111], [9, 9, 5, 42, 239], [7, 5, 7, 190, 94], [26, 5, 15, 131, 32], [10, 12, 9, 209, 243], [7, 0, 1, 203, 206], [8, 14, 11, 168, 57], [31, 1, 16, 244, 228], [29, 11, 11, 50, 17], [21, 13, 8, 215, 142], [23, 8, 3, 219, 6], [10, 11, 22, 76, 178], [10, 13, 21, 160, 206], [4, 7, 21, 167, 150], [38, 11, 19, 201, 62], [7, 7, 21, 101, 45], [6, 16, 7, 2, 118], [5, 5, 5, 223, 169], [7, 11, 2, 156, 251], [0, 19, 0, 0, 0], [0, 12, 0, 0, 0]]",
        "fitness": {
            "fitness": 0.12567973136901855,
            "time": 0.0537420786344088
        }
    },
    "decoding": {
        "metadata": {
            "rows": 1,
            "columns": 30,
            "n_in": 2,
            "n_out": 2,
            "n_para": 2,
            "n_conn": 2
        },
        "functions": [
            "max",
            "min",
            "mean",
            "add",
            "subtract",
            "bitwise_not",
            "bitwise_or",
            "bitwise_and",
            "bitwise_and_mask",
            "bitwise_xor",
            "sqrt",
            "pow2",
            "exp",
            "log",
            "median_blur",
            "gaussian_blur",
            "laplacian",
            "sobel",
            "robert_cross",
            "canny",
            "sharpen",
            "gabor",
            "abs_diff",
            "abs_diff2",
            "fluo_tophat",
            "rel_diff",
            "erode",
            "dilate",
            "open",
            "close",
            "morph_gradient",
            "morph_tophat",
            "morph_blackhat",
            "fill_holes",
            "remove_small_objects",
            "remove_small_holes",
            "threshold",
            "threshold_at_1",
            "distance_transform",
            "distance_transform_and_thresh",
            "inrange_bin",
            "inrange"
        ],
        "endpoint": {
            "name": "Marker-Based Watershed",
            "abbv": "WSHD",
            "arity": 2,
            "p": 0,
            "kwargs": {
                "use_dt": false,
                "markers_distance": 21,
                "markers_area": null
            }
        },
        "mode": "default"
    }
}