{
    "dataset": {
        "name": "CIL",
        "label_name": "neuron",
        "indices": [
            48,
            27,
            37,
            23,
            20,
            67,
            50,
            19,
            15,
            28,
            42,
            47,
            79,
            31,
            75
        ]
    },
    "individual": {
        "sequence": "[[0, 0, 0, 0, 0], [0, 0, 0, 0, 0], [39, 1, 1, 205, 115], [33, 2, 2, 27, 47], [3, 1, 3, 98, 191], [22, 4, 1, 106, 169], [6, 4, 2, 80, 73], [15, 1, 5, 4, 61], [19, 5, 1, 1, 152], [16, 7, 8, 212, 20], [23, 5, 3, 91, 129], [10, 7, 10, 184, 80], [33, 10, 6, 157, 38], [9, 4, 4, 253, 10], [19, 5, 7, 20, 126], [18, 0, 2, 251, 103], [30, 10, 2, 238, 83], [32, 13, 4, 187, 62], [27, 7, 0, 136, 190], [34, 1, 9, 34, 151], [32, 15, 9, 135, 80], [37, 1, 5, 57, 253], [9, 9, 11, 25, 118], [41, 0, 6, 10, 185], [13, 23, 4, 163, 182], [40, 8, 8, 227, 241], [17, 4, 25, 3, 112], [40, 11, 25, 233, 111], [40, 11, 21, 249, 20], [41, 6, 7, 165, 79], [18, 7, 23, 36, 57], [30, 16, 9, 67, 244], [0, 24, 0, 0, 0], [0, 27, 0, 0, 0]]",
        "fitness": {
            "fitness": 0.14009443124135335,
            "time": 0.030972830454508462
        }
    },
    "decoding": {
        "metadata": {
            "rows": 1,
            "columns": 30,
            "n_in": 2,
            "n_out": 2,
            "n_para": 2,
            "n_conn": 2
        },
        "functions": [
            "max",
            "min",
            "mean",
            "add",
            "subtract",
            "bitwise_not",
            "bitwise_or",
            "bitwise_and",
            "bitwise_and_mask",
            "bitwise_xor",
            "sqrt",
            "pow2",
            "exp",
            "log",
            "median_blur",
            "gaussian_blur",
            "laplacian",
            "sobel",
            "robert_cross",
            "canny",
            "sharpen",
            "gabor",
            "abs_diff",
            "abs_diff2",
            "fluo_tophat",
            "rel_diff",
            "erode",
            "dilate",
            "open",
            "close",
            "morph_gradient",
            "morph_tophat",
            "morph_blackhat",
            "fill_holes",
            "remove_small_objects",
            "remove_small_holes",
            "threshold",
            "threshold_at_1",
            "distance_transform",
            "distance_transform_and_thresh",
            "inrange_bin",
            "inrange"
        ],
        "endpoint": {
            "name": "W",
            "abbv": "WSHD",
            "arity": 2,
            "p": 0,
            "kwargs": {
                "use_dt": false,
                "markers_distance": 21,
                "markers_area": null
            }
        },
        "mode": "default"
    }
}