{
    "dataset": {
        "name": "CIL",
        "label_name": "neuron",
        "indices": [
            4,
            17,
            84,
            77,
            55,
            18,
            36,
            74,
            15,
            80,
            86,
            64,
            13,
            70,
            27,
            6,
            47,
            3,
            85,
            60,
            21,
            56,
            59,
            88,
            32,
            83,
            76,
            2,
            12,
            34,
            73,
            40,
            16,
            11,
            31,
            65,
            25,
            35,
            58,
            49
        ]
    },
    "individual": {
        "sequence": "[[0, 0, 0, 0, 0], [0, 0, 0, 0, 0], [31, 1, 1, 90, 116], [4, 0, 2, 171, 251], [2, 3, 2, 207, 233], [2, 4, 0, 232, 188], [13, 5, 1, 118, 99], [34, 1, 6, 133, 211], [28, 2, 7, 49, 89], [9, 1, 8, 178, 62], [28, 7, 0, 71, 137], [14, 9, 6, 69, 75], [0, 7, 7, 30, 213], [40, 9, 4, 25, 197], [24, 0, 10, 252, 28], [41, 8, 4, 174, 5], [17, 6, 4, 26, 107], [39, 13, 0, 12, 200], [18, 9, 16, 192, 25], [16, 14, 10, 171, 41], [18, 2, 17, 130, 93], [3, 13, 1, 42, 193], [32, 17, 19, 183, 92], [0, 2, 14, 178, 54], [7, 15, 9, 216, 230], [28, 1, 5, 45, 138], [20, 15, 23, 98, 28], [3, 18, 25, 30, 3], [5, 27, 24, 182, 150], [32, 1, 8, 142, 197], [19, 1, 2, 50, 148], [12, 6, 9, 137, 80], [0, 31, 0, 0, 0], [0, 26, 0, 0, 0]]",
        "fitness": {
            "fitness": 0.17546114176511765,
            "time": 0.032764071226119997
        }
    },
    "decoding": {
        "metadata": {
            "rows": 1,
            "columns": 30,
            "n_in": 2,
            "n_out": 2,
            "n_para": 2,
            "n_conn": 2
        },
        "functions": [
            "max",
            "min",
            "mean",
            "add",
            "subtract",
            "bitwise_not",
            "bitwise_or",
            "bitwise_and",
            "bitwise_and_mask",
            "bitwise_xor",
            "sqrt",
            "pow2",
            "exp",
            "log",
            "median_blur",
            "gaussian_blur",
            "laplacian",
            "sobel",
            "robert_cross",
            "canny",
            "sharpen",
            "gabor",
            "abs_diff",
            "abs_diff2",
            "fluo_tophat",
            "rel_diff",
            "erode",
            "dilate",
            "open",
            "close",
            "morph_gradient",
            "morph_tophat",
            "morph_blackhat",
            "fill_holes",
            "remove_small_objects",
            "remove_small_holes",
            "threshold",
            "threshold_at_1",
            "distance_transform",
            "distance_transform_and_thresh",
            "inrange_bin",
            "inrange"
        ],
        "endpoint": {
            "name": "Marker-Based Watershed",
            "abbv": "WSHD",
            "arity": 2,
            "args": 0,
            "kwargs": {
                "use_dt": false,
                "markers_distance": 21,
                "markers_area": null
            }
        },
        "mode": "default"
    }
}