{
    "dataset": {
        "name": "CIL",
        "label_name": "neuron",
        "indices": [
            74,
            83,
            35,
            81,
            43,
            5,
            47,
            80,
            29,
            66,
            76
        ]
    },
    "individual": {
        "sequence": "[[0, 0, 0, 0, 0], [0, 0, 0, 0, 0], [13, 0, 0, 22, 244], [20, 1, 1, 217, 211], [9, 3, 1, 166, 129], [19, 4, 2, 187, 14], [21, 0, 4, 87, 209], [34, 5, 3, 4, 40], [7, 5, 5, 248, 211], [6, 1, 7, 155, 170], [40, 9, 3, 51, 253], [23, 1, 3, 182, 15], [37, 2, 6, 255, 241], [3, 2, 12, 141, 139], [4, 0, 5, 87, 155], [35, 4, 7, 194, 163], [36, 8, 0, 57, 66], [31, 6, 13, 14, 186], [34, 10, 15, 11, 62], [5, 2, 10, 149, 92], [39, 15, 10, 22, 126], [30, 13, 19, 193, 23], [9, 2, 4, 0, 64], [39, 21, 6, 27, 43], [16, 0, 9, 242, 92], [19, 20, 9, 80, 20], [3, 23, 7, 60, 35], [38, 6, 12, 1, 201], [4, 1, 10, 137, 81], [16, 5, 3, 123, 7], [5, 28, 28, 151, 197], [11, 22, 26, 139, 30], [0, 12, 0, 0, 0], [0, 18, 0, 0, 0]]",
        "fitness": {
            "fitness": 0.16404442353682083,
            "time": 0.04108418117869984
        }
    },
    "decoding": {
        "metadata": {
            "rows": 1,
            "columns": 30,
            "n_in": 2,
            "n_out": 2,
            "n_para": 2,
            "n_conn": 2
        },
        "functions": [
            "max",
            "min",
            "mean",
            "add",
            "subtract",
            "bitwise_not",
            "bitwise_or",
            "bitwise_and",
            "bitwise_and_mask",
            "bitwise_xor",
            "sqrt",
            "pow2",
            "exp",
            "log",
            "median_blur",
            "gaussian_blur",
            "laplacian",
            "sobel",
            "robert_cross",
            "canny",
            "sharpen",
            "gabor",
            "abs_diff",
            "abs_diff2",
            "fluo_tophat",
            "rel_diff",
            "erode",
            "dilate",
            "open",
            "close",
            "morph_gradient",
            "morph_tophat",
            "morph_blackhat",
            "fill_holes",
            "remove_small_objects",
            "remove_small_holes",
            "threshold",
            "threshold_at_1",
            "distance_transform",
            "distance_transform_and_thresh",
            "inrange_bin",
            "inrange"
        ],
        "endpoint": {
            "name": "Marker-Based Watershed",
            "abbv": "WSHD",
            "arity": 2,
            "p": 0,
            "kwargs": {
                "use_dt": false,
                "markers_distance": 21,
                "markers_area": null
            }
        },
        "mode": "default"
    }
}