{
    "dataset": {
        "name": "CIL",
        "label_name": "neuron",
        "indices": [
            48,
            54,
            30,
            87,
            7,
            63,
            81,
            66,
            42,
            10,
            71,
            31,
            50,
            20,
            80,
            49,
            3,
            14,
            12,
            43,
            44,
            67,
            25,
            62,
            37,
            70,
            22,
            45,
            29,
            39
        ]
    },
    "individual": {
        "sequence": "[[0, 0, 0, 0, 0], [0, 0, 0, 0, 0], [24, 0, 1, 33, 177], [28, 1, 0, 6, 40], [8, 0, 0, 159, 12], [1, 3, 0, 115, 114], [27, 4, 1, 64, 153], [3, 5, 2, 72, 203], [40, 3, 5, 44, 230], [10, 8, 8, 84, 212], [15, 5, 5, 14, 62], [7, 7, 6, 29, 222], [39, 10, 7, 252, 186], [24, 2, 10, 134, 172], [13, 11, 5, 16, 75], [26, 2, 4, 170, 124], [41, 14, 14, 151, 108], [3, 2, 1, 239, 148], [11, 7, 13, 106, 219], [13, 5, 18, 136, 159], [28, 9, 14, 113, 20], [25, 17, 9, 126, 97], [20, 16, 4, 214, 65], [24, 20, 18, 91, 247], [9, 1, 17, 218, 75], [36, 2, 0, 193, 132], [21, 3, 24, 222, 29], [10, 23, 4, 181, 247], [34, 20, 5, 129, 119], [22, 0, 9, 93, 202], [37, 28, 1, 212, 213], [31, 25, 6, 247, 163], [0, 18, 0, 0, 0], [0, 8, 0, 0, 0]]",
        "fitness": {
            "fitness": 0.11746682524681092,
            "time": 0.04436153570810954
        }
    },
    "decoding": {
        "metadata": {
            "rows": 1,
            "columns": 30,
            "n_in": 2,
            "n_out": 2,
            "n_para": 2,
            "n_conn": 2
        },
        "functions": [
            "max",
            "min",
            "mean",
            "add",
            "subtract",
            "bitwise_not",
            "bitwise_or",
            "bitwise_and",
            "bitwise_and_mask",
            "bitwise_xor",
            "sqrt",
            "pow2",
            "exp",
            "log",
            "median_blur",
            "gaussian_blur",
            "laplacian",
            "sobel",
            "robert_cross",
            "canny",
            "sharpen",
            "gabor",
            "abs_diff",
            "abs_diff2",
            "fluo_tophat",
            "rel_diff",
            "erode",
            "dilate",
            "open",
            "close",
            "morph_gradient",
            "morph_tophat",
            "morph_blackhat",
            "fill_holes",
            "remove_small_objects",
            "remove_small_holes",
            "threshold",
            "threshold_at_1",
            "distance_transform",
            "distance_transform_and_thresh",
            "inrange_bin",
            "inrange"
        ],
        "endpoint": {
            "name": "Marker-Based Watershed",
            "abbv": "WSHD",
            "arity": 2,
            "args": 0,
            "kwargs": {
                "use_dt": false,
                "markers_distance": 21,
                "markers_area": null
            }
        },
        "mode": "default"
    }
}