{
    "dataset": {
        "name": "CIL",
        "label_name": "neuron",
        "indices": [
            74,
            73,
            28,
            26,
            30,
            76
        ]
    },
    "individual": {
        "sequence": "[[0, 0, 0, 0, 0], [0, 0, 0, 0, 0], [26, 1, 0, 68, 61], [16, 1, 1, 101, 19], [4, 3, 0, 5, 148], [23, 0, 1, 210, 47], [37, 1, 3, 221, 9], [31, 2, 6, 148, 195], [3, 3, 2, 37, 229], [7, 3, 1, 167, 44], [23, 2, 1, 53, 9], [37, 7, 5, 37, 227], [25, 7, 7, 233, 118], [6, 4, 7, 22, 110], [10, 3, 0, 7, 112], [38, 10, 11, 39, 230], [2, 0, 5, 97, 95], [10, 3, 10, 86, 24], [26, 1, 15, 211, 199], [8, 2, 9, 26, 65], [35, 11, 19, 130, 226], [36, 9, 9, 102, 49], [13, 0, 3, 37, 56], [3, 1, 12, 201, 241], [16, 21, 13, 21, 22], [0, 23, 6, 157, 176], [35, 11, 2, 113, 112], [11, 13, 26, 255, 150], [25, 14, 18, 10, 223], [26, 11, 2, 11, 91], [2, 29, 22, 242, 183], [41, 12, 19, 71, 219], [0, 30, 0, 0, 0], [0, 24, 0, 0, 0]]",
        "fitness": {
            "fitness": 0.16266454259554544,
            "time": 0.03159550825754801
        }
    },
    "decoding": {
        "metadata": {
            "rows": 1,
            "columns": 30,
            "n_in": 2,
            "n_out": 2,
            "n_para": 2,
            "n_conn": 2
        },
        "functions": [
            "max",
            "min",
            "mean",
            "add",
            "subtract",
            "bitwise_not",
            "bitwise_or",
            "bitwise_and",
            "bitwise_and_mask",
            "bitwise_xor",
            "sqrt",
            "pow2",
            "exp",
            "log",
            "median_blur",
            "gaussian_blur",
            "laplacian",
            "sobel",
            "robert_cross",
            "canny",
            "sharpen",
            "gabor",
            "abs_diff",
            "abs_diff2",
            "fluo_tophat",
            "rel_diff",
            "erode",
            "dilate",
            "open",
            "close",
            "morph_gradient",
            "morph_tophat",
            "morph_blackhat",
            "fill_holes",
            "remove_small_objects",
            "remove_small_holes",
            "threshold",
            "threshold_at_1",
            "distance_transform",
            "distance_transform_and_thresh",
            "inrange_bin",
            "inrange"
        ],
        "endpoint": {
            "name": "W",
            "abbv": "WSHD",
            "arity": 2,
            "p": 0,
            "kwargs": {
                "use_dt": false,
                "markers_distance": 21,
                "markers_area": null
            }
        },
        "mode": "default"
    }
}