{
    "dataset": {
        "name": "CIL",
        "label_name": "neuron",
        "indices": [
            50,
            58,
            83,
            30,
            18,
            47,
            69,
            21,
            24,
            15,
            14,
            12,
            38,
            63
        ]
    },
    "individual": {
        "sequence": "[[0, 0, 0, 0, 0], [0, 0, 0, 0, 0], [24, 1, 0, 81, 237], [4, 2, 1, 65, 39], [24, 3, 0, 192, 64], [3, 3, 3, 67, 40], [31, 0, 1, 174, 16], [19, 6, 6, 162, 23], [24, 5, 3, 106, 132], [26, 1, 7, 0, 231], [2, 6, 3, 253, 222], [41, 6, 6, 50, 101], [21, 7, 2, 211, 124], [6, 0, 5, 239, 163], [27, 8, 0, 74, 44], [28, 12, 8, 8, 103], [36, 9, 14, 1, 38], [2, 0, 12, 85, 205], [18, 2, 1, 0, 163], [11, 11, 3, 178, 14], [35, 18, 1, 10, 250], [21, 11, 13, 91, 107], [41, 5, 1, 22, 182], [31, 18, 3, 18, 126], [6, 14, 2, 211, 254], [10, 2, 5, 167, 246], [15, 24, 19, 236, 196], [24, 22, 8, 37, 113], [41, 11, 13, 14, 113], [39, 23, 25, 150, 24], [35, 28, 26, 189, 176], [9, 28, 20, 6, 233], [0, 10, 0, 0, 0], [0, 16, 0, 0, 0]]",
        "fitness": {
            "fitness": 0.1392193649496351,
            "time": 0.04695277554648263
        }
    },
    "decoding": {
        "metadata": {
            "rows": 1,
            "columns": 30,
            "n_in": 2,
            "n_out": 2,
            "n_para": 2,
            "n_conn": 2
        },
        "functions": [
            "max",
            "min",
            "mean",
            "add",
            "subtract",
            "bitwise_not",
            "bitwise_or",
            "bitwise_and",
            "bitwise_and_mask",
            "bitwise_xor",
            "sqrt",
            "pow2",
            "exp",
            "log",
            "median_blur",
            "gaussian_blur",
            "laplacian",
            "sobel",
            "robert_cross",
            "canny",
            "sharpen",
            "gabor",
            "abs_diff",
            "abs_diff2",
            "fluo_tophat",
            "rel_diff",
            "erode",
            "dilate",
            "open",
            "close",
            "morph_gradient",
            "morph_tophat",
            "morph_blackhat",
            "fill_holes",
            "remove_small_objects",
            "remove_small_holes",
            "threshold",
            "threshold_at_1",
            "distance_transform",
            "distance_transform_and_thresh",
            "inrange_bin",
            "inrange"
        ],
        "endpoint": {
            "name": "Marker-Based Watershed",
            "abbv": "WSHD",
            "arity": 2,
            "p": 0,
            "kwargs": {
                "use_dt": false,
                "markers_distance": 21,
                "markers_area": null
            }
        },
        "mode": "default"
    }
}