{
    "dataset": {
        "name": "CIL",
        "label_name": "neuron",
        "indices": [
            30,
            60,
            22,
            23,
            76,
            25,
            64,
            51,
            12,
            53,
            17,
            86,
            74,
            24,
            35,
            88,
            15,
            46,
            13,
            31,
            42,
            50,
            85,
            21,
            78,
            29,
            43,
            72,
            37,
            18,
            33,
            19,
            71,
            7,
            45,
            73,
            38,
            49,
            68,
            28,
            3,
            80,
            14,
            62,
            75,
            36,
            47,
            54,
            48,
            67,
            44,
            6,
            52,
            65,
            0,
            61,
            40,
            83,
            32,
            70,
            63,
            16,
            66,
            41,
            11,
            77,
            79,
            59,
            2,
            69,
            84,
            27,
            39,
            20,
            56,
            58,
            4,
            34,
            9,
            5
        ]
    },
    "individual": {
        "sequence": "[[0, 0, 0, 0, 0], [0, 0, 0, 0, 0], [31, 0, 0, 252, 229], [7, 2, 1, 21, 88], [23, 3, 0, 66, 147], [40, 1, 3, 45, 248], [29, 3, 0, 86, 229], [1, 5, 2, 34, 233], [2, 2, 3, 156, 85], [3, 0, 3, 225, 226], [3, 7, 7, 107, 95], [2, 10, 8, 82, 152], [28, 10, 4, 10, 141], [30, 0, 3, 13, 91], [31, 3, 12, 62, 111], [22, 6, 3, 153, 117], [32, 4, 7, 103, 12], [32, 15, 10, 116, 206], [19, 17, 2, 27, 97], [37, 11, 4, 186, 51], [24, 16, 18, 154, 163], [40, 4, 3, 123, 80], [39, 9, 12, 162, 214], [26, 12, 14, 5, 19], [18, 20, 1, 32, 6], [13, 10, 6, 198, 58], [39, 19, 22, 213, 120], [26, 22, 15, 178, 14], [16, 12, 0, 226, 87], [21, 6, 23, 55, 148], [10, 4, 19, 168, 35], [10, 6, 19, 221, 30], [0, 19, 0, 0, 0], [0, 12, 0, 0, 0]]",
        "fitness": {
            "fitness": 0.14064618274569513,
            "time": 0.028791341185569762
        }
    },
    "decoding": {
        "metadata": {
            "rows": 1,
            "columns": 30,
            "n_in": 2,
            "n_out": 2,
            "n_para": 2,
            "n_conn": 2
        },
        "functions": [
            "max",
            "min",
            "mean",
            "add",
            "subtract",
            "bitwise_not",
            "bitwise_or",
            "bitwise_and",
            "bitwise_and_mask",
            "bitwise_xor",
            "sqrt",
            "pow2",
            "exp",
            "log",
            "median_blur",
            "gaussian_blur",
            "laplacian",
            "sobel",
            "robert_cross",
            "canny",
            "sharpen",
            "gabor",
            "abs_diff",
            "abs_diff2",
            "fluo_tophat",
            "rel_diff",
            "erode",
            "dilate",
            "open",
            "close",
            "morph_gradient",
            "morph_tophat",
            "morph_blackhat",
            "fill_holes",
            "remove_small_objects",
            "remove_small_holes",
            "threshold",
            "threshold_at_1",
            "distance_transform",
            "distance_transform_and_thresh",
            "inrange_bin",
            "inrange"
        ],
        "endpoint": {
            "name": "Marker-Based Watershed",
            "abbv": "WSHD",
            "arity": 2,
            "args": 0,
            "kwargs": {
                "use_dt": false,
                "markers_distance": 21,
                "markers_area": null
            }
        },
        "mode": "default"
    }
}