{
    "dataset": {
        "name": "Melanoma",
        "label_name": "melanoma",
        "indices": null
    },
    "individual": {
        "sequence": "[[0, 0, 0, 0, 0], [0, 0, 0, 0, 0], [0, 0, 0, 0, 0], [1, 1, 2, 174, 62], [10, 1, 0, 224, 220], [11, 0, 1, 163, 190], [3, 0, 4, 105, 117], [2, 5, 2, 74, 246], [1, 5, 2, 11, 110], [26, 3, 6, 99, 81], [24, 9, 4, 97, 75], [36, 10, 10, 171, 181], [35, 3, 3, 244, 57], [40, 11, 2, 208, 167], [10, 8, 8, 161, 45], [27, 8, 8, 46, 201], [14, 4, 2, 255, 42], [16, 4, 14, 208, 74], [14, 12, 10, 123, 229], [18, 4, 7, 223, 168], [6, 11, 6, 233, 204], [27, 13, 20, 119, 116], [13, 1, 4, 159, 127], [25, 15, 18, 211, 22], [13, 4, 0, 109, 88], [18, 4, 4, 195, 70], [38, 12, 22, 29, 59], [39, 25, 23, 143, 201], [7, 22, 20, 164, 181], [25, 20, 3, 66, 209], [32, 2, 2, 58, 71], [15, 18, 4, 129, 45], [19, 1, 14, 132, 157], [0, 21, 0, 0, 0]]",
        "fitness": {
            "fitness": 0.2267278457681338,
            "time": 0.016856173674265545
        }
    },
    "decoding": {
        "metadata": {
            "rows": 1,
            "columns": 30,
            "n_in": 3,
            "n_out": 1,
            "n_para": 2,
            "n_conn": 2
        },
        "functions": [
            "max",
            "min",
            "mean",
            "add",
            "subtract",
            "bitwise_not",
            "bitwise_or",
            "bitwise_and",
            "bitwise_and_mask",
            "bitwise_xor",
            "sqrt",
            "pow2",
            "exp",
            "log",
            "median_blur",
            "gaussian_blur",
            "laplacian",
            "sobel",
            "robert_cross",
            "canny",
            "sharpen",
            "gabor",
            "abs_diff",
            "abs_diff2",
            "fluo_tophat",
            "rel_diff",
            "erode",
            "dilate",
            "open",
            "close",
            "morph_gradient",
            "morph_tophat",
            "morph_blackhat",
            "fill_holes",
            "remove_small_objects",
            "remove_small_holes",
            "threshold",
            "threshold_at_1",
            "distance_transform",
            "distance_transform_and_thresh",
            "inrange_bin",
            "inrange"
        ],
        "endpoint": {
            "name": "Labels",
            "abbv": "LABELS",
            "arity": 1,
            "args": 0,
            "kwargs": {
                "connectivity": 4
            }
        },
        "mode": "default"
    }
}