{
    "dataset": {
        "name": "CIL",
        "label_name": "neuron",
        "indices": [
            81,
            80,
            63,
            70,
            11,
            27,
            26,
            23,
            56,
            38,
            9,
            29,
            78,
            20,
            0,
            60,
            25,
            53,
            18,
            45
        ]
    },
    "individual": {
        "sequence": "[[0, 0, 0, 0, 0], [0, 0, 0, 0, 0], [40, 0, 0, 208, 51], [31, 2, 2, 176, 144], [7, 2, 2, 183, 30], [9, 0, 1, 249, 242], [1, 2, 3, 254, 193], [20, 1, 5, 7, 178], [41, 7, 3, 33, 217], [32, 7, 1, 247, 178], [18, 0, 1, 159, 64], [41, 7, 6, 132, 217], [25, 5, 0, 225, 253], [2, 0, 3, 207, 74], [24, 4, 1, 2, 56], [40, 12, 3, 83, 231], [8, 8, 6, 203, 207], [12, 11, 0, 163, 0], [18, 13, 3, 150, 118], [13, 7, 17, 61, 117], [31, 13, 13, 187, 219], [28, 14, 3, 190, 67], [32, 4, 20, 242, 66], [29, 7, 20, 188, 112], [34, 8, 22, 23, 172], [40, 17, 6, 23, 2], [24, 6, 9, 213, 37], [2, 20, 8, 220, 177], [23, 23, 12, 37, 0], [12, 1, 12, 51, 132], [15, 29, 12, 109, 23], [40, 12, 30, 0, 207], [0, 27, 0, 0, 0], [0, 24, 0, 0, 0]]",
        "fitness": {
            "fitness": 0.1310396045446396,
            "time": 0.035079360008239746
        }
    },
    "decoding": {
        "metadata": {
            "rows": 1,
            "columns": 30,
            "n_in": 2,
            "n_out": 2,
            "n_para": 2,
            "n_conn": 2
        },
        "functions": [
            "max",
            "min",
            "mean",
            "add",
            "subtract",
            "bitwise_not",
            "bitwise_or",
            "bitwise_and",
            "bitwise_and_mask",
            "bitwise_xor",
            "sqrt",
            "pow2",
            "exp",
            "log",
            "median_blur",
            "gaussian_blur",
            "laplacian",
            "sobel",
            "robert_cross",
            "canny",
            "sharpen",
            "gabor",
            "abs_diff",
            "abs_diff2",
            "fluo_tophat",
            "rel_diff",
            "erode",
            "dilate",
            "open",
            "close",
            "morph_gradient",
            "morph_tophat",
            "morph_blackhat",
            "fill_holes",
            "remove_small_objects",
            "remove_small_holes",
            "threshold",
            "threshold_at_1",
            "distance_transform",
            "distance_transform_and_thresh",
            "inrange_bin",
            "inrange"
        ],
        "endpoint": {
            "name": "W",
            "abbv": "WSHD",
            "arity": 2,
            "p": 0,
            "kwargs": {
                "use_dt": false,
                "markers_distance": 21,
                "markers_area": null
            }
        },
        "mode": "default"
    }
}