{
    "dataset": {
        "name": "CIL",
        "label_name": "neuron",
        "indices": [
            13,
            21,
            8,
            59,
            73,
            25,
            35,
            87,
            38,
            3,
            46,
            61,
            28,
            41,
            79,
            67,
            32,
            23,
            70,
            43,
            26,
            63,
            31,
            60,
            62,
            48,
            65,
            36,
            56,
            15,
            14,
            45,
            77,
            5,
            20,
            42,
            80,
            53,
            85,
            44,
            7,
            66,
            39,
            37,
            6,
            30,
            84,
            17,
            75,
            34,
            18,
            64,
            19,
            55,
            88,
            76,
            12,
            52,
            71,
            16,
            47,
            27,
            57,
            51,
            72,
            54,
            40,
            22,
            1,
            69
        ]
    },
    "individual": {
        "sequence": "[[0, 0, 0, 0, 0], [0, 0, 0, 0, 0], [5, 1, 0, 191, 175], [41, 2, 0, 208, 30], [13, 2, 1, 226, 73], [9, 2, 2, 107, 177], [24, 0, 1, 136, 131], [35, 0, 0, 96, 117], [4, 7, 0, 27, 22], [2, 6, 0, 148, 161], [11, 9, 7, 70, 18], [34, 3, 10, 12, 15], [8, 2, 5, 245, 94], [36, 0, 0, 247, 34], [0, 8, 0, 84, 67], [0, 10, 7, 203, 63], [3, 3, 10, 83, 39], [4, 4, 13, 69, 2], [38, 6, 6, 63, 167], [22, 3, 8, 220, 47], [35, 11, 8, 206, 125], [15, 16, 6, 11, 48], [23, 18, 21, 128, 38], [7, 4, 2, 117, 194], [1, 3, 3, 46, 98], [15, 20, 7, 141, 186], [38, 17, 15, 90, 213], [24, 25, 17, 224, 46], [30, 9, 1, 157, 151], [5, 25, 18, 81, 183], [20, 4, 24, 137, 35], [11, 27, 0, 209, 21], [0, 21, 0, 0, 0], [0, 11, 0, 0, 0]]",
        "fitness": {
            "fitness": 0.1508900318826948,
            "time": 0.04472292831965855
        }
    },
    "decoding": {
        "metadata": {
            "rows": 1,
            "columns": 30,
            "n_in": 2,
            "n_out": 2,
            "n_para": 2,
            "n_conn": 2
        },
        "functions": [
            "max",
            "min",
            "mean",
            "add",
            "subtract",
            "bitwise_not",
            "bitwise_or",
            "bitwise_and",
            "bitwise_and_mask",
            "bitwise_xor",
            "sqrt",
            "pow2",
            "exp",
            "log",
            "median_blur",
            "gaussian_blur",
            "laplacian",
            "sobel",
            "robert_cross",
            "canny",
            "sharpen",
            "gabor",
            "abs_diff",
            "abs_diff2",
            "fluo_tophat",
            "rel_diff",
            "erode",
            "dilate",
            "open",
            "close",
            "morph_gradient",
            "morph_tophat",
            "morph_blackhat",
            "fill_holes",
            "remove_small_objects",
            "remove_small_holes",
            "threshold",
            "threshold_at_1",
            "distance_transform",
            "distance_transform_and_thresh",
            "inrange_bin",
            "inrange"
        ],
        "endpoint": {
            "name": "Marker-Based Watershed",
            "abbv": "WSHD",
            "arity": 2,
            "args": 0,
            "kwargs": {
                "use_dt": false,
                "markers_distance": 21,
                "markers_area": null
            }
        },
        "mode": "default"
    }
}