{
    "dataset": {
        "name": "Tumor",
        "label_name": "tumor",
        "indices": null
    },
    "individual": {
        "sequence": "[[0, 0, 0, 0, 0], [0, 0, 0, 0, 0], [0, 0, 0, 0, 0], [12, 0, 1, 134, 243], [32, 3, 1, 64, 38], [22, 4, 1, 96, 1], [24, 1, 5, 182, 105], [3, 6, 6, 93, 37], [36, 6, 4, 64, 77], [7, 5, 5, 110, 230], [4, 6, 3, 132, 62], [22, 4, 6, 29, 106], [22, 10, 11, 0, 220], [6, 9, 3, 175, 153], [27, 0, 0, 141, 240], [36, 12, 7, 193, 108], [28, 15, 13, 178, 196], [9, 15, 8, 2, 162], [18, 13, 2, 215, 163], [18, 17, 10, 94, 11], [17, 19, 9, 202, 71], [17, 7, 14, 81, 37], [26, 19, 6, 64, 225], [29, 19, 18, 203, 4], [33, 19, 17, 20, 211], [20, 4, 8, 131, 124], [38, 2, 5, 249, 0], [13, 12, 3, 57, 36], [19, 2, 6, 135, 119], [8, 20, 26, 77, 218], [1, 21, 20, 23, 215], [22, 28, 14, 113, 23], [14, 24, 5, 115, 200], [0, 32, 0, 0, 0]]",
        "fitness": {
            "fitness": 0.1178490758026211,
            "time": 0.21262439092000326
        }
    },
    "decoding": {
        "metadata": {
            "rows": 1,
            "columns": 30,
            "n_in": 3,
            "n_out": 1,
            "n_para": 2,
            "n_conn": 2
        },
        "functions": [
            "max",
            "min",
            "mean",
            "add",
            "subtract",
            "bitwise_not",
            "bitwise_or",
            "bitwise_and",
            "bitwise_and_mask",
            "bitwise_xor",
            "sqrt",
            "pow2",
            "exp",
            "log",
            "median_blur",
            "gaussian_blur",
            "laplacian",
            "sobel",
            "robert_cross",
            "canny",
            "sharpen",
            "gabor",
            "abs_diff",
            "abs_diff2",
            "fluo_tophat",
            "rel_diff",
            "erode",
            "dilate",
            "open",
            "close",
            "morph_gradient",
            "morph_tophat",
            "morph_blackhat",
            "fill_holes",
            "remove_small_objects",
            "remove_small_holes",
            "threshold",
            "threshold_at_1",
            "distance_transform",
            "distance_transform_and_thresh",
            "inrange_bin",
            "inrange"
        ],
        "endpoint": {
            "name": "Threshold (t=4)",
            "abbv": "TRSH",
            "arity": 1,
            "p": 0,
            "kwargs": {
                "threshold": 4
            }
        },
        "mode": "default"
    }
}