{
    "dataset": {
        "name": "CIL",
        "label_name": "neuron",
        "indices": [
            74
        ]
    },
    "individual": {
        "sequence": "[[0, 0, 0, 0, 0], [0, 0, 0, 0, 0], [40, 0, 1, 10, 194], [1, 1, 2, 224, 30], [31, 3, 1, 227, 162], [4, 2, 2, 139, 208], [41, 5, 1, 129, 73], [13, 2, 1, 70, 82], [12, 0, 6, 170, 171], [41, 3, 6, 136, 33], [37, 6, 9, 171, 236], [30, 1, 10, 130, 140], [38, 10, 2, 246, 28], [13, 8, 0, 179, 192], [26, 13, 1, 225, 34], [0, 12, 13, 177, 54], [40, 1, 10, 239, 50], [9, 15, 13, 119, 46], [14, 1, 1, 67, 59], [33, 5, 17, 101, 24], [6, 10, 8, 184, 25], [28, 12, 6, 72, 75], [16, 4, 20, 1, 180], [9, 18, 18, 204, 25], [23, 15, 9, 210, 167], [40, 24, 12, 216, 161], [4, 3, 10, 232, 130], [20, 7, 6, 20, 231], [18, 1, 24, 119, 117], [40, 14, 20, 44, 255], [18, 26, 15, 247, 228], [9, 0, 22, 226, 235], [0, 3, 0, 0, 0], [0, 16, 0, 0, 0]]",
        "fitness": {
            "fitness": 0.06666666269302368,
            "time": 0.010525941848754883
        }
    },
    "decoding": {
        "metadata": {
            "rows": 1,
            "columns": 30,
            "n_in": 2,
            "n_out": 2,
            "n_para": 2,
            "n_conn": 2
        },
        "functions": [
            "max",
            "min",
            "mean",
            "add",
            "subtract",
            "bitwise_not",
            "bitwise_or",
            "bitwise_and",
            "bitwise_and_mask",
            "bitwise_xor",
            "sqrt",
            "pow2",
            "exp",
            "log",
            "median_blur",
            "gaussian_blur",
            "laplacian",
            "sobel",
            "robert_cross",
            "canny",
            "sharpen",
            "gabor",
            "abs_diff",
            "abs_diff2",
            "fluo_tophat",
            "rel_diff",
            "erode",
            "dilate",
            "open",
            "close",
            "morph_gradient",
            "morph_tophat",
            "morph_blackhat",
            "fill_holes",
            "remove_small_objects",
            "remove_small_holes",
            "threshold",
            "threshold_at_1",
            "distance_transform",
            "distance_transform_and_thresh",
            "inrange_bin",
            "inrange"
        ],
        "endpoint": {
            "name": "W",
            "abbv": "WSHD",
            "arity": 2,
            "p": 0,
            "kwargs": {
                "use_dt": false,
                "markers_distance": 21,
                "markers_area": null
            }
        },
        "mode": "default"
    }
}