{
    "dataset": {
        "name": "Melanoma",
        "label_name": "melanoma",
        "indices": null
    },
    "individual": {
        "sequence": "[[0, 0, 0, 0, 0], [0, 0, 0, 0, 0], [0, 0, 0, 0, 0], [4, 2, 0, 85, 216], [31, 2, 3, 82, 32], [0, 3, 2, 88, 19], [36, 3, 0, 239, 28], [14, 6, 4, 57, 152], [15, 5, 4, 205, 201], [22, 4, 2, 14, 125], [39, 4, 6, 109, 49], [4, 6, 8, 180, 20], [1, 0, 8, 114, 190], [5, 9, 12, 155, 110], [1, 8, 7, 59, 161], [13, 0, 2, 156, 246], [21, 3, 13, 5, 41], [28, 2, 8, 23, 137], [14, 15, 5, 118, 126], [15, 14, 9, 23, 193], [21, 3, 6, 73, 130], [34, 16, 14, 20, 145], [30, 7, 10, 199, 71], [19, 6, 2, 158, 215], [23, 11, 23, 207, 117], [34, 11, 1, 202, 69], [27, 15, 6, 165, 187], [25, 4, 6, 246, 227], [35, 10, 25, 141, 55], [19, 19, 15, 152, 124], [12, 2, 27, 108, 82], [27, 14, 18, 156, 121], [26, 8, 8, 134, 40], [0, 6, 0, 0, 0], [0, 25, 0, 0, 0]]",
        "fitness": {
            "fitness": 0.17482885966698328,
            "time": 0.011518557866414389
        }
    },
    "decoding": {
        "metadata": {
            "rows": 1,
            "columns": 30,
            "n_in": 3,
            "n_out": 2,
            "n_para": 2,
            "n_conn": 2
        },
        "functions": [
            "max",
            "min",
            "mean",
            "add",
            "subtract",
            "bitwise_not",
            "bitwise_or",
            "bitwise_and",
            "bitwise_and_mask",
            "bitwise_xor",
            "sqrt",
            "pow2",
            "exp",
            "log",
            "median_blur",
            "gaussian_blur",
            "laplacian",
            "sobel",
            "robert_cross",
            "canny",
            "sharpen",
            "gabor",
            "abs_diff",
            "abs_diff2",
            "fluo_tophat",
            "rel_diff",
            "erode",
            "dilate",
            "open",
            "close",
            "morph_gradient",
            "morph_tophat",
            "morph_blackhat",
            "fill_holes",
            "remove_small_objects",
            "remove_small_holes",
            "threshold",
            "threshold_at_1",
            "distance_transform",
            "distance_transform_and_thresh",
            "inrange_bin",
            "inrange"
        ],
        "endpoint": {
            "name": "Marker-Based Watershed",
            "abbv": "WSHD",
            "arity": 2,
            "args": 0,
            "kwargs": {
                "use_dt": false,
                "markers_distance": 21,
                "markers_area": null
            }
        },
        "mode": "default"
    }
}