{
    "dataset": {
        "name": "CIL",
        "label_name": "neuron",
        "indices": [
            28,
            0,
            36,
            64,
            80,
            45,
            2,
            13,
            55,
            76,
            78,
            52,
            19,
            42,
            9,
            5,
            88,
            48,
            4,
            73,
            60,
            87,
            35,
            40,
            77,
            74,
            26,
            67,
            51,
            27,
            8,
            79,
            86,
            61,
            31,
            43,
            37,
            53,
            72,
            59,
            57,
            32,
            12,
            81,
            47,
            54,
            46,
            75,
            85,
            70
        ]
    },
    "individual": {
        "sequence": "[[0, 0, 0, 0, 0], [0, 0, 0, 0, 0], [5, 1, 0, 210, 167], [32, 2, 1, 252, 40], [19, 3, 1, 145, 14], [3, 0, 0, 151, 254], [27, 5, 5, 193, 168], [11, 5, 6, 21, 59], [28, 6, 0, 79, 250], [20, 4, 5, 190, 46], [18, 4, 5, 55, 251], [15, 5, 6, 255, 50], [35, 10, 7, 250, 67], [17, 6, 7, 81, 1], [24, 7, 8, 78, 17], [22, 12, 10, 157, 98], [29, 11, 3, 204, 125], [18, 12, 16, 61, 103], [25, 6, 7, 176, 211], [14, 2, 5, 116, 247], [23, 7, 14, 0, 84], [26, 11, 10, 226, 101], [28, 2, 7, 85, 31], [6, 18, 10, 81, 146], [12, 6, 6, 117, 232], [26, 9, 20, 28, 166], [27, 14, 5, 36, 223], [10, 0, 4, 51, 110], [34, 12, 0, 22, 112], [1, 0, 14, 24, 48], [20, 14, 2, 147, 240], [40, 27, 6, 254, 42], [0, 29, 0, 0, 0], [0, 28, 0, 0, 0]]",
        "fitness": {
            "fitness": 0.1351630485057831,
            "time": 0.06662968158721924
        }
    },
    "decoding": {
        "metadata": {
            "rows": 1,
            "columns": 30,
            "n_in": 2,
            "n_out": 2,
            "n_para": 2,
            "n_conn": 2
        },
        "functions": [
            "max",
            "min",
            "mean",
            "add",
            "subtract",
            "bitwise_not",
            "bitwise_or",
            "bitwise_and",
            "bitwise_and_mask",
            "bitwise_xor",
            "sqrt",
            "pow2",
            "exp",
            "log",
            "median_blur",
            "gaussian_blur",
            "laplacian",
            "sobel",
            "robert_cross",
            "canny",
            "sharpen",
            "gabor",
            "abs_diff",
            "abs_diff2",
            "fluo_tophat",
            "rel_diff",
            "erode",
            "dilate",
            "open",
            "close",
            "morph_gradient",
            "morph_tophat",
            "morph_blackhat",
            "fill_holes",
            "remove_small_objects",
            "remove_small_holes",
            "threshold",
            "threshold_at_1",
            "distance_transform",
            "distance_transform_and_thresh",
            "inrange_bin",
            "inrange"
        ],
        "endpoint": {
            "name": "W",
            "abbv": "WSHD",
            "arity": 2,
            "p": 0,
            "kwargs": {
                "use_dt": false,
                "markers_distance": 21,
                "markers_area": null
            }
        },
        "mode": "default"
    }
}