{
    "dataset": {
        "name": "CIL",
        "label_name": "neuron",
        "indices": [
            66,
            23,
            28,
            61,
            87,
            73,
            44,
            4,
            81,
            27,
            65,
            5
        ]
    },
    "individual": {
        "sequence": "[[0, 0, 0, 0, 0], [0, 0, 0, 0, 0], [32, 1, 1, 144, 202], [36, 0, 1, 199, 7], [41, 2, 0, 197, 29], [36, 2, 2, 229, 127], [30, 5, 5, 216, 179], [6, 6, 2, 48, 154], [40, 1, 0, 207, 39], [2, 6, 3, 98, 153], [16, 0, 4, 206, 231], [30, 4, 9, 176, 141], [6, 1, 8, 199, 181], [34, 12, 10, 148, 28], [14, 8, 11, 1, 122], [5, 2, 4, 112, 133], [10, 9, 13, 230, 14], [6, 9, 16, 242, 102], [15, 12, 15, 108, 83], [30, 4, 4, 196, 168], [36, 17, 3, 18, 181], [8, 12, 20, 71, 246], [34, 2, 3, 140, 110], [25, 11, 9, 82, 94], [24, 9, 9, 110, 19], [32, 21, 23, 173, 171], [8, 2, 7, 214, 192], [0, 17, 9, 243, 30], [4, 7, 21, 89, 40], [16, 8, 0, 132, 177], [2, 2, 7, 153, 65], [30, 10, 15, 245, 242], [0, 17, 0, 0, 0], [0, 14, 0, 0, 0]]",
        "fitness": {
            "fitness": 0.1426219940185547,
            "time": 0.02983721097310384
        }
    },
    "decoding": {
        "metadata": {
            "rows": 1,
            "columns": 30,
            "n_in": 2,
            "n_out": 2,
            "n_para": 2,
            "n_conn": 2
        },
        "functions": [
            "max",
            "min",
            "mean",
            "add",
            "subtract",
            "bitwise_not",
            "bitwise_or",
            "bitwise_and",
            "bitwise_and_mask",
            "bitwise_xor",
            "sqrt",
            "pow2",
            "exp",
            "log",
            "median_blur",
            "gaussian_blur",
            "laplacian",
            "sobel",
            "robert_cross",
            "canny",
            "sharpen",
            "gabor",
            "abs_diff",
            "abs_diff2",
            "fluo_tophat",
            "rel_diff",
            "erode",
            "dilate",
            "open",
            "close",
            "morph_gradient",
            "morph_tophat",
            "morph_blackhat",
            "fill_holes",
            "remove_small_objects",
            "remove_small_holes",
            "threshold",
            "threshold_at_1",
            "distance_transform",
            "distance_transform_and_thresh",
            "inrange_bin",
            "inrange"
        ],
        "endpoint": {
            "name": "Marker-Based Watershed",
            "abbv": "WSHD",
            "arity": 2,
            "p": 0,
            "kwargs": {
                "use_dt": false,
                "markers_distance": 21,
                "markers_area": null
            }
        },
        "mode": "default"
    }
}