{
    "dataset": {
        "name": "Tumor",
        "label_name": "tumor",
        "indices": null
    },
    "individual": {
        "sequence": "[[0, 0, 0, 0, 0], [0, 0, 0, 0, 0], [0, 0, 0, 0, 0], [4, 1, 0, 25, 236], [5, 1, 3, 227, 212], [7, 3, 4, 15, 40], [29, 5, 0, 175, 18], [3, 3, 1, 29, 97], [13, 6, 7, 26, 239], [25, 1, 0, 245, 51], [22, 3, 7, 125, 176], [10, 10, 3, 163, 44], [39, 1, 0, 108, 98], [8, 4, 3, 122, 87], [22, 8, 7, 118, 41], [10, 5, 5, 130, 83], [22, 12, 6, 89, 9], [8, 14, 15, 58, 18], [33, 5, 0, 3, 61], [35, 1, 18, 44, 185], [28, 12, 18, 12, 182], [34, 17, 19, 240, 59], [15, 8, 19, 81, 16], [33, 22, 10, 137, 222], [33, 11, 20, 217, 151], [36, 19, 6, 138, 21], [39, 25, 13, 209, 149], [28, 15, 21, 235, 66], [33, 17, 6, 108, 52], [39, 13, 25, 77, 28], [41, 16, 21, 120, 110], [41, 22, 30, 106, 242], [3, 4, 3, 191, 22], [0, 23, 0, 0, 0]]",
        "fitness": {
            "fitness": 0.1253758805856077,
            "time": 0.03795170783996582
        }
    },
    "decoding": {
        "metadata": {
            "rows": 1,
            "columns": 30,
            "n_in": 3,
            "n_out": 1,
            "n_para": 2,
            "n_conn": 2
        },
        "functions": [
            "max",
            "min",
            "mean",
            "add",
            "subtract",
            "bitwise_not",
            "bitwise_or",
            "bitwise_and",
            "bitwise_and_mask",
            "bitwise_xor",
            "sqrt",
            "pow2",
            "exp",
            "log",
            "median_blur",
            "gaussian_blur",
            "laplacian",
            "sobel",
            "robert_cross",
            "canny",
            "sharpen",
            "gabor",
            "abs_diff",
            "abs_diff2",
            "fluo_tophat",
            "rel_diff",
            "erode",
            "dilate",
            "open",
            "close",
            "morph_gradient",
            "morph_tophat",
            "morph_blackhat",
            "fill_holes",
            "remove_small_objects",
            "remove_small_holes",
            "threshold",
            "threshold_at_1",
            "distance_transform",
            "distance_transform_and_thresh",
            "inrange_bin",
            "inrange"
        ],
        "endpoint": {
            "name": "Threshold (t=4)",
            "abbv": "TRSH",
            "arity": 1,
            "p": 0,
            "kwargs": {
                "threshold": 4
            }
        },
        "mode": "default"
    }
}