{
    "dataset": {
        "name": "CIL",
        "label_name": "neuron",
        "indices": [
            80,
            28
        ]
    },
    "individual": {
        "sequence": "[[0, 0, 0, 0, 0], [0, 0, 0, 0, 0], [2, 0, 1, 99, 181], [24, 2, 1, 16, 228], [26, 3, 1, 208, 76], [25, 3, 0, 252, 212], [28, 1, 3, 1, 198], [41, 3, 2, 183, 137], [1, 1, 0, 48, 39], [6, 8, 6, 77, 254], [11, 7, 9, 112, 211], [21, 10, 9, 254, 102], [37, 11, 0, 99, 28], [2, 0, 0, 245, 36], [41, 6, 3, 116, 48], [2, 8, 9, 200, 164], [37, 2, 10, 117, 222], [7, 0, 10, 123, 77], [14, 7, 14, 198, 236], [3, 16, 6, 139, 95], [12, 10, 13, 125, 77], [12, 5, 6, 31, 79], [17, 1, 7, 27, 39], [12, 22, 2, 39, 245], [11, 3, 9, 57, 88], [15, 0, 18, 165, 128], [31, 3, 20, 115, 138], [2, 2, 11, 150, 72], [40, 3, 4, 158, 153], [6, 21, 12, 159, 150], [9, 11, 29, 117, 88], [19, 15, 5, 176, 185], [0, 24, 0, 0, 0], [0, 14, 0, 0, 0]]",
        "fitness": {
            "fitness": 0.15963202714920044,
            "time": 0.03001713752746582
        }
    },
    "decoding": {
        "metadata": {
            "rows": 1,
            "columns": 30,
            "n_in": 2,
            "n_out": 2,
            "n_para": 2,
            "n_conn": 2
        },
        "functions": [
            "max",
            "min",
            "mean",
            "add",
            "subtract",
            "bitwise_not",
            "bitwise_or",
            "bitwise_and",
            "bitwise_and_mask",
            "bitwise_xor",
            "sqrt",
            "pow2",
            "exp",
            "log",
            "median_blur",
            "gaussian_blur",
            "laplacian",
            "sobel",
            "robert_cross",
            "canny",
            "sharpen",
            "gabor",
            "abs_diff",
            "abs_diff2",
            "fluo_tophat",
            "rel_diff",
            "erode",
            "dilate",
            "open",
            "close",
            "morph_gradient",
            "morph_tophat",
            "morph_blackhat",
            "fill_holes",
            "remove_small_objects",
            "remove_small_holes",
            "threshold",
            "threshold_at_1",
            "distance_transform",
            "distance_transform_and_thresh",
            "inrange_bin",
            "inrange"
        ],
        "endpoint": {
            "name": "W",
            "abbv": "WSHD",
            "arity": 2,
            "p": 0,
            "kwargs": {
                "use_dt": false,
                "markers_distance": 21,
                "markers_area": null
            }
        },
        "mode": "default"
    }
}