{
    "dataset": {
        "name": "CIL",
        "label_name": "neuron",
        "indices": [
            8,
            69,
            51,
            70,
            27,
            56,
            81,
            73,
            11,
            53,
            13,
            47,
            62,
            36,
            71,
            6,
            58,
            19,
            14,
            64,
            46,
            38,
            75,
            40,
            7
        ]
    },
    "individual": {
        "sequence": "[[0, 0, 0, 0, 0], [0, 0, 0, 0, 0], [40, 1, 1, 46, 251], [14, 2, 1, 0, 73], [11, 1, 2, 178, 81], [40, 0, 4, 221, 11], [2, 3, 0, 177, 61], [9, 6, 4, 180, 121], [26, 7, 0, 15, 50], [28, 7, 7, 1, 15], [2, 5, 9, 163, 38], [18, 9, 2, 148, 172], [4, 11, 6, 200, 217], [0, 4, 10, 31, 199], [15, 1, 2, 110, 149], [20, 0, 9, 136, 83], [4, 9, 6, 112, 101], [34, 11, 13, 6, 93], [36, 2, 16, 113, 253], [14, 3, 2, 1, 86], [30, 16, 5, 162, 199], [24, 4, 10, 15, 123], [39, 5, 0, 7, 54], [38, 14, 22, 216, 87], [11, 8, 13, 14, 107], [10, 16, 17, 252, 152], [36, 4, 1, 186, 8], [8, 7, 24, 239, 14], [11, 13, 3, 172, 149], [12, 24, 24, 104, 111], [31, 1, 7, 22, 151], [28, 25, 4, 113, 105], [0, 28, 0, 0, 0], [0, 19, 0, 0, 0]]",
        "fitness": {
            "fitness": 0.13819752693176268,
            "time": 0.024250431060791014
        }
    },
    "decoding": {
        "metadata": {
            "rows": 1,
            "columns": 30,
            "n_in": 2,
            "n_out": 2,
            "n_para": 2,
            "n_conn": 2
        },
        "functions": [
            "max",
            "min",
            "mean",
            "add",
            "subtract",
            "bitwise_not",
            "bitwise_or",
            "bitwise_and",
            "bitwise_and_mask",
            "bitwise_xor",
            "sqrt",
            "pow2",
            "exp",
            "log",
            "median_blur",
            "gaussian_blur",
            "laplacian",
            "sobel",
            "robert_cross",
            "canny",
            "sharpen",
            "gabor",
            "abs_diff",
            "abs_diff2",
            "fluo_tophat",
            "rel_diff",
            "erode",
            "dilate",
            "open",
            "close",
            "morph_gradient",
            "morph_tophat",
            "morph_blackhat",
            "fill_holes",
            "remove_small_objects",
            "remove_small_holes",
            "threshold",
            "threshold_at_1",
            "distance_transform",
            "distance_transform_and_thresh",
            "inrange_bin",
            "inrange"
        ],
        "endpoint": {
            "name": "W",
            "abbv": "WSHD",
            "arity": 2,
            "p": 0,
            "kwargs": {
                "use_dt": false,
                "markers_distance": 21,
                "markers_area": null
            }
        },
        "mode": "default"
    }
}