{
    "dataset": {
        "name": "CIL",
        "label_name": "neuron",
        "indices": [
            24
        ]
    },
    "individual": {
        "sequence": "[[0, 0, 0, 0, 0], [0, 0, 0, 0, 0], [4, 0, 1, 113, 65], [11, 1, 0, 93, 241], [19, 1, 1, 124, 223], [16, 3, 1, 182, 249], [36, 3, 4, 48, 81], [3, 0, 2, 201, 134], [32, 5, 0, 243, 17], [2, 2, 3, 60, 139], [40, 8, 5, 121, 123], [27, 4, 8, 70, 34], [32, 2, 9, 25, 214], [0, 6, 12, 229, 213], [12, 8, 0, 46, 220], [5, 14, 5, 215, 200], [24, 12, 6, 52, 172], [22, 7, 0, 214, 203], [40, 7, 5, 36, 100], [17, 18, 6, 72, 240], [11, 19, 5, 196, 22], [18, 13, 17, 61, 86], [36, 17, 16, 32, 111], [13, 10, 5, 91, 11], [32, 16, 11, 36, 202], [8, 20, 9, 87, 23], [29, 5, 13, 10, 204], [14, 13, 12, 123, 184], [12, 6, 6, 135, 189], [8, 21, 25, 77, 16], [23, 9, 14, 164, 10], [37, 5, 23, 236, 238], [0, 30, 0, 0, 0], [0, 26, 0, 0, 0]]",
        "fitness": {
            "fitness": 0.06122446060180664,
            "time": 0.032212018966674805
        }
    },
    "decoding": {
        "metadata": {
            "rows": 1,
            "columns": 30,
            "n_in": 2,
            "n_out": 2,
            "n_para": 2,
            "n_conn": 2
        },
        "functions": [
            "max",
            "min",
            "mean",
            "add",
            "subtract",
            "bitwise_not",
            "bitwise_or",
            "bitwise_and",
            "bitwise_and_mask",
            "bitwise_xor",
            "sqrt",
            "pow2",
            "exp",
            "log",
            "median_blur",
            "gaussian_blur",
            "laplacian",
            "sobel",
            "robert_cross",
            "canny",
            "sharpen",
            "gabor",
            "abs_diff",
            "abs_diff2",
            "fluo_tophat",
            "rel_diff",
            "erode",
            "dilate",
            "open",
            "close",
            "morph_gradient",
            "morph_tophat",
            "morph_blackhat",
            "fill_holes",
            "remove_small_objects",
            "remove_small_holes",
            "threshold",
            "threshold_at_1",
            "distance_transform",
            "distance_transform_and_thresh",
            "inrange_bin",
            "inrange"
        ],
        "endpoint": {
            "name": "W",
            "abbv": "WSHD",
            "arity": 2,
            "p": 0,
            "kwargs": {
                "use_dt": false,
                "markers_distance": 21,
                "markers_area": null
            }
        },
        "mode": "default"
    }
}