{
    "dataset": {
        "name": "CIL",
        "label_name": "neuron",
        "indices": [
            82,
            57,
            0,
            48,
            67,
            7,
            11,
            30,
            31,
            59,
            85,
            22,
            27,
            28,
            20,
            44,
            5,
            8,
            83,
            69,
            79,
            3,
            9,
            37,
            50,
            6,
            32,
            76,
            1,
            4,
            14,
            29,
            38,
            19,
            52,
            87,
            49,
            80,
            13,
            81,
            64,
            45,
            21,
            2,
            36,
            65,
            39,
            24,
            86,
            88
        ]
    },
    "individual": {
        "sequence": "[[0, 0, 0, 0, 0], [0, 0, 0, 0, 0], [18, 1, 1, 205, 195], [40, 2, 0, 25, 161], [31, 0, 1, 254, 198], [16, 4, 1, 123, 123], [18, 3, 5, 45, 182], [14, 1, 1, 3, 166], [20, 7, 3, 123, 5], [40, 7, 3, 230, 42], [2, 4, 3, 248, 145], [5, 4, 10, 41, 78], [23, 2, 6, 132, 13], [8, 6, 8, 89, 228], [36, 0, 11, 203, 17], [6, 14, 9, 218, 76], [18, 14, 6, 233, 55], [10, 0, 8, 167, 147], [2, 6, 10, 4, 127], [23, 11, 1, 52, 53], [12, 16, 19, 238, 241], [7, 8, 15, 28, 8], [36, 11, 7, 255, 50], [19, 9, 12, 166, 139], [7, 9, 10, 212, 60], [20, 7, 1, 107, 104], [21, 9, 11, 116, 33], [24, 8, 9, 102, 189], [2, 18, 15, 144, 140], [30, 10, 22, 72, 81], [21, 13, 14, 54, 148], [20, 18, 3, 190, 114], [0, 28, 0, 0, 0], [0, 9, 0, 0, 0]]",
        "fitness": {
            "fitness": 0.12942039847373962,
            "time": 0.03143223285675049
        }
    },
    "decoding": {
        "metadata": {
            "rows": 1,
            "columns": 30,
            "n_in": 2,
            "n_out": 2,
            "n_para": 2,
            "n_conn": 2
        },
        "functions": [
            "max",
            "min",
            "mean",
            "add",
            "subtract",
            "bitwise_not",
            "bitwise_or",
            "bitwise_and",
            "bitwise_and_mask",
            "bitwise_xor",
            "sqrt",
            "pow2",
            "exp",
            "log",
            "median_blur",
            "gaussian_blur",
            "laplacian",
            "sobel",
            "robert_cross",
            "canny",
            "sharpen",
            "gabor",
            "abs_diff",
            "abs_diff2",
            "fluo_tophat",
            "rel_diff",
            "erode",
            "dilate",
            "open",
            "close",
            "morph_gradient",
            "morph_tophat",
            "morph_blackhat",
            "fill_holes",
            "remove_small_objects",
            "remove_small_holes",
            "threshold",
            "threshold_at_1",
            "distance_transform",
            "distance_transform_and_thresh",
            "inrange_bin",
            "inrange"
        ],
        "endpoint": {
            "name": "W",
            "abbv": "WSHD",
            "arity": 2,
            "p": 0,
            "kwargs": {
                "use_dt": false,
                "markers_distance": 21,
                "markers_area": null
            }
        },
        "mode": "default"
    }
}