{
    "dataset": {
        "name": "CIL",
        "label_name": "neuron",
        "indices": [
            76,
            21,
            87,
            8,
            6,
            72,
            26,
            80,
            50,
            11,
            63,
            60,
            24,
            38,
            13,
            41,
            28,
            56,
            31,
            29,
            65,
            10,
            3,
            0,
            59,
            68,
            47,
            34,
            7,
            82,
            55,
            25,
            20,
            1,
            84,
            52,
            17,
            58,
            81,
            83,
            74,
            62,
            77,
            46,
            67,
            69,
            61,
            36,
            22,
            85
        ]
    },
    "individual": {
        "sequence": "[[0, 0, 0, 0, 0], [0, 0, 0, 0, 0], [20, 1, 0, 131, 18], [14, 2, 1, 18, 27], [31, 0, 2, 55, 248], [41, 0, 4, 12, 158], [38, 2, 1, 216, 148], [2, 4, 5, 152, 99], [20, 2, 0, 24, 6], [34, 6, 2, 88, 112], [40, 8, 1, 211, 22], [41, 8, 8, 255, 200], [32, 0, 2, 0, 99], [40, 5, 0, 72, 147], [20, 4, 6, 227, 44], [31, 3, 9, 247, 157], [36, 15, 0, 70, 17], [38, 2, 7, 119, 199], [1, 16, 8, 248, 172], [5, 12, 18, 242, 8], [32, 8, 7, 227, 172], [36, 16, 6, 104, 164], [15, 14, 8, 210, 245], [34, 9, 1, 225, 54], [3, 21, 7, 142, 153], [10, 3, 0, 54, 188], [37, 21, 15, 143, 30], [31, 2, 10, 222, 199], [1, 24, 8, 127, 246], [24, 13, 16, 57, 11], [5, 1, 24, 109, 149], [36, 28, 19, 222, 130], [0, 24, 0, 0, 0], [0, 18, 0, 0, 0]]",
        "fitness": {
            "fitness": 0.13135937452316285,
            "time": 0.03148845195770264
        }
    },
    "decoding": {
        "metadata": {
            "rows": 1,
            "columns": 30,
            "n_in": 2,
            "n_out": 2,
            "n_para": 2,
            "n_conn": 2
        },
        "functions": [
            "max",
            "min",
            "mean",
            "add",
            "subtract",
            "bitwise_not",
            "bitwise_or",
            "bitwise_and",
            "bitwise_and_mask",
            "bitwise_xor",
            "sqrt",
            "pow2",
            "exp",
            "log",
            "median_blur",
            "gaussian_blur",
            "laplacian",
            "sobel",
            "robert_cross",
            "canny",
            "sharpen",
            "gabor",
            "abs_diff",
            "abs_diff2",
            "fluo_tophat",
            "rel_diff",
            "erode",
            "dilate",
            "open",
            "close",
            "morph_gradient",
            "morph_tophat",
            "morph_blackhat",
            "fill_holes",
            "remove_small_objects",
            "remove_small_holes",
            "threshold",
            "threshold_at_1",
            "distance_transform",
            "distance_transform_and_thresh",
            "inrange_bin",
            "inrange"
        ],
        "endpoint": {
            "name": "W",
            "abbv": "WSHD",
            "arity": 2,
            "p": 0,
            "kwargs": {
                "use_dt": false,
                "markers_distance": 21,
                "markers_area": null
            }
        },
        "mode": "default"
    }
}