{
    "dataset": {
        "name": "CIL",
        "label_name": "neuron",
        "indices": [
            3,
            75
        ]
    },
    "individual": {
        "sequence": "[[0, 0, 0, 0, 0], [0, 0, 0, 0, 0], [31, 1, 0, 19, 161], [2, 0, 2, 140, 205], [13, 0, 0, 238, 37], [28, 0, 1, 18, 131], [39, 5, 0, 204, 176], [14, 5, 0, 186, 111], [41, 1, 1, 113, 46], [6, 5, 3, 171, 219], [36, 5, 5, 129, 9], [21, 3, 3, 35, 27], [9, 9, 6, 199, 29], [5, 1, 10, 72, 167], [10, 7, 8, 135, 74], [4, 0, 10, 146, 36], [18, 8, 10, 95, 102], [17, 9, 2, 36, 83], [20, 1, 4, 175, 245], [30, 16, 3, 137, 191], [1, 11, 17, 255, 90], [9, 10, 4, 225, 184], [36, 6, 11, 136, 193], [22, 14, 17, 83, 241], [30, 15, 4, 177, 246], [6, 17, 22, 131, 178], [37, 0, 2, 85, 202], [38, 10, 14, 168, 85], [30, 16, 14, 179, 252], [30, 7, 23, 202, 235], [41, 4, 8, 17, 210], [17, 19, 16, 78, 8], [0, 10, 0, 0, 0], [0, 16, 0, 0, 0]]",
        "fitness": {
            "fitness": 0.0555555522441864,
            "time": 0.02552974224090576
        }
    },
    "decoding": {
        "metadata": {
            "rows": 1,
            "columns": 30,
            "n_in": 2,
            "n_out": 2,
            "n_para": 2,
            "n_conn": 2
        },
        "functions": [
            "max",
            "min",
            "mean",
            "add",
            "subtract",
            "bitwise_not",
            "bitwise_or",
            "bitwise_and",
            "bitwise_and_mask",
            "bitwise_xor",
            "sqrt",
            "pow2",
            "exp",
            "log",
            "median_blur",
            "gaussian_blur",
            "laplacian",
            "sobel",
            "robert_cross",
            "canny",
            "sharpen",
            "gabor",
            "abs_diff",
            "abs_diff2",
            "fluo_tophat",
            "rel_diff",
            "erode",
            "dilate",
            "open",
            "close",
            "morph_gradient",
            "morph_tophat",
            "morph_blackhat",
            "fill_holes",
            "remove_small_objects",
            "remove_small_holes",
            "threshold",
            "threshold_at_1",
            "distance_transform",
            "distance_transform_and_thresh",
            "inrange_bin",
            "inrange"
        ],
        "endpoint": {
            "name": "W",
            "abbv": "WSHD",
            "arity": 2,
            "p": 0,
            "kwargs": {
                "use_dt": false,
                "markers_distance": 21,
                "markers_area": null
            }
        },
        "mode": "default"
    }
}