{
    "dataset": {
        "name": "CIL",
        "label_name": "neuron",
        "indices": [
            46,
            79,
            86,
            43,
            71,
            15,
            5,
            48,
            58,
            87,
            8,
            80,
            50,
            78,
            34,
            53,
            59,
            1,
            72,
            9
        ]
    },
    "individual": {
        "sequence": "[[0, 0, 0, 0, 0], [0, 0, 0, 0, 0], [15, 1, 1, 33, 185], [1, 0, 1, 66, 40], [3, 0, 3, 149, 220], [29, 3, 3, 17, 218], [36, 2, 3, 149, 42], [6, 6, 5, 20, 19], [33, 4, 0, 96, 160], [11, 4, 2, 208, 5], [32, 1, 6, 211, 41], [26, 6, 6, 86, 36], [4, 1, 2, 130, 235], [32, 11, 10, 111, 186], [4, 6, 10, 88, 18], [2, 2, 3, 243, 245], [9, 15, 8, 231, 182], [11, 14, 10, 212, 215], [8, 13, 9, 146, 148], [16, 15, 12, 28, 124], [18, 0, 15, 55, 61], [26, 16, 19, 42, 254], [32, 2, 2, 158, 26], [26, 7, 12, 68, 135], [28, 22, 10, 180, 40], [1, 17, 9, 177, 228], [34, 14, 15, 169, 83], [36, 11, 18, 216, 144], [38, 22, 27, 22, 163], [29, 10, 17, 61, 52], [18, 21, 14, 212, 214], [6, 25, 10, 177, 85], [0, 9, 0, 0, 0], [0, 25, 0, 0, 0]]",
        "fitness": {
            "fitness": 0.14952944815158845,
            "time": 0.032511425018310544
        }
    },
    "decoding": {
        "metadata": {
            "rows": 1,
            "columns": 30,
            "n_in": 2,
            "n_out": 2,
            "n_para": 2,
            "n_conn": 2
        },
        "functions": [
            "max",
            "min",
            "mean",
            "add",
            "subtract",
            "bitwise_not",
            "bitwise_or",
            "bitwise_and",
            "bitwise_and_mask",
            "bitwise_xor",
            "sqrt",
            "pow2",
            "exp",
            "log",
            "median_blur",
            "gaussian_blur",
            "laplacian",
            "sobel",
            "robert_cross",
            "canny",
            "sharpen",
            "gabor",
            "abs_diff",
            "abs_diff2",
            "fluo_tophat",
            "rel_diff",
            "erode",
            "dilate",
            "open",
            "close",
            "morph_gradient",
            "morph_tophat",
            "morph_blackhat",
            "fill_holes",
            "remove_small_objects",
            "remove_small_holes",
            "threshold",
            "threshold_at_1",
            "distance_transform",
            "distance_transform_and_thresh",
            "inrange_bin",
            "inrange"
        ],
        "endpoint": {
            "name": "W",
            "abbv": "WSHD",
            "arity": 2,
            "p": 0,
            "kwargs": {
                "use_dt": false,
                "markers_distance": 21,
                "markers_area": null
            }
        },
        "mode": "default"
    }
}