{
    "dataset": {
        "name": "CIL",
        "label_name": "neuron",
        "indices": [
            5,
            26,
            37,
            88,
            48,
            7,
            11
        ]
    },
    "individual": {
        "sequence": "[[0, 0, 0, 0, 0], [0, 0, 0, 0, 0], [12, 0, 1, 66, 48], [3, 1, 2, 186, 171], [31, 1, 1, 207, 123], [20, 4, 3, 78, 141], [24, 2, 5, 117, 218], [36, 6, 4, 207, 8], [2, 3, 5, 209, 101], [0, 8, 3, 196, 62], [17, 0, 0, 133, 106], [35, 7, 2, 137, 242], [20, 5, 4, 0, 210], [34, 6, 1, 22, 74], [36, 5, 12, 143, 35], [1, 6, 1, 168, 46], [14, 13, 5, 225, 226], [34, 14, 5, 10, 169], [8, 9, 0, 168, 21], [37, 1, 6, 89, 125], [3, 3, 9, 192, 6], [31, 0, 18, 125, 75], [1, 7, 9, 184, 129], [25, 14, 3, 159, 81], [29, 16, 19, 176, 204], [5, 2, 14, 153, 109], [40, 14, 14, 123, 87], [8, 20, 22, 148, 130], [9, 16, 23, 102, 7], [35, 16, 10, 90, 22], [23, 21, 1, 133, 188], [28, 5, 8, 39, 140], [0, 27, 0, 0, 0], [0, 17, 0, 0, 0]]",
        "fitness": {
            "fitness": 0.0973220808165414,
            "time": 0.06314873695373535
        }
    },
    "decoding": {
        "metadata": {
            "rows": 1,
            "columns": 30,
            "n_in": 2,
            "n_out": 2,
            "n_para": 2,
            "n_conn": 2
        },
        "functions": [
            "max",
            "min",
            "mean",
            "add",
            "subtract",
            "bitwise_not",
            "bitwise_or",
            "bitwise_and",
            "bitwise_and_mask",
            "bitwise_xor",
            "sqrt",
            "pow2",
            "exp",
            "log",
            "median_blur",
            "gaussian_blur",
            "laplacian",
            "sobel",
            "robert_cross",
            "canny",
            "sharpen",
            "gabor",
            "abs_diff",
            "abs_diff2",
            "fluo_tophat",
            "rel_diff",
            "erode",
            "dilate",
            "open",
            "close",
            "morph_gradient",
            "morph_tophat",
            "morph_blackhat",
            "fill_holes",
            "remove_small_objects",
            "remove_small_holes",
            "threshold",
            "threshold_at_1",
            "distance_transform",
            "distance_transform_and_thresh",
            "inrange_bin",
            "inrange"
        ],
        "endpoint": {
            "name": "W",
            "abbv": "WSHD",
            "arity": 2,
            "p": 0,
            "kwargs": {
                "use_dt": false,
                "markers_distance": 21,
                "markers_area": null
            }
        },
        "mode": "default"
    }
}