{
    "dataset": {
        "name": "CIL",
        "label_name": "neuron",
        "indices": [
            36,
            64,
            47,
            85,
            7,
            79,
            43,
            23,
            10,
            48,
            18,
            68,
            6,
            30,
            20,
            83,
            8,
            11,
            0,
            60,
            34,
            54,
            4,
            40,
            51,
            41,
            39,
            26,
            88,
            3,
            76,
            24,
            5,
            28,
            59,
            32,
            42,
            15,
            65,
            52,
            31,
            46,
            67,
            62,
            70,
            37,
            49,
            80,
            57,
            71,
            16,
            74,
            12,
            13,
            33,
            29,
            53,
            82,
            17,
            25
        ]
    },
    "individual": {
        "sequence": "[[0, 0, 0, 0, 0], [0, 0, 0, 0, 0], [40, 0, 1, 230, 201], [41, 1, 1, 48, 198], [15, 3, 2, 21, 117], [34, 3, 2, 16, 210], [3, 0, 0, 121, 64], [28, 6, 5, 60, 190], [30, 2, 0, 169, 174], [30, 7, 2, 249, 74], [33, 2, 5, 96, 68], [16, 9, 10, 170, 90], [24, 6, 6, 111, 1], [11, 12, 2, 221, 207], [29, 5, 0, 224, 115], [17, 1, 14, 119, 183], [8, 15, 13, 43, 55], [23, 10, 7, 236, 133], [21, 15, 12, 32, 114], [11, 2, 3, 90, 47], [15, 7, 8, 44, 75], [29, 11, 4, 63, 229], [36, 3, 21, 207, 167], [35, 20, 4, 147, 180], [35, 7, 15, 41, 118], [1, 18, 23, 39, 121], [29, 25, 12, 239, 123], [26, 21, 23, 233, 251], [23, 2, 24, 157, 207], [3, 4, 13, 107, 36], [23, 5, 12, 31, 10], [35, 1, 8, 90, 168], [0, 29, 0, 0, 0], [0, 5, 0, 0, 0]]",
        "fitness": {
            "fitness": 0.1388671855131785,
            "time": 0.05912027359008789
        }
    },
    "decoding": {
        "metadata": {
            "rows": 1,
            "columns": 30,
            "n_in": 2,
            "n_out": 2,
            "n_para": 2,
            "n_conn": 2
        },
        "functions": [
            "max",
            "min",
            "mean",
            "add",
            "subtract",
            "bitwise_not",
            "bitwise_or",
            "bitwise_and",
            "bitwise_and_mask",
            "bitwise_xor",
            "sqrt",
            "pow2",
            "exp",
            "log",
            "median_blur",
            "gaussian_blur",
            "laplacian",
            "sobel",
            "robert_cross",
            "canny",
            "sharpen",
            "gabor",
            "abs_diff",
            "abs_diff2",
            "fluo_tophat",
            "rel_diff",
            "erode",
            "dilate",
            "open",
            "close",
            "morph_gradient",
            "morph_tophat",
            "morph_blackhat",
            "fill_holes",
            "remove_small_objects",
            "remove_small_holes",
            "threshold",
            "threshold_at_1",
            "distance_transform",
            "distance_transform_and_thresh",
            "inrange_bin",
            "inrange"
        ],
        "endpoint": {
            "name": "Marker-Based Watershed",
            "abbv": "WSHD",
            "arity": 2,
            "args": 0,
            "kwargs": {
                "use_dt": false,
                "markers_distance": 21,
                "markers_area": null
            }
        },
        "mode": "default"
    }
}