{
    "dataset": {
        "name": "CIL",
        "label_name": "neuron",
        "indices": [
            64,
            56,
            70
        ]
    },
    "individual": {
        "sequence": "[[0, 0, 0, 0, 0], [0, 0, 0, 0, 0], [31, 1, 0, 19, 20], [4, 0, 2, 47, 122], [25, 3, 1, 131, 33], [20, 1, 3, 190, 148], [36, 5, 3, 67, 32], [7, 5, 4, 148, 120], [33, 1, 7, 245, 115], [20, 4, 0, 73, 103], [13, 3, 6, 184, 67], [31, 8, 8, 113, 241], [9, 10, 2, 128, 137], [11, 0, 12, 141, 37], [28, 5, 10, 109, 163], [31, 0, 13, 63, 188], [34, 6, 2, 51, 203], [6, 9, 5, 159, 47], [19, 15, 10, 161, 189], [20, 3, 0, 92, 4], [37, 14, 16, 141, 13], [34, 7, 2, 197, 105], [14, 17, 15, 5, 202], [19, 21, 2, 171, 242], [5, 17, 15, 230, 97], [37, 15, 2, 246, 19], [31, 3, 5, 7, 184], [13, 9, 17, 21, 44], [0, 26, 13, 182, 147], [21, 24, 27, 98, 199], [19, 17, 10, 180, 199], [38, 28, 8, 52, 111], [0, 28, 0, 0, 0], [0, 16, 0, 0, 0]]",
        "fitness": {
            "fitness": 0.06551802158355713,
            "time": 0.017432689666748047
        }
    },
    "decoding": {
        "metadata": {
            "rows": 1,
            "columns": 30,
            "n_in": 2,
            "n_out": 2,
            "n_para": 2,
            "n_conn": 2
        },
        "functions": [
            "max",
            "min",
            "mean",
            "add",
            "subtract",
            "bitwise_not",
            "bitwise_or",
            "bitwise_and",
            "bitwise_and_mask",
            "bitwise_xor",
            "sqrt",
            "pow2",
            "exp",
            "log",
            "median_blur",
            "gaussian_blur",
            "laplacian",
            "sobel",
            "robert_cross",
            "canny",
            "sharpen",
            "gabor",
            "abs_diff",
            "abs_diff2",
            "fluo_tophat",
            "rel_diff",
            "erode",
            "dilate",
            "open",
            "close",
            "morph_gradient",
            "morph_tophat",
            "morph_blackhat",
            "fill_holes",
            "remove_small_objects",
            "remove_small_holes",
            "threshold",
            "threshold_at_1",
            "distance_transform",
            "distance_transform_and_thresh",
            "inrange_bin",
            "inrange"
        ],
        "endpoint": {
            "name": "W",
            "abbv": "WSHD",
            "arity": 2,
            "p": 0,
            "kwargs": {
                "use_dt": false,
                "markers_distance": 21,
                "markers_area": null
            }
        },
        "mode": "default"
    }
}