{
    "dataset": {
        "name": "CIL",
        "label_name": "neuron",
        "indices": [
            29,
            47,
            23,
            17,
            74,
            12,
            63,
            6,
            25,
            83,
            69,
            65,
            61,
            71,
            10,
            26,
            80,
            82,
            54,
            59,
            62,
            49,
            68,
            53,
            70
        ]
    },
    "individual": {
        "sequence": "[[0, 0, 0, 0, 0], [0, 0, 0, 0, 0], [22, 1, 0, 114, 59], [28, 1, 0, 6, 61], [1, 3, 2, 186, 215], [24, 4, 1, 44, 164], [35, 3, 4, 163, 139], [37, 1, 0, 91, 42], [31, 4, 7, 31, 187], [25, 4, 6, 214, 191], [16, 4, 4, 237, 87], [34, 8, 0, 91, 76], [5, 4, 9, 22, 252], [33, 3, 3, 104, 36], [26, 11, 10, 52, 12], [13, 9, 13, 94, 74], [41, 5, 1, 39, 36], [3, 11, 12, 71, 78], [21, 15, 10, 76, 118], [4, 13, 4, 15, 71], [19, 8, 15, 99, 118], [8, 13, 17, 87, 146], [4, 16, 0, 40, 11], [9, 4, 16, 76, 228], [2, 15, 5, 205, 251], [30, 22, 15, 36, 85], [40, 24, 4, 35, 168], [35, 19, 14, 233, 170], [41, 0, 5, 10, 248], [39, 23, 8, 234, 30], [11, 7, 11, 123, 65], [11, 26, 10, 107, 229], [0, 28, 0, 0, 0], [0, 26, 0, 0, 0]]",
        "fitness": {
            "fitness": 0.1151131772994995,
            "time": 0.0522144889831543
        }
    },
    "decoding": {
        "metadata": {
            "rows": 1,
            "columns": 30,
            "n_in": 2,
            "n_out": 2,
            "n_para": 2,
            "n_conn": 2
        },
        "functions": [
            "max",
            "min",
            "mean",
            "add",
            "subtract",
            "bitwise_not",
            "bitwise_or",
            "bitwise_and",
            "bitwise_and_mask",
            "bitwise_xor",
            "sqrt",
            "pow2",
            "exp",
            "log",
            "median_blur",
            "gaussian_blur",
            "laplacian",
            "sobel",
            "robert_cross",
            "canny",
            "sharpen",
            "gabor",
            "abs_diff",
            "abs_diff2",
            "fluo_tophat",
            "rel_diff",
            "erode",
            "dilate",
            "open",
            "close",
            "morph_gradient",
            "morph_tophat",
            "morph_blackhat",
            "fill_holes",
            "remove_small_objects",
            "remove_small_holes",
            "threshold",
            "threshold_at_1",
            "distance_transform",
            "distance_transform_and_thresh",
            "inrange_bin",
            "inrange"
        ],
        "endpoint": {
            "name": "W",
            "abbv": "WSHD",
            "arity": 2,
            "p": 0,
            "kwargs": {
                "use_dt": false,
                "markers_distance": 21,
                "markers_area": null
            }
        },
        "mode": "default"
    }
}