{
    "dataset": {
        "name": "CIL",
        "label_name": "neuron",
        "indices": [
            64,
            62,
            31,
            61,
            50,
            69,
            2,
            6,
            7,
            79,
            40,
            1,
            44,
            19,
            85,
            29,
            45,
            84,
            46,
            34,
            59,
            68,
            88,
            52,
            48,
            23,
            36,
            0,
            80,
            47,
            86,
            16,
            41,
            22,
            17,
            32,
            27,
            72,
            28,
            57
        ]
    },
    "individual": {
        "sequence": "[[0, 0, 0, 0, 0], [0, 0, 0, 0, 0], [19, 1, 0, 135, 42], [14, 0, 2, 132, 200], [1, 0, 3, 123, 209], [21, 1, 4, 71, 112], [25, 5, 3, 148, 61], [0, 4, 2, 119, 228], [35, 1, 3, 217, 0], [18, 1, 1, 156, 244], [22, 8, 3, 116, 76], [31, 1, 6, 236, 198], [9, 8, 7, 103, 137], [9, 11, 7, 213, 90], [6, 13, 0, 85, 71], [36, 14, 10, 147, 10], [20, 9, 0, 19, 33], [8, 5, 8, 230, 210], [32, 10, 14, 60, 28], [9, 17, 4, 35, 230], [4, 2, 13, 218, 60], [40, 10, 19, 238, 86], [26, 1, 12, 236, 4], [0, 7, 16, 102, 11], [22, 18, 19, 140, 197], [0, 18, 3, 167, 156], [26, 0, 2, 139, 199], [36, 1, 6, 25, 38], [36, 10, 13, 238, 50], [28, 27, 24, 19, 133], [26, 22, 9, 173, 110], [19, 6, 20, 26, 255], [0, 15, 0, 0, 0], [0, 29, 0, 0, 0]]",
        "fitness": {
            "fitness": 0.12219810634851455,
            "time": 0.034120315313339235
        }
    },
    "decoding": {
        "metadata": {
            "rows": 1,
            "columns": 30,
            "n_in": 2,
            "n_out": 2,
            "n_para": 2,
            "n_conn": 2
        },
        "functions": [
            "max",
            "min",
            "mean",
            "add",
            "subtract",
            "bitwise_not",
            "bitwise_or",
            "bitwise_and",
            "bitwise_and_mask",
            "bitwise_xor",
            "sqrt",
            "pow2",
            "exp",
            "log",
            "median_blur",
            "gaussian_blur",
            "laplacian",
            "sobel",
            "robert_cross",
            "canny",
            "sharpen",
            "gabor",
            "abs_diff",
            "abs_diff2",
            "fluo_tophat",
            "rel_diff",
            "erode",
            "dilate",
            "open",
            "close",
            "morph_gradient",
            "morph_tophat",
            "morph_blackhat",
            "fill_holes",
            "remove_small_objects",
            "remove_small_holes",
            "threshold",
            "threshold_at_1",
            "distance_transform",
            "distance_transform_and_thresh",
            "inrange_bin",
            "inrange"
        ],
        "endpoint": {
            "name": "Marker-Based Watershed",
            "abbv": "WSHD",
            "arity": 2,
            "args": 0,
            "kwargs": {
                "use_dt": false,
                "markers_distance": 21,
                "markers_area": null
            }
        },
        "mode": "default"
    }
}