{
    "dataset": {
        "name": "CIL",
        "label_name": "neuron",
        "indices": [
            47,
            79
        ]
    },
    "individual": {
        "sequence": "[[0, 0, 0, 0, 0], [0, 0, 0, 0, 0], [21, 1, 1, 63, 142], [35, 2, 2, 228, 177], [2, 0, 0, 113, 184], [8, 1, 3, 139, 184], [36, 0, 3, 132, 8], [6, 3, 2, 64, 224], [9, 1, 1, 48, 130], [36, 5, 8, 14, 38], [8, 4, 6, 65, 128], [20, 1, 6, 85, 117], [3, 5, 2, 30, 221], [19, 12, 0, 69, 91], [4, 10, 5, 143, 173], [40, 13, 13, 221, 225], [28, 6, 4, 107, 59], [4, 15, 4, 2, 92], [17, 11, 5, 176, 201], [2, 8, 0, 134, 226], [14, 18, 13, 98, 92], [5, 13, 0, 202, 99], [13, 10, 7, 173, 72], [29, 17, 11, 182, 135], [27, 9, 5, 17, 109], [3, 18, 0, 136, 111], [9, 10, 16, 178, 25], [1, 7, 25, 3, 19], [27, 21, 8, 160, 179], [12, 28, 8, 120, 105], [27, 29, 6, 218, 188], [20, 23, 16, 35, 88], [0, 6, 0, 0, 0], [0, 24, 0, 0, 0]]",
        "fitness": {
            "fitness": 0.08429458737373352,
            "time": 0.02748560905456543
        }
    },
    "decoding": {
        "metadata": {
            "rows": 1,
            "columns": 30,
            "n_in": 2,
            "n_out": 2,
            "n_para": 2,
            "n_conn": 2
        },
        "functions": [
            "max",
            "min",
            "mean",
            "add",
            "subtract",
            "bitwise_not",
            "bitwise_or",
            "bitwise_and",
            "bitwise_and_mask",
            "bitwise_xor",
            "sqrt",
            "pow2",
            "exp",
            "log",
            "median_blur",
            "gaussian_blur",
            "laplacian",
            "sobel",
            "robert_cross",
            "canny",
            "sharpen",
            "gabor",
            "abs_diff",
            "abs_diff2",
            "fluo_tophat",
            "rel_diff",
            "erode",
            "dilate",
            "open",
            "close",
            "morph_gradient",
            "morph_tophat",
            "morph_blackhat",
            "fill_holes",
            "remove_small_objects",
            "remove_small_holes",
            "threshold",
            "threshold_at_1",
            "distance_transform",
            "distance_transform_and_thresh",
            "inrange_bin",
            "inrange"
        ],
        "endpoint": {
            "name": "W",
            "abbv": "WSHD",
            "arity": 2,
            "p": 0,
            "kwargs": {
                "use_dt": false,
                "markers_distance": 21,
                "markers_area": null
            }
        },
        "mode": "default"
    }
}