{
    "dataset": {
        "name": "CIL",
        "label_name": "neuron",
        "indices": [
            76,
            33,
            42,
            56,
            83,
            36,
            29,
            75,
            9,
            17,
            6,
            81,
            34,
            5,
            55,
            66,
            26,
            4,
            43,
            87,
            14,
            7,
            31,
            72,
            77
        ]
    },
    "individual": {
        "sequence": "[[0, 0, 0, 0, 0], [0, 0, 0, 0, 0], [28, 1, 1, 8, 83], [12, 2, 2, 98, 186], [31, 0, 3, 203, 121], [6, 3, 1, 246, 169], [27, 2, 2, 138, 207], [41, 2, 0, 202, 43], [8, 0, 7, 220, 195], [2, 4, 8, 133, 75], [28, 4, 8, 12, 44], [13, 9, 3, 242, 236], [22, 4, 9, 103, 176], [36, 0, 12, 242, 10], [24, 3, 10, 137, 66], [19, 7, 2, 19, 93], [3, 2, 8, 223, 53], [9, 16, 2, 196, 235], [15, 1, 1, 153, 0], [21, 10, 1, 60, 70], [30, 17, 19, 64, 74], [19, 17, 11, 9, 117], [18, 13, 20, 92, 195], [14, 19, 21, 136, 76], [30, 18, 4, 53, 62], [3, 7, 15, 189, 147], [29, 0, 12, 206, 165], [3, 13, 11, 33, 223], [10, 3, 1, 167, 169], [32, 22, 22, 241, 229], [27, 23, 10, 229, 132], [21, 7, 0, 249, 70], [0, 27, 0, 0, 0], [0, 25, 0, 0, 0]]",
        "fitness": {
            "fitness": 0.10663684129714966,
            "time": 0.04435422897338867
        }
    },
    "decoding": {
        "metadata": {
            "rows": 1,
            "columns": 30,
            "n_in": 2,
            "n_out": 2,
            "n_para": 2,
            "n_conn": 2
        },
        "functions": [
            "max",
            "min",
            "mean",
            "add",
            "subtract",
            "bitwise_not",
            "bitwise_or",
            "bitwise_and",
            "bitwise_and_mask",
            "bitwise_xor",
            "sqrt",
            "pow2",
            "exp",
            "log",
            "median_blur",
            "gaussian_blur",
            "laplacian",
            "sobel",
            "robert_cross",
            "canny",
            "sharpen",
            "gabor",
            "abs_diff",
            "abs_diff2",
            "fluo_tophat",
            "rel_diff",
            "erode",
            "dilate",
            "open",
            "close",
            "morph_gradient",
            "morph_tophat",
            "morph_blackhat",
            "fill_holes",
            "remove_small_objects",
            "remove_small_holes",
            "threshold",
            "threshold_at_1",
            "distance_transform",
            "distance_transform_and_thresh",
            "inrange_bin",
            "inrange"
        ],
        "endpoint": {
            "name": "W",
            "abbv": "WSHD",
            "arity": 2,
            "p": 0,
            "kwargs": {
                "use_dt": false,
                "markers_distance": 21,
                "markers_area": null
            }
        },
        "mode": "default"
    }
}