{
    "dataset": {
        "name": "Tumor",
        "label_name": "tumor",
        "indices": null
    },
    "individual": {
        "sequence": "[[0, 0, 0, 0, 0], [0, 0, 0, 0, 0], [0, 0, 0, 0, 0], [34, 1, 1, 148, 67], [15, 3, 2, 69, 88], [1, 3, 3, 160, 75], [40, 0, 1, 63, 137], [13, 4, 6, 176, 12], [11, 1, 2, 213, 169], [22, 7, 6, 40, 252], [4, 8, 6, 220, 142], [5, 9, 6, 151, 168], [19, 5, 8, 248, 253], [19, 6, 10, 44, 15], [34, 12, 9, 87, 54], [33, 11, 13, 148, 233], [0, 7, 9, 198, 85], [21, 8, 14, 1, 121], [28, 1, 8, 31, 204], [3, 2, 2, 137, 105], [29, 10, 15, 128, 14], [41, 12, 9, 66, 172], [29, 20, 11, 108, 194], [14, 19, 13, 31, 198], [6, 4, 9, 235, 154], [33, 22, 10, 52, 92], [15, 1, 1, 181, 26], [5, 21, 3, 88, 172], [38, 18, 7, 243, 193], [16, 12, 8, 42, 214], [5, 27, 22, 40, 97], [11, 9, 24, 85, 68], [28, 25, 28, 152, 69], [0, 32, 0, 0, 0]]",
        "fitness": {
            "fitness": 0.11420546332262067,
            "time": 0.029832641283671062
        }
    },
    "decoding": {
        "metadata": {
            "rows": 1,
            "columns": 30,
            "n_in": 3,
            "n_out": 1,
            "n_para": 2,
            "n_conn": 2
        },
        "functions": [
            "max",
            "min",
            "mean",
            "add",
            "subtract",
            "bitwise_not",
            "bitwise_or",
            "bitwise_and",
            "bitwise_and_mask",
            "bitwise_xor",
            "sqrt",
            "pow2",
            "exp",
            "log",
            "median_blur",
            "gaussian_blur",
            "laplacian",
            "sobel",
            "robert_cross",
            "canny",
            "sharpen",
            "gabor",
            "abs_diff",
            "abs_diff2",
            "fluo_tophat",
            "rel_diff",
            "erode",
            "dilate",
            "open",
            "close",
            "morph_gradient",
            "morph_tophat",
            "morph_blackhat",
            "fill_holes",
            "remove_small_objects",
            "remove_small_holes",
            "threshold",
            "threshold_at_1",
            "distance_transform",
            "distance_transform_and_thresh",
            "inrange_bin",
            "inrange"
        ],
        "endpoint": {
            "name": "Threshold (t=4)",
            "abbv": "TRSH",
            "arity": 1,
            "p": 0,
            "kwargs": {
                "threshold": 4
            }
        },
        "mode": "default"
    }
}