{
    "dataset": {
        "name": "Melanoma",
        "label_name": "melanoma",
        "indices": null
    },
    "individual": {
        "sequence": "[[0, 0, 0, 0, 0], [0, 0, 0, 0, 0], [0, 0, 0, 0, 0], [36, 1, 2, 105, 132], [26, 3, 3, 159, 22], [9, 1, 4, 26, 130], [28, 3, 3, 77, 116], [33, 3, 1, 205, 184], [27, 4, 2, 36, 170], [19, 4, 6, 71, 208], [24, 7, 1, 175, 124], [36, 6, 5, 192, 41], [31, 11, 1, 184, 228], [41, 10, 2, 130, 172], [18, 6, 12, 187, 54], [10, 14, 1, 45, 154], [16, 4, 1, 87, 176], [8, 5, 8, 162, 160], [8, 14, 5, 162, 118], [18, 8, 18, 155, 153], [0, 7, 1, 204, 91], [33, 13, 15, 204, 87], [3, 14, 3, 197, 170], [2, 7, 2, 140, 170], [0, 12, 18, 97, 49], [21, 15, 11, 226, 71], [31, 14, 11, 98, 223], [19, 24, 2, 28, 146], [0, 16, 0, 46, 162], [0, 27, 28, 41, 124], [3, 21, 8, 175, 157], [2, 1, 0, 81, 244], [9, 17, 6, 92, 34], [0, 6, 0, 0, 0], [0, 8, 0, 0, 0]]",
        "fitness": {
            "fitness": 0.23550433417161307,
            "time": 0.007755100727081299
        }
    },
    "decoding": {
        "metadata": {
            "rows": 1,
            "columns": 30,
            "n_in": 3,
            "n_out": 2,
            "n_para": 2,
            "n_conn": 2
        },
        "functions": [
            "max",
            "min",
            "mean",
            "add",
            "subtract",
            "bitwise_not",
            "bitwise_or",
            "bitwise_and",
            "bitwise_and_mask",
            "bitwise_xor",
            "sqrt",
            "pow2",
            "exp",
            "log",
            "median_blur",
            "gaussian_blur",
            "laplacian",
            "sobel",
            "robert_cross",
            "canny",
            "sharpen",
            "gabor",
            "abs_diff",
            "abs_diff2",
            "fluo_tophat",
            "rel_diff",
            "erode",
            "dilate",
            "open",
            "close",
            "morph_gradient",
            "morph_tophat",
            "morph_blackhat",
            "fill_holes",
            "remove_small_objects",
            "remove_small_holes",
            "threshold",
            "threshold_at_1",
            "distance_transform",
            "distance_transform_and_thresh",
            "inrange_bin",
            "inrange"
        ],
        "endpoint": {
            "name": "Marker-Based Watershed",
            "abbv": "WSHD",
            "arity": 2,
            "args": 0,
            "kwargs": {
                "use_dt": false,
                "markers_distance": 21,
                "markers_area": null
            }
        },
        "mode": "default"
    }
}