{
    "dataset": {
        "name": "CIL",
        "label_name": "neuron",
        "indices": [
            52,
            11,
            5,
            24,
            2,
            13,
            8,
            4,
            43,
            78,
            27,
            68,
            53,
            56,
            26,
            19,
            57,
            85,
            42,
            29,
            46,
            65,
            88,
            34,
            64,
            84,
            62,
            74,
            35,
            18,
            45,
            16,
            79,
            55,
            87,
            86,
            75,
            7,
            47,
            31,
            10,
            22,
            83,
            21,
            80,
            37,
            82,
            1,
            49,
            54,
            58,
            60,
            17,
            63,
            20,
            51,
            28,
            25,
            59,
            15,
            40,
            66,
            48,
            39,
            41,
            73,
            77,
            23,
            67,
            36,
            9,
            12,
            32,
            44,
            33,
            0,
            50,
            70,
            69,
            30
        ]
    },
    "individual": {
        "sequence": "[[0, 0, 0, 0, 0], [0, 0, 0, 0, 0], [28, 1, 0, 16, 176], [41, 0, 2, 9, 223], [31, 2, 2, 196, 68], [23, 4, 4, 120, 109], [40, 4, 5, 11, 127], [22, 6, 0, 131, 181], [27, 3, 4, 44, 76], [35, 4, 4, 141, 89], [5, 2, 5, 158, 22], [32, 8, 7, 72, 162], [12, 7, 9, 39, 53], [33, 12, 1, 32, 35], [40, 10, 2, 39, 211], [27, 14, 1, 116, 207], [9, 12, 1, 254, 53], [35, 12, 10, 230, 64], [27, 6, 1, 12, 87], [33, 16, 7, 33, 137], [10, 14, 16, 137, 227], [35, 4, 8, 7, 65], [9, 6, 3, 130, 89], [34, 22, 14, 86, 16], [15, 18, 0, 177, 2], [41, 6, 14, 62, 34], [29, 12, 2, 52, 231], [27, 14, 11, 129, 124], [41, 7, 4, 180, 238], [35, 23, 26, 246, 89], [11, 19, 1, 235, 41], [30, 11, 5, 121, 170], [0, 22, 0, 0, 0], [0, 14, 0, 0, 0]]",
        "fitness": {
            "fitness": 0.14415270313620568,
            "time": 0.03333932161331177
        }
    },
    "decoding": {
        "metadata": {
            "rows": 1,
            "columns": 30,
            "n_in": 2,
            "n_out": 2,
            "n_para": 2,
            "n_conn": 2
        },
        "functions": [
            "max",
            "min",
            "mean",
            "add",
            "subtract",
            "bitwise_not",
            "bitwise_or",
            "bitwise_and",
            "bitwise_and_mask",
            "bitwise_xor",
            "sqrt",
            "pow2",
            "exp",
            "log",
            "median_blur",
            "gaussian_blur",
            "laplacian",
            "sobel",
            "robert_cross",
            "canny",
            "sharpen",
            "gabor",
            "abs_diff",
            "abs_diff2",
            "fluo_tophat",
            "rel_diff",
            "erode",
            "dilate",
            "open",
            "close",
            "morph_gradient",
            "morph_tophat",
            "morph_blackhat",
            "fill_holes",
            "remove_small_objects",
            "remove_small_holes",
            "threshold",
            "threshold_at_1",
            "distance_transform",
            "distance_transform_and_thresh",
            "inrange_bin",
            "inrange"
        ],
        "endpoint": {
            "name": "Marker-Based Watershed",
            "abbv": "WSHD",
            "arity": 2,
            "args": 0,
            "kwargs": {
                "use_dt": false,
                "markers_distance": 21,
                "markers_area": null
            }
        },
        "mode": "default"
    }
}