{
    "dataset": {
        "name": "CIL",
        "label_name": "neuron",
        "indices": [
            64,
            41,
            27,
            10,
            35,
            17,
            28,
            46,
            11,
            2,
            83,
            7,
            34,
            58,
            12,
            62,
            14,
            87,
            9,
            69,
            86,
            82,
            60,
            1,
            29,
            21,
            72,
            88,
            16,
            42,
            74,
            51,
            54,
            78,
            30,
            52,
            71,
            66,
            6,
            59,
            76,
            73,
            20,
            8,
            31,
            38,
            13,
            22,
            0,
            36,
            26,
            18,
            33,
            39,
            75,
            43,
            57,
            53,
            61,
            49,
            47,
            40,
            81,
            19,
            32,
            67,
            63,
            79,
            80,
            23,
            65,
            15,
            48,
            77,
            4,
            84,
            44,
            5,
            24,
            55
        ]
    },
    "individual": {
        "sequence": "[[0, 0, 0, 0, 0], [0, 0, 0, 0, 0], [31, 1, 1, 226, 98], [20, 2, 1, 110, 173], [13, 0, 3, 252, 248], [21, 4, 4, 148, 243], [39, 5, 1, 155, 3], [5, 4, 5, 222, 193], [41, 7, 1, 61, 99], [29, 4, 4, 211, 32], [36, 2, 8, 246, 78], [25, 8, 4, 154, 209], [13, 4, 10, 74, 92], [10, 3, 11, 75, 28], [1, 6, 13, 138, 50], [15, 13, 0, 48, 55], [23, 8, 12, 63, 170], [39, 8, 11, 199, 234], [11, 15, 13, 158, 158], [23, 18, 7, 123, 137], [20, 12, 3, 161, 248], [13, 7, 8, 57, 130], [36, 14, 18, 122, 15], [13, 12, 4, 89, 78], [26, 8, 7, 216, 231], [40, 19, 9, 194, 36], [1, 2, 22, 0, 167], [14, 25, 9, 30, 193], [19, 3, 11, 151, 158], [2, 14, 1, 31, 90], [37, 4, 4, 141, 201], [13, 20, 4, 169, 26], [0, 30, 0, 0, 0], [0, 25, 0, 0, 0]]",
        "fitness": {
            "fitness": 0.17883232086896897,
            "time": 0.050250256061553956
        }
    },
    "decoding": {
        "metadata": {
            "rows": 1,
            "columns": 30,
            "n_in": 2,
            "n_out": 2,
            "n_para": 2,
            "n_conn": 2
        },
        "functions": [
            "max",
            "min",
            "mean",
            "add",
            "subtract",
            "bitwise_not",
            "bitwise_or",
            "bitwise_and",
            "bitwise_and_mask",
            "bitwise_xor",
            "sqrt",
            "pow2",
            "exp",
            "log",
            "median_blur",
            "gaussian_blur",
            "laplacian",
            "sobel",
            "robert_cross",
            "canny",
            "sharpen",
            "gabor",
            "abs_diff",
            "abs_diff2",
            "fluo_tophat",
            "rel_diff",
            "erode",
            "dilate",
            "open",
            "close",
            "morph_gradient",
            "morph_tophat",
            "morph_blackhat",
            "fill_holes",
            "remove_small_objects",
            "remove_small_holes",
            "threshold",
            "threshold_at_1",
            "distance_transform",
            "distance_transform_and_thresh",
            "inrange_bin",
            "inrange"
        ],
        "endpoint": {
            "name": "Marker-Based Watershed",
            "abbv": "WSHD",
            "arity": 2,
            "args": 0,
            "kwargs": {
                "use_dt": false,
                "markers_distance": 21,
                "markers_area": null
            }
        },
        "mode": "default"
    }
}