{
    "dataset": {
        "name": "CIL",
        "label_name": "neuron",
        "indices": [
            80,
            72,
            73,
            10,
            59,
            38,
            40,
            76,
            55,
            34,
            84,
            45,
            39,
            43,
            5,
            50,
            54,
            42,
            58,
            37
        ]
    },
    "individual": {
        "sequence": "[[0, 0, 0, 0, 0], [0, 0, 0, 0, 0], [2, 1, 0, 88, 128], [19, 1, 2, 132, 6], [41, 0, 3, 6, 205], [3, 4, 2, 130, 121], [12, 5, 1, 143, 230], [10, 4, 1, 165, 207], [24, 5, 6, 53, 241], [18, 3, 1, 223, 107], [22, 2, 3, 152, 2], [41, 10, 10, 201, 89], [25, 4, 0, 65, 144], [8, 6, 9, 99, 115], [11, 8, 11, 7, 101], [12, 5, 2, 159, 195], [40, 2, 2, 117, 187], [29, 10, 12, 225, 91], [5, 5, 9, 183, 89], [14, 2, 11, 10, 126], [39, 8, 6, 172, 218], [4, 2, 12, 93, 142], [3, 15, 18, 45, 35], [6, 9, 16, 191, 241], [9, 3, 7, 73, 224], [3, 3, 1, 222, 165], [2, 15, 3, 80, 179], [21, 2, 12, 185, 105], [32, 25, 5, 67, 168], [35, 23, 24, 217, 75], [3, 2, 1, 60, 40], [7, 27, 20, 101, 27], [0, 14, 0, 0, 0], [0, 29, 0, 0, 0]]",
        "fitness": {
            "fitness": 0.14977637827396392,
            "time": 0.04493560791015625
        }
    },
    "decoding": {
        "metadata": {
            "rows": 1,
            "columns": 30,
            "n_in": 2,
            "n_out": 2,
            "n_para": 2,
            "n_conn": 2
        },
        "functions": [
            "max",
            "min",
            "mean",
            "add",
            "subtract",
            "bitwise_not",
            "bitwise_or",
            "bitwise_and",
            "bitwise_and_mask",
            "bitwise_xor",
            "sqrt",
            "pow2",
            "exp",
            "log",
            "median_blur",
            "gaussian_blur",
            "laplacian",
            "sobel",
            "robert_cross",
            "canny",
            "sharpen",
            "gabor",
            "abs_diff",
            "abs_diff2",
            "fluo_tophat",
            "rel_diff",
            "erode",
            "dilate",
            "open",
            "close",
            "morph_gradient",
            "morph_tophat",
            "morph_blackhat",
            "fill_holes",
            "remove_small_objects",
            "remove_small_holes",
            "threshold",
            "threshold_at_1",
            "distance_transform",
            "distance_transform_and_thresh",
            "inrange_bin",
            "inrange"
        ],
        "endpoint": {
            "name": "W",
            "abbv": "WSHD",
            "arity": 2,
            "p": 0,
            "kwargs": {
                "use_dt": false,
                "markers_distance": 21,
                "markers_area": null
            }
        },
        "mode": "default"
    }
}