{
    "dataset": {
        "name": "CIL",
        "label_name": "neuron",
        "indices": [
            20,
            11,
            54
        ]
    },
    "individual": {
        "sequence": "[[0, 0, 0, 0, 0], [0, 0, 0, 0, 0], [15, 0, 0, 38, 157], [2, 2, 0, 137, 236], [11, 3, 0, 73, 26], [41, 0, 2, 79, 158], [2, 2, 0, 97, 22], [2, 6, 4, 153, 212], [22, 4, 2, 128, 217], [27, 0, 1, 81, 34], [19, 0, 6, 121, 175], [21, 6, 10, 183, 241], [31, 4, 10, 34, 183], [15, 0, 4, 108, 247], [20, 3, 3, 221, 193], [12, 13, 9, 212, 86], [24, 3, 13, 69, 124], [37, 5, 3, 188, 245], [11, 1, 9, 44, 68], [11, 1, 15, 41, 81], [0, 0, 16, 93, 94], [41, 18, 3, 170, 203], [11, 18, 20, 173, 255], [31, 13, 22, 201, 59], [40, 23, 1, 252, 200], [35, 0, 17, 3, 227], [12, 12, 10, 25, 104], [18, 22, 23, 239, 78], [14, 21, 24, 42, 100], [29, 23, 15, 49, 173], [0, 16, 4, 133, 74], [1, 4, 8, 57, 166], [0, 31, 0, 0, 0], [0, 27, 0, 0, 0]]",
        "fitness": {
            "fitness": 0.05526530742645264,
            "time": 0.03974032402038574
        }
    },
    "decoding": {
        "metadata": {
            "rows": 1,
            "columns": 30,
            "n_in": 2,
            "n_out": 2,
            "n_para": 2,
            "n_conn": 2
        },
        "functions": [
            "max",
            "min",
            "mean",
            "add",
            "subtract",
            "bitwise_not",
            "bitwise_or",
            "bitwise_and",
            "bitwise_and_mask",
            "bitwise_xor",
            "sqrt",
            "pow2",
            "exp",
            "log",
            "median_blur",
            "gaussian_blur",
            "laplacian",
            "sobel",
            "robert_cross",
            "canny",
            "sharpen",
            "gabor",
            "abs_diff",
            "abs_diff2",
            "fluo_tophat",
            "rel_diff",
            "erode",
            "dilate",
            "open",
            "close",
            "morph_gradient",
            "morph_tophat",
            "morph_blackhat",
            "fill_holes",
            "remove_small_objects",
            "remove_small_holes",
            "threshold",
            "threshold_at_1",
            "distance_transform",
            "distance_transform_and_thresh",
            "inrange_bin",
            "inrange"
        ],
        "endpoint": {
            "name": "W",
            "abbv": "WSHD",
            "arity": 2,
            "p": 0,
            "kwargs": {
                "use_dt": false,
                "markers_distance": 21,
                "markers_area": null
            }
        },
        "mode": "default"
    }
}