{
    "dataset": {
        "name": "CIL",
        "label_name": "neuron",
        "indices": [
            52,
            34,
            78,
            46,
            85,
            41,
            63,
            55,
            43,
            67,
            73,
            80,
            72,
            24,
            86,
            16,
            87,
            40,
            20,
            49,
            28,
            77,
            53,
            83,
            9,
            68,
            64,
            10,
            31,
            17,
            2,
            47,
            4,
            42,
            37,
            36,
            1,
            79,
            81,
            35,
            7,
            50,
            74,
            70,
            54,
            13,
            59,
            26,
            18,
            88,
            0,
            30,
            66,
            58,
            25,
            19,
            57,
            33,
            56,
            14
        ]
    },
    "individual": {
        "sequence": "[[0, 0, 0, 0, 0], [0, 0, 0, 0, 0], [10, 1, 1, 73, 158], [11, 2, 1, 168, 185], [7, 0, 2, 242, 103], [6, 1, 2, 40, 146], [19, 3, 5, 18, 146], [36, 0, 0, 202, 8], [34, 5, 3, 172, 1], [39, 4, 7, 220, 114], [22, 1, 9, 152, 12], [7, 2, 10, 40, 107], [33, 6, 7, 112, 67], [22, 9, 7, 81, 177], [35, 12, 0, 213, 168], [10, 8, 2, 94, 194], [7, 9, 11, 23, 97], [35, 15, 14, 111, 18], [25, 7, 15, 49, 1], [0, 15, 17, 10, 48], [38, 3, 11, 164, 197], [1, 9, 15, 47, 45], [38, 13, 9, 255, 17], [36, 13, 2, 209, 30], [24, 7, 3, 28, 188], [34, 10, 20, 45, 21], [11, 13, 6, 179, 145], [39, 11, 18, 124, 117], [18, 14, 25, 126, 30], [0, 19, 4, 103, 219], [10, 20, 8, 254, 117], [32, 26, 7, 116, 20], [0, 24, 0, 0, 0], [0, 28, 0, 0, 0]]",
        "fitness": {
            "fitness": 0.1576849361260732,
            "time": 0.0524704376856486
        }
    },
    "decoding": {
        "metadata": {
            "rows": 1,
            "columns": 30,
            "n_in": 2,
            "n_out": 2,
            "n_para": 2,
            "n_conn": 2
        },
        "functions": [
            "max",
            "min",
            "mean",
            "add",
            "subtract",
            "bitwise_not",
            "bitwise_or",
            "bitwise_and",
            "bitwise_and_mask",
            "bitwise_xor",
            "sqrt",
            "pow2",
            "exp",
            "log",
            "median_blur",
            "gaussian_blur",
            "laplacian",
            "sobel",
            "robert_cross",
            "canny",
            "sharpen",
            "gabor",
            "abs_diff",
            "abs_diff2",
            "fluo_tophat",
            "rel_diff",
            "erode",
            "dilate",
            "open",
            "close",
            "morph_gradient",
            "morph_tophat",
            "morph_blackhat",
            "fill_holes",
            "remove_small_objects",
            "remove_small_holes",
            "threshold",
            "threshold_at_1",
            "distance_transform",
            "distance_transform_and_thresh",
            "inrange_bin",
            "inrange"
        ],
        "endpoint": {
            "name": "Marker-Based Watershed",
            "abbv": "WSHD",
            "arity": 2,
            "args": 0,
            "kwargs": {
                "use_dt": false,
                "markers_distance": 21,
                "markers_area": null
            }
        },
        "mode": "default"
    }
}