{
    "dataset": {
        "name": "CIL",
        "label_name": "neuron",
        "indices": [
            11,
            2,
            10,
            31,
            5,
            65,
            26,
            24,
            29,
            32,
            23,
            39,
            67
        ]
    },
    "individual": {
        "sequence": "[[0, 0, 0, 0, 0], [0, 0, 0, 0, 0], [28, 1, 1, 0, 200], [36, 2, 2, 146, 35], [7, 3, 0, 57, 38], [15, 3, 2, 17, 75], [14, 4, 1, 168, 144], [2, 0, 4, 155, 23], [8, 7, 5, 231, 165], [40, 6, 4, 20, 197], [23, 4, 9, 2, 51], [37, 3, 5, 91, 118], [25, 4, 2, 27, 87], [41, 0, 11, 10, 210], [7, 0, 8, 56, 107], [14, 6, 12, 237, 126], [34, 9, 10, 110, 70], [38, 1, 7, 175, 111], [38, 14, 10, 152, 221], [23, 0, 17, 99, 207], [12, 18, 0, 80, 209], [31, 5, 18, 35, 77], [12, 8, 11, 229, 79], [34, 18, 14, 101, 132], [11, 0, 3, 55, 5], [27, 20, 13, 69, 36], [2, 13, 8, 17, 163], [24, 8, 15, 143, 123], [39, 20, 18, 209, 89], [41, 4, 14, 180, 84], [41, 10, 13, 240, 245], [28, 22, 20, 186, 202], [0, 26, 0, 0, 0], [0, 3, 0, 0, 0]]",
        "fitness": {
            "fitness": 0.09399634141188401,
            "time": 0.03411087623009315
        }
    },
    "decoding": {
        "metadata": {
            "rows": 1,
            "columns": 30,
            "n_in": 2,
            "n_out": 2,
            "n_para": 2,
            "n_conn": 2
        },
        "functions": [
            "max",
            "min",
            "mean",
            "add",
            "subtract",
            "bitwise_not",
            "bitwise_or",
            "bitwise_and",
            "bitwise_and_mask",
            "bitwise_xor",
            "sqrt",
            "pow2",
            "exp",
            "log",
            "median_blur",
            "gaussian_blur",
            "laplacian",
            "sobel",
            "robert_cross",
            "canny",
            "sharpen",
            "gabor",
            "abs_diff",
            "abs_diff2",
            "fluo_tophat",
            "rel_diff",
            "erode",
            "dilate",
            "open",
            "close",
            "morph_gradient",
            "morph_tophat",
            "morph_blackhat",
            "fill_holes",
            "remove_small_objects",
            "remove_small_holes",
            "threshold",
            "threshold_at_1",
            "distance_transform",
            "distance_transform_and_thresh",
            "inrange_bin",
            "inrange"
        ],
        "endpoint": {
            "name": "Marker-Based Watershed",
            "abbv": "WSHD",
            "arity": 2,
            "p": 0,
            "kwargs": {
                "use_dt": false,
                "markers_distance": 21,
                "markers_area": null
            }
        },
        "mode": "default"
    }
}