{
    "dataset": {
        "name": "Melanoma",
        "label_name": "melanoma",
        "indices": null
    },
    "individual": {
        "sequence": "[[0, 0, 0, 0, 0], [0, 0, 0, 0, 0], [0, 0, 0, 0, 0], [1, 0, 1, 131, 140], [37, 1, 3, 247, 213], [15, 1, 3, 254, 216], [26, 2, 4, 40, 120], [7, 0, 2, 103, 180], [23, 3, 1, 7, 164], [23, 6, 4, 168, 197], [1, 2, 6, 221, 158], [40, 9, 1, 35, 255], [15, 10, 7, 10, 222], [3, 11, 6, 168, 45], [24, 0, 6, 22, 79], [8, 0, 6, 93, 113], [30, 15, 12, 34, 249], [0, 7, 0, 66, 184], [23, 15, 1, 47, 224], [39, 2, 12, 237, 181], [3, 16, 17, 98, 140], [6, 8, 14, 186, 114], [41, 15, 13, 54, 212], [17, 3, 1, 228, 144], [1, 9, 21, 99, 95], [29, 21, 8, 100, 61], [1, 23, 20, 124, 36], [40, 25, 25, 102, 219], [7, 24, 8, 185, 144], [16, 16, 1, 110, 29], [12, 8, 28, 236, 171], [5, 8, 28, 100, 173], [9, 0, 18, 15, 235], [0, 27, 0, 0, 0]]",
        "fitness": {
            "fitness": 0.20604336261749268,
            "time": 0.009944180647532145
        }
    },
    "decoding": {
        "metadata": {
            "rows": 1,
            "columns": 30,
            "n_in": 3,
            "n_out": 1,
            "n_para": 2,
            "n_conn": 2
        },
        "functions": [
            "max",
            "min",
            "mean",
            "add",
            "subtract",
            "bitwise_not",
            "bitwise_or",
            "bitwise_and",
            "bitwise_and_mask",
            "bitwise_xor",
            "sqrt",
            "pow2",
            "exp",
            "log",
            "median_blur",
            "gaussian_blur",
            "laplacian",
            "sobel",
            "robert_cross",
            "canny",
            "sharpen",
            "gabor",
            "abs_diff",
            "abs_diff2",
            "fluo_tophat",
            "rel_diff",
            "erode",
            "dilate",
            "open",
            "close",
            "morph_gradient",
            "morph_tophat",
            "morph_blackhat",
            "fill_holes",
            "remove_small_objects",
            "remove_small_holes",
            "threshold",
            "threshold_at_1",
            "distance_transform",
            "distance_transform_and_thresh",
            "inrange_bin",
            "inrange"
        ],
        "endpoint": {
            "name": "Labels",
            "abbv": "LABELS",
            "arity": 1,
            "args": 0,
            "kwargs": {
                "connectivity": 4
            }
        },
        "mode": "default"
    }
}