{
    "dataset": {
        "name": "CIL",
        "label_name": "neuron",
        "indices": [
            43,
            78,
            62,
            1,
            37,
            51,
            64,
            50,
            14,
            80,
            19,
            72,
            23,
            28,
            75,
            10,
            33,
            70,
            73,
            63,
            8,
            54,
            68,
            85,
            81,
            66,
            83,
            87,
            55,
            3,
            61,
            57,
            24,
            60,
            2,
            38,
            82,
            52,
            26,
            15,
            86,
            65,
            22,
            34,
            56,
            42,
            46,
            77,
            25,
            35,
            69,
            79,
            31,
            67,
            44,
            30,
            88,
            53,
            36,
            21,
            47,
            41,
            9,
            13,
            39,
            59,
            45,
            71,
            6,
            12
        ]
    },
    "individual": {
        "sequence": "[[0, 0, 0, 0, 0], [0, 0, 0, 0, 0], [28, 1, 1, 21, 52], [15, 0, 0, 243, 249], [26, 0, 3, 228, 235], [12, 2, 1, 41, 111], [25, 2, 3, 151, 254], [38, 1, 2, 242, 5], [19, 5, 2, 92, 102], [15, 8, 3, 21, 233], [41, 5, 6, 251, 42], [0, 0, 9, 230, 179], [30, 7, 2, 127, 119], [27, 7, 0, 232, 61], [10, 11, 7, 146, 173], [30, 4, 4, 188, 208], [2, 9, 7, 109, 209], [12, 2, 15, 242, 206], [3, 6, 6, 192, 244], [21, 1, 1, 87, 87], [16, 3, 14, 178, 198], [24, 17, 16, 86, 80], [26, 9, 2, 212, 79], [33, 10, 3, 85, 130], [12, 11, 11, 186, 72], [8, 21, 13, 41, 69], [34, 16, 10, 2, 155], [1, 22, 4, 144, 24], [23, 11, 5, 170, 242], [4, 11, 12, 85, 16], [18, 27, 12, 92, 239], [41, 29, 14, 52, 147], [0, 29, 0, 0, 0], [0, 10, 0, 0, 0]]",
        "fitness": {
            "fitness": 0.14229493056024825,
            "time": 0.03489835262298584
        }
    },
    "decoding": {
        "metadata": {
            "rows": 1,
            "columns": 30,
            "n_in": 2,
            "n_out": 2,
            "n_para": 2,
            "n_conn": 2
        },
        "functions": [
            "max",
            "min",
            "mean",
            "add",
            "subtract",
            "bitwise_not",
            "bitwise_or",
            "bitwise_and",
            "bitwise_and_mask",
            "bitwise_xor",
            "sqrt",
            "pow2",
            "exp",
            "log",
            "median_blur",
            "gaussian_blur",
            "laplacian",
            "sobel",
            "robert_cross",
            "canny",
            "sharpen",
            "gabor",
            "abs_diff",
            "abs_diff2",
            "fluo_tophat",
            "rel_diff",
            "erode",
            "dilate",
            "open",
            "close",
            "morph_gradient",
            "morph_tophat",
            "morph_blackhat",
            "fill_holes",
            "remove_small_objects",
            "remove_small_holes",
            "threshold",
            "threshold_at_1",
            "distance_transform",
            "distance_transform_and_thresh",
            "inrange_bin",
            "inrange"
        ],
        "endpoint": {
            "name": "Marker-Based Watershed",
            "abbv": "WSHD",
            "arity": 2,
            "args": 0,
            "kwargs": {
                "use_dt": false,
                "markers_distance": 21,
                "markers_area": null
            }
        },
        "mode": "default"
    }
}