{
    "dataset": {
        "name": "CIL",
        "label_name": "neuron",
        "indices": [
            45,
            57,
            5,
            61,
            30,
            63,
            73,
            27,
            72,
            81,
            29,
            83,
            84,
            76,
            44,
            42,
            86,
            55,
            9,
            49
        ]
    },
    "individual": {
        "sequence": "[[0, 0, 0, 0, 0], [0, 0, 0, 0, 0], [19, 1, 0, 135, 22], [10, 2, 2, 187, 80], [37, 0, 1, 122, 196], [36, 0, 4, 132, 7], [28, 1, 1, 194, 53], [35, 1, 4, 154, 63], [18, 2, 5, 121, 210], [1, 7, 4, 237, 18], [7, 1, 5, 149, 109], [9, 0, 6, 117, 132], [9, 4, 3, 206, 246], [3, 10, 11, 194, 9], [23, 10, 2, 88, 231], [34, 6, 9, 15, 67], [11, 12, 11, 63, 33], [3, 0, 14, 209, 69], [17, 4, 5, 239, 62], [30, 12, 5, 71, 204], [25, 12, 15, 190, 40], [23, 7, 1, 26, 218], [7, 17, 5, 202, 32], [36, 7, 20, 59, 154], [41, 20, 4, 16, 197], [35, 8, 17, 213, 147], [17, 9, 19, 236, 147], [14, 19, 9, 140, 54], [4, 7, 0, 89, 83], [32, 1, 5, 114, 17], [4, 26, 2, 217, 152], [18, 28, 30, 170, 37], [0, 22, 0, 0, 0], [0, 25, 0, 0, 0]]",
        "fitness": {
            "fitness": 0.13009225130081176,
            "time": 0.03438432216644287
        }
    },
    "decoding": {
        "metadata": {
            "rows": 1,
            "columns": 30,
            "n_in": 2,
            "n_out": 2,
            "n_para": 2,
            "n_conn": 2
        },
        "functions": [
            "max",
            "min",
            "mean",
            "add",
            "subtract",
            "bitwise_not",
            "bitwise_or",
            "bitwise_and",
            "bitwise_and_mask",
            "bitwise_xor",
            "sqrt",
            "pow2",
            "exp",
            "log",
            "median_blur",
            "gaussian_blur",
            "laplacian",
            "sobel",
            "robert_cross",
            "canny",
            "sharpen",
            "gabor",
            "abs_diff",
            "abs_diff2",
            "fluo_tophat",
            "rel_diff",
            "erode",
            "dilate",
            "open",
            "close",
            "morph_gradient",
            "morph_tophat",
            "morph_blackhat",
            "fill_holes",
            "remove_small_objects",
            "remove_small_holes",
            "threshold",
            "threshold_at_1",
            "distance_transform",
            "distance_transform_and_thresh",
            "inrange_bin",
            "inrange"
        ],
        "endpoint": {
            "name": "W",
            "abbv": "WSHD",
            "arity": 2,
            "p": 0,
            "kwargs": {
                "use_dt": false,
                "markers_distance": 21,
                "markers_area": null
            }
        },
        "mode": "default"
    }
}