{
    "dataset": {
        "name": "CIL",
        "label_name": "neuron",
        "indices": [
            41,
            64,
            51,
            35,
            37,
            54,
            8,
            27,
            78,
            36,
            3,
            49,
            59,
            11,
            15,
            43,
            77,
            62,
            87,
            66,
            50,
            75,
            83,
            76,
            79,
            1,
            63,
            80,
            25,
            88,
            69,
            74,
            52,
            48,
            22,
            47,
            84,
            68,
            38,
            16,
            33,
            28,
            24,
            34,
            57,
            40,
            14,
            32,
            85,
            70,
            26,
            6,
            21,
            71,
            10,
            23,
            86,
            73,
            18,
            56,
            19,
            12,
            55,
            42,
            31,
            2,
            39,
            67,
            65,
            17,
            58,
            5,
            9,
            72,
            81,
            7,
            13,
            61,
            20,
            46
        ]
    },
    "individual": {
        "sequence": "[[0, 0, 0, 0, 0], [0, 0, 0, 0, 0], [20, 0, 1, 61, 95], [0, 2, 1, 242, 197], [36, 1, 2, 110, 40], [34, 2, 0, 205, 28], [34, 2, 4, 148, 192], [35, 4, 4, 56, 237], [25, 4, 1, 246, 132], [0, 2, 8, 95, 25], [19, 1, 2, 220, 243], [38, 1, 0, 48, 41], [20, 1, 10, 155, 26], [32, 6, 10, 151, 173], [26, 9, 10, 46, 117], [8, 7, 12, 119, 11], [20, 0, 9, 82, 252], [2, 12, 3, 32, 234], [11, 2, 17, 233, 70], [30, 13, 18, 117, 74], [26, 15, 8, 10, 103], [36, 12, 15, 192, 220], [8, 17, 18, 248, 202], [15, 1, 17, 0, 212], [14, 12, 0, 79, 237], [23, 15, 2, 116, 66], [15, 22, 25, 13, 4], [28, 25, 7, 165, 15], [23, 13, 7, 157, 188], [37, 22, 4, 166, 88], [19, 28, 3, 167, 114], [26, 13, 22, 49, 82], [0, 26, 0, 0, 0], [0, 20, 0, 0, 0]]",
        "fitness": {
            "fitness": 0.14043804705142976,
            "time": 0.03639256656169891
        }
    },
    "decoding": {
        "metadata": {
            "rows": 1,
            "columns": 30,
            "n_in": 2,
            "n_out": 2,
            "n_para": 2,
            "n_conn": 2
        },
        "functions": [
            "max",
            "min",
            "mean",
            "add",
            "subtract",
            "bitwise_not",
            "bitwise_or",
            "bitwise_and",
            "bitwise_and_mask",
            "bitwise_xor",
            "sqrt",
            "pow2",
            "exp",
            "log",
            "median_blur",
            "gaussian_blur",
            "laplacian",
            "sobel",
            "robert_cross",
            "canny",
            "sharpen",
            "gabor",
            "abs_diff",
            "abs_diff2",
            "fluo_tophat",
            "rel_diff",
            "erode",
            "dilate",
            "open",
            "close",
            "morph_gradient",
            "morph_tophat",
            "morph_blackhat",
            "fill_holes",
            "remove_small_objects",
            "remove_small_holes",
            "threshold",
            "threshold_at_1",
            "distance_transform",
            "distance_transform_and_thresh",
            "inrange_bin",
            "inrange"
        ],
        "endpoint": {
            "name": "Marker-Based Watershed",
            "abbv": "WSHD",
            "arity": 2,
            "args": 0,
            "kwargs": {
                "use_dt": false,
                "markers_distance": 21,
                "markers_area": null
            }
        },
        "mode": "default"
    }
}