{
    "dataset": {
        "name": "Tumor",
        "label_name": "tumor",
        "indices": null
    },
    "individual": {
        "sequence": "[[0, 0, 0, 0, 0], [0, 0, 0, 0, 0], [0, 0, 0, 0, 0], [34, 2, 2, 111, 200], [25, 1, 2, 150, 22], [12, 3, 3, 172, 113], [10, 3, 2, 141, 128], [40, 0, 4, 69, 128], [15, 3, 5, 133, 227], [24, 1, 8, 152, 255], [16, 5, 9, 105, 141], [22, 9, 1, 111, 69], [32, 8, 10, 241, 229], [40, 12, 1, 70, 150], [26, 7, 12, 84, 251], [36, 8, 5, 193, 11], [2, 1, 8, 96, 101], [16, 10, 15, 148, 141], [4, 9, 6, 88, 249], [1, 7, 8, 4, 218], [4, 19, 15, 80, 86], [8, 0, 15, 222, 177], [21, 7, 8, 60, 135], [10, 4, 5, 33, 181], [3, 12, 18, 9, 255], [33, 21, 24, 77, 203], [4, 18, 7, 232, 59], [27, 12, 3, 206, 131], [26, 13, 13, 141, 45], [29, 26, 26, 45, 90], [15, 29, 16, 232, 234], [41, 21, 10, 158, 64], [19, 8, 24, 239, 230], [0, 29, 0, 0, 0]]",
        "fitness": {
            "fitness": 0.11095332467081509,
            "time": 0.06244554122289022
        }
    },
    "decoding": {
        "metadata": {
            "rows": 1,
            "columns": 30,
            "n_in": 3,
            "n_out": 1,
            "n_para": 2,
            "n_conn": 2
        },
        "functions": [
            "max",
            "min",
            "mean",
            "add",
            "subtract",
            "bitwise_not",
            "bitwise_or",
            "bitwise_and",
            "bitwise_and_mask",
            "bitwise_xor",
            "sqrt",
            "pow2",
            "exp",
            "log",
            "median_blur",
            "gaussian_blur",
            "laplacian",
            "sobel",
            "robert_cross",
            "canny",
            "sharpen",
            "gabor",
            "abs_diff",
            "abs_diff2",
            "fluo_tophat",
            "rel_diff",
            "erode",
            "dilate",
            "open",
            "close",
            "morph_gradient",
            "morph_tophat",
            "morph_blackhat",
            "fill_holes",
            "remove_small_objects",
            "remove_small_holes",
            "threshold",
            "threshold_at_1",
            "distance_transform",
            "distance_transform_and_thresh",
            "inrange_bin",
            "inrange"
        ],
        "endpoint": {
            "name": "Threshold (t=4)",
            "abbv": "TRSH",
            "arity": 1,
            "p": 0,
            "kwargs": {
                "threshold": 4
            }
        },
        "mode": "default"
    }
}