{
    "dataset": {
        "name": "CIL",
        "label_name": "neuron",
        "indices": [
            16,
            59,
            50,
            11,
            2,
            13,
            80,
            48,
            84,
            67,
            19,
            54,
            45,
            52
        ]
    },
    "individual": {
        "sequence": "[[0, 0, 0, 0, 0], [0, 0, 0, 0, 0], [18, 1, 1, 117, 1], [20, 2, 2, 105, 215], [5, 1, 0, 190, 174], [4, 2, 0, 68, 88], [10, 1, 4, 159, 100], [29, 2, 5, 75, 217], [25, 6, 1, 208, 201], [28, 4, 6, 98, 79], [41, 6, 5, 229, 220], [37, 1, 6, 175, 8], [15, 3, 6, 243, 143], [4, 1, 3, 38, 28], [15, 11, 5, 105, 87], [6, 6, 6, 117, 234], [12, 9, 13, 133, 180], [19, 14, 5, 174, 51], [0, 6, 5, 91, 87], [39, 17, 10, 209, 217], [28, 18, 13, 33, 195], [26, 20, 19, 222, 86], [14, 7, 6, 31, 33], [19, 13, 20, 47, 225], [6, 7, 0, 147, 154], [13, 6, 10, 45, 147], [16, 23, 6, 63, 60], [26, 0, 12, 96, 44], [36, 24, 9, 200, 12], [15, 0, 5, 233, 129], [33, 2, 17, 198, 217], [35, 22, 5, 179, 155], [0, 28, 0, 0, 0], [0, 26, 0, 0, 0]]",
        "fitness": {
            "fitness": 0.11161363976342338,
            "time": 0.028485843113490512
        }
    },
    "decoding": {
        "metadata": {
            "rows": 1,
            "columns": 30,
            "n_in": 2,
            "n_out": 2,
            "n_para": 2,
            "n_conn": 2
        },
        "functions": [
            "max",
            "min",
            "mean",
            "add",
            "subtract",
            "bitwise_not",
            "bitwise_or",
            "bitwise_and",
            "bitwise_and_mask",
            "bitwise_xor",
            "sqrt",
            "pow2",
            "exp",
            "log",
            "median_blur",
            "gaussian_blur",
            "laplacian",
            "sobel",
            "robert_cross",
            "canny",
            "sharpen",
            "gabor",
            "abs_diff",
            "abs_diff2",
            "fluo_tophat",
            "rel_diff",
            "erode",
            "dilate",
            "open",
            "close",
            "morph_gradient",
            "morph_tophat",
            "morph_blackhat",
            "fill_holes",
            "remove_small_objects",
            "remove_small_holes",
            "threshold",
            "threshold_at_1",
            "distance_transform",
            "distance_transform_and_thresh",
            "inrange_bin",
            "inrange"
        ],
        "endpoint": {
            "name": "Marker-Based Watershed",
            "abbv": "WSHD",
            "arity": 2,
            "p": 0,
            "kwargs": {
                "use_dt": false,
                "markers_distance": 21,
                "markers_area": null
            }
        },
        "mode": "default"
    }
}