{
    "dataset": {
        "name": "CIL",
        "label_name": "neuron",
        "indices": [
            85,
            72,
            38,
            27,
            53,
            88,
            16,
            64,
            30,
            66,
            40
        ]
    },
    "individual": {
        "sequence": "[[0, 0, 0, 0, 0], [0, 0, 0, 0, 0], [24, 0, 0, 48, 53], [3, 0, 2, 100, 245], [10, 0, 0, 90, 72], [5, 1, 2, 126, 87], [6, 4, 3, 84, 89], [19, 1, 3, 155, 12], [41, 3, 1, 243, 204], [6, 7, 3, 218, 183], [33, 7, 4, 24, 204], [37, 7, 6, 32, 158], [11, 1, 3, 101, 128], [30, 8, 5, 252, 249], [24, 6, 8, 237, 242], [13, 11, 14, 150, 160], [34, 15, 9, 161, 103], [11, 4, 13, 112, 15], [37, 14, 3, 210, 64], [18, 10, 16, 40, 65], [17, 2, 1, 29, 205], [41, 3, 6, 151, 234], [11, 3, 5, 4, 12], [10, 22, 14, 97, 22], [4, 16, 4, 249, 33], [40, 6, 19, 179, 165], [30, 16, 21, 55, 166], [27, 8, 21, 40, 124], [25, 6, 11, 136, 161], [16, 2, 16, 144, 138], [28, 27, 18, 33, 84], [1, 28, 16, 168, 94], [0, 22, 0, 0, 0], [0, 19, 0, 0, 0]]",
        "fitness": {
            "fitness": 0.1270564469424161,
            "time": 0.04612816463817249
        }
    },
    "decoding": {
        "metadata": {
            "rows": 1,
            "columns": 30,
            "n_in": 2,
            "n_out": 2,
            "n_para": 2,
            "n_conn": 2
        },
        "functions": [
            "max",
            "min",
            "mean",
            "add",
            "subtract",
            "bitwise_not",
            "bitwise_or",
            "bitwise_and",
            "bitwise_and_mask",
            "bitwise_xor",
            "sqrt",
            "pow2",
            "exp",
            "log",
            "median_blur",
            "gaussian_blur",
            "laplacian",
            "sobel",
            "robert_cross",
            "canny",
            "sharpen",
            "gabor",
            "abs_diff",
            "abs_diff2",
            "fluo_tophat",
            "rel_diff",
            "erode",
            "dilate",
            "open",
            "close",
            "morph_gradient",
            "morph_tophat",
            "morph_blackhat",
            "fill_holes",
            "remove_small_objects",
            "remove_small_holes",
            "threshold",
            "threshold_at_1",
            "distance_transform",
            "distance_transform_and_thresh",
            "inrange_bin",
            "inrange"
        ],
        "endpoint": {
            "name": "Marker-Based Watershed",
            "abbv": "WSHD",
            "arity": 2,
            "p": 0,
            "kwargs": {
                "use_dt": false,
                "markers_distance": 21,
                "markers_area": null
            }
        },
        "mode": "default"
    }
}