{
    "dataset": {
        "name": "Tumor",
        "label_name": "tumor",
        "indices": null
    },
    "individual": {
        "sequence": "[[0, 0, 0, 0, 0], [0, 0, 0, 0, 0], [0, 0, 0, 0, 0], [29, 1, 1, 190, 110], [12, 0, 1, 68, 126], [5, 0, 3, 136, 38], [26, 4, 0, 34, 119], [24, 1, 3, 193, 156], [1, 6, 5, 7, 223], [4, 2, 1, 180, 202], [34, 4, 4, 27, 48], [21, 3, 6, 124, 218], [15, 8, 7, 50, 218], [8, 6, 7, 90, 235], [31, 8, 7, 112, 120], [28, 2, 10, 138, 29], [12, 11, 9, 212, 225], [25, 6, 9, 61, 232], [16, 11, 12, 80, 172], [4, 7, 12, 168, 120], [33, 19, 18, 7, 112], [8, 7, 10, 238, 95], [39, 12, 13, 104, 3], [2, 15, 17, 153, 88], [9, 16, 8, 120, 47], [1, 11, 24, 241, 187], [20, 19, 4, 42, 128], [28, 14, 11, 130, 114], [26, 23, 1, 20, 9], [9, 13, 18, 146, 216], [15, 10, 12, 69, 83], [5, 20, 23, 84, 152], [14, 20, 1, 144, 129], [0, 32, 0, 0, 0]]",
        "fitness": {
            "fitness": 0.11405929442323708,
            "time": 0.07890206575393677
        }
    },
    "decoding": {
        "metadata": {
            "rows": 1,
            "columns": 30,
            "n_in": 3,
            "n_out": 1,
            "n_para": 2,
            "n_conn": 2
        },
        "functions": [
            "max",
            "min",
            "mean",
            "add",
            "subtract",
            "bitwise_not",
            "bitwise_or",
            "bitwise_and",
            "bitwise_and_mask",
            "bitwise_xor",
            "sqrt",
            "pow2",
            "exp",
            "log",
            "median_blur",
            "gaussian_blur",
            "laplacian",
            "sobel",
            "robert_cross",
            "canny",
            "sharpen",
            "gabor",
            "abs_diff",
            "abs_diff2",
            "fluo_tophat",
            "rel_diff",
            "erode",
            "dilate",
            "open",
            "close",
            "morph_gradient",
            "morph_tophat",
            "morph_blackhat",
            "fill_holes",
            "remove_small_objects",
            "remove_small_holes",
            "threshold",
            "threshold_at_1",
            "distance_transform",
            "distance_transform_and_thresh",
            "inrange_bin",
            "inrange"
        ],
        "endpoint": {
            "name": "Threshold (t=4)",
            "abbv": "TRSH",
            "arity": 1,
            "p": 0,
            "kwargs": {
                "threshold": 4
            }
        },
        "mode": "default"
    }
}